Latitude,Longitude
63.58257908243519,-137.4509448467063
48.52615971461339,-67.93230397519076
49.69613757676382,-56.97338768009455
45.26063265891826,-76.84576733833521
55.52913190782382,-122.4926630146793
45.34107492202984,-75.43441778600356
45.86714776587552,-71.55786796248725
46.56658859801897,-72.45012902896673
50.19261029752285,-105.0533259111164
52.59597074832823,-108.2358012253954
50.17986744282285,-113.143664734915
51.12484000368558,-104.2333028747306
44.45502744048841,-80.07132241997088
48.96244615315585,-55.59785182665522
50.06304383869151,-111.6562915717503
53.67959304499463,-101.7564120141197
56.45778228281127,-116.8515655206077
49.78226841825871,-105.0550426675629
53.09080599916713,-61.88971262603995
52.57988401635648,-112.9438163268665
52.52153159769536,-114.6254371276761
49.45923819944038,-98.65917755081877
60.79586543419361,-137.671831753576
48.2443882174038,-80.25431381702619
52.862377025532,-111.5276981743989
54.83166877880112,-112.1728926640698
63.95088859166169,-138.655443491727
49.21407474997051,-102.9931125762367
52.1146072108502,-102.0010701465773
44.61639848908916,-63.48036274573262
46.52692317879936,-84.00564050573729
55.58032500786315,-117.4148204662767
49.15667336022332,-113.4533131288468
54.18049219283122,-110.9306000983086
49.50632331323989,-57.79564349920304
53.56973244598295,-110.7759342531295
50.8819765703223,-68.64286882872001
52.39081183605975,-103.8435459090945
66.02645347956621,-137.2483579890546
52.32404952619309,-116.0447279490379
49.05144686997597,-68.38851314253903
54.17354904149708,-108.199280499531
50.70972443108477,-68.67854414825538
56.23132635784699,-121.6161147505676
55.27586803024847,-120.8758832473485
49.51827591348928,-101.8900918969409
62.38737961740703,-131.4705394354508
54.82683842399039,-98.51727275433353
60.07263771868638,-116.8059875715868
53.70947266414242,-101.6370666479932
50.06887052724455,-118.547588244802
53.82197250585371,-114.8946781882265
49.74682515939188,-110.0499911039925
62.03356119290071,-132.796157068285
50.61336261817973,-105.4664461333116
55.24947970989419,-123.0912911128452
55.47374342648941,-113.4478131874306
51.8561952475163,-103.4089488736058
54.04870782661187,-125.9649079039231
50.26438556932687,-107.0357630012917
53.05462706013584,-61.55217709204358
50.44335773420284,-127.5009331085412
49.30238708995585,-97.54979168716345
51.67809022283471,-110.6547281247269
53.33765078419928,-65.67458789917771
56.03505755702791,-97.12981095777042
53.60303062615768,-64.35596279353472
53.26805817520563,-120.0573912727568
55.51953359487653,-119.3966391850804
52.90058018767343,-112.404866541394
55.6214156228205,-120.5806929025757
58.16310809034318,-115.7310809576204
53.25911057849103,-126.0823323245317
51.0802172061495,-102.6127060039822
45.47426560288132,-66.0833126495829
51.50533535284853,-55.49586921301437
53.00868502178533,-123.2820940217206
52.41998121868787,-104.668883123742
50.92452419842689,-119.3187780152992
60.33688952584281,-133.0628244707443
45.46581796114015,-79.88610813989108
50.40512677685388,-96.01997649894209
49.66826641183541,-103.1376050425623
51.48787323100297,-120.3223023834119
51.97061802326199,-113.5995091160889
53.30392136023233,-101.0358058586299
52.23439877455701,-107.9790088173418
52.00211516159379,-107.0871692562208
48.20383250141074,-80.0081402795038
50.03379047950732,-108.9400585082023
47.96174266612772,-68.87182689804081
50.45656583521412,-110.142388748861
55.31602344028805,-119.7801290113432
48.88740601692479,-124.2392672407528
50.28116828692882,-64.69144292208307
48.36711273615094,-123.6566423704484
55.53162442601133,-120.7321645536946
51.49689168268198,-120.4214265455628
54.92029244521221,-112.0369949248823
61.10525842243911,-118.1785735347073
45.18893193187005,-72.60179988254933
62.06295635815055,-116.317633099972
50.16019999106813,-121.5787350387382
62.55461009605541,-116.4221716176909
53.29147312659737,-106.6127447382306
50.15064029856124,-96.63970972607325
58.21450630064618,-115.7690738332813
50.01919385358759,-113.2720910670244
54.6539651073273,-124.7593366241189
49.09694391293704,-98.35483066967718
57.10305943870655,-115.1082191783815
57.58618875957782,-117.4791918284457
51.04199907188051,-113.4054294590131
49.42231395381059,-96.25916000133775
59.92107273515121,-129.0996202899773
52.10373193826194,-123.5783627851438
52.58090115850594,-98.88687135641524
46.07990771790159,-66.76781962570298
45.98344230826276,-61.03195236378479
53.54119975113846,-114.7085591326687
50.13642611008801,-123.1271553687014
44.94640240427462,-76.67481325396179
52.275922997504,-111.8379977779392
75.4674749264726,-89.90221619992091
48.38095737764952,-89.49584721316583
60.00807999694466,-128.5560267297775
45.78901134075872,-73.59474775914126
44.89998853816825,-77.71214280467993
51.05479193753116,-119.7495002976766
49.82128587990228,-109.5648959035372
49.70029084339195,-68.86835647094563
52.06578733739151,-121.5744651050158
54.37070093724333,-108.2886711411091
53.68164912490349,-113.4918688687519
56.2947369412095,-119.9305063267692
48.1380790216302,-57.71646787607059
49.15369424745199,-120.5875933353226
53.08898430347566,-122.6827282809158
51.55579934562177,-101.0555144283203
49.87203648535026,-100.8844059567243
48.31881342170761,-69.98441091608748
51.27096081006939,-109.7972287555601
50.48081805178271,-119.8782970017968
46.47028386066837,-84.08866451611736
53.151993846726,-117.483334488249
53.16153593412844,-106.0912348630249
53.84429113392235,-121.4316997668958
51.14630833397684,-99.84312420230486
46.15541697069455,-64.34396974563404
61.46735728831432,-129.7502378123303
59.534464855484,-112.2068245003944
53.91774571803347,-122.3611447691963
45.3211616001015,-67.04386104276419
53.88352343147002,-111.1948906621624
49.94548248220377,-103.5580153992328
49.75829694516135,-85.07156707790502
63.42977124130677,-136.8661868652021
52.32903720301836,-67.4576639694106
55.7232286544265,-117.0696197450909
55.76833311855297,-117.6743669328198
48.20528438638866,-82.5287441917207
53.10379456826013,-103.9356040610346
49.31687093267843,-53.66575778964468
55.31616707064193,-115.2989518665297
49.60132541628617,-91.37814659648669
49.28812108278366,-110.6786867717675
56.04784828720774,-118.4964200136919
45.83027687752116,-76.54168293483042
57.6502852590226,-130.0564002666251
57.62622110653032,-117.5559250343695
51.67160498241669,-119.6559038055185
53.26516960394489,-103.5877346685114
48.38542913337644,-71.67948277225702
53.98369673590446,-108.4086386298836
67.91757611301217,-133.5581491635316
64.6480580634321,-138.3821185123194
61.69054132473867,-139.7836371767658
50.58955911147236,-68.74485970440378
55.41526089017326,-119.538350941453
55.78125203185193,-119.0157685147566
53.02977949113105,-57.82554871233394
47.21416616025901,-70.20049760929673
49.81494445904026,-93.1021081404893
48.18897935269007,-69.0785754975002
51.2578236138156,-114.5258150534511
50.30950349326049,-105.0779283867091
49.84409388624623,-119.9582224056912
49.44130454871671,-115.6681807669109
53.47679444453352,-112.0762409223103
55.78303719919348,-98.89476101328509
52.22697142121382,-120.8481080871679
54.7061326599655,-103.0728593536637
51.49495205034475,-97.29591221893541
49.37609136442158,-54.16351447231682
59.93072406990157,-128.3408872838523
55.11381898299542,-121.0385671384391
52.6846054310296,-104.035462664725
50.09205831627795,-105.2596405988703
49.42446118815504,-101.8672121972896
45.58050662957068,-64.98684465768399
48.39217535587295,-72.09813719746039
50.36531064194072,-108.8574135455794
49.63482260336293,-113.5895601334273
49.52381696802599,-106.1168317571553
56.94350125849777,-130.2158114921769
62.16462399212468,-131.8417996639743
52.32841306259579,-108.0069920131263
53.33001781830912,-60.193033547772
55.22434582103637,-120.8331498393739
46.27676313969732,-71.81028817944372
45.29135982014292,-63.51724979798344
55.02135788609161,-113.7131102630151
49.72705826375331,-125.1167559818862
49.24821409673817,-122.5572458041439
53.31720835711383,-106.520557563777
56.47633271894608,-115.3346673462004
50.39362571425585,-117.8895500193886
49.4947679887404,-113.8517905063233
50.53761728458986,-101.0156019083088
59.65834594436383,-129.2079464460732
62.03113894726384,-116.3134083654031
54.6400906050045,-121.1590134878766
52.5228981912706,-107.7072825454086
49.2389855785278,-101.2566912221655
52.0307783672642,-119.3446700567606
55.72323969301649,-117.9337165569195
52.91715462832559,-58.25941869935964
59.50952045822861,-112.2234716307758
47.08847248812822,-71.04544650944128
44.62193838456744,-77.8791814994897
51.33639388367105,-121.9077438099804
53.57013473958369,-114.1599997702737
53.94892770168512,-107.9870314694249
53.81960804330624,-113.8431826648352
50.78629013864963,-97.73625706783335
53.16194470515077,-107.709047844755
53.71311012736218,-121.0586509427272
52.66694351480868,-108.0393988754754
53.38713079396658,-122.5761300683039
44.95619135119987,-64.93591076690282
43.98733829647166,-81.49703399737085
52.74665315871803,-59.83178100609225
53.68666892408124,-114.079363797789
67.39133049890319,-134.2295504538235
54.43749314435038,-114.9631742488831
49.02891793773393,-102.868738526138
54.9950516249945,-112.5089199792914
52.69241196707791,-113.9218790210553
47.21849584398048,-55.40590150778625
58.75750902192593,-117.3034756398431
45.71122640072265,-71.58614726930394
49.29022383314138,-112.0506088972766
61.08999034814456,-118.2762631418927
75.43047432584943,-89.79024115664106
50.19272282855019,-104.6739117611538
57.18150655070097,-122.7195822067775
58.84314103378809,-111.9963887056176
56.2675785482722,-117.2809801429472
51.16896063001664,-107.4230544086732
55.6027575487778,-120.5774824742978
51.46237392556863,-98.55344488187639
47.49757341403174,-66.80981091654532
51.21815951585388,-101.2324264154451
54.8184880984455,-107.8214577263769
49.09555392122386,-121.5995967824195
49.64650535600433,-102.4190510561271
51.13105613055727,-121.187928692912
50.3609302979766,-108.5939970246622
49.48369077469196,-100.014873259444
52.11383307489167,-110.0039144639062
51.90655232499051,-113.8080104726628
45.73515116345411,-64.97490420422234
61.76639200078675,-131.8522117692359
52.87491623214603,-105.0734445171678
45.99663531560198,-72.05184257418368
45.95107310863428,-71.89873161877493
48.66708441649357,-91.0908750816075
49.68627906685025,-83.70112178949194
49.55321921228746,-106.5913453008905
55.79261131754905,-110.8679693369172
50.10690751732293,-91.81805183683812
69.32912933676874,-122.8184538860822
59.00224554174999,-125.5097668407949
53.57031017968004,-112.382991721358
55.21380689476359,-118.1660268107419
53.62546008784062,-123.5562974397072
50.65996452117028,-106.2816047415005
44.08979715403347,-81.38226897390842
54.57988994673549,-100.5608498930848
49.6246925138225,-110.414045874633
51.41609981166432,-104.6221544477932
49.32522216075809,-89.37271826333514
55.9174782288221,-120.5255082277154
50.91505023268757,-117.9782255856503
45.68982769019387,-63.03028494939056
52.72632091891268,-114.2694030511346
49.40377298963486,-115.798786235034
45.39338540157067,-62.17515899913875
46.89262429746321,-53.54785017474451
54.06028015187729,-128.6011442367659
56.8339969889379,-115.245489634272
49.11110019907748,-110.5298181135484
48.24446740327824,-69.53047310223346
46.69562604784386,-71.24584417654984
52.54276976066864,-67.42813346052375
51.95220048404732,-122.4341908281017
46.33422628598888,-73.65223040928524
49.20753009791981,-100.6912477434708
55.24963113555074,-115.3591973138771
50.882186414131,-56.98248668986245
54.26221863452852,-114.6057141032726
64.17169025570405,-138.5494553564093
52.29421538288913,-67.60111417653299
48.83765654323722,-91.56074471147852
53.97622929061718,-101.1926177777121
53.56015608686918,-106.9220621215577
49.2936607526796,-55.37993100115347
56.7884212332902,-100.6189206203836
67.80490868544439,-133.7629556956285
49.66278430062726,-96.3309797355762
54.24251618975799,-109.7527916049853
53.55071941057382,-129.6225294055842
44.58143151028545,-64.1999725418624
53.84740224409595,-114.3516581426672
54.42776258722508,-108.6689032440542
53.1394723330972,-114.4648703670839
47.57454885629504,-69.63653621543597
56.65943936986731,-121.6712040678593
49.15632093341848,-115.1054379812153
49.15485114875307,-116.3401003003309
50.395862291675,-104.8701304769487
53.90923980944854,-110.5993262783808
58.72608263626014,-124.917880705947
55.60842340025389,-118.3882956057773
58.65390320111634,-124.329940861336
52.78358500927651,-104.6159445205184
48.7315797281259,-71.72229185673983
55.97607070010565,-129.0982614368319
45.50954597218087,-64.73024420583806
47.52867632117051,-68.57298759363186
53.23365131394225,-109.8462509307088
45.16337548387339,-77.53854491777554
45.45535348593732,-66.35373679816686
51.91552759900534,-99.57652582493579
48.34428348276703,-53.38710391269748
45.63986248351008,-80.09184550604975
50.60057070379585,-120.0544984825679
49.16691308887093,-104.4546059859846
49.03837760731546,-55.32118744443205
69.13664674347943,-122.8721356968854
53.69466409601896,-122.6068990906204
49.78997279538806,-85.955252482138
54.39060895802405,-110.1773662750091
54.0649115279831,-114.0490500485128
50.22994795395326,-120.0573185121067
54.62721290050693,-99.35627908199326
53.65798720565607,-113.8453134517365
54.0955720645266,-104.6224543684678
55.37409256972116,-119.0216135219096
48.32145782811921,-53.90474857812511
50.67541285266258,-57.21295305209744
50.59709716923213,-109.5042429782748
50.70388684855386,-116.1789381202777
56.89265942221317,-115.2198264502507
51.06838852210051,-112.6328911725381
58.89138078190747,-130.0240780550082
47.51618279615889,-55.95990527152015
51.03781061120451,-99.16774271176214
51.96870451627339,-112.6504245159923
52.35121518552181,-112.8841739813649
50.27756945933378,-65.6662820032336
53.57359701583663,-116.2984153322606
61.67627889415912,-128.3285788903244
56.66565933037701,-117.653901607105
52.16330183936076,-122.0557695925465
51.67776029307438,-108.6503948020184
53.77434898377122,-113.8707414805532
50.18195194614338,-115.4642570192837
43.12272972386805,-80.95695319122224
50.34727811352882,-116.4091388388907
55.38249244133311,-116.8730916092744
53.18163557865248,-112.0742873763942
45.06439517091042,-64.56342762286042
61.75442343901485,-116.819012332756
62.04687204976548,-132.0549978061916
45.84680676237452,-82.42916087775089
45.31006064277998,-63.6808876101297
53.44194912414321,-111.1822299490121
51.38713512637913,-104.4609003759115
61.96488371486803,-140.4410218044465
54.1929626713983,-128.5663114154063
53.78801920281655,-123.4097544056256
51.26468295771446,-101.398628872261
50.54604991215943,-109.4648120152944
48.40748169276507,-80.31579024927743
50.34591585920165,-121.3892928239181
51.62508167325298,-102.4443125714049
52.31678240383549,-104.5065749336676
58.77472589926747,-125.6993997733661
50.62134788061606,-121.8498133754778
48.50204283812673,-78.16814932871112
55.08142763601217,-105.3298133933429
48.5415249201683,-80.83541600790453
55.75585723597111,-108.3707234914639
48.66692593201548,-89.89282919685344
53.36569813321454,-103.0969251272147
54.73328939237824,-115.4125861997535
52.64774473371395,-112.9902806105308
50.820970296622,-101.9046764025579
49.77206757198909,-114.4785712121112
50.24066891720246,-100.5320371272755
49.08854810697661,-99.44611703440836
50.87500225419697,-120.2844145351444
62.04663661039357,-132.0557824206007
51.59077538277086,-113.2948308331304
50.14587629425144,-117.6089867024814
47.37345576551446,-69.89669895557402
49.30259178862871,-122.8771552397739
49.66948043176866,-111.8904341054862
50.25829145501478,-91.52739738439995
46.06959392043311,-77.27338863348031
49.3746352852606,-89.37342347578911
54.29780788334112,-105.8888335685426
54.66381426684497,-128.3723015447912
57.18015309955719,-130.2310148205916
55.47613206621114,-123.2203537687742
43.27216298347781,-81.56793283038769
50.15220956305913,-107.6655776702745
51.79479651446543,-99.54960664943219
64.26209784813963,-138.5085703854526
55.63216589521875,-113.3900063402757
46.69386970612722,-67.73963147614548
53.90699177911956,-115.0182923373108
50.31007307849512,-63.80233526516621
58.96162604387172,-117.6079541478046
50.6397550621094,-98.04185993164488
49.29593981203781,-98.36377069722107
60.61353523952705,-137.2601966280595
56.10175839682059,-117.9921124236972
58.12538211427558,-125.6771387250114
50.15612171338304,-93.25972762579056
50.06982144129179,-89.15768838611406
58.84351931086637,-111.9989284423332
49.48925689695423,-123.2483624780195
53.62756521819271,-101.4895402596904
49.35481776755544,-108.4265582841379
48.60761480572679,-89.09788126546269
50.99177866989084,-96.22940656190433
51.64894629722749,-112.4713414818171
58.54309125274803,-130.0278809167023
47.74902223359256,-79.16696246446683
55.64461107434649,-112.1493032320969
53.90425826498828,-115.0574463809884
53.3539751687368,-65.57491244037686
51.84187031191622,-121.4255015144983
53.16375936314639,-104.0264921035349
53.68999432769299,-115.1068143879371
53.08892635770511,-66.18005628203767
45.33726104567753,-72.38513446821493
50.57191938262528,-107.4527720602057
49.40739285119925,-113.9256628753253
52.21714879788543,-106.602483482499
53.3019076500904,-120.1333999241057
49.86678083877025,-120.7356027298245
50.04112802254017,-102.4216098979103
54.50740179714145,-103.7964808575604
52.17294020011946,-105.789073560869
52.9598101949824,-113.3573247388106
49.83881282262234,-93.7833921657091
51.59123647569886,-107.2925609750768
54.74857517919462,-101.876363394726
46.3926613218778,-61.07107988985634
48.89252094493747,-123.7568224561632
47.48403927672376,-53.05413624697324
54.74225845730125,-117.188435841306
43.79509925185229,-79.54060205402895
55.83981591303918,-119.6294604888007
53.37810725780675,-63.14372995906896
49.4352538169798,-105.3037585848439
65.83256492185966,-137.7766422257855
50.7375894267431,-111.8973031607514
49.64074484327912,-109.113297239171
50.06102719985324,-98.55991417028773
48.25038077621882,-64.96699137556503
54.16626231632457,-109.2528233462692
53.10513405271433,-114.6096861214118
55.82168847188203,-97.94898901092431
52.58024895196299,-104.9744390837015
47.34748671671775,-79.79457153953079
52.12846378589184,-113.6680997154386
50.13744747438925,-100.6767853392461
48.73516859132275,-91.77039396656643
47.86777168079529,-68.72956100792251
49.04542830733127,-64.5182381443797
49.46674553022276,-56.35984825477686
55.05787170626072,-119.5259357192903
50.3988086519123,-95.99937325834667
52.14348723634458,-112.7192850817122
52.76237440291442,-67.44711657344439
49.836130291818,-106.9978704856896
53.83266396388539,-113.4513738536492
53.26905648342086,-112.3673042004901
49.40721151947322,-113.4476884676471
55.4200660590626,-112.4269580085455
49.7978220213203,-114.4721100615438
44.40213937996753,-76.06390918057154
50.96377197453626,-98.17076343475765
60.35360392170496,-123.3184573206086
50.98266754540757,-110.7947874535021
57.31927994159157,-122.8245576695883
60.43532870950067,-134.8404525553416
73.97832182274128,-119.711205510817
67.44294808663086,-133.7570736741615
61.34210278945223,-121.939464166013
51.64854144800123,-108.2645546455784
60.51075724740092,-137.0826399978925
61.68130661366377,-117.0023973854684
46.05524448564177,-81.23107332681798
53.26335513899048,-109.6044986088648
58.31902812638965,-115.9534442671274
49.32795981362879,-111.7993817910233
53.65757664995382,-113.0218187467248
46.49689828822748,-83.11608673359727
53.8901802953635,-115.3315266095317
53.1744009016818,-117.8283001805957
51.44814755694955,-107.996125164678
54.58141075605629,-110.2789852864284
52.80388841791233,-112.0059277428358
47.56079929136462,-72.64637535612201
52.51018148227915,-114.79332845375
61.5867689833697,-117.142036367724
53.30168790236727,-114.3428722580309
54.04936971877223,-109.1538042534747
49.37023229368585,-76.58078690494176
55.18117898447557,-118.7196238910693
50.53804332561977,-127.4109486537666
47.49290990433768,-70.00677385500461
49.63908836960711,-55.89641566905436
73.62809095943524,-120.1019350132014
50.80496585285579,-106.4444416739979
55.24155956767746,-114.5231681463411
49.03082252144571,-76.97605421380638
48.54391413424631,-58.62347094870503
56.74577503146317,-117.6447083292833
49.1055672261385,-64.6740554975217
59.97231237413748,-117.0039706789109
73.25099564774912,-119.5935878074272
52.87346245803382,-114.3641425671922
51.48777294245411,-103.0204104957074
50.56494481215737,-99.20891644071988
45.3028760061321,-74.55365549672614
51.77770891123784,-103.9977043974424
48.18242616130804,-69.69854838867546
61.7403960354907,-139.9092443835304
51.12748633117373,-102.80192555686
51.91063106351015,-104.9958000098433
61.52597860901007,-117.2240128706487
49.54030877839025,-102.0060999215197
53.90149314797072,-122.0274794464868
50.5723853878044,-104.1120229090905
61.40517742987938,-117.4350688724084
54.82892113507513,-114.0782472278993
50.14235318792342,-115.6913885426294
55.31463536364127,-117.2000620336301
50.67092753254394,-102.9353880793041
55.7712705417919,-121.0154663073481
48.07584998236797,-70.81899156323257
49.30882362280807,-112.8527116024978
47.51950917362628,-65.08674102183467
49.78071599682013,-114.9012595028241
57.08022243948752,-117.5711137368475
52.46081852169517,-104.5008558178579
46.0630657575094,-66.71357359720153
54.98688153770754,-121.6373800499002
49.06667272571273,-123.9948675853062
49.66790511605677,-114.7647694536457
61.1585019080654,-117.5295787483156
51.92542249985768,-107.2162955329854
52.39485479377018,-109.9598376239242
50.51742049288115,-127.4450843718177
52.77022665960521,-107.1509630784022
50.05612590085724,-95.5192588665633
49.08876221928524,-99.1711410648551
61.09243135031904,-118.6381852023792
50.7175883613597,-111.6843511682143
47.10292773588074,-55.76038117949943
49.63080383898564,-83.35240850081153
61.06179659586633,-133.0038487527713
55.26591255016186,-111.3227849581319
46.71311412978154,-84.13506278908686
49.01816787843786,-109.8071386576561
44.32482219367753,-78.5713793714152
44.50215784343789,-80.9615396221811
46.15392891870098,-61.27124124804259
52.26020179667036,-107.5648533089018
53.23599047028378,-112.2268610222211
49.67011955918505,-99.9617493337483
67.43261889386766,-134.8185984161925
49.2552035679608,-106.3880074537078
49.40586612080902,-110.8129720957465
50.11733874027185,-96.77245754709504
45.7044571605549,-72.30594098149548
46.60552510561953,-84.54856010039194
49.88989701644422,-89.15764724220702
52.68558764424942,-111.8409287155802
49.77785488558821,-119.8255075729929
49.56750948265998,-101.4630653958866
48.53254978617367,-89.34358735501337
48.84909170118963,-123.5083997967439
60.26506489699875,-132.9407233142682
53.66812629167438,-114.6104734932803
48.76886420763961,-80.75279598410322
49.63997101428647,-89.17702556307364
62.19107566318829,-136.2658936185627
49.72743958606791,-108.4671365793964
49.02778144351464,-54.94989887648529
53.10513550366778,-114.7144959719203
51.19414696261844,-115.4760065941361
55.28482229883475,-120.8926275752866
52.15765433274591,-103.815122924479
59.92292533477924,-117.0337182449906
50.04885944686163,-98.39269762667845
52.84183205138357,-104.1356115597512
50.90821443483041,-116.4125769567869
61.90264317682853,-136.139169231414
52.20193404986436,-105.2795610372299
60.25505647048156,-116.5845315170247
53.04130190413519,-60.48564755527073
52.77582349499492,-111.5277370552962
51.23913805649332,-108.7481980609517
56.10980094189967,-108.8103133030891
52.70669750171405,-119.2568545782453
51.32974433842904,-111.7873868592284
49.44871593892413,-67.26165192503466
63.05474637333091,-136.427085354045
44.64165879684733,-79.87005042906274
56.00398729226355,-97.32395345818169
52.93764991148109,-104.0357685566101
55.13151688413902,-115.316008474175
50.5820699585692,-68.75714186647366
45.91601157340831,-76.35844763114231
49.66192322969693,-124.0421462366995
53.0317375194599,-109.0190045385929
60.9868787622544,-138.5871900521853
55.22499512894265,-127.6552503177109
47.5496107773868,-65.68438902070113
47.62345043067867,-58.6865177406541
48.02853979915565,-84.67335544241601
59.9467793478242,-129.0946811206396
53.76432028559565,-110.5382073868964
44.94502783177872,-79.52215386624094
50.27792378256937,-121.1236429392673
53.71537806573604,-111.0708150935786
48.67327290178892,-68.06001434076371
50.32385414487312,-91.26086434986352
51.48919979188719,-107.0115173180046
51.77776700642356,-68.09048490052858
49.6357946543822,-99.6038404852108
59.47289146605806,-117.1970684290634
53.54806015533101,-116.7076537304766
51.76530109326229,-111.5031323375627
50.25157680346474,-106.3516253112762
52.21658713890388,-112.7193031617014
50.77149449713212,-101.3895283961562
46.22068194833692,-72.92306520151273
57.01955522265467,-130.2625565412352
56.06484720777208,-97.04974781192787
50.35352692592976,-112.8498398910447
46.05698829736649,-63.98361854325871
49.99655135080592,-99.93510305421411
51.79425784608213,-107.8452736334883
49.0740853281159,-118.1658044031048
54.10123877745863,-125.2856889298042
56.24482880303898,-115.3156196571285
45.11141502026338,-66.76095228694997
47.95451559726053,-80.6917391019696
52.35436725376631,-120.8625328960299
48.17145799182189,-77.985687004825
60.54139678301876,-116.1566682936768
44.22217185968811,-76.78918285015098
50.84510907487932,-101.066862648122
52.056248312314,-107.6201191410665
56.03747022453705,-129.9030106900078
53.18793288246953,-115.0254850092083
43.3707689705243,-81.71800219109298
49.82509166965551,-75.5583531849054
47.04634529947157,-65.83071856864916
46.77972493659894,-81.13263501232258
69.10893549355777,-105.1337292787604
51.37635080855762,-105.4521663925653
54.61513142252674,-128.4008377410848
49.11291353085947,-124.7786727070558
47.8239589913162,-68.83289264145967
50.07009663743334,-68.74164899345999
56.05283533351218,-118.4964139622266
45.3593115858501,-76.60659646679352
46.9215680509456,-70.10715478189717
49.54939925128033,-105.7620370625107
54.21733207937942,-109.7907755139583
46.65332034085195,-72.78776410906099
44.58759174602103,-78.26192960065347
45.80585756464892,-82.22036052139677
53.89429437307467,-121.666557848999
52.18425092540393,-105.5272216926355
56.87093972552288,-121.993233357154
53.96363410761315,-112.7775455136051
50.70666892830177,-111.9641027854401
50.46988218447581,-103.4284432958483
54.13561040904514,-99.15834981332308
50.23459838918224,-96.86461617034588
53.00488599740108,-122.2233841138463
52.95975797229367,-113.7363963948281
48.7256955075451,-92.87686745735888
48.74939139502257,-87.72676657693512
49.29497361643951,-54.81113900317753
62.17399042472668,-134.0133503640681
74.74633692466638,-95.06116553983553
53.18780416107962,-99.29961686472726
49.22412202388097,-106.3877993187122
53.657636289397,-113.1265874830817
49.18951888640203,-95.39852278066509
54.26790123472404,-110.4006974942174
49.68166141203464,-87.53974534259898
67.32396921563196,-64.24752090512662
57.54334453327812,-117.4737609280282
50.43219119842419,-101.1703797037093
52.72746256123383,-107.387112432023
53.54116663691298,-115.8680716968304
46.16582236536183,-74.47408427971551
50.27084865204937,-114.2893643157213
60.9177030220326,-116.9867162451651
55.86920970293793,-99.25621285789761
52.63963717718028,-114.3409507921337
52.6964259648635,-117.9024420769891
51.67096718768778,-102.5926072817541
49.06006505234672,-58.31975463739337
45.14894387464373,-73.59205143691736
53.47963812376254,-60.26157786473223
52.80412503436958,-117.6924211879574
51.10189522767149,-115.076990993375
54.99704056886559,-101.1450939350415
52.29454323883683,-121.0733946099781
51.21773961776443,-107.4230787991356
46.38000877107856,-70.44771165103178
53.16873614037409,-66.07574803684369
49.37336886066478,-107.5083588329644
53.67425666248324,-114.8614947261473
53.39415220714822,-109.2523070828828
54.1522564581007,-113.969073490142
49.52274261045669,-104.1062002459561
49.84132356864887,-93.82266443951681
50.72076574381168,-112.8439179232422
49.5851589659287,-76.02216828658902
51.85766350097128,-112.721581704661
53.24894355293914,-108.990363510194
53.29557685494711,-62.73695884386422
45.39572521786133,-67.38857735536199
51.45582383524805,-101.3519352986131
52.75586716650516,-110.5383999732396
51.71000376188373,-107.6183107763259
47.66887373228865,-80.24172212842937
54.71576405064514,-101.9977088301703
64.9938153362185,-138.1877196731569
51.31177518336611,-111.2004117145033
48.1433550093283,-89.83652891783984
48.74783989943594,-92.75922738707918
61.62189170666361,-130.3421130279504
51.81343147852058,-99.32388206848793
50.63884142721944,-101.4945542454184
52.1440410277463,-104.3158897572339
52.69578170371905,-106.8751460665117
49.14519798852156,-109.2562990965664
49.79555694350825,-124.6220515506701
49.14797427641938,-108.5660981317012
51.79451797871064,-110.7843471253907
49.40008783892715,-103.5534865404194
51.04280194023244,-114.7513349409628
46.68054588463507,-71.67146719391367
62.92064521896427,-129.6903946465727
45.47436224892012,-72.90119803139956
48.93608632089691,-77.11861137582089
49.66543339986182,-104.1809254529529
50.93883779495539,-109.8069057459457
53.36549494182285,-103.7105186118615
50.695158211091,-107.902446422204
56.47813832777063,-109.4156927273086
65.15694406399528,-138.3655566262909
50.26249031871245,-64.17258921973352
49.40069540409105,-119.8985221538925
54.18618955744481,-123.0587732017333
49.89055084643213,-91.14271789163534
59.7682139241811,-123.0150135980331
56.3216223505409,-95.13840124649036
60.97120677694534,-138.0845188605593
62.5343840691484,-114.9699201066726
48.8382984118185,-87.0584244126786
59.50548107906571,-123.176844090883
46.75738512823633,-72.9656648700979
54.55250618171796,-103.649956392294
50.14029450985743,-123.1170963903842
50.32973915968125,-100.1270668943524
53.74656871482822,-100.6316155045803
48.97286138571211,-93.92706587492674
58.67957921714127,-123.677409059745
49.12304649098027,-113.2901855186252
59.70673130987727,-112.1744641034988
50.65829265836167,-119.1458885601868
59.35044909749791,-125.9553354307596
53.02981669432305,-119.2579733410319
76.42324515444732,-82.90428330304039
51.83998956128513,-112.4145553582299
52.79256769941268,-98.99039073759118
54.62859012071783,-112.5129331232215
60.16668709036731,-129.7698901618337
54.06268095364337,-113.6448624847797
55.06756354182875,-98.49274710426218
53.27799035501551,-109.3296159025039
50.07616652796316,-104.9236254375866
56.78955375201562,-100.5906351754369
67.12975628716879,-136.0498892245
59.17137943052154,-123.2239869684464
65.76880810447248,-137.8778848959476
60.11146892015856,-132.5567087380801
58.66809669753925,-124.4402821898579
55.66617420817631,-117.1313206853458
49.88595978442577,-120.6306220260057
46.15443547927433,-71.27990177538352
61.1697862881087,-122.7484097624364
51.29750609033871,-103.2330264473434
45.88880519473412,-74.84725922380873
50.46878471433368,-105.1679945221904
44.473620410732,-77.47233744237198
66.44796634487791,-136.7065691388551
46.75178421722934,-70.34286380791947
51.59945524652888,-102.2006613044148
49.46106462705129,-101.8221997692253
50.33568687048857,-115.8143322614657
49.95904258915213,-91.61674140017028
48.51718274763028,-59.00211882730916
49.55323775731159,-87.98948499862703
54.3684006999588,-112.0264538696807
52.85251258632214,-118.6046278140102
59.52790039782704,-129.2526067876886
50.3304280589514,-111.3677517497023
49.24003355072197,-119.9984965332898
45.80757062472122,-67.05903943782668
46.29000277159164,-80.7512667823405
44.20295686719103,-79.38842414139664
50.60813409722529,-101.2708777797279
52.72448958699999,-104.5537784460859
55.7231493493972,-118.2322807040248
62.78312823528456,-116.0029631164363
52.6463137171994,-109.5047367361012
52.80965180120804,-114.8773108187704
54.17956048456407,-108.2902754573515
46.73623832597491,-84.29703540553062
55.22891061841415,-113.0560750697604
46.66082059435603,-60.40979171162799
58.60103520255887,-118.6947706924962
53.2185846701036,-62.34401191944664
53.68072748568154,-101.9097692191408
50.29084385766583,-126.3946509836669
51.26493705392673,-109.3295711793247
53.9679079354112,-106.0667210289452
56.50114127583419,-129.444765453512
49.27982105679199,-125.0824220836052
50.85774473274703,-104.2237826498039
49.3270469152603,-116.7009997594709
52.38489452273458,-105.267664450779
46.85252418385868,-66.72454446426292
46.4514639293158,-76.20159945870644
49.77018819364051,-108.421549107791
46.41392789417979,-72.47474311989191
50.98048044982523,-119.432238496899
51.87036835536408,-104.8397734482253
54.34732868805909,-109.3675586696625
61.33377058027985,-122.0712252771423
53.49182567234775,-104.6787821297674
55.08614979107114,-127.8850123729975
54.04311900737822,-109.2841435435588
49.90217651558208,-107.0546644742364
51.94746723541964,-122.1427269903263
55.80340188561728,-115.2017316211713
49.34680307053728,-102.7689065799126
58.5148352237121,-116.2053119086831
45.96793273376821,-65.07870904400247
50.3648134935825,-114.228994868729
47.80707349356794,-72.47563595829409
52.3766721903914,-107.6833402639719
49.39956464370807,-98.67171123455068
53.59100683864315,-101.6648072353571
43.54617369863944,-80.90850887928762
50.94896400771432,-118.225595532895
52.86528785732873,-102.9982509913811
49.02173838646989,-79.0356014458626
50.8342064817946,-119.3580342020988
54.15090042107497,-108.8739786109399
44.50431962293116,-65.76260501124302
51.24011856324015,-119.973565437891
58.66332817452228,-94.16767547402021
50.30133568121445,-111.1731538758758
52.25668094249861,-67.6638629736195
59.63307933085009,-136.4566065020313
62.23879564542685,-140.6887852788707
48.18346493759358,-55.4896083463136
55.44973827219577,-107.8980988404586
53.77284254492666,-106.989776809007
63.49965660322511,-136.2606397077566
69.13621347376345,-122.8826612450831
51.56589223364395,-101.3535054964101
50.8118592892713,-57.06282193313448
51.45034770028597,-97.31635606204246
62.63676114816526,-116.2638893049963
48.37773984068854,-69.36107665496743
53.38890879522374,-110.9764635137303
44.95971344747449,-79.77922710794569
49.91283997876293,-107.2334483801314
54.50765982953544,-111.5874519063369
54.80594462084625,-118.6983610209178
59.73550032295317,-123.0483097411825
51.73436645410761,-101.5536405576826
51.33486235920746,-56.68770605753047
54.44657705959798,-122.647046924294
48.57639727058167,-78.80613750502769
45.07797505148415,-79.78456826436246
42.86271889092092,-79.46469892190586
46.56065812801234,-73.16324508332062
58.06721150431324,-122.7056749514588
52.62174359781545,-103.4283299869624
50.48475397278286,-112.757704723744
50.53743237817292,-102.0658320938557
49.48564719997435,-55.29374219608824
45.30576084842082,-77.93864515362921
64.36566841882333,-138.3840525162686
45.10353400454821,-72.69802958546646
51.99743039643378,-111.7218925941509
51.28771741479668,-103.879058471808
50.8198958971055,-121.6620125444308
61.65877207791282,-130.5767429978347
55.84683005220944,-97.81934786194698
52.14386054201538,-106.0381594265956
59.96711343925635,-112.4067969931344
49.81714833720041,-112.913955719054
46.2583625214225,-60.09044236330499
53.562826032933,-116.7596086370388
52.10438903901315,-105.147154612727
50.3812190646026,-125.9646706728754
52.94554902098837,-114.1761859242137
58.90086281109281,-123.2978029140399
56.37424629350753,-121.6621439558248
50.18254550721036,-114.8760948366478
53.03935638889086,-114.854994365539
55.50267613016706,-116.2208123066124
53.83647155827551,-121.2979212463977
55.65533365263532,-97.77922461414323
52.87150547095216,-105.3656844597261
61.82718308021963,-140.0916926772734
59.92305913969148,-136.797860974777
49.76786983733613,-124.4015845447579
51.05196977914499,-99.28399595960985
56.35333612725469,-118.7185926527908
49.65949640902327,-91.28813184262624
51.7947436317205,-114.4002827171018
56.01444098763255,-117.2897045823924
53.8723705604265,-107.0492572856224
54.442467122044,-110.9343530912658
53.61945554337223,-110.868199552506
54.36096491872349,-107.8161354198069
45.00414904171644,-76.12000696403149
49.2901784348128,-108.7636800728472
44.47826217660666,-80.5230654134492
54.82008487830975,-102.0072227532253
50.86294199300362,-103.540097252161
53.30124478366231,-106.3935608114509
53.58477856828399,-109.2479404786499
51.81282866733149,-121.2630708839978
53.48791830107618,-108.8801605561102
56.21568731877644,-117.2175900563454
54.16794201269693,-107.4359089258348
56.02161920509126,-121.90956395146
54.54087167159057,-103.700026048361
49.47296824293539,-98.45511760447353
49.8064104606185,-98.4378839729998
53.72945319632694,-115.1410935796695
48.68183860821959,-86.1621653600018
50.8339314402145,-104.7087341115184
55.69399665481789,-112.1678854824262
48.76056174929045,-79.51903304833
62.2491925209177,-131.7323781423752
54.70717767899742,-103.0400226792801
55.0253214802417,-112.1896867540799
52.63957166541901,-114.4050899746381
50.93552743757429,-104.588087847027
45.84806616504559,-64.5765213834584
49.16017665969862,-116.2401271665974
51.09464661912497,-119.8098465846661
48.80552007491038,-86.73322121851731
51.42008706092551,-98.7036499008381
57.02900098159033,-115.1341435297772
53.60055097993311,-114.468335025236
52.84208651287506,-108.0679368864503
60.75835930330011,-135.0376328720957
52.09737537007626,-124.1117857308158
51.82358246414374,-113.1099015627347
44.39568293791687,-76.86187666232283
54.4611850904874,-128.5315559099991
49.88666557182319,-101.7510912788979
56.46363559974194,-94.15225671148224
45.9613735442948,-66.22462399004458
53.94895151967381,-113.9191114694374
51.210303858359,-102.9257079821454
46.64654416003373,-65.5430007957092
48.15618840953936,-79.44032821565132
50.77145860744849,-101.1799619240355
51.18683725851464,-100.8816046230227
61.57596993967105,-117.1494486975285
50.88192057448245,-111.5972494886242
53.01998280920299,-119.0986648698669
60.4180585470829,-133.6711834164764
52.12352707601449,-124.0203622004305
47.80267377719954,-68.65413869796103
49.78634180748885,-77.82599872310594
60.99393907889276,-138.4641928064762
51.72964671674179,-107.1378484382514
66.55599854313601,-136.3416721493778
53.93899457523719,-122.9665910212987
52.87967860263137,-110.9897176896929
52.7938662452085,-67.39210615267059
49.67953138421372,-87.59111700863586
51.94711050485039,-108.615651205174
49.02822652027223,-111.4522380912566
51.85928722270761,-110.7608368031701
49.95956898247427,-120.9125055076308
55.6940638399592,-120.1269657997644
42.87747363968772,-80.61369944685423
73.25312683564982,-119.6125626029347
46.10579130958733,-67.21051492344277
52.99475052375834,-111.0923108204578
61.73638686651176,-131.2206804225215
54.094261177501,-100.7658753516232
51.37418677954474,-56.60301030052201
62.03517313712313,-132.2451686176193
50.03449531897306,-104.0993126260991
52.05601331734304,-108.7371093225598
52.51337283570959,-111.0606238647875
50.01278461354999,-114.4200195728211
45.75781832395582,-70.72432278620947
55.93708653832916,-112.04443552902
67.47113676993366,-134.6213728999105
49.8497825290163,-125.8500520730131
46.82203108959052,-79.07395040131951
52.31206633110721,-110.2429687936047
52.03782750051835,-122.0414273018919
55.10561529389116,-98.47658915890523
54.45248792296569,-128.5221103575474
64.23265196795094,-140.24163419699
48.0543465240846,-89.87140214647798
50.00484239763389,-97.33989497449085
54.80865058254898,-101.826121471105
51.01074616765896,-105.4498840958327
49.53203277045851,-114.2144244897333
54.44530948060657,-126.5864395117432
49.68923751226728,-95.90837598933417
49.76745817577041,-84.78701886322251
51.12513011450362,-114.5175033833449
50.51125322060707,-103.4496872217618
60.14174292546997,-132.6463319536566
45.3489321207252,-78.7635781686665
63.53351230921685,-137.1220680479453
61.94924339726941,-127.1755712260172
68.31144188705832,-133.3370980574653
52.96245424175134,-105.7800550385741
46.83042537154416,-60.61476974437143
50.74706060504835,-109.1210708031375
51.93823577396789,-122.728117239738
53.55988807516447,-106.9217077955882
51.4748735662496,-109.5074267082595
52.7838717372565,-105.573013144779
50.29232096103225,-66.39878687005489
55.88200518129889,-117.1330709115187
56.00928897535319,-117.6028239287305
55.60618758686262,-128.6114225892591
45.88869493040459,-74.59016705275164
49.43277934401366,-115.9608132892253
52.16484836969564,-112.147782337312
52.75493991181737,-108.761926951242
49.20076446242707,-53.54315518896679
48.79227996743277,-55.53274995501056
52.40497976909924,-113.4032814597027
53.80822373998961,-101.3605360763686
53.22065338314803,-106.4954260027395
55.91047019420501,-120.5165950160247
67.96311751901891,-133.4745134306367
53.74327343627471,-108.3790866776387
46.27670765452046,-78.45712906588504
66.96182960065117,-136.2272228318418
55.78117995404291,-118.9108317143871
45.39943105684542,-77.92684721135616
51.61105237562072,-114.4938586955175
53.23743749078958,-100.746441822515
49.2517703498239,-97.9336270328353
47.80419520262529,-53.96340111520657
53.54151566455382,-112.1087889380074
51.05737752395348,-121.556241262429
53.24098938911314,-100.8128495518757
55.59113386955584,-97.98092639645643
52.42473495371404,-111.0606263693493
52.1978318599731,-114.3825622323996
53.19239552081198,-113.6809144243136
53.14618954043389,-110.0054901682142
46.41733954063825,-63.08207281285394
49.13652969199349,-88.36162036911279
56.59087305455039,-99.93717623659836
50.46800740914193,-120.9366823338492
48.09941126784852,-53.73013202585059
45.18131595169709,-74.47476334173678
56.61355784639947,-129.6599989931109
53.68666308431636,-116.0537474923994
60.40503592050848,-123.3402108731922
51.37900003276519,-106.5898720215793
52.61563857656147,-110.268953063135
45.59786913465742,-79.9032027752197
47.07463549143279,-72.91653883741198
58.04248560360589,-122.7190436539638
49.51495753168567,-81.50089298508459
53.14243110976557,-60.48082079637719
55.4231974457005,-119.7915691468101
50.34001160502535,-113.3689740669545
53.6939306475403,-114.3478642966992
47.4739829283952,-69.39453597872286
51.00854425579919,-111.2895959659199
53.3587272473725,-120.3178686802493
49.34808318038147,-105.777161448488
49.93857860186335,-120.5437897496179
55.3400608965113,-123.1776656721086
53.15404851082383,-113.5063255770011
49.73927073086131,-104.7163864619291
50.07563559712702,-109.2815821369984
50.58343072662094,-111.6663643007931
51.36593640150906,-100.6979544193823
49.49392373880419,-111.6960329894837
49.22131881144622,-109.2108889172155
50.8634841836946,-109.2785395002061
52.96306104804318,-113.8010448364739
50.55087355301671,-97.70700912644956
53.69649370409324,-110.5219496567632
53.4363729686178,-106.3236984550323
64.85647016384083,-138.3014903014338
52.01518307292737,-111.1239053352184
50.457943216438,-100.3462159666155
49.51565001011899,-109.7951141895574
45.40109430479056,-61.98643463713148
52.68347907025487,-114.7630317006596
44.83824769362311,-81.26158972335301
50.93448589843823,-104.8681626204086
47.24344401512022,-79.04864722741762
47.97396990071024,-57.61992688805023
50.74663590329895,-114.1793640518987
52.72554847127051,-107.7687996236711
49.50148355658649,-100.9633446307094
52.517686849216,-108.6410060139611
54.63890821997962,-112.3751867161454
54.755725013206,-102.9014211758457
49.89282140272449,-110.0504082188002
51.20321344942376,-101.1382634304967
53.01490870859099,-123.2455356536931
62.57689103778554,-136.8266637383044
51.73409572172337,-114.4862665187486
56.77438084189833,-121.8780563154261
56.77707867545231,-100.4590846951615
54.77766122143382,-126.8496869321732
47.40091149833594,-72.79217970917507
52.55141295471523,-59.33932712240276
52.85673946543115,-102.5535836297764
58.85191277677472,-125.2692397871028
49.42022173304795,-124.6409424665576
54.67079248955907,-97.75514205008525
45.230611147827,-74.64614831445002
49.72757705668288,-86.9415661983834
52.68342098273387,-113.7367985470976
53.27808243125274,-108.7807812730282
46.17599436597106,-83.01508382644806
50.40593800694816,-108.2732629729031
52.93250814285428,-60.25230105064747
50.6712716618058,-99.72535738019836
58.67582552708555,-117.2059917822435
52.02666436840829,-113.708446578123
55.05143987088946,-119.1034587307107
45.47750848400155,-67.29783088197621
49.57536930595401,-54.68331771033205
46.94212910430453,-64.16903898761636
64.43310102001544,-138.2701671584476
53.01790100780855,-112.4938654356216
52.96490598609627,-111.8421891609634
54.77639581547692,-111.8196478346862
54.02648406334541,-132.143253448315
53.71533638078967,-111.0354935248637
60.18702307451206,-123.3291103198495
50.22269567667793,-109.5990220343854
49.50075509972029,-120.6573767809474
52.89463359575468,-106.088305805635
50.48475178289708,-112.6927689080081
49.70552530713283,-112.7816901776071
54.44721296540428,-109.1535503671069
51.66109051409826,-102.7627754328825
51.70300353399021,-89.81585763517866
54.90045208958614,-107.8012646563094
49.56200098956113,-99.17735377959946
53.88954970592373,-110.8098623996245
62.19871616377035,-134.5039328525708
52.6909456763922,-104.5433920346832
51.90005666807606,-121.7198955806649
47.14130619790232,-71.2931545630667
62.1903812835356,-136.2654943008372
54.3142677716756,-110.5713386491532
53.83407777540937,-121.4100525919741
45.53329766491432,-62.49654017013575
50.19298384639745,-90.75564162496964
53.39259566309573,-123.6815811541916
49.08534153505798,-96.13577019233949
51.03701978994777,-100.34105438127
81.63917342066038,-76.6251666468673
46.68922661815147,-79.90534252334295
49.1264814964095,-98.4701781113915
49.43587691005179,-119.1011003370609
52.56075675414046,-128.5026564096998
50.63039288010318,-106.8551350735491
48.42693430388596,-124.0420703411083
52.4420515186472,-103.9566599771407
45.60476860320876,-75.56159863784268
48.63156124328918,-78.30067347980419
54.25789859963141,-109.2207263916196
52.11245749610058,-123.6691863445415
59.64226697364226,-129.2399175017754
46.4495978316828,-79.47235792131512
48.01805929643017,-69.29897863771602
49.99753296154134,-119.3139949541299
47.51780454600153,-69.55883998874417
51.67173681256555,-119.655355003836
50.13728560256548,-100.1278180870964
49.60393521101953,-92.42600417947159
49.57698068748341,-100.6826872945176
62.8586147337554,-136.4967253667855
60.95123816424284,-129.0132228077899
57.00174511601016,-117.6247397088604
54.27700490466499,-112.9690621010067
51.72726299911365,-114.0256547293687
53.61622122649225,-116.5077420922214
53.43630061037427,-106.0359820047906
53.36561609974937,-107.9172693086608
55.14474383290585,-107.6188411579861
46.57214177889335,-75.7580575847749
46.32521390266055,-70.53260772679107
49.34015210670022,-100.5111806832531
51.09623298670292,-106.9380669083545
50.93226286933943,-111.1902852637471
47.63835788360375,-69.54545948579886
56.23395088379363,-121.5642460156349
55.46666773953469,-121.5813420641035
52.66414176485907,-103.491363225791
51.99747620627134,-111.6573685401131
47.79011245983226,-69.92150533431476
55.78275212241121,-128.8677271058941
53.32912089207276,-113.4856993723908
47.87770642550876,-54.37251506187375
51.64887457164716,-113.3595094581799
56.40649833999078,-95.42209918073581
51.14090517704412,-98.4200979736667
50.39539467075266,-120.6239545448062
49.79263313110737,-115.6441365893239
49.89172602620602,-114.8533731640282
55.64066446911053,-116.0708326088061
56.10718399885432,-120.6324327222713
60.30869261110747,-123.3065096833688
53.8100805913705,-105.8991687258548
53.96063502453513,-97.81495274291386
53.48012884043627,-107.5049448795806
46.66763211907399,-64.98637304478868
54.00607254904438,-109.0588216523446
60.81821621484606,-135.354416827317
49.01246384552963,-111.3803572435046
50.3314190519143,-126.0930127304668
48.95230997829199,-64.31452215771668
60.75263322361641,-137.7588897355496
50.79451146525781,-101.6951778312865
54.52741687584693,-108.2286151284684
55.27561055820919,-98.38980628776707
66.88603212555425,-136.3386104869481
55.98043872386233,-111.987957512961
49.43927886076671,-78.11888758599638
57.95460397472488,-117.4804624098239
51.70723423173435,-115.3425690489649
51.33883348007024,-109.9886954238842
50.39732767248268,-107.8073642730516
55.51210856558524,-116.7503457867078
46.58436396240866,-70.30127575179236
54.355854654666,-114.1519369808068
53.8603600360546,-111.9357936014933
47.42178416182902,-67.47102806402954
52.95984896279146,-114.2455253874434
49.82428205903717,-92.41979989638985
44.54548481759318,-63.5534112290167
47.09862138731285,-52.95548416403292
49.59103880435546,-112.6453646395446
48.02672996998592,-84.65889579797579
50.92455895032584,-116.3822044981034
51.47470935401569,-114.2965296253283
49.61269349138377,-91.3626415877083
55.02389053910463,-107.7723373015928
53.49770464574608,-112.1153749292061
46.96377054038253,-84.74567706753517
52.43482362786076,-103.6852150494913
58.89999325983385,-117.4805957232694
47.228827570456,-53.69618008533291
50.03415251120821,-100.2727411600876
58.5749073298954,-117.9725423867489
56.32416611330348,-119.7344629934042
51.2124346916473,-111.2744771093688
54.45046847031377,-113.987958806236
54.91608949186827,-102.7414798021523
54.53465275634792,-105.8120258737272
69.14260848560515,-140.3788398128219
55.37467065434235,-116.5265178946601
50.781575986326,-105.3829128031512
49.58024154808489,-83.10699526086412
44.10290315405015,-79.50411755627819
49.78706206433063,-108.5881699780549
49.81925767959402,-111.1108356583767
50.68521320514663,-108.7515583217063
55.66899632306276,-97.92566040004338
46.49482419848957,-73.19721281802829
51.79429068373987,-107.0216823227695
51.50352131322779,-104.8426822440287
49.07231784879349,-112.0203379043154
46.85519663476971,-65.26861528217987
55.44099688317416,-111.1362124640948
49.11054476825718,-108.5661553077011
47.16817750538743,-54.05212127485009
53.93053575178657,-111.242517723325
54.09603437434055,-115.8197279835091
49.40623110024669,-103.9366910064224
48.73582464754835,-66.13724126231332
45.17110717938383,-64.15487848556737
55.38458805569264,-118.0514684810547
50.07691634144889,-96.57497797465284
56.3038770894421,-117.8928864820939
46.76098395531681,-70.42661315776226
52.4648646787027,-114.6308477985578
56.41966633546986,-116.8549868769289
53.12391951132344,-60.50620419486899
53.58933275537936,-103.3703969783032
54.39280275713619,-128.5140181876807
55.42636484607628,-114.7981893241086
45.75949579560393,-72.92152585272271
47.31719398340095,-68.10101633611333
52.11505883798775,-104.8854615409056
49.34910715430804,-107.6430285442534
60.51579005699433,-133.2145618657623
55.92198973045744,-117.6644964865651
48.25729189912396,-72.18126613953739
55.62109447254849,-114.7038109907756
54.19274557590459,-108.9561163426116
52.39406453615452,-111.4180416429011
54.54776485026623,-110.9887506527641
53.27959770670788,-60.80553442942461
50.46912706200081,-98.69360638624958
50.06355044418432,-100.1414225347951
53.9255455091651,-113.8432985753248
68.31556817801989,-133.5618447684242
47.28967437177337,-79.13593411837988
50.36552793613424,-111.9362027262547
44.66428777520873,-81.28162276906141
53.94040319426318,-106.0583766461595
45.56554766057965,-82.01099603706588
53.7266129426884,-101.80818500081
61.67516011356475,-135.9110900397165
52.5164391550639,-107.3715480707664
49.59636538839832,-83.18561148669158
49.09223900284461,-55.04524055785464
53.99302869429428,-118.6340812785458
49.2005626974247,-116.5691958205069
51.92540779546762,-107.2796323471144
51.36611621717501,-106.1308504511403
59.50076001092827,-126.3310073858454
44.11457375628549,-65.63151118538092
52.48984562351247,-121.7986879920817
52.10937487762722,-107.5269397737058
49.94352272334549,-97.98711691675925
54.36150835343616,-116.7183913619518
44.76514613364353,-77.61766526449969
54.73277822165289,-127.2214277063679
47.74934909316262,-77.4255908641259
49.67639807125553,-102.2774060247609
49.83646642912485,-93.76993093994679
49.38587645918106,-105.5739205646734
45.71395590839679,-82.37634003074065
49.80783937551961,-97.11816630365796
53.27779683886827,-60.52006180528821
49.33109181116852,-119.0392087510605
48.28258611381701,-81.0608864076386
50.17778258910626,-106.0818033894507
45.96205126139408,-67.71327538240331
67.44976483716758,-134.5271981956952
49.78906431070945,-104.7232412895348
49.39960624418219,-99.83438330557279
51.47042992293908,-90.20114456014232
56.03935832657221,-113.8536182873028
51.20008601756194,-116.8784558021598
48.3304090019604,-89.20240058248312
52.98756223393907,-108.3259277695001
51.41741740014311,-105.0069148025088
50.48887174401231,-110.0966242142927
61.78683393539881,-116.7608645599716
52.36859559064366,-114.2280235135537
48.58792317537829,-77.44206969866903
52.72210007908266,-111.6971755544426
53.36479087687849,-104.4740338117649
53.91314590569471,-123.859802200886
48.39702799707459,-89.78201930918367
49.06841728142751,-119.5757666233688
51.02592765405628,-101.4919530418757
49.00287150105524,-106.5632023686023
56.52762543279191,-117.6588514803634
52.98723693667099,-105.3479014778885
64.18325392811991,-140.3822156649428
49.48772276021074,-98.9062511433035
51.84310324101861,-89.63460669321599
56.30674743379631,-110.95643014917
53.15778864560032,-126.6006661067663
54.29964895994681,-116.2887646859765
51.40456408926457,-115.0589983704684
50.02848865039758,-101.6764205935881
54.65226677667133,-124.7606563906407
49.76148955587388,-99.96183487245823
55.62595615263948,-128.6671158734433
50.12671417929081,-108.1891363184925
52.78354371526919,-110.0532885283755
49.76222475899726,-86.96656428713207
47.04596771267516,-69.74625555251947
60.49498782788778,-133.4104446772605
58.38452546046848,-122.7137663871829
51.06700839067187,-113.7448314859659
54.71320735765009,-101.7770203467406
50.81172824789695,-116.294193446785
57.1253806168568,-115.1053613477837
46.18062662180149,-82.87540984555307
49.92651444067003,-114.9083198974052
54.06727366516674,-114.6715218764231
53.10297462022702,-109.51465778194
51.81618307902226,-104.8658841226338
49.98967733899961,-110.9468708626324
49.05551629897204,-58.15951002442131
50.05164304849619,-97.84368901425204
49.46794911457981,-123.8075198853346
59.59740337831223,-136.4564507580178
49.46812168375572,-76.26677285810423
55.38908905821312,-107.9456247223322
64.17647906226718,-140.5248761559333
55.67536788810382,-122.3916866226692
52.50431863133299,-102.6017714135201
51.12620759950875,-112.632897493516
61.6346449659132,-135.8899132770648
49.2034168344945,-109.4907899009631
53.58432210094847,-122.6724858284565
49.62108947067681,-100.4730229364112
45.91084404841671,-65.1948359553687
44.76593199691484,-64.68606196007815
49.86560841409192,-109.8895613368977
61.01302164444948,-138.3062007739289
50.90313449326921,-115.612795244992
56.21840038797257,-118.0816430737777
61.46727916459351,-129.7501817495849
48.49980705946549,-88.7264944308049
55.62940121987187,-122.0823902114905
52.36129125434721,-110.0199432429526
45.763170817801,-71.45983091470926
62.08197146793324,-140.6619791493094
62.50628493535336,-140.8744584669286
59.2320966134088,-117.481745488803
50.03714897381431,-97.2306992441679
52.23942371999993,-110.2429893271558
49.54669440743627,-104.2875474890854
52.78687779534506,-105.9216488487669
53.4542521967359,-120.4747787921618
57.5146504358318,-117.4802766052174
53.27962356774869,-114.4006896115418
52.75578484130316,-108.7831494354269
63.39402552799444,-136.7619838352002
52.71590581853986,-59.73570187530164
54.44596010271306,-109.1328686371286
53.3656477950435,-103.3713839096256
49.4951388437937,-98.65897580874321
55.46160031129351,-117.0600669467707
49.20300832382248,-110.8834693527716
49.91436581923985,-56.04322789518655
64.86558097297029,-138.2951390726318
51.96984871400508,-108.4404424437483
53.99685693230818,-112.4776376236943
51.00873257608637,-111.7338259586059
47.60827514773387,-69.07317151399218
49.48018028786544,-115.5529647392848
61.38383892481107,-139.1606920617371
46.97785656359014,-67.39180346339245
55.70931889347595,-117.5460998137906
45.86576451591012,-65.01799601354529
49.8235989663273,-75.21449380176614
44.60101666412759,-77.11724708668984
50.9889002225912,-104.1938857297788
48.28411390904053,-67.23878207114434
49.50271663371157,-101.4013421174195
48.57473439529981,-77.94801276754326
53.43900983925764,-115.4265045959624
52.6445745652925,-108.2520917895259
48.4260039831194,-72.02242080691342
55.28623765905753,-118.0259682356781
49.82011753085128,-56.39993099759323
53.10152154597248,-105.5639586411472
52.84341820008947,-113.9464157439123
61.52582496139622,-135.8105650635815
55.43569907209493,-116.8340668703809
51.53324254957884,-103.539590844015
50.10611081282998,-109.3647661390479
50.55540921474344,-68.76565881806118
45.89406844224508,-59.99252344373002
54.06585977297707,-128.6916089881121
45.93479240296401,-72.15757916271338
53.48173152954864,-104.4538150206018
51.47481503255579,-108.9584661203881
45.82007149088157,-82.66683534093055
51.09708735352698,-96.91781992093604
53.01786653591659,-113.5917353797382
48.98974235381094,-92.0827243300243
52.87969601301528,-114.8716233361944
55.11250390227229,-118.8424997864626
55.08316079153221,-116.89951926678
49.03839953144529,-53.88043593279193
44.80868189963828,-63.61707936234875
52.78998994884201,-114.0743287782499
56.21840501351498,-117.9119764850777
50.25186977302069,-66.48836620974744
52.84209897521032,-109.4650182714923
46.56292206789348,-83.02167685812904
54.01557626701381,-113.6697078474646
58.57274942074785,-130.0064913630793
54.32674049999817,-113.2747242552478
49.98144081943802,-89.10749268584736
45.29511900001274,-75.26210874418685
60.60129832764936,-116.2503139914131
59.64655388935082,-126.8622120480167
50.56502429804055,-99.14427428085459
49.93268575728574,-97.5296843018191
57.37586598090686,-117.5428209507969
49.28286777954552,-111.4407701701399
61.0506784340656,-138.5060876393221
50.3572905416946,-102.3668173542298
49.42250765191393,-107.1480218435266
49.55893384855251,-92.21862265948315
53.36564343923627,-106.4668903036665
53.41639359574941,-114.9838755389854
55.29096467268204,-115.3604896197904
49.38433351929081,-112.2978255636372
50.65963935073208,-109.6335341430404
47.36042646256463,-65.08461354291039
45.05105015904949,-77.00782557580774
45.29182668996177,-66.12734595915826
48.51377080302485,-71.77728055975874
49.00358228708894,-108.5661192912987
58.46278701856008,-62.80259115370976
55.08320476193654,-117.0265301949362
51.51351572652244,-121.1354448411614
49.36924065094951,-124.5668396567931
51.85272364592297,-113.7884326662914
81.39717377538182,-76.49316177317375
49.82702746654556,-93.9817513817874
45.91280938394326,-64.46108774624082
54.76468300892429,-127.121537371019
52.4492374859841,-104.0615051219642
48.06031735982231,-84.81456163020978
52.12828278560633,-105.7649159011176
51.750608387177,-104.4600898115753
55.31600591262079,-119.5056779082467
45.61865835516255,-65.88352759216491
51.56567344152047,-98.66162952859388
56.34302446178115,-119.5551766537588
53.77442282958382,-113.046181654838
51.49260790745898,-111.7864766201096
65.21825362059525,-138.3157281769384
51.26042764150947,-110.074769546163
45.85467752107176,-64.8278619048673
61.61021825776309,-139.5668007781183
51.6197484074814,-112.3259810757131
50.79807166806702,-105.5631197632558
49.67425811479882,-100.7098036136495
47.49379446032619,-70.28110740148573
56.32707572442543,-95.08207570516815
53.93986486761653,-107.7257426938579
49.234305071515,-124.0372508769083
67.2409466125091,-135.3216869757694
48.53807740070351,-80.38841762027151
51.40160661021905,-104.7256228877526
48.50124889155455,-67.79341946353081
52.54917098216435,-113.0203448698744
45.42856396897238,-72.72662536414191
51.65561691640101,-102.5254197785532
50.29991667153387,-122.5831485578352
51.3173288353476,-100.6977639408972
52.08896504073395,-111.1239402628561
44.67790480699143,-77.92962446441075
53.51904625896337,-64.79377655586461
50.62492767147369,-107.2167830040719
49.87187451926965,-104.149891896311
55.98530657363683,-120.6720786258806
59.98484613581723,-122.9065497867441
61.56278058495919,-139.3585297747278
49.00344621182109,-97.66157585078176
50.07232819869838,-95.59834711421333
54.29005659639785,-126.7881485840972
55.2362914117545,-118.9232209198508
55.50932089418029,-111.0984638664122
58.29029617903709,-117.2335054475217
62.95018282863305,-136.5051876507644
62.02670733435963,-132.1737472960926
56.32648585449133,-109.0735545281548
55.28588140934227,-117.2096623992387
50.43343426567132,-105.5575701760337
51.79648142939195,-99.29486880293499
53.12828115330502,-114.9036302000329
67.50987191722635,-133.7719673165586
51.04139413776702,-105.4499337235446
60.21863052562897,-128.9626119040917
45.95034449175388,-75.63347607155039
46.50265873651404,-70.9574824449419
46.28330250008113,-72.97363484164016
49.7541670528172,-114.4905863151926
51.75957436932692,-121.8658238495354
50.1312795714768,-99.45435059086735
53.17089761776688,-111.7845492087109
54.79878035331102,-124.4900312316404
60.81348806121081,-136.7432273410192
50.54029257234099,-119.234755342195
60.94588069429253,-128.9053347501049
51.83288067578948,-107.3341774594986
64.64102231882441,-138.3797466226136
54.73386660869984,-113.4977013041596
52.31839847553336,-107.5248792474897
53.7045925356205,-100.3074597141575
50.03247324474138,-119.4991261550084
53.89961386780125,-121.8866634325456
55.59215495204425,-117.1313198953813
62.77061237387979,-116.0424794032127
55.22419730768348,-102.7900658176754
50.590596725198,-119.3544771033906
58.63644936636408,-130.0217638778047
49.77396023449854,-109.4838884016121
55.98314511623421,-117.6030617978477
54.7813294068196,-128.2626378086791
54.82590646399146,-118.6927794862781
75.39069757179671,-89.75543356102004
49.44921214509119,-82.60557619777822
52.52125274293168,-113.5975348081644
50.87780706548654,-119.631402113466
53.3182774499161,-109.4916142627017
49.66830208414644,-104.0259239837905
54.77586038659135,-105.5567862172755
45.71618244719635,-62.89969348013116
49.35736955521053,-57.54617603749382
61.04949209546093,-118.3539613881843
54.4922988553383,-126.7396841417426
68.14440645753653,-133.4489021757194
55.02951296598793,-118.7539572989271
54.79285894183862,-98.389065802303
48.70505430975921,-78.08796911785163
53.54474080184054,-116.9426715576497
51.5291194397403,-111.1993916017297
52.26080009858566,-115.0901188937197
62.56843083328496,-136.8143260172888
51.27082861909916,-107.8109711460142
58.38005328815957,-117.2323926278014
49.40633827721727,-104.145965447904
55.42198144078271,-118.0515301309223
48.53891663365034,-53.16302844880634
50.73171416231261,-109.5364508485213
49.85431784580442,-125.8371408492852
48.43950410774806,-71.30083378942517
55.48662159794641,-120.8010986349747
45.692266256324,-77.49159335345874
51.08628812791551,-121.2954934951127
46.10784662784539,-64.60924151548572
51.50382791994151,-108.2398568751852
54.73280745065151,-127.2214495052703
51.38692454917971,-113.0984290710771
47.6496989053043,-84.81190751651017
46.32236105558256,-80.39299988671115
49.17764223928261,-100.3586019599673
48.21084089707391,-55.49124784812457
54.15224938814342,-113.965539464425
56.6271737167631,-129.6809070286696
50.18107401128288,-98.78978286140585
48.32344525411214,-70.89478824809616
54.88498931286749,-100.0313335101929
51.56961927579145,-111.786526725531
51.61984059639308,-106.5906814457007
50.05431329015247,-96.9509308858405
52.02692289746091,-101.0371598524708
54.49378820173153,-102.1252263955127
61.52391979501331,-129.9119265137429
51.5034212852682,-113.7141411106922
65.98268503873895,-137.2948379324187
50.04701354892158,-105.1980760100475
51.27477844349579,-114.0030843825252
53.85999857799072,-113.8431799829076
48.86552695795554,-93.07093001304051
55.66424218649833,-120.0466980488866
54.54324188032891,-98.02032014627571
48.1295059313039,-55.51193363410106
48.52164486710674,-67.59259589525466
44.97290876514174,-78.28193256397952
49.01582819772342,-116.5706725922465
60.81511325482454,-135.3117117619185
50.52743493980374,-57.38756601683923
51.48422937515927,-100.3754750794618
53.6956368745471,-114.3475643389809
59.59791646373739,-126.6881900855152
50.57230200878558,-112.992075659204
50.95046066762214,-113.719941864922
51.63725704448787,-103.339235383836
48.39470227754812,-81.53824973062802
45.53879998141353,-66.71185558877255
62.71898574986395,-115.6209730758425
49.95971377031749,-89.13912064107488
51.52287253412315,-90.13245471844569
50.55700640700755,-101.1963058772167
54.8073043069126,-115.2941591850008
52.77973855502135,-101.2219285554745
48.77765269688135,-86.90649030447484
50.87686882280506,-98.92694052394566
57.92917257680393,-115.5393117254953
50.31138151535709,-112.7996087309664
58.83325000351546,-125.1769048342753
53.88845298058941,-124.0090446193064
45.958364794077,-70.72536687217749
50.74671686180481,-112.1284056017377
54.1066471908815,-109.7485918633578
47.40279112576688,-69.78588038081686
47.48130749013438,-68.97179959723162
55.41324707567814,-118.3848154138781
60.16211684119176,-136.9869355837037
49.43739355173824,-105.8181408286474
48.43540091537351,-70.45759058891717
53.07324556805543,-116.8211652268811
56.33373431296322,-120.4761202661289
49.99888962196112,-105.964359863766
51.35757409265646,-102.336622347076
54.09776239210945,-126.867200133556
48.81202190050669,-72.75342685050332
67.43569750654225,-133.8255163552254
50.31892472086781,-97.27562448895769
49.74197127103358,-125.2098292110148
53.22045753288014,-108.799867854455
51.03787562131547,-112.8814936129949
54.26568855311785,-112.0260950343849
54.50010268984606,-108.2166715803239
53.35858875651144,-111.5163770044828
67.6761400122752,-133.8554118994425
58.18440098716374,-115.7383251818572
52.02075760976489,-124.2913816195607
54.45043338176074,-108.2350235396328
51.75650963446941,-89.70341591973651
46.36225216046407,-72.83860553927578
50.40972343241859,-119.2720008684847
46.33548525143258,-66.77893438219539
46.44187731523039,-72.20118706060511
54.7610398072305,-126.9511349203661
54.9098391906585,-111.9864464198147
45.85240558168361,-70.64394116977262
48.38564312990006,-70.95015784768776
50.91808841381575,-118.7895486356595
49.67876232235896,-83.59872246680982
54.18889192046933,-105.9665519464106
53.51092269284447,-104.3883378053836
48.6327744360221,-86.27813651371372
52.22371243960001,-111.2014135495043
52.02654681608534,-113.4338309615377
45.1954488295785,-81.32301993450865
54.70999438236518,-103.0212347728149
50.41117820413949,-103.2665087930341
49.22715680657942,-113.2585673096518
45.5685273342413,-72.51691185874938
67.41879294763415,-133.9577615444608
49.27108927701401,-88.11797099299635
50.78855343225079,-111.9338220492088
51.43102660596769,-114.1983137025964
54.02709039003439,-124.3438101568791
49.23215473507727,-110.8231259314496
53.59895579978349,-110.566705404399
45.79374370789966,-71.9285515435375
55.29746457666383,-112.4935382397005
48.84933884149201,-64.21465440952944
54.07755948755121,-108.6175775248804
61.35343777647958,-122.0066457494315
61.68735128687709,-116.9622813102321
53.74206401010717,-100.4618452722832
62.49591754543057,-140.8595075267672
49.96911768251573,-94.4121991069277
48.02552412222693,-53.65657161293458
53.04949923533563,-121.7397932338503
50.3545417673406,-101.3765150020431
48.01083283466114,-78.96286884139182
49.45067345247385,-98.31844449906072
50.25205516133776,-109.9384536529339
49.86072613924804,-92.38399121457475
49.44895689431935,-95.42006991715296
47.52120590104471,-67.3955413275888
54.45616567540736,-118.628649025974
52.08514683835442,-109.4615858106323
47.09095173370898,-55.72360637967632
45.01131389559691,-77.27650017242871
51.67609158442989,-121.9703969013444
61.49497098046212,-129.8044212233647
53.56151888012059,-64.10912836344444
57.3713553471465,-111.6460237362616
56.29163998287499,-120.6366681869488
51.32156662336853,-90.23127217788227
51.26938603511238,-110.073222911855
45.99349335892333,-81.46637580799862
69.15796946658185,-140.1514444982391
51.29664847188957,-110.3378019512727
50.98540760137802,-108.0274777329303
46.39565308310101,-71.59428874496247
50.10527115612408,-95.96125700119914
68.31539244829783,-133.4000742737782
56.31942937847492,-95.01804529165535
52.98761822119604,-108.4225467340762
48.47661287796112,-53.08146651364449
51.95415441406377,-112.1311961925401
54.91026382985491,-113.5861982230808
57.06499883333733,-115.0978485454468
45.86010254184604,-71.11490626366167
51.19549282092498,-115.4765649542274
48.51480790226555,-58.45673853868001
66.38085748175192,-136.6976817903286
56.0702532587427,-110.8778273982753
45.49126871240291,-78.24693692358952
51.53506297857882,-109.5902666743189
53.36609624135541,-109.5239280959321
54.15216076825372,-113.2904578755894
46.56358467389888,-71.28116265567128
51.99826271732823,-122.3610829909282
51.40749782308371,-121.2769117085203
53.70870611020526,-106.0555511245911
50.9499433770866,-98.87072353817797
54.97375339689437,-102.7492355283024
60.60197116990874,-134.9662128619313
47.34397158912484,-79.48400192844642
50.16232836963828,-114.1821396985593
59.27420926266547,-117.4142610261935
50.06056838933151,-97.94620226753501
49.18269563081058,-115.2331649505357
54.05656459782622,-124.7836734706319
50.27443089115175,-102.012981428173
51.63556619732739,-107.137830319989
48.64687577461076,-78.0233288343359
54.006555182947,-114.4926922290077
50.71611279400409,-97.5315838379452
60.71250911927225,-133.0546741749739
55.63393252200344,-121.7685071237339
49.05747369308786,-104.6458702507731
51.34084517907612,-113.9899082706826
53.34323616976915,-110.45236660106
50.10611504687936,-109.3578890140322
53.87563392298722,-121.595749093543
54.45801596488293,-112.9539658900843
49.177624889051,-100.2939253269018
60.59895920984439,-134.8649530978644
51.8446266076375,-120.973236067883
48.52557650753215,-88.92949244161548
49.34873897596502,-100.9630559390435
53.68610460848053,-111.5561151269585
49.63575477242095,-99.64979403106477
56.32496963840195,-94.8580646162167
46.64709675474064,-65.8251950941845
50.92101576102164,-103.974126843039
46.61502087794705,-74.08080745616732
49.24052479045732,-88.36236978772615
60.0370935781684,-129.1314578491992
49.0875718955422,-108.3878313441993
48.3663213285012,-71.20600276531698
61.20440378174947,-120.1182504696405
54.45210302553885,-109.0535946627277
50.36824835709792,-107.1935761313926
54.05565738894124,-124.5131428232586
53.71500617303456,-111.6544873809537
54.86780204904554,-102.4180281865089
60.90847871205386,-137.8556740803911
50.48480738355368,-107.7674304719925
59.55899884894086,-112.2683508581522
49.68316566719835,-112.6229181475907
58.96735351786879,-125.7693109651627
60.94036559197811,-137.9953689115089
46.11891958819793,-73.7293646438369
49.83986909576127,-114.2477851737849
48.98293606830564,-72.04465810654992
49.38332967073794,-120.562824151251
45.56535028387239,-72.25625432345178
62.30047658083821,-131.6892201610827
54.16553799865474,-118.7730359667931
49.60993795842472,-102.7062440378812
53.01637681902536,-105.2431996748465
64.73429456645607,-138.3599334874326
61.63161325178714,-133.0589165290649
69.1576378809907,-140.1517940121703
43.1765177936307,-79.50873693447922
45.77098893958825,-82.55933680760597
53.14696237042453,-104.4653334236323
46.50670487882336,-70.67016915651423
45.68513665445124,-74.45933483304397
64.07264411068441,-139.5232612109232
45.36541100776967,-73.70711584528216
51.14114989912483,-116.7607955377987
50.19999164426052,-105.3961814991069
46.67274896515251,-65.14265304669905
53.45423937302979,-114.5559451163517
55.85452473476814,-99.63108359994726
65.04127589376402,-138.1654169545544
44.79376889028804,-78.07782400587465
51.76529280855235,-107.5868170987638
48.77118860114464,-54.23238665691873
47.72222437105286,-68.91643992519272
62.50452912532186,-136.7203323169773
45.56197722772995,-64.12332010301779
54.79465222117696,-112.8703852233769
61.26269711304162,-138.8267729647981
48.15470883519973,-79.27362994853839
51.85207645468804,-101.8866394250459
48.48640769893178,-58.02749576936983
49.21056783349952,-122.6594761782726
55.00908344628333,-115.2610971319486
59.99561699073006,-134.6677529883286
49.58822610663828,-98.55119916520617
49.18712522736118,-95.41151814763877
51.76451751741288,-111.967935655701
61.92441558980929,-132.5197377700286
48.03966337843048,-78.2896636514885
48.53815605794638,-93.55802246970669
49.98902720493275,-107.4381937674622
67.9300997714299,-133.5350829602412
51.50386571001918,-106.6330912027512
58.88610357592431,-123.3377770303288
53.36534916560744,-106.3104644244714
52.84184565132185,-103.7564465259716
50.28352027573285,-104.1592496544467
53.37145604369353,-114.9812738922572
53.20848717786247,-109.4672167180009
52.45697783351178,-106.0820553701471
50.86734500638867,-97.85559098891979
61.2424611022796,-117.4849325461808
55.83541119525116,-121.432999824119
52.32455326826947,-106.0938608949903
54.14476603239189,-113.6295351995984
47.66015727635021,-81.06786390099352
48.55612140013348,-71.78156590815166
61.32125564971149,-122.1667342782561
54.57438850156898,-100.4756196976872
53.81728243200753,-110.5498643240627
55.14895026061281,-119.1476935410222
54.7230019226083,-102.9578910981735
46.2913857078832,-65.018547235963
51.03805295832319,-109.1668300285642
53.72158837584547,-108.3881341660784
51.03699410501713,-100.2362122411663
53.6794325694803,-112.3365024700667
51.24873292683847,-119.9278566828723
47.653257478935,-64.81547071963664
49.20293315544466,-110.9278003007133
46.74548313465669,-79.81771103503034
52.57446012259953,-111.0745193134972
48.52261920448947,-85.15303927137556
54.91766789860068,-98.6814111066274
48.68249352429337,-55.53053564732203
53.01957882115197,-119.0970450202556
49.04776462660094,-94.3370566626404
49.45416018012244,-97.2492562123824
44.97707202861884,-81.31801240543665
50.41205843733448,-107.0158813727918
46.94536203871613,-70.99277123068781
52.24715550383075,-100.9417723189426
48.09334320728544,-58.79197462318911
50.03875715602374,-119.5025305985783
55.32175757761078,-116.8731595220996
62.46320768390698,-114.6162980718115
59.24231716257413,-129.6972975260567
46.95997039541442,-65.79153512741556
48.52529956397419,-89.52286708790812
51.87242587749581,-100.5980875551103
61.12733851733026,-122.8146258310219
50.73597798792453,-100.8108306369618
63.54372584071392,-137.202826953667
55.33643919493367,-98.35769554856715
50.07711809028096,-110.3562884522934
49.26111555774014,-110.5485764157316
57.00584121885073,-122.350258620028
73.46127666430459,-119.8726700513387
62.56333891984057,-140.9653263624143
74.73634183506934,-94.9439589455975
51.25722961545559,-115.9859969408157
75.467607287267,-89.39773003548636
45.7212811165079,-60.30600292633133
50.20066353670002,-63.91340553319745
49.03031601769215,-112.6143386961193
57.30556622786909,-115.3534716008759
53.43374760669732,-110.3251782295702
53.41334787993404,-115.4265801494067
46.82887355250683,-65.80432986335634
46.08912974574613,-63.81166677011608
49.01721629125151,-93.91298367935956
49.81479278095951,-75.38534508231896
49.73686839778197,-98.6425986851192
54.21697872294636,-113.7504765941531
53.59885971167643,-110.7363297481518
48.82484297246708,-71.75248143577038
48.02529242091127,-79.68455153125987
48.37221435309587,-86.20182238222411
49.4645005643681,-104.3805295895546
48.73096791143559,-69.12562591215877
45.68010302094992,-62.71231235793619
55.56733857094384,-111.0895943054415
54.09821109356041,-126.8680051549184
49.29573263162551,-54.8087602788975
52.1817637574284,-111.8353397478066
44.41895655341019,-65.09960604317357
56.81129803245859,-129.9524916400119
51.07175355667553,-99.95487883111635
55.97279827430004,-97.47724312220643
50.99167649511457,-118.2656997896534
49.49549729682398,-58.06424959068605
53.01255678800552,-123.1765162218838
49.72502512171642,-94.95175130814349
53.89913393319144,-110.9138898147245
61.17265053967702,-129.4159806935214
50.95418583925798,-118.7767880606214
53.01638790542343,-105.1782716029689
48.43734506811693,-55.44941248608591
50.16780185707717,-108.5757260514201
48.16944291451716,-52.93874923851705
50.57213894592546,-113.3713078241216
49.67731089900044,-123.9653380408078
49.98972163257403,-112.1228149597635
51.73635563469799,-105.2454138859905
50.48383847690348,-102.9228761356815
54.42938443441952,-108.98578312238
59.99897523601763,-127.7280036304895
51.47023534499755,-112.7938423558022
75.47232331710964,-89.7862680998542
45.28586935908805,-79.73466926851142
69.1420735137889,-140.3848531791629
50.5947796931729,-98.86990778820038
53.16141308320343,-110.911729006268
55.5353474802717,-116.4847251222006
54.88390923281706,-114.0399979412505
47.4730873892406,-81.72944339466383
45.86292481373567,-61.97662982025903
49.99594545454496,-114.9331372514632
54.70075530269881,-98.27755133830858
61.05990510903028,-118.526066644362
50.03751498290933,-120.6475627311431
50.95802752103734,-96.94456310804968
50.0625959372793,-109.5543322000785
61.41009400349478,-139.1821955528562
50.04782427879829,-107.0793103328712
56.17461884211006,-121.5826412203223
64.05250453279133,-138.5485212924142
55.16809920703832,-102.9398654968389
48.50262440813736,-55.47548855962383
53.90735495627072,-118.6152152215451
51.85269640390494,-112.9002363684468
52.63082773409037,-112.212052445119
53.21994026792175,-108.2718092004425
54.77489839718815,-112.0713273152877
52.63146456639179,-107.3714502292255
53.85393908325374,-123.3797808654956
49.78565858872742,-107.3691283374555
53.2650456014056,-113.7060486985634
52.39631217433977,-115.1894256280733
51.58242083368287,-109.5902923936115
49.77499793356445,-124.3018504046735
48.03941896393599,-71.60969752304501
55.1808704076882,-121.1179565272872
46.07345405791776,-74.69816273225683
51.54924425793212,-103.8931940590032
54.4133554717525,-110.5949707923686
46.75296338107309,-83.88040300435223
53.06355749792219,-108.320982430899
51.80511494600873,-107.1378726552919
60.82911979199352,-123.2382560183839
55.58709059458386,-108.1546882270597
53.82497952032448,-113.1244273034892
65.55702595606084,-138.1901261744318
81.45318636465976,-76.48251387134502
49.15156814425288,-96.80847131519955
51.73148080398147,-120.7925262162767
48.14102813744474,-80.23012989547107
60.28618900388064,-129.0211457820936
49.71534889573545,-98.43764985618344
50.53955067404524,-100.3027560920007
52.20865445284363,-98.8796145951824
57.01459577892909,-115.1490575775826
49.92803450974861,-116.8978167772055
61.06505732612087,-129.3187586605481
49.78454017512531,-111.1108580883545
51.06776690578989,-97.36187781397177
52.8760083343285,-123.1473357918468
57.52010708573052,-115.3635174298707
51.0520887475151,-105.7448399890685
49.34236768116185,-79.06286669170423
55.90577211433721,-114.0194603667122
59.62065600094282,-129.2490387938599
60.07480845855007,-123.0520436423029
48.42512412795421,-68.52812487670265
49.18666037898375,-113.8327273585163
53.00010265591535,-66.70836749838328
60.5025733967877,-137.0737782505643
49.38388149503918,-115.6006056227702
54.13617171049126,-105.9499023851514
61.60703593416642,-125.7598552623198
64.16253412018708,-139.8382412770467
49.66523922179889,-116.4339728111396
50.04884275815252,-99.7236891686119
52.66789258869107,-113.8152812224704
53.44832659220766,-120.4846839117617
54.63047839033102,-110.2301783334326
49.82903798584793,-86.87680206631619
53.20188697727628,-108.3669708933445
52.44037818862178,-117.4248613569953
47.81506240890819,-70.75068947217862
51.03524708669814,-108.027550381275
49.25109045744728,-113.858456518216
54.40957602253025,-99.06216564168575
55.31494520422721,-118.3848297309561
50.10586075859491,-108.0071132045246
51.50342794456857,-113.6093312942458
55.11234538686012,-107.7316947463776
51.34950452257625,-121.0959196910477
54.9632359471255,-125.101343737552
51.67267676281288,-119.6164179454274
46.25035837254688,-81.4541536670436
51.11143052716263,-103.8448793687298
53.71413606346595,-110.5225301673635
45.72264531016384,-76.50633708122875
51.5296556850914,-108.1191996725048
51.23531265612965,-101.4975978463006
53.78888650510611,-123.3385432990775
53.43748935859433,-106.0785055499592
52.74744700381089,-114.8763067789242
50.2966517350167,-99.0774341605287
57.15652374856045,-130.2429399267137
54.19714589089931,-123.0609073538817
73.46894262352896,-119.8852695967356
51.15390087962276,-101.7561054081159
59.28969953786694,-123.2799813977153
57.50426625121766,-130.2198551036554
49.28389706089882,-82.21523143163242
50.46448390633127,-97.73693628185154
52.95984047871185,-113.4621687700231
54.31253100660145,-116.4858970186471
60.1203211650918,-136.9603295648764
52.00676993323516,-122.8526248438663
52.75473749453861,-105.1831958325003
55.42056544582487,-98.25001666410897
55.5190855524165,-122.7073440463816
53.51147495027112,-108.6598918100806
60.81300613022758,-133.004938106616
55.22811039015745,-118.3218155231992
51.36627599819935,-55.61429622807272
52.13701275775325,-122.9991926225594
50.77145902300273,-101.3495718562219
51.91082732663022,-105.3348976393208
50.27675799028189,-64.79724251678947
57.69430536663834,-130.022157819245
45.72152439748061,-65.94052769622525
43.95239508223651,-77.52086152645705
50.4154278875442,-122.7035762405884
53.26182298724517,-101.0683072129436
50.26797687742814,-96.39000824067743
48.73400725115567,-77.70848218677783
52.43477714072344,-103.7869642700999
50.8835731264297,-120.9644335311738
51.66176557734785,-110.8790030680618
46.59319210509524,-81.30783700692794
49.2758848081488,-54.48779659075838
50.86413496862922,-115.1958830802274
50.21883203797589,-99.47220469905554
48.71036841593085,-79.25360965028048
53.71835166642164,-111.2308398667972
50.94196136116718,-101.890599232136
55.12712023690442,-108.1675268727538
52.81163664276524,-115.3527205797825
54.33300827813094,-116.6306611799385
51.96954020346785,-98.82987708042933
66.04655582204839,-137.3279460349848
48.80899998495735,-80.66975363707104
58.57729634293551,-118.9915666061974
60.30537306647156,-129.008132221945
51.8153960015955,-111.8477158002681
51.98453921536573,-105.9115304440435
54.42090751863741,-128.8598584150222
59.65526670204354,-117.1585233316232
49.28177273753775,-96.16066836211239
55.40324282316298,-119.2959567201125
42.67222685451516,-81.50251646260902
60.41629097761366,-133.1942840040668
56.38409661031487,-95.63755963857027
52.14397947964586,-103.7775732585505
49.13474349037351,-95.61530022210353
53.3395926919064,-120.2787810740094
50.44365758887273,-106.2520483921797
54.55607053690429,-115.1578604704015
52.8359586851243,-101.0451966410315
52.23529510939109,-122.3816370651172
45.25914950493149,-61.49040096585436
61.37125682352887,-139.1136018952951
49.55399137722812,-101.7132705245108
49.03091042146936,-105.1430598434556
47.13059754976317,-55.48847651420427
48.28535471743719,-89.83287082882724
45.37028645512254,-78.72237494724752
61.72418615475792,-133.0733360924001
52.08187756500474,-102.6248867775312
51.50375405459012,-105.979564859271
49.25243858571595,-105.1443033062922
51.59812171296773,-102.1921507373583
52.14384468562569,-105.9982326494037
50.31012721196351,-109.6257796773678
51.08589567987261,-111.1910239118427
59.51408826848364,-112.223555924578
50.42652967511818,-112.5228455279312
50.27619029020107,-97.25267060273985
55.73835921865087,-128.8263740847316
51.03789823144837,-113.2455722871184
52.46311013381597,-113.4679680359598
51.21020029404806,-102.7561895075551
51.67768323174561,-108.3292864144864
50.58713235144408,-127.3029602084163
58.11746110564608,-125.652725738913
53.4156913213512,-113.3444989026264
58.55351134087702,-122.6883984254592
47.84939643118081,-59.1482645563872
49.51749536185604,-96.48034173127547
51.29961347075909,-113.7298488329452
52.23787893014434,-112.1478413801972
50.39731866913728,-112.9047759728307
50.57938027614269,-105.5749337523682
48.47505797306063,-69.40582418273156
53.5990518095532,-110.237313380856
54.05517008766986,-125.8988509055217
45.22232491902616,-64.06088628004818
48.26983067587609,-81.32906367404999
53.79542791426595,-114.5483158379319
59.45107613201034,-136.363856942217
48.8401685890726,-93.06499559813753
53.20151983995199,-112.1406793523991
53.1928346886632,-104.4653480462379
55.95180272949819,-120.7406476303062
59.70999902519982,-117.1174998269803
50.39685523744881,-104.9329978710283
51.73621771388021,-105.1804658775719
58.13749420595865,-116.349224719131
53.97623060455903,-100.068321457902
46.33222976049446,-74.1119951864981
46.06748110883179,-79.42542849616383
60.3397370762574,-133.995754785108
56.38613670265432,-129.3147453397647
60.73218840946231,-135.155689784109
52.59897823672033,-122.5080159581825
50.46759530434222,-121.2983205172319
49.78803385572756,-119.0105910754255
53.90215188470282,-121.9300448669665
53.79732261503574,-112.0509150933054
57.84603368530348,-122.8544561427037
53.93466898457203,-100.1471516291076
62.01065924526173,-136.2494139859002
49.91567283815188,-98.52039029528673
58.53672316774468,-117.3384326508391
48.0059020612838,-65.45200158157938
49.17532312316294,-101.7349370211622
48.58404719746114,-77.12797736413958
46.25905120254149,-70.91389939348389
50.96400012792525,-118.7351303515262
52.42050998081764,-67.39625272043601
45.83352539963459,-64.12419809825931
50.94325857344786,-56.99552194634454
49.60995473286122,-102.1445592635182
43.7394615960716,-81.69587456730964
53.55888365530885,-117.9203905154166
53.52706021111467,-112.9514068089306
48.82227659929119,-78.50896228088156
56.3922159484176,-129.3254001048994
52.13523361361023,-114.1684030069345
55.70544143537311,-117.6141707502146
51.22017054913693,-100.6955305822682
62.38987051737468,-140.8728435473749
50.10781241935335,-101.7453596239465
47.98372760353962,-81.592444046992
45.28575804641949,-72.92809155697975
53.6666532118923,-108.3649851855487
60.56033588594912,-116.1266896133854
50.17575202440467,-121.5751598586254
54.20570702256143,-114.3768115367115
49.55299352288439,-98.68768821786348
51.38706470630451,-110.3708897735167
52.81433697041986,-113.4374509549881
49.88661682022943,-101.8547061961687
49.62086223814292,-100.0936385644915
54.19175739514271,-125.5357830940904
52.85204826880871,-111.842168077447
49.87379080767735,-68.7252534580409
51.48116937628886,-112.0442692553563
60.88246579517869,-123.1652826523379
51.45800298346079,-109.59029327553
58.89164362381294,-123.323750636388
52.66971521525183,-110.0532561000454
51.91027141462234,-101.8468912136028
50.40174184083655,-106.6592601815583
47.59454294803754,-66.27108586057973
63.98891169554116,-138.721003210485
51.76522490295859,-104.2522954764218
50.47724098647215,-105.3972730427349
45.19686115510697,-73.76205033031682
46.52779520131718,-63.5651414871414
61.36854744894158,-117.4978215910276
48.61822404671492,-85.3322980863475
49.96211704040461,-115.5090090602619
50.2572041409167,-101.6844727313872
51.38039332195276,-114.6673045416659
51.54192565102201,-109.965018426197
49.55788545944032,-98.00544997797279
46.83003962685867,-70.76061163415051
53.88126723342992,-109.5755953776509
51.40145799868585,-110.6054518116944
47.84098654237969,-70.40392719132518
55.77691172659842,-120.6538124431994
53.19240426705837,-112.8580100564182
55.07819871929167,-101.1161564198018
57.98607360972844,-122.7563887079955
46.24863906814869,-81.92737590733421
51.4993592241031,-120.4425856937433
55.51946303231347,-119.4222361584627
49.32343492384857,-121.621134289589
48.82688300267581,-68.91535225777587
57.74334363597538,-117.631438023361
50.21322136287741,-66.70249010625169
49.55837238265013,-105.9815891920941
58.51483703262966,-116.3749472383888
51.28669694868941,-96.95646256651948
52.31981923548064,-101.2154577658068
60.2410715733293,-134.5222738492852
49.56158354097432,-55.73943506891329
52.13897453450876,-105.5273252124978
58.59131988102513,-118.4850612018117
53.2198718528272,-108.7159833513251
53.83262818434508,-112.876688997228
55.5920767133035,-114.9493651972756
48.66515994915346,-53.11786502917005
53.20187656145845,-113.049986929807
52.23122236285607,-107.2172484130384
53.2797662599416,-115.2956074905687
54.83718873605448,-121.3939735215921
49.0309478180522,-55.38374213867674
50.73790627719804,-127.4972906009096
46.59547689231381,-84.34333655699156
53.25361828730379,-123.3822783970712
51.99515198581262,-110.4118864149149
50.50007878691059,-100.9453381552287
50.65183129786483,-105.8065191200834
50.73562180980853,-96.14275778904036
53.37178083096732,-109.2987200109153
49.13349129747016,-96.46684712543632
47.09558716291435,-84.71572189715643
56.8409486941756,-129.9610452162895
49.6782298426557,-96.71282484700055
50.14230042100235,-108.3707462487504
53.45409514476189,-114.6189577286253
54.6794318940237,-112.21268466425
49.80052473631523,-85.78672988290302
47.69691924877169,-69.58942367864677
50.22581817905832,-99.74870752226906
54.40405228937557,-109.9278446172156
52.17061784352919,-122.2315105725048
50.30743322238144,-126.2719803259885
46.42496758949232,-80.18696024004318
53.06540439019112,-100.1219319385876
51.81228088755157,-103.4640307376395
48.56461473203561,-88.7220760972836
53.88680425991443,-110.3894979790682
53.26783883019341,-65.96382469478793
50.2211383623935,-109.8731299759891
48.8115486809384,-93.67225770617074
44.03999167280026,-77.44947845520309
51.30278440538022,-115.9959749518208
52.07046972732915,-115.5258765491931
53.32906970846587,-100.9520919799607
50.6882092488537,-103.9892018066164
46.0701224621772,-76.13389820923683
53.59938880013824,-114.0535929845282
54.10410787523458,-125.3376373941445
51.50386192985369,-106.4631143171604
46.3693135105751,-71.86927439103742
53.36566402315496,-103.2018363804724
53.78113407102953,-114.4781650839922
55.17733627672167,-121.1096533698936
47.87981074977057,-59.39314641782377
53.98891348891235,-107.2188334223868
51.91801980635742,-108.6503683030559
61.14072007021537,-133.0662991609801
55.13214350077254,-98.45758403266206
50.74010308680144,-100.2530011849441
50.52634133073288,-121.7818289357384
49.38987146746368,-56.0793306787694
50.91814231658637,-119.5257371693619
48.77462550045273,-69.05241461313898
51.16404790244983,-112.9833554773973
48.04339442619708,-53.0888753142906
56.48779570792542,-129.403230140027
53.27782678013894,-114.1653560142556
46.07038531456904,-74.27928227211311
62.40458952527933,-116.4937326755471
46.04202632098141,-64.90763255685769
50.35801649129054,-115.9606825919664
45.9558178119564,-66.52935572022804
48.08280954443323,-77.36163780363363
52.57146025796134,-121.5285421045467
50.10625671992219,-111.3508715661277
53.05993010696655,-111.7844739716656
50.66222065333382,-99.48487791817554
51.43949746722217,-109.4495616337709
60.75873957703255,-116.5226053923859
55.60207451083764,-128.4972917397572
49.19175987013261,-65.14875432924201
53.9525712156048,-123.8836780812532
49.43618891526618,-113.6174677677411
48.67903815668745,-85.48271633708592
48.19698970138803,-70.83805092769923
65.59787814235283,-138.1644870572104
50.48461659090684,-110.0278211472509
52.3117601770718,-115.2390186672595
59.88303685224403,-117.0419976367591
51.4567140586707,-106.5898949539609
55.88019579981501,-98.17657222206475
50.40370977079142,-102.8820791295774
62.71075494498304,-115.5952805936023
53.18748730768877,-107.0746326229416
53.7069102464234,-122.9000098057503
50.04724251147655,-103.6559494103333
60.52760890970334,-133.2100972043025
49.16204186021368,-119.7604037996767
49.08799847743335,-99.61545381898596
54.25678960596959,-113.8755457337225
60.27809361263261,-134.3762022984409
56.47710076449349,-129.3944160778542
52.47834421204504,-107.717375315082
58.77657769699587,-93.63007302255618
55.82293593794752,-121.6026133410187
47.64745375899517,-70.41557917189364
49.87025189189436,-99.19013086229735
49.40628181481222,-105.5428965213451
54.82181782042503,-102.7254071731945
56.04237861313726,-117.5509152090072
51.5323169199659,-108.3945547918176
53.61585522424126,-64.449168365656
48.15307866333337,-80.01429140394708
50.76601570529223,-120.7740653956893
61.00424048558354,-128.4856566986492
44.88127003079273,-77.94483431327257
54.30650399593454,-129.3698440242912
49.63907928645659,-104.3004285764229
50.51825784472019,-121.0491889964597
46.51055128515306,-65.28019458664753
53.26327887232998,-109.6692244833367
49.34346357686382,-101.6411173166059
61.05088772572783,-138.5061790416718
53.98542899175418,-123.6130114631888
49.80567799435102,-116.9026402285688
52.75455120143629,-107.2197130851857
46.91429139003274,-67.36122054594212
46.53657907744147,-75.21125052826406
61.14424240957063,-128.3488380842498
50.76341357647065,-114.3482069826255
58.20514082100533,-122.6058751058404
53.394279117278,-105.8383460528628
60.84209774335281,-116.6105393034964
51.38005911787264,-109.5902002701514
52.61623713305065,-106.6410619888941
51.93140089844228,-68.14231126222086
60.04481547838209,-132.2876575717793
53.65969748464632,-106.0700440480564
52.02657860342991,-113.0947167329796
53.33631739014682,-111.0661425730009
47.76395611058884,-66.61158346505374
51.13234900166616,-109.9808443002999
50.85278088796322,-96.99521096742282
52.5336991925767,-104.0462305926749
53.63544021407021,-120.8547448153739
45.65741223415588,-64.48525568353492
51.21169510476496,-109.9807727091267
51.92936616841534,-121.8342283822117
54.1494258077358,-132.9002768952759
60.29618195535051,-137.0312291935652
50.42484267395403,-105.3971753979339
46.8556544751138,-71.43556805530264
49.78578654875427,-113.1881041640526
48.01646546595734,-69.03628307975055
54.87021090401632,-102.3049128720296
55.16781296241202,-112.479593424653
50.84052197494011,-93.45201156125721
55.50866266336732,-108.0704697657374
51.48290152166648,-113.2397398606407
54.24020703326052,-108.9778601506164
50.95986814158651,-102.4510261381224
62.30147489453361,-131.6873339623353
50.747078392785,-113.3287404058755
54.89674434225941,-113.3105935349089
51.04799207102496,-110.795665979384
48.02390492509844,-77.56354745084683
54.04916275402773,-108.0661035109025
50.33098386944505,-102.56788353115
45.94219768719499,-64.20530422988921
56.43336711262163,-111.3011886994926
54.35566488732864,-115.0114208899227
52.4946116273601,-115.9751645854773
53.16160997550403,-110.0884936656553
55.35467460092022,-122.6129921880061
51.20054840116684,-68.25445443340423
52.97266118244368,-105.5352301918431
52.83348922683636,-101.7685789277953
50.93894942645039,-118.7984358366382
50.12340860367115,-113.1322858815001
52.08130709087587,-122.3463499870696
55.83984972065079,-119.2501536520517
52.97848467715818,-122.4142537518678
48.25749535719057,-77.3321195001535
63.69473363115686,-137.6607371098565
49.24026750278058,-105.458308612223
49.72845316807192,-111.1109500043467
52.19423680236791,-113.2511431480315
54.14711256462097,-108.4530149015983
55.78564873198449,-98.9040548783087
54.71026879505685,-98.90132753510669
45.61533319229103,-73.8479390370642
53.29419761779797,-112.4371633183017
45.20205351792051,-76.59044678509935
49.38543612153776,-121.3163927577858
53.07595691509186,-61.86617759202687
51.27081966898377,-106.0276257566563
47.21811068944876,-78.75549319386995
47.87041620279846,-53.95437443126214
56.66627367366571,-129.7272849661322
49.48839056021568,-105.6585594119791
54.03513464561038,-109.3981820884481
50.2475532542751,-125.6032164321382
54.55311704668519,-105.8156864940088
49.38446216796196,-98.39747683164991
52.25252074269079,-116.4102884964966
53.70598772750872,-104.5964762793342
55.19482281413715,-112.4722302843045
49.4135878250141,-115.039928269097
76.41297275408762,-82.87890661945585
55.7813004713028,-119.0806510502603
52.39486752922773,-112.9564640675101
51.48066356264619,-120.4678696846627
52.60406467300815,-58.75964087588763
46.45423191024547,-83.68850716979878
51.2529701005581,-104.5194301949523
49.63915857105839,-104.5749089034268
55.3066303003104,-116.2772358809793
48.66655519780296,-72.585955219983
53.03211155783558,-99.22648546411997
49.30808739562775,-57.40615372908936
47.48998296868498,-69.85307730212682
46.19384624175909,-67.26964483594743
50.76558848647887,-102.6334262837369
53.42420740453819,-108.265720433919
46.83312430233264,-71.92373744426693
50.66893335156745,-120.7687225489637
54.65023814830654,-99.88833785590688
56.57223062562992,-129.6004869463796
49.20492548575858,-65.88895818281206
52.11601166991434,-107.9789990604757
66.54622480899893,-136.3486731645491
55.91497979476847,-121.3930317603747
56.36372189961182,-118.7849027546208
54.31370052024753,-116.5040303214394
49.98789432364179,-104.372460763139
54.93310636030424,-127.2314198023771
51.2417930255889,-109.0786984333514
52.69332392979565,-105.752193457458
48.02321861239939,-70.81889305529877
48.74162233503535,-85.86892777084898
55.2894703614733,-123.1521611740191
59.9334642567805,-131.7749141696956
49.66410567312305,-91.2685296007835
54.43447063463322,-113.1815974865945
54.05643617083854,-123.89954328007
47.42611106451292,-53.84111173816992
51.29742444606436,-121.4006167367131
52.39233556102721,-121.8264788395462
51.76530019481527,-104.3171062530516
60.01469602992388,-132.1768501834026
55.02349440765217,-118.8654997372724
53.085862684325,-103.7094710296941
49.43860688855211,-94.00040743645098
51.05774820441119,-121.5565872708104
52.71571756711685,-106.5923017332046
51.85278118688356,-112.3438996322828
52.02287603826882,-101.7047038748172
51.34935711408537,-68.13703021685593
54.06484366419701,-114.1537689088646
49.31820735196751,-56.93514331719979
59.72226681698955,-127.2632169850046
50.60123111768048,-108.7960306181757
51.45284769886841,-98.5460646692217
46.66680389725789,-81.58821923519639
52.94167830178686,-99.18168634415167
56.55188546693274,-99.96056757956514
52.05644962242077,-107.854656829846
45.68695701054174,-63.89426447378949
53.74643349185411,-122.2040832235104
46.29844175122148,-66.59236031538036
47.36422918815335,-67.99996090451012
52.58865822004729,-110.2689294036273
51.30468365180049,-110.8018178699114
46.02859558903339,-60.04541554610563
47.3266076847714,-67.86960664356955
54.45632784099081,-128.5214522928275
53.32991134952672,-112.8061930409928
56.98821415296507,-122.1516866160144
51.05873704151713,-107.4227391701767
50.97653628130786,-119.1755090470595
52.15514718458417,-104.5260690854689
49.44150507074379,-102.74652671413
48.67548134512772,-77.49711914643333
50.51385594069617,-107.9371251501412
51.40282049568425,-109.1683454767826
55.83125776981334,-121.8624995124995
45.63689773467797,-60.53722880203655
51.35792098579848,-55.57853765661454
50.39690433588154,-104.3193186905887
52.3765458517792,-105.3692273997341
54.13712728026057,-123.0458555870546
45.21595214918603,-63.61803796793821
42.47119667119448,-81.7074327791936
54.15421346845561,-104.6162485833758
51.55441486014588,-120.1742150739962
53.17778847983723,-103.586049967283
53.91310015887169,-108.4089076784171
47.18127723923312,-78.94202112515603
51.69962609143892,-104.2027483357066
47.5064454083502,-65.36397615889126
73.92980863050516,-119.7556416826943
49.58042022036764,-121.4023603993443
45.52558044009461,-77.26687034811171
53.86117605494541,-121.5014333647293
50.25843467193744,-127.0918291327508
55.78117119854706,-118.9511688400274
50.164393099292,-107.3470753828993
50.52982275223277,-113.4837633899864
51.27095734636958,-108.6344812132025
58.51483336117094,-116.3101366651288
55.34919519434378,-119.1538910534004
52.94081409670748,-122.5997211379332
44.29992751479928,-80.00734870360512
47.86479596337563,-55.84072442622519
44.43196225167175,-64.38997863312035
54.06505422661388,-109.6870391570045
47.29366725981471,-67.94489996798156
63.17823400471656,-136.5200748524829
51.50360975489317,-105.3010133216212
54.99717821598347,-101.1630263424228
50.33364953948989,-103.0372254570069
50.93315740531445,-107.3996345105778
47.69682921239249,-65.37083721536557
50.67348156381435,-111.5509036575475
47.21226254086668,-53.35882203313221
46.83269399458826,-67.7154332240736
52.72707192443835,-109.6071699285612
53.10568532454726,-121.5425942401795
48.00898683980505,-80.33744913504205
49.52467246446976,-102.4803842968975
53.38164876409173,-102.8294383584862
48.14712371596345,-78.42648707208114
60.20858472809602,-136.9678873181257
49.69289714915612,-120.2837799826141
54.64199318763952,-99.28138971513756
53.77627531637772,-106.0565485441235
47.21534111350842,-72.89139898677051
50.00028546111667,-125.2867981658273
50.31133632616144,-121.2118266139706
59.02858878726787,-129.7786602403424
55.46168432145756,-117.4796900881352
49.3746206610447,-112.9849586164709
47.26941526265873,-76.8356530449372
49.23774077840537,-98.18219790410008
52.49281073748507,-105.4638537416366
58.57349704450614,-117.9418564203577
46.01702892252486,-64.97012999693703
44.30346998875496,-78.12328612168929
53.14163647184711,-100.4331921710133
45.9218745159808,-60.71779215888331
73.82063874438698,-119.8783950816367
50.39427328733441,-103.6215686622691
49.33490713716522,-106.1949712506243
45.94798190263581,-79.79804252030574
52.58763492737647,-117.7681948594967
50.84871132381166,-113.5904159304673
54.32539019057192,-109.1330167272312
60.31192086508483,-134.1477645937896
53.10504980205909,-114.3757255067992
49.35505756707067,-98.9862499406196
50.97028164956303,-113.8922206812243
54.34140649038227,-114.0182566532414
44.31705202342566,-80.45108733364107
54.15093742895522,-108.7043032321633
55.52315456387443,-117.3900432467121
53.78483960235838,-114.175483458309
53.16158718341996,-110.3866202499985
61.48724476750638,-135.7784810065771
55.68043019141011,-117.3383310616413
56.60869439671823,-117.671271284738
50.85336929290906,-104.8706235538441
49.73899262859754,-100.2231967242
50.58753928862937,-100.6414706026361
54.20412075771774,-108.9750264413511
50.35279580743213,-119.9335548613987
51.34447057724748,-99.52721311678232
46.39478027088767,-75.39744343651105
48.14183415399214,-79.55514078066682
46.41388747340657,-62.88427374555737
49.43925666894962,-114.0935503655719
48.43832913776708,-67.52540514646158
48.37208309430436,-123.7647018215778
54.11391034527369,-101.3383516176926
45.17856879609967,-67.22724458590689
58.85629398576891,-117.4548881560869
55.874119102428,-120.4798010828195
56.42377278084081,-117.6592392415894
49.66831904625676,-103.6467367060857
50.46119123265543,-119.7152097664056
50.68700541000447,-108.5670366940818
58.76264722130563,-93.21168383827492
49.15549043122452,-95.51348940171697
53.55182675936966,-123.5440174895464
49.74277489092281,-67.17327463564911
49.43895930253891,-95.46410869875042
50.24200191979438,-118.6219899370785
64.22273881586244,-140.1531912073027
49.90675000613314,-104.9411182894979
55.29414150926614,-122.6830458927062
54.54839162748045,-103.6357966495494
48.78428559874921,-86.84267324242961
55.46155839965861,-117.9483006754733
52.34638328835609,-110.2889483042326
54.07046624768842,-124.9603299394357
61.00806895017985,-138.2486600998003
55.72324880444206,-117.9578005771295
44.98192198201844,-77.41383554073828
48.07819613464999,-52.98461967547885
54.75765207584863,-115.3754730707944
51.48860749621906,-99.64480856883074
56.40975059769223,-95.46481916721429
61.05748589504675,-118.3292913087675
53.15565442371196,-114.6599867920493
63.50335877696217,-136.2473094218981
51.34113766931593,-114.966901940685
50.22699741307831,-104.1286563453109
52.71107710643484,-104.9788718467728
52.96008932354448,-114.5200516817545
59.7662242134987,-136.5951169658895
50.150157590413,-109.4632606124315
46.29540497414811,-70.36990725197175
49.74209877389042,-125.3131474391328
49.49778973590436,-113.4546289672247
48.57096666959233,-58.53131702160341
53.82131800338724,-100.5100535686298
54.78020870596975,-105.5430727549176
68.28502111426307,-133.2450940575395
52.39364804607271,-102.6343735949373
48.33347225899131,-79.83373513500216
47.42174069959638,-79.62735072716542
52.95887081909671,-122.491614140181
51.83306383130288,-121.8577015213229
61.57758210591648,-128.3025523134092
49.50221735966628,-98.35722102107384
48.48418854706933,-72.35502097498706
50.07362314106418,-123.1147493907695
46.46143357908007,-74.9725673905098
48.03981584612318,-81.18979320999414
54.20076505873355,-114.5738077876321
52.57499843536529,-114.361831520209
62.07162371244782,-135.975459993003
50.57304562940002,-97.22996032138994
55.37419598644881,-118.6422321529305
53.41379933516679,-114.9838620510697
49.20284165905648,-111.2671444453079
53.27832587684679,-60.57846198051883
61.01334780252161,-117.3009980128097
51.51671015022824,-102.6836064778793
58.15695224699898,-122.6436101361997
50.19045476833508,-108.0069478975607
54.12306414926879,-114.6226964785632
46.44129349568255,-62.375022515505
49.70409890337378,-83.76037492128161
53.44359740859549,-113.909881909397
52.51220870445051,-115.3147224785423
53.07635913286237,-114.0885904789896
51.47487122211815,-109.7172371982495
50.0296496919497,-104.7364172925889
49.85083095318056,-96.86670470715316
50.77600700335522,-113.7219734904542
49.11412195131526,-125.4497426277217
51.27060518678878,-111.9529273531499
60.24219351021809,-134.7427864757196
48.10682474869359,-80.10455119124573
52.4349157854806,-108.9868706656764
52.28038248395085,-111.0524156549343
51.91141639475293,-106.923620442571
50.46707880570357,-121.2984189083278
54.43602557139818,-114.5879939471601
56.3458106005785,-118.6935564527201
43.88178052727773,-64.93489983314937
49.81768784396937,-75.11023087488523
46.87624948426615,-63.98544496910078
51.18988647144359,-100.6955132361676
46.30276867819876,-62.85425579081642
64.60632498304528,-138.3473918192143
52.963798176834,-66.70654919717431
50.79297962074995,-121.8373131685895
53.90834404372547,-106.1838942203914
55.27026138561584,-118.7830104011807
51.25246452084355,-120.1760530413667
52.36575182993897,-119.1825728777067
46.19182255892919,-72.18548347734139
62.92568847891872,-136.5100756256065
53.63859796405647,-99.33931174715805
50.41703413391383,-100.0231489156848
51.97131695159902,-104.2441607854664
51.86814066530219,-102.052779659492
57.04926793015427,-111.5548310621665
48.83058758486388,-72.57779351640086
46.03974309962314,-74.10062697734921
49.65065826097594,-114.7025970331041
61.11452348478475,-133.053607011634
51.04242578684311,-108.4460068584442
51.81186118441001,-107.634085515439
52.4628433394976,-117.4802960814649
48.47775841367083,-70.78872421243706
46.29721894303839,-62.39753560270627
63.01554179857849,-128.1781722878118
49.20341045312664,-109.3211473058476
46.52453860588533,-80.96342486942838
49.76845805013835,-100.6673560017789
52.18577462681235,-121.500180762366
49.44397394766899,-96.39150454045934
51.99832262376936,-106.9017343220928
53.4026323749614,-113.9103567060863
48.51792273664656,-78.33783439288962
52.09365174334737,-114.5564995296358
53.14006899052234,-117.4874898769016
46.24968780040408,-62.95040999676527
49.21846447938608,-107.561826737601
53.01692176101361,-111.1612851961971
51.53065949222313,-110.2159812294218
48.251882633028,-77.6270323288183
55.56787358991252,-122.4098017094094
52.58706587123787,-102.53372055092
51.07314557601511,-108.4459740147557
47.53868706867844,-53.89774253010752
52.34964833812682,-114.7934227280837
51.42511043039147,-100.486950395745
54.74175006535609,-101.5427131331621
50.61302313228182,-96.42791130713508
50.12221998458691,-56.13019204385897
61.77786109181938,-131.8168151921903
45.81970458544986,-74.70302023101817
52.37845444814188,-104.8370117364755
60.44115853097244,-134.8431092222244
54.35458631527657,-108.9233343670363
52.81141752560129,-58.35446221591906
52.26221858073988,-113.9272935628266
52.987307189112,-105.2830879207793
51.85792949403878,-122.1626043931998
48.54858119650628,-67.3358419277756
56.36368441560344,-119.0593579002431
50.15096967299664,-114.4511613210187
51.86290160371856,-114.9466141475645
45.46610443588077,-76.66267365088497
51.24848312082255,-90.22226038142455
56.53571045768512,-129.5326858324286
49.08814710832909,-100.9477015781793
62.63336346397784,-116.2701055166469
51.34289047452744,-101.3532486485945
43.80913937765005,-80.69993903485523
55.2665728189959,-114.6271233732028
50.7273005360812,-100.7358937900318
51.58672555076835,-119.831537337371
53.15703630404532,-112.8307510010534
51.21520607545827,-97.55628748455624
58.43935851700859,-122.7137156251487
56.90186546291147,-111.453175311854
54.52682609299366,-101.0971230888739
49.16613155846543,-107.1530844216439
60.55009640783332,-123.48275314288
50.80132301038574,-99.02411467216683
44.49547472998131,-78.12295150153669
57.34608378120543,-115.3709007292301
53.12839723199367,-105.6457520424498
54.27199207778518,-112.9761362845048
51.62806576517981,-106.7968708884983
60.08880333424887,-130.7297952807796
49.60345731727939,-121.4158597766025
51.70761128142996,-110.2297272128606
59.96576590403736,-112.3992214896435
58.5866091044904,-118.3845946516982
50.56112314100759,-126.9834445823418
53.14583672305923,-105.9823000622295
50.20683624496186,-106.0046585811607
50.12293391571304,-97.63285857117842
52.74645904190518,-98.96472195568242
66.15637162338167,-137.1721475277608
51.08517447380341,-96.86166443796873
53.47884525677903,-115.8688846509426
48.01438654480921,-82.80507623216091
52.33683008390871,-100.9682276792217
51.15585845532554,-98.95707424570514
56.63732693999147,-111.1430507205338
49.98247750785968,-110.4169932464447
56.1168317446628,-129.7502313379835
60.33829177237205,-133.9557733391389
55.28041886516294,-127.2895594538116
58.3123426476705,-117.2324607820674
50.10601785534883,-107.9142932875802
54.76736079015444,-113.5131937913892
51.73697615957112,-102.7627424958065
59.79937321518092,-111.9504724134196
62.08523594310112,-135.354123420306
50.15406114205062,-119.5238830725126
58.5874572665392,-118.0952550101556
63.61631182778848,-135.935875757588
52.87078940519538,-104.3254246985424
50.84636475986878,-112.90234398088
52.31895909003754,-114.4361934915869
53.8922387480081,-121.9754876359263
54.86810824679076,-117.2726639007935
51.48562833959326,-120.6700918909566
51.57055213903099,-121.3464218389711
53.87299858612605,-110.6638519817476
53.20456156525262,-110.3223446399505
46.06634601719487,-67.026717025805
47.59685560326272,-58.88508818666006
62.11425243537865,-127.6844413831383
50.8779074122247,-108.285900598209
57.02756716409832,-117.6080532006914
60.69588820324436,-123.408414138915
52.66747152962525,-106.4763945420675
50.93350766319622,-101.4796701433583
50.81059671680391,-118.9657620552385
53.3431757280046,-110.557089999106
61.3459859383134,-121.9567427214843
58.66086682904406,-124.9540564107549
48.59794727199129,-90.1376875225992
53.0697911453631,-121.5150074200993
48.02587687594459,-66.92073713622958
49.87005389731677,-91.39891745293103
46.22308245201706,-65.84793839467306
50.39740790094442,-111.7397191312373
49.6931453379452,-87.26352059572996
49.93551000487579,-97.91094025448298
49.63516421263994,-119.0641576304765
52.40498304894974,-113.2335296842559
49.21580244096756,-124.7994725073072
46.34164492476392,-77.23586367852094
51.99738545285689,-111.7624900859252
46.10749798678503,-81.71635127919008
49.3729057154201,-91.57307110090939
46.62197525741747,-75.42541136562517
52.84341686699075,-113.5030821521005
49.20976862870641,-98.90686171181103
52.7480288119362,-110.4319228988548
58.47302405390526,-122.7137357170251
49.86848752122241,-95.65221805004022
62.1192607257334,-116.2568831274709
49.01277575057132,-111.3821211413742
51.99750095667463,-111.5525552528214
53.1157479300776,-121.5891065845158
50.84499203236967,-100.9700491046219
49.15881392280091,-95.50398400915837
51.21280112558106,-109.5627068943518
49.73734321814575,-106.5687252810732
51.53901145429166,-101.3301810150187
51.14097030923925,-120.07853467732
60.92476568193864,-135.1667758136762
50.43947493547116,-111.1731425812581
49.42891419443469,-96.81015104960895
60.15615867690205,-128.9142141421509
51.59458904410325,-112.372671578858
55.77199495534353,-120.0079303530528
51.03340637589441,-96.25572460436709
51.01160904855549,-113.0745897993254
55.25956171580243,-128.0529813052741
49.71537095427042,-110.3142605043633
46.84569709509764,-66.8299161399077
62.030096768677,-132.7840782905748
55.89914802035171,-120.4902622141711
49.73898898484607,-100.1585909881226
45.11066163292003,-73.87602311646441
55.82937754589873,-113.427449467519
49.75862792122548,-96.7879331709381
50.03412442484832,-114.841840983555
51.14305292821233,-103.4192578779975
59.98966811971601,-116.9906923393614
48.84026025004051,-67.21530964795113
53.67994455127584,-114.4606235521319
54.47158759617157,-111.103947432752
52.73870808898713,-111.8421467472794
52.72551752151474,-107.7287312795368
54.96082418974752,-125.1359430261259
50.62997839603501,-104.0946367543288
50.14966245793055,-120.5465786541451
73.88341897398786,-119.7480820435023
50.60110891221026,-106.2586558682584
49.4241620397018,-67.28097223980319
56.29643205068922,-119.8609147376398
48.6715763140302,-54.09277647099168
50.84645861386321,-99.5087751563722
51.7359949508416,-108.3901511144356
51.71833345890504,-99.55450247881035
56.61165164897236,-111.3373284143866
52.12938168149243,-104.41131379371
50.79618539535955,-103.6742033613529
52.30915803459142,-120.798458962437
50.05913536084518,-100.4391789561192
48.36034454099324,-78.75808518336996
49.64011631799843,-106.0766218463153
50.1060147195529,-106.8697266247283
57.78042708541741,-129.9643836851591
50.6899187091412,-119.7898620765523
61.4058336205014,-135.6879270793392
53.10065226674843,-100.3803591932673
53.39439638477533,-105.7984348411277
51.99708811399592,-100.1948396429688
64.65857054771833,-138.3873664801503
50.44842367870065,-119.4530707231282
53.01692494046757,-111.8800867243715
56.15511360010674,-108.8408342741411
51.62002321142165,-109.7017847633371
45.79911487212912,-63.96091573842014
50.18812009776341,-100.7828262256521
60.90859608274176,-137.8560315092525
64.05481627198198,-139.4742432853366
50.82602504329537,-112.4612758580075
49.11918117673575,-123.8641405404412
60.7901309710162,-135.1722505225493
51.03240970834714,-119.7508453845422
55.78496950107865,-112.1904739490073
55.83713049366762,-121.6690300445765
53.57626856156746,-113.1478693493403
57.52512365037505,-122.9335342269874
48.10712178636642,-77.94203043603387
53.39077139808796,-116.7818223937512
49.99325418838219,-56.33447667615727
51.61988651834141,-110.2477416457091
49.0516731421006,-98.67212935821456
54.09792489928805,-113.8478355782147
62.60006366737186,-116.3294386139728
59.55555889946192,-126.4865611974293
60.32320867885137,-134.7668061155549
50.30950506369889,-104.7386096774315
51.41315029006078,-114.3601441689631
53.61783046773817,-116.507739757012
43.21816009297829,-81.91608943612594
54.13127944649702,-100.6999456031071
58.98361606708588,-125.4889750443523
47.33018505803987,-53.76221074947084
50.96371077158107,-118.7357555671587
51.15380969658255,-101.7319690502391
50.60019288406551,-120.049818715503
50.34629260422562,-122.5341970957729
52.92779028339209,-112.2534427988998
51.38701604595398,-113.4964047041846
50.11879729317518,-107.7567744147768
52.02703211970989,-101.4421929163576
53.1661996887189,-109.4672648743636
48.14685594228177,-53.74407554276599
52.69517683382789,-111.8421959678202
53.39432553237032,-113.491662337756
54.36998647720894,-113.6170414515433
49.6795368636423,-95.37194436866372
53.01733100222145,-122.0818800815701
55.3796668978074,-107.9419238362819
51.79280847621705,-112.3925672528718
50.51384931568833,-107.2192177079847
53.59897711044194,-110.1777160313271
50.5720996669657,-113.2015426827886
50.64009994398822,-97.11798709271234
60.1311276275274,-130.2548624947489
49.15433365584351,-115.2908509457584
61.51914461409601,-128.267041022118
50.51953136794079,-99.05443351890344
58.3451249226989,-115.954599955659
61.17767364386174,-119.9529808185057
45.85830318764138,-74.44431735622855
50.14312877869322,-104.1675119659335
45.67894118168142,-62.30782667242189
51.91634164984879,-110.5010242448977
68.31299466232217,-133.5273691443561
46.52785903977414,-63.88229986732014
48.524813398335,-79.94233643646702
48.66536775624704,-85.4631911548145
62.08551532951205,-135.5469895063213
44.50736981995231,-65.25493942636612
52.78296062962758,-114.8771419362354
54.46047565949033,-116.9466330934747
62.42518164496578,-114.4109068850353
53.94077726420431,-109.5714645096003
52.23180244163893,-114.2019387519616
54.58361175271043,-97.73493520768356
50.48738260339399,-99.05432290842037
45.72704853393022,-77.39503876486616
60.68188093799413,-135.0727158943231
65.40612424366076,-138.2716047060467
49.03235410043686,-113.3584358202082
49.77144821794018,-111.4496084070923
53.8029855279724,-115.8734786699053
52.45904375617191,-115.0514915114383
51.37476572144617,-112.666059949084
56.52943291192656,-99.9718257932192
50.25757333041045,-66.05331305944475
55.81056413990259,-117.3040457242246
48.26215594158892,-71.77112074503235
53.5306488466936,-111.2062748988136
50.22259170554869,-107.6130189505092
47.8618147045836,-64.67192162812852
47.82397565539201,-83.68985386288412
48.73254535157231,-77.08558248545647
50.46318913442327,-106.3711214522271
51.06695210386123,-114.4237796234999
49.42039550514781,-105.6375733832249
50.63786394280324,-112.8440328199296
51.79994970090893,-101.9318085025023
52.01471158895458,-102.0660095064398
47.08150940505313,-71.39607324869117
48.1577530944925,-57.72467106716203
51.27083265368481,-114.1254239767048
53.44183786916869,-63.47222107921804
56.14875308722748,-96.68344886881351
57.93893595951491,-130.0455430654298
54.00986062960671,-106.3702611035559
53.78318286413074,-100.7779430618524
55.75263470225442,-118.6779223802965
51.74903565540352,-105.7208470857268
49.13183683425287,-124.7761290669725
49.51097885281779,-55.89298576159833
49.75820946905623,-111.6980087212168
50.92167375053338,-108.8994515438629
48.53338078170851,-68.05566150389961
52.43480940436565,-105.7732181731213
47.02650965970656,-72.16755567297794
50.64845194826228,-57.27356838216124
50.38112632987971,-108.823169295746
49.24620943748191,-91.03573004836667
50.42176713264076,-127.4793299775778
53.13328653528437,-121.9343378764872
49.93134884844912,-108.5565920750418
53.59873592317792,-99.34135621799639
46.77604409014784,-72.69461846921423
58.12714072196796,-122.7175339690656
55.46111246102317,-116.9045065557703
44.17081656152676,-76.6309577293998
52.17302365241255,-106.7891283351845
60.09959750708779,-130.3727201439962
60.62898768083161,-137.2944939565108
50.01189304649304,-105.7143154430222
50.26035918620296,-98.69290292380401
51.99746639130311,-110.6642668794964
53.16128400985326,-111.0814685256563
50.3101291659046,-108.735778410881
45.46182446718839,-71.90136901396876
73.3563181346961,-119.6275423356967
51.73110595342875,-105.3573767620421
65.20187589296512,-138.3287092955954
49.71834893930519,-117.4661890908709
54.80907378295671,-102.8508461296733
51.21247286391294,-111.3392515948518
53.89691230790955,-114.6714178662353
53.08923111850206,-107.0586224185228
54.64475488192545,-101.4069717811164
52.67908298299555,-119.227279775975
56.5283985133799,-129.5133017588963
49.40965777756438,-117.2113597614208
52.20191853054963,-113.6948132987303
48.09205408759566,-78.84615430090446
53.55992281736344,-113.7135804864544
49.66128251607172,-109.4752564238774
68.04019577716464,-133.4892825572138
51.47665274928011,-104.8427192316174
49.66830607463219,-103.7514130490424
48.04281905864188,-82.71962582729232
51.68202070221826,-100.0211000715265
52.01719674144231,-120.1514841448038
52.00563762137154,-105.7644030295039
49.02176558097339,-106.526725242659
47.65361673017748,-78.41873486609684
49.71497306428737,-120.1371095724945
50.26948958319613,-108.2141495141943
47.1606486818559,-79.37777610239517
58.59938461380354,-130.0182611688942
47.63967499064361,-53.31093918449582
60.849938727904,-129.2513882328419
57.18464807588228,-122.72217041864
48.6716778442421,-124.8437018897346
50.83375011896511,-108.6842449816541
50.6027440165788,-103.8777191358302
49.87325200252676,-110.3731497142851
59.95606194569471,-128.1863840971845
50.48771872687114,-107.0358489183485
47.72318901624503,-52.73751821962159
59.59232655296146,-129.2204881961388
49.04432040752408,-101.3657662979425
47.60847357911687,-57.62651031972955
50.53651288655123,-98.01446056732875
45.68700382562018,-73.02606388750502
51.813441877511,-105.7589899770735
50.86338501761647,-109.5367914797999
53.01715894031296,-111.9454886294011
52.45569853401764,-121.8871906189716
50.19799985233727,-127.0479261442612
53.39614973920883,-105.6087947706977
45.92242574168185,-65.6318715194558
51.71864361422052,-105.6257617579555
51.18335976228648,-113.1557628416191
44.58455602587136,-79.69392421496079
50.08704431657317,-103.8433574069463
53.5567806544737,-64.73363216696457
52.51926433274488,-106.0191436475605
66.15778026778415,-137.1341385869163
47.71146455035301,-71.20668918074159
50.14319678972343,-120.9828930416568
53.99867311281719,-111.1097480798966
55.19663750657077,-123.0097554082548
62.09901692968153,-140.6647203096269
53.89803570542043,-122.6465125112179
50.65489804308624,-96.60143137427193
53.15369734081715,-108.5642933771313
53.89917176637126,-106.1583512489156
61.94588730949977,-127.1749691994272
54.38099861150712,-112.4956910799069
53.99385953972128,-128.6982574119282
47.84740088374201,-67.03336538853668
52.60044498905055,-59.58014263425962
52.29848564700826,-114.999172521655
63.8951042076157,-138.2492767645527
50.16442101776394,-108.7158274262609
58.23638059745463,-117.2346602566135
53.8506511349206,-100.3871533570203
50.25180250001037,-111.8197578034073
47.15941707724537,-76.64365222183976
60.54385103586495,-137.1202843618084
49.87347508865095,-113.4172759670555
47.00086527069686,-54.13665536143535
52.20268822550582,-107.6456618827607
49.84177434954834,-93.3319123837287
61.15541694806211,-135.3683874262734
52.09358532712285,-114.0017187957659
61.24248878159283,-129.5317063838232
50.48065725960155,-121.3037106073073
45.5990381756236,-62.08478947078808
53.33690186358392,-109.7344301134024
62.46587685425323,-116.4868908721732
50.76713811055047,-113.6289585789578
57.47801197231848,-122.9157411594712
45.44318255585936,-73.17190134959937
50.58672685034537,-113.7106112002247
56.74700220445904,-100.138303806847
52.52488196139822,-114.117670762873
49.26990586234275,-117.9295378194701
51.36965930367139,-90.22108471943491
58.67359820095795,-124.7932130507564
45.93357816211864,-79.68630339780508
55.31602955880452,-119.637817824578
59.28948239963647,-129.4882688102504
52.814377385919,-114.085263953195
51.14701510263212,-100.5762174289971
52.77732148368987,-109.6082714723858
48.94319966531541,-90.17475200087775
56.84771318508466,-101.0293291777765
45.71104593052009,-65.50535048544901
51.88310749381272,-121.6705643272465
59.39180955982619,-123.2910631943219
51.15668815521967,-56.79041126663682
51.13808941846258,-99.50063550817259
48.51328776194979,-64.40125179910358
51.44522664858325,-109.9886306888259
49.36019614190247,-120.0756890980554
50.7774343397375,-90.4783082131847
48.79547945824118,-71.407198713634
49.50398346514444,-107.0157119184719
52.78695879158811,-114.3159280849677
53.74068544494971,-101.8059097739403
53.47723732302726,-111.2062297693213
51.99835174286738,-105.5693440712049
48.88770940057079,-88.02010788884719
54.96740066953403,-127.0047210833229
53.23028133156653,-120.0020353630773
50.10628926390952,-111.0114141426075
48.94208278133753,-71.84848271995797
56.64215419353177,-99.9478431487553
54.48761013904096,-104.0226967170107
53.99652306390556,-111.2165337748463
46.50890156613175,-67.12195372271341
49.41204225993385,-53.87949227076327
52.43483839024485,-109.2612334722677
51.75211693840205,-114.6395141967774
49.10550778811292,-120.8390906042678
61.42392058331851,-128.2662663326931
50.54146960153553,-102.4676682597146
48.43586058777461,-68.15607617211683
56.33377127677483,-120.2400171010701
48.25790968913914,-68.94706790080232
48.93270284602493,-53.97977935688326
63.89116440087166,-138.205203389562
51.3322072196183,-106.0825142132059
59.69177249619717,-112.1771744305025
51.09663406752053,-113.9216967201685
50.49352482930606,-109.4649688526646
50.06141953142924,-96.40540822312924
64.02941006143334,-138.5773431112493
53.07610578491295,-122.714529364415
52.35981885843545,-106.532083402382
45.60238731875453,-67.08683381163785
54.03643264097808,-99.97087351820015
50.24058801470697,-100.2575542461653
56.69347494143243,-129.7531624884517
52.22202917508415,-106.4323195736171
49.05092767767876,-104.8145440388749
52.06575979083798,-120.7683456220081
48.91127619264388,-91.79103256781276
50.66961832518322,-97.28765766277645
61.23081537504606,-128.2948026521033
50.19264305154616,-104.8436852898436
49.11015052696277,-110.466740398962
50.07500849927699,-101.3783340973381
43.76084980086549,-80.98234445874438
49.67780714708353,-92.4926341184056
55.23289696507043,-118.2518669337725
54.27103326377791,-112.4757248794859
44.21738027760242,-80.5565465586989
57.39880947697011,-117.5419849960736
46.49813557893317,-81.20368916114289
51.7403965460144,-98.98763757745931
50.96059949982229,-97.60293253516045
51.79422970779557,-109.0729320188697
56.22650601169256,-111.6843705748421
51.742414855457,-122.3103814637407
49.90464198752684,-103.4761986438109
51.75466691294118,-122.3108521418593
46.90658911065979,-67.07546629516659
49.59424749675202,-77.74559897841485
44.03018385980601,-81.21200379343583
60.19648129498668,-129.9775182168937
52.69032263754066,-109.511556168603
43.39094009873202,-81.02554073483812
52.3184432012501,-107.3552331726889
52.04486437346037,-109.1454976101127
45.78199869947733,-82.4809576578516
49.52070651740933,-110.3323383043465
54.1770411758848,-131.6539878138025
55.06586414713713,-117.5597451584996
61.51021810209583,-133.0656203165403
51.82687597131225,-106.7126469187951
47.83781560960731,-53.29733574804552
51.39122872760704,-113.0351797049473
50.2343149775779,-108.3425128511083
45.45695694168724,-78.9760428586406
43.48476675773598,-81.18661159429816
65.8417383091398,-137.6932236729866
49.80965539506938,-124.1712684611744
47.79004268205509,-69.92188214583346
57.03502093065196,-111.6086091350371
58.17913123703184,-122.5863210855684
59.17789342574976,-117.5796685513393
49.37728537614915,-102.7087864888542
73.62587336220221,-120.0794313024041
48.84897576487817,-123.7135905989122
48.63418020018224,-93.74005578780698
55.16491050602623,-114.0340817107922
54.75465059743009,-110.5992975800565
52.31916175804771,-113.9926621820191
53.39005918797258,-103.8480607013055
51.50211796281761,-107.0638093274942
58.86182003904515,-111.9945125516413
52.77787437111066,-119.2549700087981
45.87989816340815,-64.01028568264486
49.56985578612262,-103.8581858623678
48.28602836618142,-78.95436558989688
52.35394600403174,-108.8337985360244
63.85676723092325,-138.041283303201
55.83654256255231,-117.3419990299723
52.43415439535864,-116.1968795185312
49.84235723256711,-101.3458726681904
50.08555631184519,-68.82240234898438
58.3252024371045,-117.2324350927381
45.14139775678856,-78.51153390763848
53.16139495996109,-107.0745800032306
45.54166075434143,-67.11240422438951
60.05262054713562,-128.929920935158
50.35023674105069,-107.0357914126317
56.80202079819501,-111.4344297876092
51.3416118885229,-111.2004174427663
51.50358329904711,-104.9213879675692
49.73784784168333,-106.7270038036866
51.57963892152468,-111.4612359407738
58.88792125877733,-123.0725118860878
48.17292241982972,-65.98337416084162
51.98168785658503,-106.6937910883775
62.07572389218238,-131.9597834901899
49.82716838231009,-111.5754792796415
50.4467180103272,-103.6557362995263
48.03434120342453,-53.9593112882037
48.74537089091172,-92.48012266299739
52.30422393049822,-121.9129917299106
64.0643346713143,-138.5342869237114
50.414810253696,-95.66122047785917
55.8441933391941,-108.4829049339265
50.12418747326521,-122.9770070815283
48.58917387008378,-72.31458897277446
46.19802971315799,-79.44920446118452
51.34161424461426,-121.929617542072
60.91693106115033,-123.1289563607284
51.11216231130543,-97.00023872261612
50.24129010214561,-112.092281605394
56.07516493832629,-118.2407875838211
53.797812266532,-107.0025045793593
50.08388760637241,-125.3103629824948
55.79873067238371,-115.1544874023084
45.63513923866532,-60.67692638689289
57.59766730891942,-130.091607584255
56.1470365594631,-96.78833871131653
49.75170712839278,-96.46067339691533
51.3013133143866,-114.5641245667224
52.20813986981146,-117.1467069268758
58.86178064023117,-130.0436815778728
60.86713549712076,-137.8031965663165
59.81272847748082,-129.1412353517403
55.42651517380436,-102.3369294289406
56.43786314879562,-111.0758797283834
49.49070138359384,-56.89381417620009
61.14496609119506,-119.0849577470988
58.32333988751677,-116.2053286885525
49.78556307357394,-107.9180707036227
49.97232617598867,-124.3882105361065
48.7910574493179,-87.18321052511739
48.43751795025645,-81.2721772064196
53.2640044600143,-113.5363928010121
58.97408353289531,-123.1750214944211
51.0994360142184,-104.0308669425213
60.24252498392842,-136.956403948153
52.94209894003863,-112.5640699453367
49.64031640272604,-92.76895863184933
49.22113657387477,-88.19464192647801
53.09090360646358,-60.50782494803176
60.7275664962828,-123.3214050241348
46.06446600545276,-60.20784899019777
56.87217192577909,-100.928726834247
49.43728898497564,-106.5899972086124
48.77171472787708,-87.44129918213217
46.15644401345515,-62.88279263459091
51.03804067661166,-109.7052268021787
62.55411407643254,-115.0296055102176
61.63944140131922,-139.7142088421328
51.12750717945769,-119.8944626112138
52.49289790923235,-105.6282586668814
52.87658731354998,-118.323819059701
52.23105062735744,-103.815216087018
47.45757498874431,-70.37841339367844
49.523735576538,-107.7662605618205
53.25639122938382,-110.0389805762358
49.80586408516564,-112.0222573191059
54.65716287438225,-99.21937106352323
54.15922087517144,-97.59636191834974
52.11445535548675,-101.6100763753496
47.44764412225313,-65.47721995569002
52.01867659825852,-116.4396023158016
49.10727194060976,-121.523072031291
50.20644827375197,-103.239754979532
50.28765281613425,-68.77030744460242
54.5005060930201,-111.677939850162
47.71137587713698,-54.65002346315283
53.49726745538012,-120.6364597429162
50.05728953939648,-102.3019944635039
67.24184132580285,-135.2850428231989
62.2996656621095,-116.4265619165845
44.55743090538468,-81.1278708981425
49.6682454038323,-103.3073463439428
47.37824475870529,-79.45894365982123
60.08288976282654,-130.7813349523582
53.96220457719173,-114.6714289700489
47.91472616235707,-55.74604132942
54.39153671711896,-97.87603469469529
48.83086627979164,-54.33861078763867
53.25062714902367,-114.6993866221081
61.74709044940102,-116.8321421449791
45.9463297311511,-82.44406144968409
52.23036163595589,-111.537275126994
49.04339739207002,-117.2172467098039
53.97960455617399,-115.9090312697086
49.92924028591053,-125.2098606674815
60.57971906945116,-134.6197495621928
55.69242058516008,-116.407048961332
53.89110760826669,-114.2339450240403
59.55046568613679,-126.4567873840669
46.60677510162863,-82.90330316602162
46.19245773604083,-82.75735121185018
51.25155362344809,-116.6814432046329
54.78733012821437,-124.4173028406307
49.87238657355376,-120.9167759148814
56.31720423186197,-119.6510945428663
53.5436618598139,-122.9652755995423
50.34817282544886,-98.67610834509001
53.95527991814902,-115.1693946283964
63.01207121674152,-136.4624542962012
49.88199488069668,-97.47783380098231
50.52587706776333,-118.9454841081102
54.15093020404039,-108.4946125770324
45.63867606071919,-62.56193158155479
65.9256873796678,-137.5024251899273
50.89261819934612,-107.1229965103974
47.63415776139284,-65.7653092896642
49.8014680058714,-56.53972049926048
52.4228355017699,-112.93189586194
52.32172590352646,-110.2928175935715
46.93364905260199,-70.54877438921574
49.00279638718733,-115.0543556302609
50.9148959545973,-102.3024157568691
54.77467662595019,-111.8248443599831
61.22808616630127,-120.449042850304
58.68316568323226,-122.7191520304239
53.51958950791827,-108.3718135062379
47.56341546732527,-66.43353100987527
55.52021995246729,-122.7112873051827
52.33222888458399,-113.1687941805946
51.13130507624309,-106.9812157461445
55.35060251418653,-115.1799979059319
50.10620878316384,-111.96472674686
46.94694997610581,-53.51639286154561
56.51093219158613,-117.6603312333401
61.68453409200733,-133.0665868000868
53.48720159915239,-108.8779774739423
52.70126845830463,-110.0892859425599
61.98126164087649,-128.495600913618
62.02574710821612,-128.4649981269529
51.4923431136684,-120.2700553215281
54.66994210593192,-97.75425235143099
55.56565543906712,-97.71490805895533
54.70616636499373,-115.4126625268463
52.94515920378243,-99.71335746730537
60.83593508385896,-136.9453759457847
52.66762600572244,-113.3478612806962
53.05167011727105,-105.9427016265013
52.07470981900258,-115.5180078801879
53.33610995223697,-108.4014853856166
55.51226641819427,-116.4847404206875
47.41266352430712,-65.58498971527793
49.26674283084399,-113.589174360693
52.96133222055473,-112.6382976189349
45.44708767366541,-75.04953469432932
54.75524366975682,-113.3104987271078
52.98217589818917,-114.4265161714652
52.93127538367948,-114.8994621328601
54.9659917655724,-125.2679782588439
51.86703784829702,-114.21429421431
50.84220671964425,-102.5770604800463
46.5167926040493,-82.14020361490293
54.15140650578063,-112.9109189518824
52.96136944128904,-110.8263304709544
50.66069868272576,-116.0899763855648
48.57371913590199,-78.66739624341484
52.13365441291727,-109.4485055883541
50.70417048583715,-108.6527717469613
59.19273535068086,-117.5468862174463
52.62593554465894,-110.0529416387404
60.07267355641203,-130.4632157115728
52.57337743911295,-108.2345153346252
52.2883979563486,-109.6454392864052
50.67760475948364,-119.3109950533832
48.00699667458906,-53.90931927248689
52.80412202538624,-111.2406126869929
52.29742643214843,-120.7526839520246
49.67525724414564,-111.4495879185659
49.37732809626169,-102.5392263798213
50.9503254855134,-104.1438543199138
47.87887169437167,-66.432001949609
49.18390894172808,-68.41436705225857
54.53317468648808,-101.0682340444026
45.78387454855919,-64.6771191401559
54.64078669620803,-126.8803653110727
49.56388433888294,-84.6404052603113
49.98972741393767,-112.828102427328
55.89604748813512,-114.0386806317791
51.33287262393612,-112.6298525889544
46.3727778393726,-65.48967134409294
51.07169187189808,-96.29687299156274
51.50361023623914,-105.2973776830179
49.79034939008303,-105.5293748215563
52.67892100612966,-103.5531128005711
47.89487231530592,-69.94759581991413
53.64708827539707,-110.3261691670143
57.52501225963699,-117.4750405820411
51.23419273207355,-56.79878812593247
54.40117087853054,-113.5005010701685
44.45371012541514,-77.0244358827421
54.26908167456253,-111.2781942558248
62.14897826545358,-135.1701911448804
57.47640077234578,-115.3707659196638
62.12972120132503,-133.0899209203512
49.43664201029203,-108.985493554185
49.80085793090853,-74.50062658366295
50.01836053869299,-125.3787365904054
49.6372364004427,-55.91654676990712
50.67256068676812,-119.1355319166944
60.68276311750284,-137.497647144019
56.76232727946444,-129.9445930972369
52.25822862359623,-120.9901619749273
50.88942215096391,-107.7541752637192
50.7499462713583,-111.0216344655434
51.44727201874063,-90.18343838988736
50.20160463608198,-108.4847716455943
61.02165519907546,-138.3699980751685
63.41148968199118,-136.5646294979813
54.48132383181208,-126.4978479102071
48.7495731359527,-67.8343347917129
48.6558303957359,-55.50938093134812
51.20239962350283,-103.4810647198579
54.85586515156434,-102.7720436149731
49.70936446291454,-97.28406101296663
52.88883866824904,-111.5277120575867
51.91077599362745,-108.2451109920216
54.83726510160439,-121.3906291117122
49.12901281668922,-104.588057121338
45.68961427283558,-65.34366581016305
49.12777202619969,-96.56161572792105
61.66728878379772,-117.0737986290795
51.76917178909929,-101.9284786993066
56.27996889538774,-115.3491625887532
49.26258479208578,-124.8813217993485
51.3869988128267,-113.3101225645767
50.56146018691379,-97.50648199670908
49.27828903563586,-107.1724585105017
49.02879861061122,-102.7641298206043
51.79464815657709,-113.9984785514525
50.86305027283057,-110.206676537071
49.34872749336508,-55.4664621091613
55.3547478939236,-120.8562867907255
45.53423738767642,-61.31859565694078
55.31607501426637,-128.0899054789842
52.95660460127916,-118.8950670217619
45.24616347896563,-75.72165237161356
49.50200079299771,-55.30760861901788
54.2096813345815,-129.98341331923
62.16289215898981,-135.1459064730377
51.97044639529016,-115.3062325081879
45.21672281215753,-77.22736133917918
50.28545638858684,-102.2581486048908
53.05261687439968,-109.0934750375834
55.15696659584589,-114.2360352575535
58.36525004886093,-115.95461072921
52.40568282233524,-108.5942653725444
46.07411837413304,-72.39853037090225
46.79500554062884,-72.47008285443208
53.48073070743961,-64.88448771485518
56.77868817262338,-100.4188840210315
50.11690668511751,-124.9095062865586
48.89337967093857,-93.04985417008564
54.47884768247433,-110.7502300682552
49.67917621191968,-68.64845935802056
51.44481273366684,-111.786554334616
46.46408597189721,-75.4548481571994
50.6697160118678,-112.8440187799139
50.10227335679802,-111.7950208183752
55.7231012052211,-118.3372159306713
44.26851091061872,-76.52047922629936
53.26402415394401,-108.5642313531465
47.60648236230922,-58.93180094866106
54.82027617631299,-112.7448453631771
49.95711196026339,-118.2275727580709
55.7628453149821,-114.2418483605266
51.00871114236483,-113.4637868480095
50.95331552872091,-102.8889624052027
50.74699765177424,-109.1894210880072
47.49818947935707,-68.33811541527075
50.28241748611993,-115.8906762457841
61.46345485744846,-128.2718230921022
53.03971736996551,-115.4857722087007
52.8869285248911,-102.3894963585181
46.60586140653559,-71.89475294649104
55.24022727866475,-118.2703662654144
50.52535953301265,-119.5843696184805
50.29123584197855,-104.6179880196971
49.43668904390524,-111.44074030778
54.047931535753,-110.8924782052299
45.65071037386448,-64.8865688596716
54.89060361380663,-102.8312800183731
56.23304923663653,-117.4261113533096
50.82595821800692,-109.2595183391948
50.0469594399234,-66.79092141309599
51.59793974125655,-100.4594688722227
50.12926842651546,-101.3784651443627
47.60671490888591,-58.78751758603158
58.16448066713564,-122.6150414324455
50.95015568710627,-105.3065515722462
49.97356560116749,-120.6137720440843
49.86855491148106,-120.3034987344884
50.66829279774776,-100.8340061910088
52.72113447082988,-113.0792121170266
48.61805001362635,-72.47542781244286
52.84202239264638,-109.6349085164181
50.51869237840741,-118.9622343518308
52.61010428975165,-122.3645676901255
62.86948596074522,-136.4862038171872
62.36499467016473,-136.4519244773121
51.42400268477707,-116.5331822804811
52.05645015873428,-104.8109598653675
50.951544575082,-114.162853798191
48.49367048733251,-64.24996349450815
50.50382133488616,-102.9227850623898
66.08529021063221,-137.3159866597431
48.73159743100175,-124.1863994761948
49.98805216617621,-113.5636769335507
53.67626558792231,-112.570270885402
52.71562103159513,-104.8004396927684
54.82767376121691,-112.0355731859126
58.51480746693009,-116.858847413944
56.8754567280866,-130.0339119967077
51.93992051656492,-110.1552107754396
52.64171839846532,-67.43708819021835
50.54790322121107,-120.4544694726923
52.16906318928761,-121.9182001287881
53.89900220684312,-115.9090330350986
54.31967763033097,-115.080178928703
45.09101255694517,-74.13920929696606
45.67359530288071,-62.39753116082271
54.00616607556815,-114.5979490281972
50.25480254513228,-115.8828892091801
45.15748956604691,-63.7459503960381
54.63903061328226,-124.6761106965543
48.6169259845738,-77.68398757285443
50.95019186992275,-104.3136119504921
50.55635519111731,-103.4265900861881
53.35168881358759,-101.0493919022773
53.60489524962311,-115.9430113071771
52.51845580322837,-106.7358401176598
61.58442618903495,-130.1346070889534
55.97825776333679,-97.44543936834314
53.40691975009531,-107.1117586817532
50.43792401683049,-100.1845690734509
45.76544913457922,-74.0833061780573
50.37572410057685,-57.5238619535524
47.56892693497429,-67.33268610832629
52.57777528890912,-59.48555965091948
49.2572386877526,-115.8564691383027
60.69964177379936,-116.4530842064783
58.78497507593266,-123.5788991649074
50.92165390856691,-108.9643116235943
54.59008820381172,-99.50923216115379
55.51124185513535,-122.5569186128047
50.22895024591329,-101.0347439141085
54.46914620771795,-126.7520209109219
50.28017630624196,-64.62958022151045
49.83728155667258,-114.9008433823699
55.81721851439877,-119.937932837658
52.11482846918285,-105.462237976352
49.29914864278199,-92.20272282898611
51.57981517915302,-108.394549459444
60.34500211111402,-116.4335129559893
51.8531399168314,-105.4518266957677
51.52970345863367,-107.245855375109
53.79852537783013,-122.7286642101945
61.41669380719665,-117.4202594641467
50.7869263963489,-128.3559374491021
66.53027210588169,-136.4679463106939
53.26346818447324,-121.9565828104741
55.43288633892285,-116.5511603257149
47.68350346420866,-70.64702287529047
57.73886188866744,-117.6328622845344
50.22675267215246,-111.1893692838582
52.10051528927315,-113.8376677425518
46.43160938391785,-83.42614240453132
51.14550919557836,-99.02972337984093
50.16655867139293,-114.1821626936663
45.71095579034348,-61.28774830393405
47.46122630318634,-53.74038116300375
51.9981769861075,-102.9694910272091
49.18029136726139,-103.0575762992064
49.68166233381127,-110.0363868781356
53.23988691459088,-114.7574270721032
53.3323575521699,-62.98388298835959
58.49870951531118,-119.4331480965045
53.17694570675906,-62.17579873093706
53.36644841724708,-107.577994884759
54.08975791945939,-110.878062531592
43.1065470204905,-79.78391875264381
42.54831402464035,-82.15365328001906
44.93782597010631,-75.5086431670955
53.57970999857209,-118.032936272395
53.1983628478289,-105.3799560564107
54.00987082587956,-106.3506195790856
48.1972302903793,-79.86565372994491
54.93596102249156,-125.168562551984
54.08494055179548,-124.2916816061491
56.73479778866763,-121.822131443527
48.10369054157778,-65.36929134343106
62.03344121241943,-135.8562553132303
48.80193872086045,-56.67506551787267
53.16864927924551,-61.04180342175619
50.56774637136893,-114.9533698297019
48.39329205924193,-80.28666330998931
46.16970153059209,-79.26947954512181
49.20343615464625,-109.046809486815
44.34648991356104,-77.16452897749832
58.89857710822041,-123.2414974971874
56.74279220055062,-121.8431994550495
52.74020218116436,-110.0533315675106
50.84765804211569,-109.9510438938728
50.47644948974888,-99.73175391488226
53.94792132397684,-115.1201428078757
54.79062676625132,-107.8149307870603
56.06387133477243,-99.92591429208814
62.96376063588401,-136.5091189655175
52.5797103679127,-112.3945101407064
49.57097585174936,-100.8927374329098
54.12664626353462,-100.7143191904318
55.55687449412424,-116.7849963376939
56.00366755091731,-121.9676134428631
49.70055990405262,-114.1816231867566
53.57099892769187,-112.7916073254678
53.98944703968544,-110.3944954546635
52.59782886628346,-58.78373360378964
67.21494169908252,-135.5425286599777
44.73480421839137,-79.02244620599228
54.66356682648271,-126.9859712839381
44.33344922648421,-65.2044721423897
48.15385091273973,-80.51324529776652
49.944631235408,-101.0346470517959
51.03379948253943,-103.1125755041997
48.00283071503281,-77.96511302482739
60.01217708868183,-136.8564288471873
49.4644676618451,-104.4455821980706
50.68878341263468,-104.9397372137046
50.00373243112054,-105.9644356478905
47.77836419117255,-79.23124257306944
46.93913746011232,-65.62877397427415
60.04648051460547,-134.5926953122738
49.29572553298881,-68.26984662740699
55.83683176966917,-119.7982925387187
50.54312400822528,-108.2763408903416
51.47037894339426,-99.52714392339894
48.07245829689005,-53.93708207221602
61.12081091996478,-122.8246257617344
48.38996588865531,-123.6977272978469
52.09803027186532,-112.7192986608938
59.11557049121713,-117.6647286168202
59.96191426783191,-111.7561116628452
53.09060253885509,-113.5516938106822
49.98087024114943,-57.74202427923834
50.83075785347196,-119.0094317231947
48.48317477762096,-55.47855733659235
48.85847322663587,-85.86833654353008
49.17934037068461,-109.8171304976566
49.01360750799869,-116.1961477842335
50.16906360333319,-126.8445168475162
51.06711564270655,-109.3684882127032
54.01983277642612,-112.7775257283847
53.38863899964807,-105.7646160074408
49.49874117656383,-107.7551324016854
52.66886628930932,-114.0265135660396
51.24247676739407,-104.9844321392253
50.86684680921865,-107.7193443897882
44.49505116972774,-79.8017048159692
47.6152725108664,-54.66338098241312
49.89526521141836,-55.75406511125405
51.62787542711077,-106.4237584376277
49.24305807300568,-119.5223028358711
47.45650814167659,-79.52151943391132
53.16402551824847,-107.5655195669626
54.18203360641957,-104.6198448155009
50.99834666232628,-115.9610307337691
53.42300223185178,-117.7380115178449
48.38538801384642,-69.44957096309456
51.80617864002987,-110.170375069426
51.66425516578034,-111.9184974151219
49.37948518808918,-68.46317991465907
53.7054691621989,-99.33587572578269
52.31868118388606,-104.2444707218189
50.96532864007359,-105.7216123572705
46.14488889832005,-71.5708856308747
52.2194254945572,-100.941696924899
51.10381798247273,-96.09099620285045
45.6654649510554,-73.30089149015757
61.79231248892368,-128.2837084499742
50.94770855977686,-98.60489523248708
48.02957622171675,-69.79889127013422
51.85268478325275,-105.2112735105508
54.39461817716234,-114.9059495592321
46.48331582158175,-84.53019642817556
45.36554225546802,-80.06359542992831
44.64962812617856,-76.10261679330102
55.76742694512654,-118.7615824679121
63.41271380815154,-136.8164489438759
62.08227151903694,-132.9175923625709
43.74129937739009,-65.31174420589424
60.57222653511519,-129.1797787977234
54.58777886580167,-124.1306401361788
55.79108813729209,-117.6743746988718
53.97021014774003,-112.4626072801367
58.68980995869149,-130.065856520568
61.20516320594069,-120.1853605339878
48.9012879618371,-65.12596967744047
49.97520227177881,-112.6206864904657
56.12380312296255,-111.7954963941121
52.74848347626097,-105.7521566789299
62.67135477502318,-127.9005397721271
53.58622812018918,-114.3210627367123
45.37669150864003,-73.2784727951017
45.79538074822906,-73.80153488552644
51.83374300070923,-107.1378881935599
50.13745144329161,-100.3379168120902
49.39037246550599,-57.69512437473453
53.37239384324766,-117.7593420236327
48.4867465050369,-67.42295774648575
45.78042569504901,-72.47540932351431
45.50733202319898,-65.8186219011931
54.61372669977202,-100.1668697964211
52.77981142595861,-110.826045044725
52.11731157751364,-115.8917068765502
52.66770837693672,-111.7001458292307
54.05104562695649,-113.8422551746389
50.2972027666195,-106.9672811509826
44.85852112417676,-64.51673396701837
54.48417024646463,-104.1899945387224
56.03434388117831,-108.65946278385
55.39565948064669,-123.1516832052085
45.31021127049627,-72.65980111695849
51.48997948787389,-102.5959559248393
45.89225732738593,-70.85830715403621
52.44181153271701,-111.0606303701643
52.86723195264237,-101.0511389301743
49.7473999457581,-84.38140387786089
50.54296064863257,-108.6557351832215
53.0723013693348,-112.6356247176614
45.73240600337684,-60.43406202774439
52.2022329767272,-104.6257792318364
52.77206493170743,-102.369920358251
45.92179210803708,-76.66334793545147
50.33294492300503,-90.85824392358589
60.92060174554071,-123.1227325696269
50.35320457056621,-108.2045926903315
56.37669768070168,-95.9572834632489
49.22234054337814,-101.077319566413
49.37731980150859,-102.6444285164403
50.38566988534348,-127.4527392798068
54.24077547623673,-107.5738868831101
53.93569340695329,-107.8876176537422
53.90190151443363,-112.133727154079
53.47191187791351,-104.1674214560739
49.7567385963743,-124.6185738550736
52.98874069895675,-113.1504773087307
49.2066438753991,-115.9712154713787
49.52235891052449,-92.08343950762323
50.99379233464342,-97.12742026697659
52.34906782274806,-98.89135665390428
60.60772858882136,-137.2516510731197
49.60586544990108,-120.5770367593665
51.40417123339244,-56.51456316745376
53.34391495908758,-111.4499548806921
46.38590125456645,-82.19396024631553
51.41579583257637,-96.86963079474118
48.79455010585718,-87.28852210421327
49.65889508630384,-114.5854165636819
50.56210983402973,-100.485054395658
55.57117822834565,-118.3883739705002
50.37422564592371,-97.44818172822143
53.94855860374594,-114.0241680748314
58.72729710635139,-122.6906009517442
74.73586663264525,-94.94093833131733
46.00699796344388,-59.83733390817137
49.52632428429375,-119.0871729367564
51.18332248879288,-107.9558517331837
50.08736114584958,-124.9680314119384
61.05288925377426,-117.4131038528943
57.75965225133352,-117.612516151316
46.04279748763263,-65.8703872945124
43.61194808022683,-79.92349298615673
52.20064316361429,-102.6249277566459
49.96475994423462,-125.4844807842334
51.906387236481,-104.7215874651034
53.10502229890454,-114.2701829146649
46.20759236019142,-63.50530879657861
52.40350416712315,-103.5184177654457
52.05409713869393,-131.1169911850401
53.89941804687599,-122.0804427326654
53.93970953266695,-115.909051518253
56.3638601119735,-117.5573747002869
62.46881141004766,-136.6685318953263
54.0785673632811,-131.7809587478343
49.54069049039912,-120.7303504079337
59.96316054503806,-128.1229674435607
50.27646500317194,-68.77397462442975
49.92603429269278,-67.00630624460204
53.58381031868615,-102.153122990611
53.07397135847913,-57.5618369848539
49.90218088042971,-109.380012222268
50.7012739164592,-117.6956317639357
52.59190293052781,-109.5187287894187
55.82484177246553,-121.6503070890098
53.08856357474271,-112.83065431761
47.8597586455525,-69.26204166162434
53.68737788334489,-111.5813123378711
49.9585417676854,-100.7570640036654
48.57510128186446,-69.13305536600761
66.54554118924186,-136.3500436207329
44.46210140618366,-78.19960234795654
54.52800270132143,-113.3832461941358
43.28960951354021,-80.84124720210086
53.03036624962969,-107.6849693560275
53.26341591708543,-109.7068711492792
48.97256176723102,-123.5619196722264
50.03300999310858,-117.2158004268725
49.52837366985845,-108.7526800986884
62.12622705811155,-133.0788670804846
54.67621130602856,-115.2973889912739
52.54702191288802,-111.4203937033403
55.99414977809889,-115.2970507459756
49.04792231388874,-111.2681656412619
50.78527263765106,-102.81952440195
46.69353681238417,-65.39540164303294
55.83434225849938,-121.7848684920907
52.22862155347092,-102.6248507967948
46.58166526775473,-79.16744934988913
49.2690686302813,-98.83932218061445
49.85439469144238,-106.0264802221958
46.21992168640175,-60.58536547102655
53.48242831952592,-108.7087403449519
62.45889434188077,-114.5701094004799
49.79820167794377,-99.8438674382922
46.86583793314817,-70.93305789474503
54.01682384799672,-122.5331280469681
55.31617200594026,-115.4685953090048
51.19546375463121,-100.982772637864
54.24023707004662,-130.3305990323439
45.3619208312503,-71.68612627133821
50.82159513029438,-97.01854329028423
53.63156000076481,-101.3578892404221
52.99099825488446,-111.8421683113062
48.63384781521158,-68.18233060909608
47.51846764096303,-84.80399872779421
57.26324047793645,-117.543976049135
51.72877428217435,-112.0838588757246
48.23219337603661,-78.62819875136076
55.29295851242581,-111.3203258099805
50.41823172585713,-68.8820397829769
59.46335779258473,-117.2084960227195
55.25364476255816,-116.8733271966148
52.41223864136333,-116.2488625783525
61.32682791609595,-120.718571767563
46.39168825882766,-77.66946336901155
49.0376791943753,-98.94128683128763
54.29489471986059,-109.2277082839728
53.54131406524792,-114.9841836167347
49.66951951007405,-111.8253268609739
51.65609731463,-121.9189059970866
50.24697479196286,-105.8544309661207
55.16746386602291,-111.4354280235178
49.45439242082555,-109.7895777122896
48.31087492794828,-80.25316664093717
52.71201082017856,-112.0599368564474
54.38522510063942,-112.0267281905141
56.1991797438075,-117.5688188242883
49.18916907712926,-122.4849543322055
51.51915761320585,-106.2909986008293
52.13472046058375,-113.7176018507935
68.16668999080764,-133.438955372527
50.53522032251974,-107.7920035400864
51.36183288609344,-100.350554012234
48.44499934256839,-77.59391101723307
55.72043916662098,-114.3794762542505
64.81331813861784,-138.3578007598301
49.04234445718959,-125.5166561164285
49.87446498908574,-95.90152755897323
46.4956200033339,-64.09905107106414
55.72311251766087,-118.3161983714939
50.26991648067858,-100.7015837174767
46.92134018720944,-84.65256092868712
54.58960768220736,-99.51901953941947
54.41274181068774,-114.3767665860497
60.75712870317281,-136.1784800232439
62.11017402794467,-136.3306630814267
60.09436961609499,-134.5617265687444
53.27795168837503,-108.4413784952195
61.25001583658049,-122.4907891452279
52.00633495812536,-104.5779885835302
59.39396526793317,-129.152861345185
58.55761434195124,-122.6868395430082
55.37850488805869,-120.113721635651
55.33046791851396,-115.7356478935771
50.1641965272121,-106.6600290377341
55.13775588844788,-112.4798071614423
50.78025069632637,-121.3117673967659
51.28370534064767,-97.57900918181886
47.53978995926462,-69.18068897874889
51.70427393833295,-111.6114986318772
52.63959118093912,-114.5507854305233
49.32658342147986,-67.39267155038306
47.23137920931341,-84.65177102083626
47.44028587795174,-66.18765266420341
52.45689044819991,-105.2674148521992
50.8844214133179,-121.495660562263
50.96454865630854,-105.4148705990677
60.93219050558049,-116.9011756923333
53.54228630671387,-123.2395679068226
47.76955909273768,-65.2924109118284
54.21932292146766,-115.766009451445
49.09615739804222,-68.47506129246062
48.02771050235407,-66.69950542112974
50.22214916322812,-103.3415273777856
46.77518406340666,-83.3427509623809
50.6883657037344,-97.01822553149626
54.41726557121872,-118.5523235625505
49.08798302874374,-56.08050329029574
49.19665401966564,-89.45778677649513
53.57058078713372,-112.7552326587631
50.87482307900154,-119.9694051630916
53.49766792398783,-113.7555073179984
47.07994030919244,-70.208892193518
51.87184346527842,-108.6503736712291
51.27675241971961,-107.4325731832571
49.51625733084909,-123.7569488568535
53.96954673434504,-101.0246458703404
54.47205050495849,-108.2212886567767
50.94839637430731,-101.2694112707246
52.05779333269759,-102.0541666931282
49.19260989026792,-105.7272020426811
54.86555469247991,-102.2814491983903
50.74002301334772,-121.8613941889299
49.63567081196471,-110.4347317757036
56.40497874751836,-111.4086210798595
50.72725255580591,-100.6710475809737
53.41237780954418,-63.17880553363093
52.85068234599562,-110.1826874904973
45.60171943008582,-74.56805893903348
53.93060598635101,-124.0702036842525
52.73442108564998,-104.5917328855275
49.00892955625154,-85.90910307118514
49.89637805615828,-98.33041380999724
54.03305021045221,-107.2729979542388
49.73065210954526,-95.01820668280729
55.80150457512905,-98.84535879641012
53.19226851588157,-109.2966028334669
66.26418638465132,-136.8022550246595
73.94837972542192,-119.7007326863259
52.44990479402628,-111.8326937453953
54.84095738338576,-112.0551768862603
55.77204718642945,-120.0078357283484
50.26777344539686,-114.3121382962059
51.59952326912261,-100.8253316536027
57.43199100036851,-111.5868574768102
47.50472829162295,-66.68472827004642
49.33703150650121,-119.7517086351834
53.36598054321004,-107.7066423187735
48.40456316157343,-79.34896141624289
50.80396190207998,-104.2682765126091
50.0665752840355,-68.81028685266335
47.19810629206698,-55.13108244798331
45.56795935428516,-66.38157279366753
47.9876642309232,-78.57083923441839
49.39538728014895,-103.8897064512849
50.31009072097066,-113.047349812343
54.9513432987268,-122.9831470739461
53.47690552629461,-113.1414116135064
55.22871079878109,-118.4615614448367
59.93099311766579,-128.3953477610007
55.45793052588561,-116.2319786165841
48.88433127619205,-123.3288299376044
49.22209449649589,-57.32065329326454
55.1415565706576,-118.9489087321099
52.91885918658549,-105.7783305396382
50.52560861876747,-117.9032050812724
51.84516494011597,-68.10957711321592
54.13279263339393,-122.7670735321445
52.63851799670208,-105.0521800677629
48.16934903597229,-53.93072599582845
47.90174881388706,-69.34109819597057
59.37744029919084,-117.3071916673243
50.08683924454283,-115.8264850577022
59.99512975259375,-127.9589269155552
51.33469550149694,-121.3261849877144
52.84185499892784,-103.9261334618697
54.52242614124442,-102.1383001880742
61.36805536671034,-120.855912605274
44.34080533658084,-77.84823211954723
50.82939245559447,-111.9388149847301
49.43155847923637,-68.48087531963058
55.83679039320278,-119.7953469732986
50.10487947194362,-104.9641602165813
49.52267344784843,-115.6104047270236
51.03162173586978,-90.35313406067911
49.30036671780471,-99.44984329668999
60.38271751400993,-133.787127667723
52.92527797170841,-112.4712318476482
53.1923755444271,-112.6881906069982
64.05377224308118,-139.3980593547624
56.05438525375505,-108.7085470575437
48.87842194091186,-78.6583207617564
48.20874623426396,-90.63456074961692
52.36570408232146,-111.8282118604875
45.90676649175055,-61.21660506862302
53.01643201000849,-105.1477979980436
56.12583000361659,-111.7932060833268
58.61923720684336,-130.0155768493288
45.4238960519117,-62.83400221391381
56.12027229405502,-108.8140593636519
45.15811805854501,-72.50178968554843
50.01128377720293,-106.7501460757351
49.00705275232632,-90.41548136942755
48.13510505173451,-65.44385354732286
53.16140085840623,-111.0167055876541
49.30822298099993,-115.09161764166
52.0727057769483,-101.0372132237266
47.26062841411245,-78.78153694439672
49.26759296934743,-117.9344226383054
51.90249415002898,-110.0284711585012
50.01490293554647,-106.9149234543896
50.2233894688433,-118.9134994926163
48.72484776959845,-91.96495463419909
51.94062536554438,-114.127839685588
56.06151217177652,-129.9177783677434
50.727143087948,-100.9453380297848
46.52335051758317,-79.5504457404723
49.71529790702283,-120.1997609247042
50.15029413467976,-95.91940811839014
52.03049252690857,-105.1945283464732
48.11760215858622,-79.68975945382692
53.73680001096672,-115.5996448558009
46.80886409573957,-64.9499277939463
48.69553698873202,-67.93873224333177
57.35912473565561,-111.6506193620693
50.13888948515476,-115.6633606771693
58.58026228890231,-118.0349040692324
58.45325008497057,-117.2203636405197
54.1292989044639,-109.2509050806799
48.2329727003039,-53.96612603207596
55.46144982748514,-119.1512188404454
67.40548394922021,-133.9893629055056
49.24138863620912,-91.07871081354271
52.09869945880398,-123.5286984605139
54.07693718735938,-99.92476328701376
52.07095439179042,-108.5087305991432
56.85245788850303,-121.9871728656773
48.07475164940443,-57.68286510649048
49.08962097693399,-96.02239795148125
52.11926353149434,-124.0758720002805
52.06037089622292,-111.1239615029169
49.84298848367675,-104.7294203445038
46.1572609240264,-80.94772394575115
49.56370369815279,-101.0992762092848
49.28309343951548,-98.54487319491706
53.7499903389762,-115.8833427818855
45.09857880141053,-64.72039846517988
50.20725690869404,-98.56059435751625
51.99740992990725,-112.2710380507542
49.37816089727063,-109.3459897931385
48.89189522875284,-88.01206937948311
53.60689506219968,-120.8185754619795
47.7802722703985,-84.87472537429652
63.86113645378556,-138.0919685355913
49.79689536381786,-125.8796046325115
60.24210943806061,-116.5977362342227
52.9805315756377,-104.0358139749412
49.20226906605807,-55.05405146124561
49.07704442066162,-56.07830031728506
48.28690826935878,-72.1637437071075
53.0675873297543,-110.3222566675964
60.03234883623693,-128.6045119712324
49.22586001259226,-115.1472966523854
45.07926505170841,-66.46632348789016
50.2119442626828,-119.4600550157189
60.30750919705977,-134.1264244781755
56.58861603782385,-121.441042055063
54.12797780272575,-109.228155740339
52.57957632765643,-111.5065669718983
53.25673178774085,-99.40241702434875
49.19560106119525,-81.46184309781938
50.75635549049721,-121.0120789995821
54.35381863960912,-109.6773771387623
51.06769032597623,-98.87314144520559
49.82611471655284,-108.4215495356373
49.2040262096515,-115.9953017342664
60.2679416104673,-116.5713832137185
49.94052801086089,-110.0046545393106
48.83351450582502,-57.96894715483147
51.21260374806273,-108.2303489062908
65.84131521315857,-137.6144091948387
54.56069101078075,-110.4594865570511
54.27048879666071,-101.5428592996795
51.39950077931282,-101.5258315055304
53.54417824101883,-111.2063565445653
56.63733383973453,-111.2017984229867
46.71562812523617,-60.39335962746817
50.71289453515207,-104.4547395378169
49.6127770884612,-109.7767047862913
47.66315032717985,-54.62545640751265
49.39761668710152,-97.45921834829986
49.60371033622544,-96.45694111580292
51.81825212486474,-100.1088936254683
54.41217636454769,-114.4515438977136
66.92222289358344,-136.335176401697
50.37112242404852,-102.2583754411925
50.01292545866257,-108.7806751722577
49.79865851695701,-100.8284433496706
49.57360170914513,-110.3668216516261
56.22918608402847,-100.0033641978299
55.04787437249539,-102.8507120732659
51.64852883010241,-105.0054281069094
51.77299177311922,-111.0916714790419
49.48804662217274,-101.2569231440536
54.35455318846811,-109.0930487199645
47.44363900270982,-65.71182355431867
60.97246834723596,-117.2107475664743
50.44116194473884,-114.23324610734
54.20496449672154,-111.2780978587443
52.69763749135431,-59.69226254330477
56.22570775883797,-111.6871948524282
51.64886052879555,-109.6621923658375
64.90882759233793,-125.5277207298062
50.7961110594783,-121.6110981046337
56.29450685078458,-120.6366709503198
49.70358605159381,-107.2288838457265
55.08316425305396,-117.1709253419693
63.28753732956017,-136.6045903996197
54.10310309479424,-124.1295512881537
49.00370596987027,-102.5479482399059
52.14390308267971,-107.0143285081147
52.61322768684938,-119.1292053020368
52.10009069004582,-101.1127234370619
51.80900623948292,-120.8490697649275
61.45059086956033,-121.2376719858226
49.43504181191779,-89.30098165383404
62.49231626042477,-114.773292871176
46.18851065740923,-61.16636518210851
62.59788324618302,-115.1900361733857
54.26964113805368,-101.3761470914891
55.47401290962114,-98.04978203621266
54.61792731650279,-113.251076878865
61.71083859049524,-116.8969033028594
52.00610860245776,-119.3356192484511
50.15167507482301,-120.353594400104
54.50213028858887,-101.378790574968
51.87902384944949,-104.2031392427764
47.37186260539603,-53.23392639695106
46.9859925390017,-65.52024539340715
45.25777945790569,-65.76823934986732
49.04266134926166,-118.8753046525926
45.59315969915935,-77.16683623302437
53.18390281880756,-105.1635409086181
49.2201648115249,-122.2473359743411
49.22192728189133,-98.47722129403529
51.35783459414703,-113.2452270904616
50.88397289472696,-108.2215348944681
61.97092271990477,-140.4537922826284
60.10587419049722,-130.3377268741132
51.85273155678387,-111.2288873605734
49.65006136529014,-110.8174151147491
50.2278911381831,-98.03316673352128
48.48366209714202,-124.2615609869875
49.05722492121575,-110.3542517742646
49.36918461782484,-102.9931770927305
62.20122236953701,-133.6206825519671
53.1923420888138,-113.9157694115018
47.38180353301273,-67.58914362041672
51.6851165187788,-116.6400896999546
53.45272295573574,-104.1142015958086
44.79113767380588,-76.1634850765427
67.120565745223,-136.0789539831528
46.34455116561421,-74.15259212527937
48.8224873740073,-56.31428512865257
50.73255243318145,-113.0057918321523
52.0150403272827,-109.2895459052715
49.28334947873714,-54.93470260999216
53.10502439927125,-114.4399849212568
45.76960812967204,-72.20240193770057
52.78369031299806,-105.0709465438171
61.85873477370689,-132.3559049484759
50.623777542725,-122.1022230517108
52.11968566331571,-102.0542094906795
51.49570262997516,-120.9649523290584
61.14967310191847,-133.0803027467427
51.21247084133002,-113.6750217350223
57.35123334527003,-117.545475120884
53.89220132509849,-121.6584518247953
51.33123813838861,-114.4703496342285
53.20004879908704,-101.0905370686715
49.77906524777374,-103.8582236436085
54.98121755375023,-123.0545040083928
49.94201752869024,-107.8476664779611
53.73418922396898,-112.725973841293
60.10078087343434,-132.4655378493386
49.51549322222893,-108.5843071348678
49.19271394287951,-65.8190576227038
50.90313799047242,-96.99535666457199
52.58427114901724,-58.86330259539619
49.17365470841446,-105.6632639940856
52.64126275965511,-112.0681358712001
53.54629763181489,-63.88901812548697
50.07705504036709,-112.3440734029984
52.18838030926753,-104.8380839653308
50.47209071690697,-122.6523330590488
61.49912154943436,-121.367703899195
49.23577864217455,-92.72560928105909
54.43832114608401,-118.57185682492
50.28854444422353,-64.03041636646992
48.14912288197221,-66.38591980785648
54.31474830258582,-116.5491324229786
55.38561089745448,-114.7870957182226
51.50372465550456,-106.5279426878692
49.00827588331747,-106.3642253369858
46.72718248220203,-64.16994197562914
50.28921741673497,-64.34198251462158
53.62720840788977,-103.3687352340129
47.30126654681349,-67.06613742720488
53.13258404497768,-108.8608400388317
49.77344123807628,-56.14638335707883
53.64291371580207,-115.7707805557329
46.10657368725149,-63.77707187845832
51.21516205815951,-56.73694667620467
49.50351329941513,-120.6681430805708
52.18460207126623,-113.5046842432987
51.46120363549442,-120.77940089867
54.08049056627615,-123.9236249177482
59.74217152620211,-129.1288914316099
50.63053883395197,-108.9547112525109
59.71779998706366,-123.0671447100512
46.51776623919916,-67.62116059988497
54.88598618924159,-105.3581470841316
61.00517202028661,-138.1940104243725
53.07518239007483,-119.6529350016742
56.70041403906799,-129.7553772612195
52.57161359743053,-110.2688686788354
55.40023082205812,-121.4773605363706
51.11236563143995,-106.8880826392765
51.15550314718697,-109.51573697773
60.39211864561776,-129.0484627305118
53.25746507395563,-113.0986556822721
50.77611220347347,-109.3190006448076
50.35358936636224,-113.6213084926037
52.51449953919374,-107.5265564039753
54.75238154871651,-99.98236708692572
46.78940744535409,-76.23380570986554
54.47152965549805,-110.8295347524408
55.90846612385437,-98.6491241382921
51.64881672408725,-105.1158466626422
47.65951360182183,-70.1474834871614
49.01133713019748,-111.5938412011233
53.909945418139,-113.6450175237293
50.39279507973595,-114.6087957815367
54.38563633885741,-108.2805600405276
49.00631507065538,-102.596262190936
53.44007398771502,-116.6569640863024
57.33958268892248,-122.8338122464098
50.86732862838313,-56.99665893720005
60.03947902550887,-116.8641239930618
61.53745869486205,-129.9510850127775
55.64881117217319,-122.2011967663021
49.79693014394967,-110.8641843805404
47.77116373210769,-69.22133034003924
51.10945978351631,-114.1716688440488
59.10359414378212,-129.7395567300137
52.26319964896263,-110.8381505048379
48.77087677282247,-87.11286864917138
49.50266013735936,-97.91315011900429
49.45287077719395,-119.0753257438385
50.28090253340887,-109.3895613651718
43.96211980081006,-79.1584802411007
48.38836947841764,-54.20867434114749
52.71913703101504,-115.4635994424657
55.01147571311585,-121.5289795221717
49.27051248886026,-96.48232636701522
48.29908147026186,-77.63327256686864
45.49762183587742,-78.1845508844955
49.59348827203014,-108.957126864347
47.91792671177013,-72.41269838271717
47.58329738517641,-66.59864775430407
54.58984638076677,-100.8370877367466
60.35793912620955,-133.8908019866728
54.26370557922413,-97.63380214467848
45.57367398277966,-73.68066563619557
51.49953010338962,-112.3258837750582
53.37696752834251,-123.057502259015
60.77400292558623,-137.606811502012
51.22396111825337,-102.5557725058356
50.62830707392333,-106.281467851552
51.73630224745636,-111.7127012484945
52.35923939331389,-111.4202651095583
50.26045751466784,-105.7662652135041
52.63223042459443,-114.9028862658895
51.23279502079091,-101.4923515608241
47.98585591169532,-66.80546099972452
52.64433463496336,-103.4627253200116
48.78036459307307,-66.13276806598438
54.49883246084697,-111.7239209386465
48.41868868312029,-67.9161582777855
47.77979323618587,-79.69543942138877
49.83075145049341,-91.31967785980238
49.623957303528,-97.0714302605571
53.85964889559704,-105.9205286442455
53.90359753060535,-122.5206519234336
69.32135497540273,-122.8769914777185
49.75674992722551,-112.3993201178853
50.74662762820294,-105.303444017171
49.16483123850484,-119.5632359811128
49.24277841434003,-116.8220143539635
44.99293405064755,-63.98885825327733
52.40491079514909,-112.6912555432245
62.28791843429952,-131.7050257012257
60.38378451280939,-116.3798810985268
50.03905403838488,-105.6332540177296
47.67719831372198,-65.65672011776242
53.97398770431428,-112.1517834139234
62.14771613842464,-133.152007004759
48.40234438477302,-67.28000096376802
54.67468314683731,-112.1466130902443
52.08580303640272,-104.5361780368332
48.41517915432664,-78.37785687173553
52.08522341282941,-109.2919829780598
51.4244473838279,-105.4522169014966
48.75487135855226,-64.37070723177027
51.04455669213922,-104.93854928147
53.29829777616415,-115.0495877028814
57.16446784061819,-115.1166893814646
52.00512458031628,-116.461845853192
62.19349807146456,-133.6921702952659
52.11289220421527,-107.3401808064317
49.60446121012454,-92.7476605641123
62.58794551812196,-116.3481348455852
55.68869790139608,-113.3826989357638
44.58573535573632,-76.64973276752382
50.25109961061553,-105.4573111615657
53.32195294498184,-122.3158784525566
48.64439353953855,-64.18822329452054
45.6090401353599,-77.61228010887453
45.41327322527385,-66.31938415120723
53.23199334779156,-108.2717420953708
45.4602981165648,-79.57086377179469
49.57368489311313,-125.5695153563928
55.83787891202215,-119.1757802704343
47.78397009850703,-80.40871270085768
51.48845047064829,-117.3195489342807
46.54975346713419,-71.99898460014437
53.26103049359891,-123.2120257445599
49.51649217937826,-94.06788949135624
60.31766493518192,-134.0992112326701
49.12751164161399,-88.24897310694867
49.65851980396151,-92.82465750513128
51.96677748390089,-68.1300945507808
49.53115341145056,-97.66677604133324
50.49346195242659,-105.3972629690092
48.35634664850686,-78.33368497481139
58.3740962824895,-115.9569650656323
49.08109984029992,-81.31823998949862
53.81870329704712,-110.7971205288667
52.24003457098868,-105.3609191252146
47.38833804815577,-66.37630618522029
52.84219452798762,-102.9731210576671
52.87482664556521,-123.0822344272625
49.05450758938537,-55.28893543871833
50.99384243802579,-105.2403135303755
49.71810209541899,-120.1418827817989
49.97322635106677,-101.6534343644542
48.89184861940806,-88.41688448513199
56.41389667331488,-115.3361807038535
55.84801850380643,-110.8472440023344
45.76616407055885,-76.41010648696015
48.69703001148093,-93.14490249672812
52.39089903590629,-116.0690961174358
45.24695284479656,-81.53556534447749
53.36587469417717,-110.2426083669181
49.92419659984979,-81.78289103943771
59.22991324913677,-123.2477637368007
49.66508938326199,-99.71428287799174
51.91458109580437,-100.1559240868131
55.82159925612932,-115.2105265241322
53.34654100359177,-110.6725372578587
52.77201128463598,-117.6909788032497
55.09363414121253,-127.8972211602407
46.06179591896343,-71.95331644689755
54.30150075779181,-112.8007503977735
53.52831251001346,-109.6030660897853
52.34324054493903,-114.3614947526301
61.29880483284306,-138.8768275067206
48.64021428086659,-72.50058808028537
49.41549099424724,-82.45719042717194
47.92737830758929,-80.64820109439685
52.43347400907867,-108.9266525024967
51.41836473990723,-90.20045384779115
51.75154053770692,-104.4160245132555
50.75392664005182,-114.4542486996991
47.18154043501809,-52.92051037386437
56.31832349459608,-120.0044338463741
45.59702347439254,-79.48870138902431
50.45933658247577,-106.7040092363304
50.53086463867302,-122.4874096709069
50.16883911716394,-108.4847589985721
61.40664450699381,-121.520182669628
51.18338715586766,-113.1313942182363
53.00891165359593,-118.0733682182337
51.4455997884417,-106.9177755627038
58.66712226967459,-124.4004688537636
49.08771873485323,-101.7873471800234
58.65526869139344,-122.6940581345443
50.2768617208112,-120.4075225470436
45.32006319109868,-71.48022467155289
53.81313060728649,-122.8002358227237
50.89873086353052,-121.7870682506644
51.93531918492093,-122.957768405455
50.35566314198088,-104.6874235024713
49.05870046871146,-80.9069979515374
51.25649866215825,-100.1444029259702
48.76020342936743,-92.64837053339893
51.76527413389648,-105.4241061155218
53.60680694379365,-115.8962210235684
49.91048845428119,-95.76626590177017
52.33257717097698,-104.3755975703996
49.66142880709321,-124.4215130286006
55.0284300170854,-113.7372972999307
62.64896026265352,-115.2512633208992
51.9736272366813,-100.4131256815671
53.02319648557702,-119.5391923827377
52.85742182809394,-102.1459790612572
47.65287080853471,-65.92204207976725
50.02298127520109,-90.99100193149363
64.06139701090173,-139.0746867335703
55.86568072111169,-128.9797468461092
52.31789338607737,-106.1891634619063
52.71717037064738,-106.5852338497738
53.91383125130019,-107.520214352949
53.16207828894324,-107.6988713502886
54.8359111688475,-124.7329460952877
53.83267018702067,-113.5553074177077
49.27572583131411,-121.6717226951296
52.00895332491456,-116.5650488002495
63.45694971077084,-136.9471041645174
50.79708614117514,-102.4708730726225
52.05859860682065,-107.5860420084797
56.18978716717309,-115.3070976928112
55.21849237027138,-119.2822480091041
50.39746755565406,-113.0720354201755
53.29855185507245,-62.66792408670992
51.93508499756807,-124.4739023939118
59.82532066269462,-135.015713633043
48.05047139229333,-67.10156386621446
46.80634590162238,-60.72415272782209
49.51288781340349,-84.6976645267048
50.84986328753951,-113.1042213722809
52.11460566799349,-101.9540563654007
49.02335583778502,-95.61826097101938
49.67641547050349,-107.0611985797955
50.52554201389155,-101.2695368385483
53.07608157042951,-112.9546335563572
61.2462705598354,-117.4866936732849
44.31781099895789,-64.51421985094444
51.95733074414208,-108.2484488198375
53.06639222719296,-66.45167034973669
46.29567538579375,-75.86674457375422
49.27345984819659,-121.7350675186376
47.1918367236909,-76.67091008265386
53.43530209168349,-65.00010376585698
48.97770257032123,-81.03003007050067
50.86339342037506,-109.8278307484506
50.87756767162938,-99.50880434416646
49.97842416791011,-126.8447252509915
50.91479989354369,-102.3674664929817
51.5471546384445,-116.2884739955519
54.8440173896945,-98.44259295752622
50.16408174070271,-98.69517364657521
49.4028526766253,-96.80397601269199
50.51061822019403,-108.3877807984712
49.13908668372746,-104.2503317224371
51.35563995410092,-112.0443470990484
61.86655328285837,-128.3449255745035
48.76129412509504,-87.44734863427415
47.59656953994547,-70.51135022014628
53.13244777718523,-108.9294345324354
56.47330269362708,-99.99507219460139
48.0567021082046,-58.90376471284356
49.59150552032245,-97.71041535734608
50.90484964131692,-111.9530530405695
45.77160975812308,-77.12186604916769
49.6283648217985,-110.6819704650132
48.45627767996474,-57.77292448478557
51.63332866301454,-113.9025197745818
53.68146675102257,-116.2227588030054
47.47741662778001,-81.57262713065185
49.73758827368815,-68.62142243958802
53.04280842003529,-104.6100353457415
48.74177338053814,-92.22296294362347
50.93975922391544,-120.9908124269606
54.81612815031505,-111.8433928133662
54.62658556317663,-110.7952270002288
45.57348027149927,-61.96115948875048
51.03790733135826,-112.6627610773667
51.9741898196872,-108.2408823699842
54.80029859320277,-121.2049650242897
54.36085119951298,-116.7162600102045
53.02878093758899,-119.5473193628482
50.47777581649144,-106.7832181785242
52.37278922713075,-131.3537229263698
51.59089065875586,-108.1836373117339
53.51570829015373,-107.048946932698
53.60131343980234,-115.1348143237717
49.6432553431445,-121.000791303801
48.82750161920858,-64.8370015992379
49.92710327897765,-97.09941599946946
49.65002230852593,-115.7701122876174
53.0938585254469,-110.3222417449621
50.64159139473846,-119.3892038970551
51.34708075056518,-100.6978870563986
45.2604896544868,-76.25905340584725
62.76633462083004,-115.8466456010276
58.11801959825218,-125.6526116600845
49.27671297710407,-113.1710247641233
49.83231462339008,-110.7044146194686
47.00008208324191,-53.48656862595811
52.46047881651365,-115.0514475664313
52.44200481977361,-103.9968863244361
60.00526616089844,-112.4912846507643
54.04421988187575,-99.17340933320288
56.27567668848184,-117.6281892575056
52.75485535812935,-109.1011635337286
46.19918894049643,-64.22581670672623
53.17703290964231,-112.2457232562993
49.67365265113794,-113.4566940782961
55.36637742606354,-107.9148163040246
54.99320615129719,-113.0155115053671
49.52363862053395,-111.8657093990725
46.29862752711438,-63.56534618035017
50.00293700346334,-96.61488654780014
61.12943396166903,-128.3593046579065
56.83252780871149,-100.7477533414279
51.91084131949103,-113.6836677597338
45.78572909704511,-65.88427867836836
47.59153114910519,-81.22366697103134
49.64195214075855,-111.1144987092731
51.24141995363492,-110.3461272162123
60.26331052176238,-134.4517803964217
50.40228703900674,-101.2826955003898
55.8701860370895,-99.17030519973706
58.7471174971091,-93.36034955135692
54.07821822567505,-108.1953819552879
54.66923842311092,-124.1319087272871
50.46308884513172,-107.5858331009601
49.17733608684397,-98.88415555543243
55.87082344524162,-99.69849495862394
50.80653789480949,-114.8454906380786
67.55768458561317,-63.98940934780515
46.42023619370366,-73.23263794799641
53.04501122478726,-108.561574060279
53.82214861214253,-108.3910626098713
55.24180934900706,-119.3846430171307
49.07151921695251,-95.9831346594283
60.17209620430027,-116.6941251699227
49.5882551479194,-82.32246559918957
61.68012226135235,-135.9126190719316
49.32234559606713,-104.6069368649228
52.20188208483235,-107.604918363447
50.22418830507094,-98.69408795820186
62.61100551783452,-140.9858058536185
49.31138500194414,-115.8290561789982
50.0437967709049,-118.5365239070957
49.08659894426074,-116.4422998104118
49.60520614429331,-96.84653869725028
62.04462600895916,-132.3413759870924
52.81298981872176,-112.1013220818254
51.62628291481532,-121.4316278936431
48.79854665354928,-72.72636131112328
55.25550401871123,-113.1216673974511
45.57096270945117,-74.83674560091265
51.58387714065334,-121.0918824104222
56.31676921940197,-94.96835313505139
49.97522590999132,-97.74660690694748
54.73040768185437,-101.7036847982242
51.6373435801085,-103.4440460104514
52.91866785429792,-99.42034328901724
49.17447192296635,-106.0423884916434
54.08370128601936,-118.8769211017997
55.43775232864574,-102.331709148914
45.61228252457035,-78.33674086241305
67.20135556925524,-135.6744010124875
57.79360988702907,-122.8858463415555
53.1617644139128,-106.1560689800911
53.80860778917063,-115.9835978962884
51.81728647797841,-121.053480723698
52.6937965896043,-131.4542734719986
60.80537786740874,-133.0461597570771
49.32482527846759,-110.6786212432623
46.45054312496264,-72.65017613478146
65.85663607066688,-137.7057025860315
53.77406357971622,-112.4976409030979
49.75560950477982,-85.00189158275826
55.96359193769993,-108.559019715997
51.79454099858251,-113.7233135190684
51.29323685904245,-111.2003864789144
81.45644872224823,-76.43112587304329
50.86328251434908,-107.6720295488726
52.26241727613643,-109.8199063062849
45.41322757561442,-75.32929524297616
50.02328933094999,-68.72917099767841
50.42666999362098,-103.4497253609822
53.82691780318982,-112.3319330999206
47.97001597150023,-70.07901492978812
49.22467516426803,-120.5462467748843
54.57753437496411,-100.6207774761764
52.92187769360104,-58.24693315995848
56.3244630675619,-109.0538831519859
49.65456209794419,-107.3596272510058
52.31839131412359,-107.6297708809724
59.5597155260802,-129.2228511113912
59.96661698060643,-111.7517427534478
63.02903612289813,-128.2114024748882
53.17182980289874,-114.8549830631118
54.06713232342953,-115.3793128708345
51.61724284788087,-105.0066216249928
52.16260435557861,-123.1592822594227
60.33547580105402,-116.4664807531253
49.65234302606528,-116.3968749883069
50.74233100192323,-110.0568659621147
45.3536173798876,-63.0029442714673
46.94205429475689,-71.71403144140149
45.67494051336337,-61.56901818459542
52.90685825331098,-111.527750244218
50.9831740213605,-102.9717666156825
50.53206752466022,-98.70798795681371
49.97245490890205,-117.301874338723
48.66108935811431,-94.05088833768842
51.49834435862929,-102.7616013271237
50.61185174077035,-122.1053414823471
51.35216550375096,-121.0975823282777
63.41751582753601,-136.8356153619154
53.82909253851467,-122.2376894661347
51.29224602372844,-121.4186481004157
49.80075789946586,-120.7125194154681
50.55593225476428,-119.0152764065954
51.50368286118221,-105.1500204426465
60.67207120114416,-116.4104167726304
54.23887418023226,-110.3358019239603
59.96709243199173,-128.0234317588345
51.4748204359062,-108.8936021991772
50.12852409708535,-111.631885345072
52.16547268796777,-104.7677239280801
64.12416158833187,-139.693599732021
53.67213656649814,-111.484878695496
52.0563167968287,-101.8316397432384
55.81526890423718,-119.9447456085655
49.17245251032145,-77.99248322270529
49.29023069883885,-112.1557426033881
53.10375831018926,-103.8706851731979
50.69335712261579,-104.269955155926
63.83863541332065,-137.9895652801125
51.48334477418284,-116.4754840273214
52.01469979009858,-121.8729128981313
60.15113941803324,-123.224225070034
58.46938038550685,-78.0768479143595
51.21233265173746,-111.0647393682723
52.44732546515938,-108.522077405969
54.03251678677512,-122.8608983216343
50.44638067030449,-99.62819087848442
53.43792631785961,-103.5774767037702
54.25339538395244,-122.4092381594336
56.3047212159963,-120.4846989187377
55.22305325227635,-116.8987372342924
50.4845876096554,-113.9175328001284
46.79890878753771,-76.1652494375045
54.01020646002038,-108.41051067384
52.58029100752031,-102.8694347601517
49.05533827748038,-107.8318198974235
54.5781857272237,-100.6417560641793
53.95342577045163,-119.1554801424619
56.32582454540835,-111.5910971700602
48.52273981940603,-72.24221339689869
50.07938646297882,-114.169848508407
50.44834493041573,-101.7084136983309
59.78995994136827,-134.9142345567514
47.89386150458072,-70.77012497315827
53.13423668375429,-113.2374664612219
52.89108969264082,-60.18492911066264
52.96735204069142,-108.7617636110538
52.08554178746238,-104.9802938396046
67.06416946742726,-136.1774871888854
51.98832458961011,-99.58819170901877
73.41998035613344,-119.644849942763
47.66212037644807,-57.63747558174459
54.47766712948087,-124.1721682854721
49.93044995077967,-98.26162967134356
62.18611472051732,-133.7328439439011
56.17531963360831,-96.48948004879495
54.85901414369619,-99.95479488365513
45.2169903575582,-81.72505029147756
60.05402894885955,-129.188740844615
55.73034199087858,-118.4420418921143
52.57958215264267,-111.6113401550885
49.3078700522605,-96.84911567854817
49.62537702874178,-116.7535792407746
58.19604119503416,-125.7579836343562
49.11832556250545,-121.8725771766162
50.69838543051437,-122.6247908890277
50.37424500930835,-97.34300225022461
53.6615400685739,-103.3657233719899
54.50139698687224,-114.5814310817863
49.86695320464892,-97.75524745898629
51.54233161276476,-100.8027600362658
53.03968439623103,-115.5507678216146
53.06310700542827,-113.8053847141708
46.18932637014407,-74.05196230896313
48.91458910530012,-54.56209065539918
62.41288909511146,-116.4928312858543
53.04686985415925,-114.177686971382
52.50526033251545,-106.0271060599669
48.91760402440089,-64.62309619053488
50.52745526059546,-103.7303110268486
47.61918651470899,-77.21838403099053
49.1344547486412,-64.7446337474745
50.66238935522691,-98.77224520753883
56.50487588911121,-94.1458154507674
60.84426650368054,-137.2388883390364
52.46802241902276,-115.7264905679868
55.63254446290873,-116.4070206558174
49.39426096211145,-110.274126772273
52.91547170917978,-104.8744491768709
49.26119390026203,-95.27952955800879
45.35527487450796,-72.83622943656458
55.97787779437291,-117.133099053578
62.19935059509199,-134.3724216238521
49.84064848444083,-98.32392189948868
61.13566389894955,-129.3684604386809
44.07634250663343,-79.05558707129053
54.04553701785595,-108.4151596327802
50.5576706081748,-120.8675725487663
49.1710947771985,-65.56135557485744
48.14358355855829,-80.45975650799808
54.87984895238898,-113.3105985994073
46.49081280724311,-80.79210217850071
50.23318308279358,-105.2596514349304
52.14689875914227,-101.4662430753593
59.91567574947177,-131.290631351124
50.95151609874695,-121.4337502534348
50.51530111149189,-107.6545187878773
52.10884862463752,-120.7996401598188
54.02148662725703,-108.0623863754554
51.47251678842925,-120.9568545616638
60.99025736602599,-138.6056744116939
50.95135852668982,-111.8889844711073
53.7152386857241,-110.930756446394
53.13838676923005,-103.5876860975884
52.464915908931,-105.4581226845969
51.91785908947021,-109.3324569084912
49.41590933928445,-101.4601692004563
48.22099699412414,-79.86614571071411
46.87501184415144,-66.99774205016232
54.59498468142354,-99.42114148927185
58.74877032659444,-117.2795064633123
50.50022228739288,-120.7979790043498
49.59247694307201,-117.5760886650578
52.89645183920811,-110.0294092048035
51.96862469398969,-112.2062562275446
53.14363405036745,-119.8061737398158
54.09467802854661,-128.6011463281871
63.48079014364517,-136.3474805906326
53.80017351821887,-99.27869308574405
53.87931412216715,-100.2594485646836
53.06700612830312,-61.73098946501255
56.52274484028113,-99.9764331873842
52.21676585233164,-117.180402186521
49.66576512283182,-97.21888036183304
48.46077296666145,-66.03963311115184
53.2717241228824,-106.9001059199576
47.16314922787861,-70.86475865849596
49.66181562493522,-87.76976871256237
53.43792901867509,-63.26565586752825
51.37346319358751,-55.95944094529522
52.83975030436476,-118.1257665563421
48.57153380861561,-80.56137864667888
55.22730466270328,-119.1538987149694
49.87297310619004,-106.4409264745393
48.6861133025707,-53.64339100016443
59.65882983386082,-126.9494352987886
49.22152123719307,-110.2088475813101
54.5393874251051,-101.3760863839059
49.16414905550322,-106.3851527976189
51.00860062119482,-111.4593663631957
52.90028275317871,-108.367257317236
45.65857541583588,-82.26253811180923
65.77196046447048,-137.8459888526995
49.60732877762901,-105.5293558715966
52.05637609550953,-105.2420070780387
54.34364726082991,-124.2738597442525
53.57051323606839,-106.3223410266857
45.38991930956777,-77.44179494044106
46.50531288834639,-84.28353478635225
53.26802757447724,-123.4958307772667
73.32969143972912,-119.6843042242855
49.83420691796768,-93.56322698541696
57.22183186581032,-115.1743462534703
50.45431751879595,-109.8773874721952
50.2517466898957,-113.2570545567288
50.29187893110814,-64.58017328632477
58.51475698608898,-116.609340693048
53.86810697223167,-115.9348802113106
45.83361381738652,-75.1577263478915
44.45627944098636,-64.59530323768561
55.87071628049566,-121.8996952136244
52.8876583793601,-118.4795666242364
50.30347623497197,-65.14029281197274
56.60844681721433,-99.9376052445821
50.10072569872781,-111.9055889368313
51.79449488360434,-113.2795019223872
56.53592424350709,-79.24657054384464
54.98444055677033,-127.3328174938364
43.74639357389638,-79.81031540552985
59.27464952312798,-117.4133850595302
45.6042177526729,-76.55686219712591
62.89982606401939,-129.7043419580723
52.57919927826094,-113.9391554514579
52.32624821913791,-109.1694029192998
58.37773091314131,-116.0180316456671
52.98930644566356,-114.8233020304882
56.39330590387193,-95.32168619839447
49.24556663593836,-103.5310740404593
45.36327480786427,-73.99251780142505
45.13192609238504,-73.14873006887362
44.59742073311648,-80.8681800971854
49.30569743289752,-53.61539766406221
54.59414573492985,-98.3034232789617
54.36553457226973,-97.81218910409027
51.09125859169782,-96.02743181450067
52.72683815496813,-110.3689757256396
50.21557548108778,-106.3462583992983
52.87883915079748,-118.6988612836356
49.54874007328254,-102.4806683477829
58.55656618005822,-63.46784991402465
54.26466433267762,-122.4276193185372
54.19989868921045,-118.6539239617272
50.87562817039724,-114.1865845299043
49.76841208441531,-97.34789515919817
52.93449742071567,-111.3857838622772
58.65438273224496,-124.2621626214269
49.64772839564261,-109.4260813518875
52.21281765168317,-67.78636873861339
53.33606101285213,-109.7993101810603
55.19264009491981,-128.0388014285112
60.81333496565099,-136.7847941772472
53.7377005534067,-118.2977883747898
50.90140674983424,-93.67921564736774
44.89400958023835,-65.1889344007563
49.25144478931945,-97.04023971452698
42.63363739262267,-80.7168883483981
48.40843285111942,-79.82203069792345
49.52305249944068,-114.0213890894257
54.81318181254182,-98.63930615838659
50.77580997350146,-112.0884384410649
49.92322216179274,-86.82048434722171
64.02559639362605,-139.2448167211224
49.7933894388098,-68.72613524404929
53.51782336841482,-103.7433644825211
45.92643896243533,-74.76392056611142
46.32462540923915,-67.49473669601382
53.59138344432868,-101.6664505503188
45.88775660745785,-81.64699019440599
53.43964947777734,-60.34667478499442
55.31998043355152,-115.6647141766146
56.0830382477828,-111.865477566817
54.10948383104792,-99.15810098984757
49.77091348079001,-123.1577239283015
52.57936273628818,-113.1132874681349
45.68626608772649,-66.46181815210512
49.00162734559547,-88.09173183476047
61.94255843615256,-128.4342895559438
51.06708861049282,-108.5620745397586
60.91744960454283,-116.9941596998058
44.63786156525127,-65.65239904276606
51.8655036256141,-101.7728880583326
51.81250743835982,-100.577469031114
49.31234478758608,-91.37450008027143
54.93026446845727,-127.5158655997639
49.2501046838706,-117.6304036057539
62.27094398883424,-116.3872988829363
50.89853210443907,-96.25340829129733
51.14089386506421,-98.484669853863
64.07938612342693,-139.4542308563867
52.43477874760082,-104.3359817763809
49.54588022417943,-82.32171044805574
52.312784996771,-105.7666048852172
60.28353656902945,-134.7487381652114
54.00610468914277,-108.9540726364447
60.07999087826717,-130.9186222191767
53.69908777577095,-105.9583250755317
49.19410513994825,-95.96811806129284
53.54141103033528,-111.4949948331159
44.91558843182604,-76.94911410482861
49.27345074217955,-119.5196654488711
60.68455643952357,-116.427639337833
52.8717984538988,-103.6043433862531
50.95890715297364,-120.2519058090265
48.6894560095085,-92.99950825058957
53.75889572687501,-101.588896973901
51.94779985821994,-120.0887678817681
48.23946478984354,-70.84787261278234
49.57701860623478,-101.3613562304787
55.19980827724502,-116.8988300094256
50.79078094890048,-97.22824465128298
67.90533830225716,-133.5807148315042
54.56564751420103,-124.4910607961439
61.0590528213743,-118.4196686027902
54.09398630969672,-125.1771504523124
53.3387640734051,-107.3037449821202
49.83585873506237,-93.72058369862388
53.47335770388487,-107.0570417957898
54.45670967037832,-101.2464019089891
52.43123023502924,-106.4898929341449
73.8427802349032,-119.8110108126396
56.03590034395198,-111.9159882716616
47.33332572391375,-68.53998746984216
53.54455241335936,-106.3237413116495
49.56158232628959,-107.133377039479
60.85393851087477,-135.5294259631308
49.85005917859768,-95.53767447334215
55.78577786948452,-117.1313665040595
43.57741868570304,-81.34903154776187
50.34623413313523,-104.9846520018054
61.03327556831453,-122.9226211700019
61.00194018834485,-122.9880724348883
56.22145626893781,-121.0727501131286
55.88148566896479,-98.18844508552063
50.94834246685485,-101.6951598347935
60.69623363968432,-137.7740081207991
55.62900173486231,-122.0749822981548
44.88399349653358,-63.86832526524832
49.16654749281619,-116.5455048086952
49.3233107288276,-103.8426476353239
52.58020703459691,-119.0960048794093
51.96264751266657,-110.3400609864228
53.75047588590203,-101.753336492737
50.96402527989096,-114.6137804692934
53.93704531037555,-100.9253984206543
49.14521690915208,-104.3310036547472
54.15091451974413,-108.8093292669605
52.2891943102109,-115.198011399832
49.5164993684226,-105.6162477520986
48.73790664697074,-71.89180209921948
52.14345998523225,-103.4276991929125
53.39185549907903,-110.0053648820964
65.45881330295498,-138.199569126564
52.986655785369,-104.6159696758972
65.07053899891923,-138.243902926177
51.99991329719108,-112.1477040141296
51.15501057166058,-100.3658855625931
50.67055646454222,-102.3944807744459
49.64842442518183,-89.16261212290631
52.11398230881543,-113.3532794980753
51.34975628119209,-121.098985245357
56.29574789504075,-119.8895990066392
53.16158081333158,-110.3628311198699
50.67550059695821,-119.0565527075684
43.70873456279655,-81.2486774690364
55.67124733025794,-114.4931544289452
47.66926018089563,-53.48502712604523
67.24736290020408,-135.1933311842551
49.21227074650457,-102.0655986102988
50.13155354826291,-107.4835197292889
53.36616475333291,-106.7844303457773
47.11239078209505,-55.56384397753165
56.52713965696599,-121.2364823690422
50.23718248133403,-66.33927559197485
46.39485209945718,-82.62037180668334
49.8783280132754,-96.04163605091824
49.7274974880394,-108.0229148000284
55.23082232672887,-107.8104024023523
51.26611687311227,-99.50074703312453
50.16531020456405,-125.2488133067935
50.53340964922808,-109.7630860238534
62.55460507069071,-115.0346814633689
49.42168456515208,-108.7636160284335
55.85935386310579,-117.3419667496832
57.0488822044337,-111.5542016294594
53.36119498806578,-63.0935620283932
46.4922586696994,-61.07663780470433
54.90819302540886,-120.9618318335648
48.20775850819983,-58.87020416720397
49.85339046177845,-103.0225904771708
56.34179178825713,-111.5893044948377
50.31946001881342,-119.1522598730539
43.83319541741628,-81.14528537780754
47.93709993354867,-64.4744586674203
56.36373484655186,-119.1641417559025
48.96107475817799,-54.8187789874662
62.62693277390189,-115.2240650645527
51.45457469734577,-101.6466932537486
62.06178797780566,-135.9309084609057
60.57356968608445,-133.0768177527604
59.9205354499501,-131.7144579041976
50.64680281957665,-93.2523139961681
51.37159238973486,-112.9667483878824
56.33340658780424,-120.1101562397295
55.3461140298436,-116.3335297149885
48.3334281227501,-89.78698630995736
52.45898178536768,-122.1195327469351
52.04657966624185,-115.0869865074762
52.75851279667413,-108.278050925049
50.55856877493382,-90.61294405440302
50.22495748930502,-115.8714823590496
56.14604961963457,-117.2897575921648
49.01934130685723,-57.57679380651724
55.98570782735153,-111.9814866413714
45.06902340828248,-63.83444085813353
45.84338827700049,-71.37675595549727
52.35525426585176,-112.1882375355749
55.83984114915295,-119.4199384055513
47.6606716966975,-54.73688727154753
50.44724386088946,-99.45873747620051
55.43288324861833,-116.656124152723
52.02753934656459,-104.41100735173
50.8966051018489,-111.5938533193562
51.2416507188334,-108.0207151205639
47.38568247616559,-65.99168555548124
49.06263525593867,-54.55246521774261
46.42985038254834,-63.19239592531497
51.03558126086118,-95.75188055100885
46.23822441278632,-73.5192536954198
52.76399841115659,-113.6440862942584
56.7428161158625,-129.90577848179
48.05353288838504,-77.34305047572762
50.96303672127027,-118.3731201222001
49.72707297678478,-102.6837789509502
49.60343955175993,-101.9732811341357
49.46437309383186,-98.00174689275124
52.04317942942035,-119.3302765594803
49.56344889061237,-106.7494083224089
49.5491063932382,-105.2112441017536
49.29850288267819,-101.2567889546121
53.2346884169848,-105.2277636356077
54.15027417927715,-106.4638290373666
52.94825333855616,-111.8421760238979
51.00886378778053,-112.310101021003
46.39015437902061,-66.91077142847502
50.41294500045674,-115.890422031875
48.00213319628796,-79.70291791990215
52.89401386373774,-122.2972083222168
54.58420443114714,-110.8099089901678
46.34219521744075,-80.83355071831578
47.70902332033103,-70.03241974102
52.20911741421391,-109.1455020074674
52.56047873581552,-107.3715264712636
54.42427296884122,-110.3202977641577
48.46057664542001,-89.28632281887454
52.84219640719408,-102.8033186256251
50.04487054369585,-111.5932216663587
61.07440362874584,-117.5004879777185
49.50911369754368,-109.3825891344671
49.81900336012412,-109.7163653371366
55.56911820760232,-117.1313332495498
50.14908097936183,-98.54888271416522
56.1316724847849,-110.8975897527429
50.22136263707092,-126.4404675001373
47.82050124760065,-67.07152369148575
50.23401390488612,-98.56066177615301
54.70981462289799,-127.0472287071998
57.79426011956367,-117.6125173574777
58.76787650120779,-93.61414549408454
46.85405580055727,-70.87819966972661
48.03683941029009,-89.48741383555871
55.36652779599518,-102.6421007749407
46.86891183142527,-67.58302581625719
52.39102129715464,-114.6733970728465
53.64427516468768,-120.8866441346373
50.92417091299622,-103.2143317995651
52.03919681755049,-68.10971654330017
53.3193835539641,-107.2341501161664
48.58869217484169,-123.5318028144624
55.91247636464129,-98.47062837080038
46.93823388782045,-64.90222328398438
50.9226928443164,-105.123995988302
53.82382654748614,-122.9693228129164
48.21764352684276,-78.74413392968789
55.37812648708456,-98.30437746502184
65.75002164583123,-137.9497916863175
49.43813509303816,-101.6413607079802
49.12236883611463,-102.297392954579
61.31855238540469,-129.6055842228073
53.38716350096193,-120.3814267155329
45.59877281892683,-63.77756885473411
54.54419475159357,-112.8033657851254
50.86894384707456,-108.7979688605762
53.48165955668818,-104.9159690749864
55.45786451843486,-117.1530637097975
52.0563534078581,-105.0852147066837
54.58729204966322,-112.7354680537937
49.14502795616463,-103.7205390223861
54.5213330134792,-115.4377459861552
54.55810920916452,-113.8712778290779
53.36483640912816,-117.769212116573
52.08136357016649,-108.0332511366615
62.08846354559539,-135.3257213852035
46.28014656637786,-76.13600340257162
50.41118613703532,-116.3129925247123
60.65184190983662,-133.0259815855742
56.91570624674153,-115.2132464103752
48.5523227929126,-124.5318848335659
50.64053878294396,-114.5193101139786
49.22787998386239,-122.0159699887576
49.00183115467689,-105.1623221998317
53.33675755739922,-65.65329144121252
51.19607763593474,-101.0887510930651
49.678906913593,-108.4215554852356
50.65751635325875,-113.1440865480242
47.64942193599261,-66.59663803599037
50.8404015793279,-123.5017419458946
55.1227003752833,-113.0324713752153
50.23435369780651,-101.8695923910453
53.25058380403306,-123.442810444908
47.67644067286916,-55.42703604669426
58.76466959581713,-93.92139409564302
53.62813001427364,-110.9649219561533
52.01051195081079,-116.5761371490467
50.85280624250484,-119.974745571831
49.625985139661,-104.7251969506233
51.71426597349099,-104.6475397084817
44.88773986421394,-79.17421331211048
52.08580105114659,-103.8356786282113
53.87136397547695,-99.2411145870702
52.97599334182145,-122.9633463065793
51.41620853109267,-104.6872883372203
49.37991632991988,-97.34811810944677
46.9492566204726,-64.85395000256467
51.31153981728625,-116.0269247906795
49.71159126993629,-87.15158585829826
46.06127825950534,-77.5299507684299
53.91203784434474,-100.180449736707
56.42811284069042,-94.21119123700102
67.68937656890564,-133.8622413148385
53.16149065508347,-110.7422541978066
61.0925211076446,-135.2839365106751
54.68925837234249,-114.1027851933945
46.11793773186488,-74.88981749807536
50.71581993853207,-105.9855261269434
53.81545265468776,-105.415466066997
46.50857140183339,-82.58167817982365
49.58074644195241,-114.0914939582557
48.94578961818559,-81.00478765607673
51.19245284989056,-120.1244257690186
59.72021684101567,-112.1736139138079
54.33403897804027,-110.4643382368794
53.49238919448366,-108.3732608860903
56.01442811870958,-118.4114144535453
52.90056869679638,-58.3093606291017
49.57694417444706,-100.7474105812456
61.36618226083385,-120.8474333496164
49.87302516484633,-106.3360465414229
54.35624763459113,-112.9385067686511
49.59053463875946,-125.5511788244459
46.20857526981611,-67.70971971871877
49.7195028526351,-83.84885524840777
60.97193253169696,-129.262416705342
52.78380556140106,-105.4032984495087
50.06362667767084,-100.0038804460118
48.72409150375547,-85.65478497653791
51.4604901024697,-100.7004694914072
51.39460492296951,-55.92011655639931
61.62418811594542,-139.6566642623639
56.92745616221033,-130.1923111256719
44.39909031510692,-79.51544727614048
63.91157396677199,-138.3307853261208
49.74196231734793,-110.3248993686555
48.23958935879683,-90.02589664898322
49.37505030424708,-112.9841178472918
47.23316874547321,-72.85024085988286
51.6424265251713,-119.9813578467553
53.4414109629812,-123.6344107511865
46.92320863039025,-54.16798975866216
46.15315128366953,-65.9223434365375
55.51488619433,-118.6738833947252
62.6957263629284,-115.538707690063
51.28461108509599,-117.5823112269307
63.94401434236577,-139.3370129268775
52.55162676862174,-105.746613828265
55.73424662154234,-118.5112095068787
53.52550717007792,-63.95409785325829
54.55880214208275,-113.966855114053
50.76686913301376,-93.15568298354577
61.1442590710936,-119.1267646269091
53.14942721552034,-105.9380105764056
51.50315539639733,-111.1066975648808
67.33472427307204,-134.8892790334959
46.21020579811189,-72.64361460341254
54.44325420343748,-114.6969254320608
49.50669519251908,-100.2402273832464
53.82714722876428,-123.7739406593375
51.38758358013523,-116.5378905814898
51.09732708771649,-110.7956370581199
51.75120296547529,-98.73541696095201
59.90968728119411,-131.5446587133427
46.9181522086541,-84.43132943536325
47.9631379133088,-80.01519791662244
60.8536298516315,-135.5895240968395
47.74363121190522,-79.40943660400929
49.35492953696089,-97.88837716317907
50.18480275346865,-86.70503383283585
46.80727601449193,-60.7599359984257
47.79899634036111,-71.23374817886966
50.13345747735927,-105.555320722858
53.50174027983655,-113.0365825141296
54.06507205808543,-113.4105095263238
50.8640205366825,-101.5786135718868
54.34630943080024,-109.4728245248517
50.74701749075017,-113.1672098109753
61.44163993049758,-117.371511602718
50.48478269731208,-112.797558939191
56.14044785345359,-117.4711799686956
56.30998306938239,-110.9579607802176
57.64381385536308,-130.0577170917655
51.58101355198995,-111.5182899053393
49.71960992596277,-91.21600215844147
53.00154639276877,-123.3217043663443
56.24558457284436,-121.5059488272314
48.7960105446796,-89.08415106124721
51.74416071647745,-111.0916597359919
75.4464048460571,-89.77630892750852
44.90990947728566,-78.79521754380815
48.81361185752831,-64.54742501939677
49.00257719320576,-97.22445289543253
51.41712225037107,-55.59583143457699
53.42426764236539,-108.8702637238249
51.56064208082523,-121.9497762618043
49.77538049914777,-84.54419711340879
47.84330133066507,-54.39459793811059
53.73956625890143,-123.0566928374224
49.66691162231688,-98.86994486197504
53.36568436412622,-108.0868304448579
53.65751493093033,-114.0147427570229
61.11571723743995,-138.5607324511423
51.62016038196163,-109.453595191247
54.49542398143508,-105.8090069224058
51.18276292971463,-116.8529145285105
52.15330245549767,-123.9110177730629
43.94603648659661,-79.87682474966466
52.42296660453052,-104.8849488776091
53.07965476498318,-119.1801707007398
62.98480857117087,-136.5076824950815
51.31436402108951,-103.9931448298663
47.62465017954283,-72.7377228766806
52.39433818726283,-114.8413822518231
53.36569010158008,-108.6129082046037
50.91423422519618,-101.6956638948682
47.28256584450577,-53.87658774966528
46.84829157247259,-67.43307079223962
49.24832622691282,-96.82647239538328
51.06715053254685,-109.0939047073069
56.2474272673915,-118.4207981236558
53.36047554160715,-101.1312540926059
54.2652469717856,-115.7124600815521
44.80290272707222,-62.82459474544996
48.76033722796535,-80.80198985929722
50.34311128421348,-103.0372242711032
51.31092246478321,-101.4205775184846
51.34773502572484,-102.1947886182669
48.52330192917814,-88.9282720283465
52.49858619019795,-104.0462489842226
59.16711115334481,-129.8068941018714
52.88753402979611,-117.849011107116
51.25734807861496,-68.18356433143029
50.31007992261672,-109.5598763431628
45.59598095972917,-67.31726042831848
50.5321543199039,-120.6485677719488
49.71983706283302,-123.9717464554079
51.04316030469283,-103.5276244846355
50.11324885399164,-113.4132723839566
58.70342790081707,-124.8734271477724
49.51148055860552,-115.464061526869
51.78750267179953,-68.1066906266531
49.92251345869607,-98.07891419714991
53.11915502302015,-107.0746520864608
48.60952766460515,-67.66135284573288
61.98226140707293,-140.4771370121434
64.15243908731048,-138.5472285598586
54.89311454502393,-111.8788390120391
52.57419340569005,-111.4203710165183
50.21318384926192,-113.1436357179504
50.53656468599319,-97.53767403591617
44.81131146605798,-80.11930405892869
61.32633123492852,-122.124165183869
50.37296211280567,-100.3921943498226
52.09315848705056,-114.4644337103068
51.21213705814923,-90.23500420760273
49.05793505573983,-113.6942349717803
52.29444717832885,-107.9797097931663
54.07523399248669,-108.3027156452576
47.10826044051468,-79.35732070757408
55.92243920817868,-115.1639509877729
47.0554959713728,-55.22203786409385
54.5013969907704,-114.5814429992388
50.3723169725462,-90.66391664136005
54.77387635041844,-124.3338173267272
53.44708982226561,-109.0396334441928
50.52923261834184,-98.70881663748669
52.53583773360009,-98.88502192261514
45.75281885447539,-63.78879079285593
50.64316589577096,-115.1147318252464
55.3500602908619,-115.003576988886
56.1064620429543,-129.3732553795065
54.27348932664287,-99.15071027710783
53.40336651263663,-108.9777945864765
50.97940167861616,-110.1269833199196
50.93587527763761,-117.9959176434147
55.67373969459685,-108.2643257276618
65.71154907440906,-138.013399733875
46.82119152171424,-66.65538738747063
60.44289057972667,-133.5623754630186
51.06709963472835,-109.3032995088644
50.75893731694863,-116.2354334853724
60.81363809961532,-135.2670109940741
57.81827888722223,-122.873213832038
50.89921682720247,-112.2436414257992
54.24683627644484,-112.475721127402
59.59197551046442,-126.5880706120617
46.43070388332855,-80.41961588903732
53.01796682950778,-112.533869356066
51.49212545407002,-104.1765723264789
49.02428009566256,-72.30690778655251
51.93989201412468,-108.8879890075541
50.2804084048872,-65.78405787254263
46.3897298227952,-83.78187024376159
51.09520513080952,-103.5056270000625
59.37550210533165,-125.9683042972066
50.65692799340464,-111.5236891768512
49.22927091241468,-98.54503126970694
59.58171978881948,-126.5428740856202
65.39766124828337,-138.2728027095149
49.93559770922464,-120.7292291018459
47.25970295478798,-71.2261826360994
46.46946814111277,-81.06922898218205
49.31575294384334,-102.2756384555276
51.08055148474926,-101.7028131300823
49.54754683086757,-101.0991913368291
60.75495308514592,-136.140398526996
49.37365576050982,-115.2202488473867
75.45625750062544,-89.32350817888417
51.99940381367065,-106.7425842733876
61.14563851233024,-135.364332838044
48.85468606963882,-72.32824128329351
61.609803508077,-139.5464149727763
49.96380609265538,-103.0299718277398
49.83813501095877,-105.0550261692834
52.02835149900439,-115.1464866851255
54.3427759006234,-129.1874928459275
54.39167182490159,-110.7051763775695
53.70057677194697,-101.5641819665999
49.08694594616784,-100.5556410959731
46.43902749525793,-66.42977808995404
52.90608572352596,-110.3655018522514
51.88507846181686,-109.7611530062044
49.32824653848893,-54.41419054313673
49.94578650363552,-116.9892710193411
49.47349226746389,-114.1265896756074
49.06003499456511,-68.58699749808939
46.24734627827841,-65.06990120205336
51.60719918708921,-111.1052432146261
54.01198092041511,-104.6913107505654
51.82897255118234,-112.721592169421
53.8862211191547,-100.8884157710768
53.97386722701201,-114.3021598288929
52.33524303033644,-117.3336885252347
52.08516861280646,-109.5663026862259
51.03056379180388,-111.5649307735618
47.08728640814246,-76.56884277160957
46.46485435783496,-76.14616255634368
45.82649558172049,-77.02396446140493
58.61232109227554,-122.6679544148388
48.60409256234166,-89.94376557442084
52.55517902713935,-119.1112883619802
47.89292624511686,-54.11661772985715
61.85983132489866,-116.6071676428931
53.13430205287777,-113.067620395928
49.42696092217506,-58.05857659143649
52.50939170607224,-111.8282194279812
51.67163589317074,-107.492280984829
50.22604325224306,-119.4709139200676
52.85689610635761,-102.1087803931952
53.42428650266253,-108.7006645451436
51.12021738009669,-111.8650192800955
45.89811268828154,-71.23111343654844
52.12108200035935,-110.2429617393813
49.74144590681056,-115.7167171483981
48.34568104677193,-58.4932530246463
49.20339719668804,-109.4259933205393
47.52669180983389,-67.1471792809589
52.31199963880505,-102.6286599310987
48.08579078032244,-86.02793098745732
49.5549568685204,-84.65155760813809
52.53481861032065,-107.5886145680801
51.91104191645823,-113.4090971632346
47.63185723865925,-55.50948972618676
50.16419977717408,-106.3855419629098
54.28268218799882,-101.8176945614986
53.92393970777584,-105.8960560527956
51.43964152005292,-117.476806321461
48.41958598365547,-64.48047405191359
49.57301624508034,-74.24802523997211
52.63770514956738,-105.9283787154957
61.73750357970012,-131.6631580078905
48.42746595882599,-70.40984229683666
67.547860235879,-64.01378270277303
52.54236171323718,-106.3933308862444
56.07260442276319,-118.1616476832882
52.29663390275065,-100.9386147188069
46.62340454240184,-79.14867947369845
59.91065007346387,-131.6034841015257
55.4714854481001,-118.6545524019098
55.26273660452559,-118.0259055453416
49.52358825757285,-111.9705099882638
50.12624513235761,-100.2335454256659
49.3549882670377,-97.6139521086951
49.40631321509333,-105.2039372046943
57.49810821989808,-115.3705032540915
49.79608745138997,-124.383653953511
49.23059875284917,-57.37705573513797
46.0709766131226,-62.54310210431575
53.58562804695468,-114.9432539958131
45.16304672182419,-75.91434494213695
60.48536049800477,-116.3123575042595
55.14149650927047,-118.9004575163419
55.72320611896306,-117.8930582839633
48.20817118862457,-90.44165760508665
54.63773964956324,-103.4470249660304
54.55453064567705,-117.022003919616
54.58726663869091,-113.1141476826614
55.98366040909846,-117.3392313494794
49.98042200286258,-99.08727310652132
49.52274055596546,-104.1708333703363
52.284958465659,-112.2150351407895
44.4128474765853,-79.17236489913594
50.87873086367658,-102.4709128543125
60.16725791571596,-136.9875152745153
62.09819541970194,-136.3211478863994
48.05612443634649,-65.14128506910347
52.16137829267418,-107.9789829845027
49.0865803576771,-112.3445709921246
45.05404378007447,-73.24854131251612
54.23134597597742,-104.6133381236724
53.38778814804888,-109.1848063920064
54.09810300206829,-110.3965323817481
48.70467473512768,-77.64385367075491
52.60056952393887,-103.262777044471
45.94447256427387,-71.53108544365595
51.06296632521516,-106.5158904735974
52.53877680280748,-104.9088454427194
44.25015951952723,-81.00373430977744
47.03133833207755,-69.88697854296085
51.78889975427548,-122.2417760382515
55.63313142807023,-120.5613977352473
55.01731339635067,-128.315046392274
52.74499373721913,-112.2293617267866
60.02425230388208,-132.2285669501195
52.23031263190845,-111.601778188034
52.84183958722644,-109.8353868984536
50.1109688997034,-113.6224151334014
48.39373618810819,-80.51896585875171
53.28953143468505,-99.33494691081637
47.92187176379561,-54.28803600745074
49.49024628871398,-107.2845200078196
55.49880027327582,-119.3965203343772
54.64029700610957,-99.86248719085577
54.20651590067132,-101.3667566051748
49.66829161770408,-104.0906788282286
49.34809321132639,-105.1390917234975
46.79120489671612,-80.87649318911659
60.41285035693593,-133.7117756204137
55.97262719333963,-99.83819914931986
63.4181715808819,-136.5331373568201
49.20353213788103,-113.4545183885217
49.31904968231473,-104.250704061893
60.45511796204961,-134.2345909506281
50.06052471353873,-104.652553513457
51.79477151329991,-114.2736146578691
45.62705232037476,-73.13243856202887
56.13239054148946,-96.82094824026336
49.0729463066349,-98.15533141649394
50.83448480258416,-110.980288403952
54.02554320551229,-106.416248893283
53.16136815936795,-111.2240204500975
51.47493373649844,-117.225911089307
58.24620863422474,-122.6414962013898
58.79594206788578,-125.0267919934921
48.85988697816109,-68.83756155980319
45.871795775286,-60.99758458497591
61.44504364050849,-135.7660528416884
51.5037758173074,-106.0192699623125
53.92526888311064,-118.7798586614482
64.15454100149316,-139.7696048618666
49.29492360973961,-113.0771623349455
54.61171118697978,-114.1028539623718
50.19565830905049,-103.1684641672959
55.32385799554448,-118.0258760019318
49.49349234857021,-119.5078114539265
51.00881811551919,-112.6372176970024
50.8606891040284,-97.92605555094372
45.95365428792246,-65.52201906056354
49.2367809161389,-123.9926551184358
56.08177498266548,-121.8231093819053
47.58231195292741,-78.49932272624086
50.57221057382407,-108.0018168958345
53.85055466541987,-114.1754767073554
61.228632837621,-120.4130538663399
50.25176373779637,-113.6545469663592
50.1714920794095,-57.59912597910705
48.20217505485095,-53.73748057920606
48.36000457613724,-68.45719415511535
50.24141748995461,-113.6672630891833
51.16532296159298,-108.8873758379222
55.12734951505061,-116.8988007030449
60.0345063487075,-134.5996278192156
55.09440708290924,-128.9656559975304
52.03882473381687,-103.8154088878821
52.24593021377963,-122.3731758844641
54.6608706228349,-124.1466642421353
44.0307975276441,-79.32881528061519
45.60962819957894,-67.08822704881206
50.04778525158075,-108.6862069312642
61.87516548489584,-132.8413553086117
52.57993926398842,-112.8392859133874
51.34377228649326,-109.5857097246593
50.89619168568756,-104.5009272888852
51.12695417705851,-96.25068124150324
47.59494818085387,-79.24462299672916
54.23167670829507,-105.9642776111387
49.4832092337974,-82.70551468645128
73.83342675367302,-119.9758312257268
48.35026561785985,-70.76694976274709
55.34392254135153,-115.200684777879
46.12192076830144,-76.48544443945269
49.76627423096958,-112.1270475461159
51.12913496813333,-102.3339585031171
56.76596590301601,-111.4734172069408
49.37123590203044,-115.8677747461112
50.83842503208291,-123.51192440448
50.93577535460506,-117.9956385853881
47.07935210554125,-76.53751735528637
57.88405126575952,-115.4936182802331
49.17025906224298,-113.6308616720584
48.93423108281932,-73.18429217454128
49.39974603161838,-108.7636131595668
53.76995191658626,-121.2271273619289
51.0233435588701,-114.3985666512238
45.70272694802855,-64.35558293865634
54.5928288884541,-98.20967019399656
53.803435753191,-116.1675342545623
53.28023818314535,-62.77610374987891
51.63263802014644,-68.23199778228343
54.23448129857227,-123.0604161272456
48.58922505550814,-78.84386439288579
53.80041323554532,-114.3488268275768
47.29572952971969,-83.21136131848513
53.33628112095808,-109.8380958124164
42.94721745531709,-79.17345869012645
51.38707157586625,-110.2659263834392
49.06862491802171,-58.25024797170503
49.04264206664839,-113.4902884372515
49.62024482367653,-100.5193199016417
50.22579926769578,-99.13482464624857
53.66292663846975,-104.6177281395648
50.51500434045916,-101.1489442936639
55.94129015270769,-117.1330823529213
55.75519473349557,-120.5590174651437
49.87352429331401,-113.3123189688464
53.77316607575632,-111.7788504392336
53.02074881923942,-119.1382932936407
52.72565165413489,-108.200724775694
52.79013166744983,-122.637374830947
46.68867724702093,-65.84334236780113
46.89113104369852,-55.88907968840949
52.36577301558837,-113.0675516689745
52.84346282424615,-110.6279298271366
52.49451517518827,-108.498624922149
65.55968499381206,-138.1840367078194
49.34107833677333,-112.5093523607801
50.8886665164877,-104.0390503781201
43.46782444395985,-80.23861503285771
53.39584797861126,-113.3690998250974
54.8030436873025,-105.4130553581941
45.00248723181496,-63.22111228042434
53.59292561092806,-123.0875995050429
49.34187252211488,-57.33640099123132
53.36548258801864,-103.6456390469828
54.12390966214189,-113.0259678108949
50.26711781631767,-96.4948564674996
49.42645946469784,-115.9407140980734
50.08003048111103,-108.5769942737701
53.32483920852923,-111.1130690199976
55.44391831445821,-119.871768328979
51.88859229698534,-103.5650636849439
49.94527551786878,-103.9864761846716
53.49699104998356,-109.0749196033997
54.24686638328237,-130.3188167564952
61.25310192228585,-128.2832784629206
50.84963051566304,-96.24465063764858
61.44636898682403,-135.7673955268383
52.14395978767372,-103.6731531552252
53.72844682192321,-122.3655963372498
48.47408459966586,-77.99570704357733
50.81307395944546,-100.3619283077064
50.21636203001158,-101.3785715201758
53.53503493951533,-102.3633537946748
58.73731772330977,-122.6806940259792
55.26565358042852,-113.1486566694112
46.88168843197561,-64.95249137719776
51.43258197319136,-109.8611155789118
51.00688345997847,-101.3512259411382
51.64876767604968,-112.0271079428934
55.05458016695952,-115.2912820873165
44.97860215417518,-77.58592702986017
49.76785764373489,-85.54895119306896
52.2564479592527,-109.8092626442642
49.00632433076657,-80.58952963930629
52.60468876357791,-107.3715281675601
50.60289550447875,-103.0285579757652
73.97004830498904,-119.8698552565427
50.12907294961221,-121.5605778422523
45.51824842680621,-63.21020469689443
64.11723592965288,-140.6898723434113
50.23643840431971,-93.22110505472286
53.6654501666262,-120.9040074774279
50.2914934555592,-64.06931166214524
66.79829827195123,-136.3363207850847
49.76942132726414,-113.2875572122319
47.13685901977843,-83.10896054907708
48.89655494946109,-88.54883376637206
51.0143755754085,-106.4443099154831
51.34178498175699,-109.567227899462
49.41931829976154,-115.2490076749399
61.33033008812166,-138.9537522087811
58.92995204057321,-129.9763361251115
52.59471500546505,-101.0583240361063
50.95863094040268,-105.7122725965693
51.03683224789204,-109.7476268698314
44.56630210956634,-63.74086492585923
47.48198811519266,-69.86187619938187
52.31909916017574,-114.7110687864152
60.32697246876109,-133.040439608167
54.40981496068,-108.264767819189
55.76782268535434,-114.2057540312696
51.01204236330377,-102.6829361728335
55.42539256553186,-117.3603279507496
48.67567433602981,-78.18286434791679
56.33379866245307,-120.273433276229
52.62576072936351,-114.2098383651795
50.65953290323488,-113.6704853556352
50.06362610830247,-98.46724358086472
54.12094090766716,-125.3493374182149
54.40505544964316,-129.0235203687668
51.16387296925495,-116.8134817958128
62.18460520974863,-131.8000523826292
56.13429886204658,-118.392068179639
48.38968763993201,-78.91204533307402
49.84279665142144,-114.2495455520362
50.70992506434548,-105.2166388758053
52.8142942179962,-113.1629609986868
52.69632069231127,-104.0068196037522
50.28217469831565,-114.6020423183083
55.25828321600692,-127.381767380589
59.8344754037816,-122.9786430277167
54.49252833677281,-104.0941914660923
49.23883321300804,-121.132410133386
54.97841858645889,-128.3566724268154
52.22225463831301,-110.1001409294164
56.89414490409075,-111.4516378385659
51.50367659272308,-105.6400799215394
51.16114732291777,-108.3489833095349
55.2613381997058,-116.4876778754907
61.69261383826203,-116.9272350437549
48.20471477550202,-64.82811293804457
47.10442334349138,-79.79326054574774
53.34875820378853,-123.1038336813186
54.45377699923419,-129.4727435605033
53.71350052899988,-105.8319296690278
55.05459871720424,-119.5259400695657
52.34399871550109,-122.2916936136097
50.30679528901582,-105.5347010220926
50.31720945837409,-118.570279699855
49.28154364140842,-108.404849527099
55.18415106509607,-122.7647164788768
53.48260965665185,-111.7957787741783
50.08217998028798,-91.91802977113412
45.92397642171478,-80.02844694121369
51.63423047400387,-109.5976252935144
52.88638592575579,-108.472373671899
48.95801749758044,-65.51408538580738
58.51478915332882,-116.7143021325236
52.56456309609234,-117.7023272184482
50.8916868236019,-105.2398469526581
49.91326275244595,-81.8783485699898
52.92325451268067,-115.5897235842731
49.08043882685399,-81.00280698589229
50.77606388718822,-106.1027830957021
50.51564431264173,-106.4856464908825
49.26699100444133,-84.77355678257621
51.49594360073152,-100.7307504878242
45.20366120856318,-66.953880439254
54.66946823882411,-98.27356457340137
49.50247357729796,-98.08266929253557
55.01137126106337,-121.5290000368498
67.3983107251524,-134.0047889320633
59.9380787690969,-128.452133524528
58.72374161602737,-93.73814180355072
48.87834248097348,-65.22127029613155
53.1324148472337,-111.3700688387591
50.11389304073221,-102.8902430050398
50.66948757879646,-97.45712527349218
57.43374082889997,-117.5230146616444
58.56283221333334,-119.0625836122526
58.69871302840552,-65.96621056238371
46.23761788437973,-80.78366601996315
46.21418467084829,-71.93073873711667
49.11595122978868,-103.1681963803107
51.70765905885621,-114.2079113924667
62.7414253452224,-115.7045463724802
51.76591030807261,-121.033981492464
51.30581347966179,-106.9351705154737
50.11083640606982,-66.70813999385769
55.19500465511537,-102.9249648335152
46.08004895932775,-76.54812934463047
48.91893069344685,-57.88183662897751
64.20751639204087,-140.0877852657084
52.57917109858055,-113.6627563878769
53.29264355261503,-65.91274751163841
54.73275351434513,-113.0994036464688
56.7000119007238,-99.95953375591738
49.65060771633836,-76.00595681056645
52.06814825593035,-115.8257916530245
47.77510957540553,-68.56489269676065
51.03176583269146,-115.4124573742582
46.83090834855036,-84.53566794411928
47.44531534200381,-52.94981873584054
49.58463252289728,-119.727374424878
59.51329492067529,-123.1729931010483
46.04083054297399,-65.42201343259991
49.41395311367619,-55.21188972279226
52.49316281553158,-109.712148005594
59.93045715545634,-136.798733276454
62.02965189652847,-128.3392115535796
49.21152308512428,-116.1906153637059
59.44514863154832,-129.2075923751111
54.37972124866278,-116.7693660839294
53.83716461199619,-108.4118512753679
51.97126132583779,-114.7389677186322
50.01245669612489,-111.792201497445
50.06514361207037,-56.11266823732085
53.27780485998134,-105.2927522282765
54.3556847988459,-113.756769946661
52.12888956107378,-107.2010297076922
47.98938242831996,-57.64543965370679
45.91503648716042,-82.28775874588754
53.07644771416347,-99.22938469170911
48.57210155129105,-124.6199756593171
45.7287556122832,-65.22755388763827
60.42741512301819,-129.0884559635711
56.37273664962283,-111.4966162398252
47.47228860842451,-53.03348106486204
54.47884273728791,-110.5603265124215
54.28110593145085,-116.1506833870292
47.37150851506988,-66.2948738304362
52.93895603733394,-123.4786632889833
50.02273798892669,-124.9925364901854
46.27326689174538,-83.54497745406027
52.93338884206505,-118.8351212635133
51.36171016192658,-100.0760197882875
52.95858622645272,-107.8659685899385
46.17458232213222,-67.54776114421435
49.87397324186571,-124.4853048848274
52.23026530768926,-111.6416780426003
56.30472950540069,-120.6015090862646
49.18934049032373,-118.699952542803
55.80084644483519,-108.403068914056
45.98246966323079,-71.61739855095553
50.29269714910907,-96.93920203555054
54.00759567701246,-126.3019038411414
45.53399755872505,-77.7099730356782
51.41630383807201,-104.8966026967744
58.77042799831992,-94.18070141019331
50.64269411101254,-114.4908789606938
52.3190543497921,-112.8300167536397
53.70855947779478,-112.9264422072239
54.15182032125237,-113.0808802573859
52.89265381332704,-110.8263022545455
45.9157886411971,-70.97857575610315
55.906404276538,-115.1615731472114
52.1147250116903,-121.9733076898417
58.56563011725304,-117.7713657666041
53.34374865435913,-110.7269030296222
63.44879054378537,-136.4571669138735
63.95118394171484,-138.6665527475687
51.08134887775292,-111.8655422391697
50.7362254429561,-100.09873184766
51.37259227137944,-104.2036113528879
50.43362106149385,-108.8231785378139
50.20182259520153,-126.5015810607913
49.22615428815255,-104.60682714622
48.08376348158112,-52.89082378492999
54.73394115636115,-113.4388606598515
49.20299516329793,-122.2291685523042
53.37659545522626,-120.3641102058271
47.63046834804261,-77.26291031980527
46.60233627035051,-65.93137720838902
46.35878968880905,-63.45723383334445
50.50217898446859,-112.8452263938535
49.60677751610532,-86.13598627814409
54.49976828476743,-110.207516362467
50.14392228053599,-98.63624443831304
60.68378177731657,-139.7816086949223
49.68560287900682,-120.6003000050069
52.84348641181617,-110.6678921565199
50.89459015526334,-93.6052635849609
50.51972882821604,-100.9642989049012
58.01662573180585,-115.5943685322259
50.01262354004773,-111.792089353774
51.96889668522702,-102.7349600518569
44.4287275561856,-78.46834246882791
48.70992479911545,-89.51224777855236
59.09751105482973,-123.2449008536519
49.82442272929858,-75.28186312587846
52.06776732280657,-131.1125457205667
50.13525325423432,-113.0226931100204
61.65528269199093,-139.7303082219027
58.51706566895962,-117.0896395327589
57.84690014201488,-130.0016731154977
49.82415183124502,-97.4014093017854
49.80610426886677,-126.07549345096
48.95097048966656,-55.87622603071166
59.50500918368825,-112.2153019946283
60.25728347026605,-129.0076756198794
46.32408260980947,-82.19375108715262
44.92512820304836,-77.8741108019508
50.36808021408134,-107.9122727135247
52.23033017309155,-111.367680267493
50.43308336418266,-96.01432292921697
52.57776459335051,-109.528322047406
64.07945039906932,-140.9738225618032
46.07944302208961,-81.15736546113337
69.17487719912022,-140.192498138826
44.33206703902606,-76.69130368377809
51.27117992922302,-109.9193488676121
52.72767072393173,-67.41407833484321
45.94667761534623,-63.93156016314532
55.42801456992611,-107.9766249002251
50.77602339516572,-109.8678628568079
50.38602901171684,-122.7033579549354
54.26818208189773,-122.5096153525756
54.39350653704729,-107.8379241299055
52.65702709810999,-109.1454944220841
49.02874434542044,-115.8652012806052
58.82567707050602,-122.8726714829126
48.99947733624334,-110.2219464081354
73.31269083552593,-119.7185421049547
52.54219690202639,-109.1455332330842
53.89034025019827,-119.1644459263213
44.63412176495752,-77.97467418971033
50.37746122054838,-112.6391402968766
49.44877353992451,-106.3207731644828
49.08902267538434,-97.90370886296147
54.26801048483451,-110.8923753263265
51.75425899271649,-104.3627060800382
44.48262044964522,-78.63629659866629
59.96664581734785,-111.7519200314174
48.20875681798634,-65.7644825039137
60.83888641004218,-137.2967720314356
51.97277429947631,-100.3144159616126
55.09507917023119,-128.0864040000853
52.31772887029565,-113.4002216972901
54.33315989816901,-111.2783053115027
49.12768528127565,-89.32274570164772
49.58752734394553,-112.8827701323107
48.19658075169674,-77.34419088259888
49.41583699532084,-99.74351269431263
50.36771842404452,-105.7557283291899
47.49235749704329,-66.9588047331595
49.42878960805798,-97.9531487522101
63.54309257844433,-137.3076005287826
49.35013176685131,-57.01306180142379
62.60094399086832,-136.858765543216
48.79936157545599,-58.05495724039936
50.60295533722512,-114.7382234406914
56.20574463705277,-121.4927012225884
49.16324349582627,-118.1002265319751
60.30801747528261,-133.0054993722799
49.95132743130927,-66.98017006097331
51.75100139743468,-111.6114919044236
51.80288006797468,-104.5804468466531
51.41425216815834,-108.7462777222105
47.38234068397423,-54.92966743513551
50.14512381404785,-95.99952094103541
50.73240442435316,-104.6164797617486
54.26506764620392,-107.7315172824816
56.22563712545581,-120.9613271409175
50.29211985382674,-66.27986083382746
49.46947918087425,-91.9255103015967
52.56437744542234,-102.5730327987446
49.14720225555428,-90.80253321909855
48.29465716599692,-70.99053691032528
62.11137250136628,-140.6664503108682
48.8068673547305,-78.76659111551471
50.46169374278562,-104.5519702506569
52.6563874894509,-58.59135643910285
44.40307136114979,-76.15011009204976
53.77615298576026,-105.1341349187852
60.41896746134891,-134.1704643019861
53.72612063648542,-113.2429327926721
48.27462403052187,-71.69056009592924
50.17712882425745,-93.21518675834722
50.30760496278227,-125.9417335207968
49.38559248655724,-108.7636012017139
44.64943675182407,-64.38486200599355
50.83646019489383,-121.5468212208429
55.41451592465877,-116.4885992291654
53.71215324505492,-118.2661316800716
67.45318213046286,-134.5331983426855
53.82839160295914,-123.721096171943
48.39468720148122,-123.9751275993824
49.4311746145471,-112.38543603032
47.44612760557688,-66.41290743772788
49.73656522357003,-99.32468948688755
49.59429365549057,-113.7957308220817
48.49303580894325,-89.62527521353107
45.55954270162162,-70.78929712470591
56.26561618427043,-111.6087729255116
51.17692308013216,-110.795584086369
53.4239132053176,-65.25279574722866
52.21652735656928,-108.2352228177794
54.5232767225548,-126.7664722907569
55.99775926609541,-118.6122222138807
48.86445749091485,-79.1058783699415
50.65363208071231,-100.4365094328498
64.10998524086243,-140.8343512001469
50.62847919653099,-93.20409259379655
52.40500169686506,-112.7892146598941
50.71811753313558,-98.83347422364194
50.63934887798848,-99.99283182227354
53.33608137982689,-109.9027217296328
51.28342291968453,-109.5199015437738
53.55846121849118,-113.2697279870535
67.71452763928902,-133.8752990399318
58.75251410384079,-124.9551139064608
48.05661499905475,-80.19880292393448
48.77860683261403,-86.41661240173707
52.72455731106903,-109.512812992032
49.76411289885656,-84.84009677070748
52.92721081328879,-109.3425174855811
54.45003658179634,-109.2152214341593
53.05972933966896,-105.4427010483389
49.7856331900065,-86.12213457502081
52.16590983410617,-119.2662201044592
51.52539123124769,-116.2685888527715
48.27286893034371,-81.57554800540981
49.90259142141566,-107.9428611346537
55.80319356712842,-110.8612917490882
53.94751002244327,-123.5741271136773
50.57363486194689,-119.165442461625
61.58969144860033,-139.4111633990493
55.61170806077124,-121.9196982460692
62.19328582828435,-135.0208567200838
61.89775081910383,-128.3778349186418
48.5473768013557,-77.78877182991748
53.89479518652322,-113.496331543485
54.14633126973021,-106.4716698656105
52.75489127638261,-108.8267066248299
55.46164831239957,-117.5441820013707
52.66754792288484,-105.6132876705249
53.4238010011372,-63.20294597815325
47.49429305827322,-54.78247939376657
46.55931349955749,-84.1788432936713
56.05906075650807,-117.1287384026387
53.26637208603726,-106.8154067119555
47.83600222697559,-55.58699151079627
55.64337559014016,-117.3383406561639
54.38520441280324,-112.8007077004069
52.99322850936015,-110.8429177690576
58.60013120747563,-118.2016512014874
46.81721794579752,-75.30268457042983
51.4727416597775,-113.5210882066635
52.90417351710005,-108.529911426467
54.06507705230307,-113.944124389649
51.41207441203319,-102.7378191131094
52.61616826362491,-121.6389907580331
55.05978978935779,-102.8471510424363
46.55662248786835,-70.82890836352558
54.21643725753319,-110.780283269704
53.76982365338256,-109.1288836299297
51.12838123121919,-96.16756917338995
59.60583658625924,-126.7575577762435
50.13894813617235,-110.4024922744094
46.70853161006867,-73.83201504997402
52.52556926017272,-121.8147020953954
57.59441497804648,-115.3156636898135
56.16928140651903,-130.0494176556889
52.09158237085639,-122.9146751042095
57.56531854241273,-122.9492864362824
60.37554421505332,-123.3204130058079
54.74933808828415,-105.6411379827573
49.14582562079519,-103.9906563442575
56.95591954199129,-115.1935527373668
58.80163950060047,-122.7711212969494
62.2034925612943,-134.8460327406484
49.43419409438286,-57.7493787709851
56.17135156738357,-96.53370265503402
42.07067107012123,-82.97432308345618
54.11920924892166,-114.2768438548317
53.04834262183661,-107.0259257439789
50.63054213896429,-108.8499965426701
67.04694500493741,-136.2087859891757
50.34733916482897,-90.67680073740776
45.4364446440615,-78.82408455788412
52.10455738267984,-98.84564073559459
54.76812062597548,-114.0821443700511
46.33497197353897,-71.2725512355673
50.17037616438179,-120.6479854814083
53.39650177624558,-112.3378057212854
49.77059421416588,-117.1941278829847
51.10775757993122,-116.0863226905993
44.38641807241541,-78.73099441063155
49.91337958849367,-123.1658951207846
49.99399773011837,-102.2854922851349
66.36646247726331,-136.724476211277
49.04665963840171,-114.0242566048449
56.66442752263148,-111.3487589616248
54.01703406380704,-123.1807591927124
54.30242671358815,-115.7013805672772
48.83631559564249,-87.36737273502654
49.01579165932154,-117.1802174753264
52.57816860532783,-105.7466066275709
49.04614035281296,-116.5679565541672
60.22232700831339,-136.9645985102983
47.23628107757106,-53.97350605326437
54.82059904193696,-124.6896333232293
49.78189388579953,-120.9803260441338
52.51820791956555,-117.589811725392
49.7366275107388,-111.4495634935831
51.72631983176807,-111.091635405567
58.04699661934625,-117.3386880704702
54.18867776711443,-126.5041386846229
55.75508291648588,-97.83095156170214
67.0182999610169,-136.2041307031716
51.48793747247902,-104.5379290237222
49.09495467879626,-93.91980784821045
56.10699204536417,-120.6325435828818
45.34551175044077,-61.63647321195285
50.78684458544121,-128.3564019691158
60.06394885084968,-128.7595089185484
51.88109325942343,-110.1702895056199
50.85249307822259,-111.6037866685454
49.2750745103676,-122.8414971278285
52.40083505691886,-117.3844120431265
50.18381134657801,-96.49751403941929
55.5115667836672,-113.4650559736724
51.47429458566338,-112.3818097948207
52.84655080314347,-111.5277403070148
54.80949120660959,-101.4615164648985
50.87515762696252,-100.8502109486429
54.02649791662034,-100.8511541527001
52.78066213958154,-67.29201974156585
53.36545026602086,-103.4761406452849
49.19215430352528,-98.41238098537417
50.14666708534192,-111.6643981172058
62.17290178018208,-134.2037607543577
49.40935925873606,-92.1583831765436
51.27802706306471,-112.2951767647404
54.13666982775243,-111.6834518396215
59.84244929509351,-129.123892644043
52.76444331223446,-106.1219543109115
48.00074134628396,-66.95934479486662
50.68817448892521,-105.875043430502
48.4231241365389,-77.82894069778692
50.10557769126137,-100.0496510271663
49.39254785396621,-67.51485420435951
60.60273425127772,-133.058441758772
50.65889423841036,-103.1913797678399
59.93754474171347,-128.4413730970398
48.17455832423309,-68.44928579351094
44.12561507574424,-79.94335423530906
53.53619248353321,-114.6657048537626
49.22545218630643,-99.87866211168158
45.27105333689897,-61.91826752425866
52.1029610351582,-110.7860065986262
48.5477779538346,-59.16934695098674
49.46387705657111,-57.6495193380774
49.00635079449174,-118.7911219111057
54.74151744497235,-124.1502604839365
54.36481248902962,-122.645623842641
45.23310563393763,-61.75360783062154
50.6546177839396,-111.8973972362099
50.18335289527192,-101.3786718423174
53.73580814295821,-104.5940334568322
54.94480423586483,-112.9531951722718
56.19038367424425,-129.3249037213562
63.13255444534943,-136.4857665702734
48.36127749999323,-70.14378548327652
62.11452495950418,-127.6844990135176
59.75047685898443,-127.3655846937729
61.06030639715416,-122.8949165132574
46.78716918323997,-70.33359777691028
53.15225138851869,-126.6006501887253
49.29022204033109,-111.9858200415427
50.39862392337145,-115.878587543076
49.87602871316911,-114.1352474589679
50.35756348012347,-99.48178998667058
55.91087371300453,-99.75580963127051
50.6698430562753,-99.88779447075254
61.90489231624223,-140.2375596993467
50.9479628080814,-98.49994571393518
53.21285417988204,-100.6812247378083
52.37494155928533,-110.7864739395934
49.93179482280554,-67.00026206965461
49.49094139513358,-78.09322504278433
67.27935359207311,-135.0595550818275
58.51074027379502,-119.1988880934244
52.37684876590258,-108.1386328078221
65.13188316582846,-138.3247038558557
51.49309695718834,-101.7686892064387
67.24586743298771,-135.151225656003
51.85275202580294,-111.1885047290066
50.57212420630844,-113.3955425155744
52.89193036236735,-105.0492289541432
51.09716663597963,-115.3285354791792
54.55810185883237,-113.8982593171944
44.37667242751332,-79.98617052287315
45.99849037790199,-64.08677296921398
51.18620630645288,-116.8574438645352
44.54267149495217,-78.78796724402767
50.57215137851762,-111.9316869276379
60.27653119225598,-134.3101855634817
45.47552829923961,-74.77764868833376
49.23539177653309,-111.104581990385
49.79507645066395,-96.77550478312811
53.39676043508705,-116.7037071095659
56.386230770996,-121.1268967020969
56.35961300385249,-109.2094326838761
53.80246669895105,-106.0813703539529
50.75518900628106,-108.7789647777032
48.5091917840955,-80.46424255857062
49.44667390716366,-102.0062896254143
48.49473520463811,-53.50819672143551
52.08618751758048,-114.1123946770025
52.8421645931203,-108.0115319642194
51.67148029828071,-119.6563392859226
57.39522836751681,-130.2326412005692
51.94588281123353,-120.7067443103077
48.38401833530403,-70.60565182409695
61.76697059683961,-131.7650558280714
50.34504201113084,-99.81543576945144
60.87602656469603,-132.9756083171443
47.40417491692826,-53.2943054600178
49.78530551141992,-93.03703219153664
52.15837740991677,-123.1898765489875
53.27883173739291,-100.8225537916691
57.05368336151287,-115.10970091505
64.02562796223235,-138.8075332682206
50.42693556863875,-114.4649132146429
54.26392872643392,-101.6490043394188
50.70058430152567,-108.00962012752
55.83456549492598,-128.9466445776901
53.21827372134728,-109.2966319254405
52.94014139366956,-105.2690160733826
53.10370132891207,-104.145212235066
50.68422218277129,-111.5699844912649
50.47284971038835,-119.1159222012449
56.35709206148513,-119.4858120643748
54.26790509916501,-110.4413620809999
59.5038904518956,-136.4519718630403
58.93730698781649,-129.8836471654339
51.60624343787899,-121.9765429659081
50.67276154355715,-101.0198431732401
60.07210166187747,-116.8070436231443
49.21603956658561,-84.7929199391675
49.33937547589316,-105.4359458382665
50.15452725814019,-113.7547880719111
48.58226133721541,-123.6428801893566
55.40366898822573,-117.2256061679162
61.21957723819534,-120.34475055069
54.28102487466379,-97.67669879727843
54.7550746118112,-101.8007034276834
51.41909895856389,-103.2095279005377
53.27949290037616,-106.9644112261009
49.99152123114384,-113.7679215456004
47.93183870968399,-66.89181527608937
53.57835492573361,-116.0407319421385
49.7423254565138,-119.5037963771056
53.92140415425197,-109.575492427547
61.01944514663616,-138.3238673436088
51.47484931397442,-108.9984990782282
46.17991961119402,-66.02981983347732
49.49376969219117,-103.4521996907036
48.15190058266463,-89.57444473931763
56.47922742127725,-116.7328046132674
47.81570560454636,-64.62716569572493
51.7087857505075,-104.7459933189012
50.30988031942356,-122.7254123875633
62.19547103919366,-140.6864072337248
49.55470407653048,-56.84181671550516
54.96580317059609,-98.6139293315572
50.77607295240452,-113.4509737008386
52.02303024386232,-103.1306372128534
59.69553961032633,-136.5881990883276
49.6055205410164,-96.88021693448609
51.13993602117256,-115.4153248086337
45.94986783581957,-65.3603882665206
53.8373283055227,-115.1423286466197
49.39961225386766,-100.5530591753023
52.1730932858846,-108.3375594030259
50.09351806322105,-97.29606297075925
49.93335574872164,-94.47285027471695
52.96339282570793,-105.0252323997601
49.71895241133301,-114.8419870182371
52.72604116952875,-107.8371639079586
48.98422334991804,-54.88125224057123
46.05348543848411,-81.28158674966377
49.31486859592422,-107.1275456224904
54.58178543218321,-113.6098558306909
49.37442171890189,-102.2756866291541
59.70068449236228,-135.0688960009279
52.96649529457408,-105.1226463361775
60.18351832252885,-128.9429415529831
46.68309847086391,-84.41256647687244
60.29905041831207,-116.5216702126643
62.18757134372292,-134.2757406993493
55.45051784461612,-118.3848341525774
50.03337975714495,-107.7980595152242
54.32675254013829,-128.5530769736395
53.03168337132059,-105.7801643327402
60.8120493572259,-135.2447802705946
74.74638208873256,-95.06095402614271
45.04738811591393,-72.08282734952294
48.64591574146229,-90.47111518454201
49.45768233680982,-108.5843382964368
54.11829188678699,-104.6191177141235
56.16840711552518,-117.2811482435581
60.08016161511284,-129.3598957682071
51.76361955147424,-109.4773350686275
52.02655500086634,-113.3290682672292
51.30567139457334,-113.8961263895679
51.85249941483918,-109.4113981934551
56.26963644756551,-96.18934607944088
60.1100667965961,-116.7525110093329
50.38842100698321,-119.9256644697001
53.62364648214508,-115.1069244137325
52.67526158461266,-111.3665162556433
53.55258614993498,-123.3987932551404
49.82757071771876,-123.208866360238
46.23785953994566,-77.7290716557128
73.61885461009682,-120.1025587622917
49.29078143088055,-125.2211006853111
50.41817206526435,-97.85201053435779
50.17142947407098,-86.79323387032346
53.40834366652588,-105.248322176962
49.06584346300004,-90.68144028729093
49.48933131194836,-113.4985389262112
47.91808711492103,-68.63289675225634
54.20680862834971,-108.059742896956
61.86565683615581,-128.344351352156
51.91505707382164,-106.5283815726561
54.45979652438792,-115.5204635344975
62.82995023732121,-136.5814332618843
49.67893142505683,-95.33010652813431
55.34186240890322,-118.0259778170129
47.25365009063139,-67.74428495614825
50.35370800398802,-106.3054446952602
51.47419851405264,-112.6089651962976
51.26874972884112,-100.6955333474854
51.93446907113422,-105.759019438135
49.29769194284793,-98.26746015309068
45.38843378710636,-63.87019329439019
46.91995114978354,-65.17520094833168
49.98282627901239,-115.5141365484597
46.01452372113596,-64.5290109611307
50.2861489471447,-97.32127087159697
49.28004145351581,-56.81174358965372
50.16445321624988,-112.1340964532153
67.31718767356372,-64.12110211076741
49.22703131515581,-103.1274987722256
53.3772498094161,-65.4968250966103
52.13576910786503,-122.1461266382872
53.06990276305049,-111.5164395927581
42.65768953344494,-81.87919131399521
49.45052951436836,-120.3246373169704
50.95774774836843,-98.93174749518677
48.15902376101704,-82.58475225720952
57.72086239547683,-129.9852365963434
55.90395722966804,-98.95553235196232
49.52606414611544,-54.77283893725957
48.11172375290412,-66.22557590934103
49.32233416235078,-119.0359537191832
50.92797880894197,-98.86530103655697
49.47615542318433,-99.63032192901818
52.61117808683288,-58.65195086697332
52.72557874754018,-106.875082733782
52.73410339014722,-117.9130503381235
51.56956078249826,-114.4938439362556
45.08890414834503,-72.98752207902952
49.14717678554685,-121.8744409222794
61.83783737437187,-136.0919102994977
54.05724835709652,-123.8352268688521
54.12325131805034,-106.4156047999556
49.94814959371085,-110.1640410490995
45.63470346193932,-64.78118061800662
53.36544899536805,-103.4360860090189
60.19901198478213,-130.0291641784807
47.66192768607462,-66.63193747207893
51.97743277693998,-109.6215383992381
56.36129823826719,-117.3951729859617
57.19373194518102,-117.5437799254592
54.85487176916198,-115.3047221553536
54.48178683742569,-104.2220797669891
47.72955473338124,-78.44022540258548
50.04879040666236,-99.66018490225893
60.09096802558485,-130.7145706828499
49.54221265337063,-120.5230992342389
50.12706161506521,-114.833984771536
45.57682074420601,-76.72143246680672
61.10767429175142,-118.1220280718579
57.7637538554873,-115.3383351115186
53.86332509476627,-107.2621051026016
49.97326122885912,-98.15657782950683
49.01317078316703,-103.8101775649137
52.57955883288819,-113.9391475782145
50.80916557249988,-97.2279654293265
55.80709785452433,-119.1549178046963
58.14212311015904,-117.2883395669582
54.2709358877296,-113.5429333990857
51.94013191950698,-114.1434853613852
49.44329354707718,-91.75010782487749
55.46167587199482,-117.5041918543099
50.09743978534481,-112.506903392173
62.29342578024966,-136.282972664251
64.20329818266742,-139.9510292417418
56.33382378548292,-120.4317989584098
48.0935225630978,-81.1048206643824
53.69788488158945,-111.7468404603745
55.86841994846644,-113.4528733457407
49.4530050378095,-120.3363409812743
50.47660444044008,-99.79801234775545
51.8039884450519,-116.5807333436214
46.52145343323612,-75.34028790789853
53.3072771950928,-122.5358941402215
50.00332179903597,-110.2778149048722
45.69046944512439,-74.90941278748879
51.79522635488625,-114.5139815076897
54.14136163155514,-114.3518350022661
45.36999267519481,-72.11492276026809
51.81081427631461,-98.74474762949481
51.75783091440317,-104.9346255815442
48.89487088639093,-72.19708422532632
50.12370864344453,-107.0513275808106
48.97056938685698,-66.16302197767344
49.00632700342256,-111.7266747755593
50.8407736140679,-123.5020309088483
56.0893017107378,-118.4964160120888
53.69005189735983,-109.4467474457305
48.35164105000437,-77.18577692693088
61.09833037612548,-129.346244148415
69.15140055528428,-140.1598326915458
49.16922131789354,-73.64473475685794
49.32742826862232,-103.5476623449104
55.17254136916048,-105.3306327686135
54.49605360149213,-115.0355690326023
54.95859332108134,-118.7807088898127
44.31031960402669,-76.24792719689754
49.13397796998383,-95.9787931899616
55.71642615395428,-116.9826012772421
50.94510793694116,-113.4002532587125
53.4474624799962,-114.0510309476042
62.16919021910211,-134.1383385654293
46.28843893585734,-72.25702110796026
49.9061878029942,-57.80571331863116
51.24798985230321,-117.6229447117889
50.57246916566962,-102.0753644689264
50.89251166920869,-106.729796642472
52.58014491643225,-104.8047725062925
51.70511391402732,-121.3862189249416
50.94990031846997,-93.9328493988605
55.62646776648514,-114.6718715986981
52.54855404297292,-105.9602671377735
49.61722058643881,-105.938269622683
49.73457357219653,-84.23461833088842
55.05026134721682,-102.8529193732025
45.90515343818094,-80.30830035934376
49.46490576713077,-106.0052333248744
51.57864889063552,-111.4275359465812
53.30931968767888,-62.91983320986379
54.21586514615781,-99.17034697603124
52.57965323087553,-112.2253327514964
53.51640585431515,-103.8425568024336
60.02155633094781,-131.114868815478
53.98483504967982,-97.84538937682665
62.28520291971398,-136.292217945156
50.99296259406376,-108.119225210132
49.21679270720108,-112.7997220051483
50.95057792454774,-106.4692681667584
52.84792453566099,-58.33323844174873
47.41041538524599,-78.78936372272561
55.6764300893667,-122.3908338320553
61.20827811816331,-120.2624100834003
50.70894253385076,-57.34539094636463
50.88793555342942,-113.9374812442198
61.13349994748367,-117.9018932657003
54.53010182260039,-97.74710911201882
49.43547865564479,-105.9217026040941
52.98864969829788,-108.3039098485221
51.90218675125138,-98.81637756517782
53.65421540041326,-103.372474413446
60.70090014464834,-133.0328841336959
50.26762218909962,-63.64166835908139
50.5775487884241,-118.8860964944768
59.28856907324491,-125.942700177475
50.6303903274949,-106.7990599007707
53.19094185242329,-103.8955518182635
56.21925903972586,-120.7948335608612
51.61993971161801,-106.5528104929885
50.75229428559149,-121.9358121080561
50.51584204139365,-121.7256693597946
52.40059606487586,-102.6430852573978
45.9677984349246,-62.5984058560315
49.75715996368448,-105.0558780227373
48.64177810670025,-71.01834822938822
53.0179664470728,-113.4635574183753
50.13674505618155,-96.90683321982387
54.21084350768244,-116.0247927584897
53.97726496710295,-112.4692625515665
46.37513215130609,-73.49945392022285
54.02006290541473,-124.004592214773
50.92285600750403,-120.9786557472446
51.17156706146558,-117.7786724811092
59.4958808943901,-129.2395448901798
49.17256645918982,-101.4518948492745
61.54891001490471,-133.0928835460069
54.6111771215922,-107.814616784968
60.98062591384807,-117.2271176657549
53.36564847791691,-103.2664133597328
49.96155503190236,-125.5354544585986
45.63832081033404,-63.27911240635654
46.24994226103978,-78.88856491636726
49.20351723734531,-108.7073615293096
53.97449354197359,-114.7946413852428
53.98997180251612,-121.8077652407379
50.14392462116638,-123.0152225273826
47.50904286756638,-53.65958369050509
45.61976530026884,-76.89186135272405
46.89668297297482,-72.34364876096438
46.14714300954816,-60.11899413902456
54.2281095479963,-113.0258564519348
51.40494763828491,-101.7124585017465
45.62586898750423,-74.3786147044254
49.02133640182598,-118.1117145750934
47.5348819324074,-72.66537671016077
51.00152958548048,-114.9382846501836
52.43988171153822,-105.0520300606155
51.56914079112905,-103.8456626642786
55.72323319562828,-118.1677279010408
49.9010454526296,-110.5736375383194
58.67177157209811,-123.7300322794273
48.31161055592413,-78.4155076289247
45.18281228759419,-76.36257921634012
49.54754305672841,-89.22097304826143
49.37063250804947,-56.60815772053655
49.83363312564715,-110.0473635498062
50.77470514429862,-99.48530791244701
64.83957966264731,-138.3530881896316
50.84036957538189,-123.5017483487439
42.89735760928377,-81.76651358039422
49.5518471530046,-104.0160447890344
47.5773979398409,-66.1529239640629
49.44044941198452,-109.0773215769496
61.8962607267034,-116.5348806473783
50.81556121228969,-100.8108255379173
51.53636265208945,-100.1006295507857
50.17099622561546,-109.7820612083858
48.96207780356426,-81.39443893976568
45.9188321167432,-79.96732094601417
54.06043283477872,-124.0707854838307
51.89563561256734,-104.205212930948
55.47841091242855,-102.3053944073911
52.02644529824501,-113.1432950754777
61.08402594692281,-133.0603798428097
61.55285480117316,-130.0220188122194
57.48854295107127,-122.9195284863728
50.22452841836068,-108.5940813360205
56.36047796448598,-117.1871420640197
47.58607993906946,-68.91327001397673
53.68934457491911,-103.3345929378572
51.68078065827429,-103.6732949534045
48.40325000052977,-70.53573902585123
49.02876460626729,-108.4080740146678
52.31838336290149,-104.6904612291513
49.34427379944805,-117.7698878215636
54.2071916832013,-112.4757871956161
55.59229742703019,-116.5758702330913
46.26232381449709,-74.4012983402076
49.05626286113808,-80.628970266418
51.96660036743551,-112.2967474573625
49.00182125309585,-123.5853989301033
51.94350806694503,-107.097448138336
50.38655483779335,-101.7999048917095
51.4119139137427,-98.51507366273457
59.14554126857508,-123.2416158885762
55.75094509874089,-128.8422206441248
53.14588111179913,-108.9301029000712
49.16706813129738,-57.41809017128671
50.22018246029814,-111.6651949917047
52.48458938535878,-113.0996851215271
53.53183159231268,-108.3711303349748
55.28693706507033,-119.7153250012531
49.28347707088266,-57.52180371622766
50.04721395919573,-103.7608694617447
49.06575061929357,-113.7888117986016
53.83985832352867,-106.0451501349772
47.34865188539406,-79.32921731428927
49.20870787310228,-110.1257331568324
54.61155855972751,-105.8361512046838
64.10556167335776,-140.8624629257265
54.1125414700802,-111.9119517015338
60.35963859603252,-134.7866824768553
49.41440160689583,-94.09811223590862
50.68995386537532,-122.6277509108236
48.43867844215495,-85.10892327439748
50.51752456008246,-113.8280103663386
45.01801894030145,-64.38794205725978
61.83402436097436,-132.1766915165874
51.56520741894163,-101.8369643573394
46.95482483495814,-83.16945823102186
53.90050253379192,-107.628061086023
51.43199603991479,-97.39586832932552
50.62020402747303,-106.6344561393732
46.24054264162714,-78.15989932759346
52.16546224841749,-121.5958269560101
51.37399378147782,-56.19450294560721
54.84303669233884,-99.94753080732592
51.03702967542948,-100.4060133225376
59.10506385663275,-117.6766392882626
49.28494574650087,-118.4631409152853
56.43161162672895,-111.1428644251974
54.56441216297763,-100.4518162262494
55.86282267791211,-115.187426066261
55.57385806747377,-112.270253566615
73.47001774094132,-119.8434749465986
54.50005882610973,-128.7071014150877
50.22272239462878,-112.3686129615793
49.98989293434551,-92.09902681061287
52.9975506871383,-119.0253620663931
54.80055961142486,-105.4315115714524
44.38162615630071,-77.57968086206799
55.61346895627931,-128.6292921359703
45.52550825350235,-74.22681502222952
48.37452705146,-81.0953537127817
48.67292790570357,-80.8094989741279
60.60968819537255,-123.4752251644436
44.06735477405427,-80.93599016602857
53.06848708593886,-113.366375175251
59.8236626465112,-136.6368443538604
51.85275278952014,-111.2533059983202
50.020632422007,-125.1777475208882
56.81960637938261,-111.4326429517085
53.54102578707366,-63.8603692317134
48.95060879759193,-72.55038083361178
51.38704372095496,-113.859028049131
49.4943336993471,-121.2119394140618
51.88173673127916,-109.4769608781502
49.42204735635018,-106.3202186064794
50.7758758253595,-111.8140309583841
48.90321441250703,-56.14039754788484
50.92147980049047,-113.8262746157877
49.93134514649757,-107.6682872840248
52.07427326044446,-115.4988906398796
61.78653164988542,-131.8971269750872
47.51427974423745,-71.23115918180905
49.38997317072334,-119.1006216793098
56.1461504058469,-129.3016251210689
49.91353490942095,-102.029103330938
57.03964919045293,-122.5093186516821
52.64248017385087,-108.5454518731467
54.11981977722024,-107.3893863269497
60.80761891698986,-136.413783008445
48.98193967266492,-88.33544326329199
47.18009468611618,-81.71169039723716
47.30556761705103,-65.20957313063396
50.63040006054168,-108.7242967847039
51.85240794191315,-109.9602699241222
49.30828284580356,-79.19353783408557
56.14674630116578,-117.5767726470727
50.04645319634119,-99.55972103264877
51.07137903107983,-110.2142166744481
45.20362295207708,-74.9238445015155
53.09060273394981,-106.0040866178716
62.48809701414236,-116.4841647583568
53.36565571503749,-103.0568966450575
50.15130755685218,-99.20964128585968
50.5671665995084,-114.329612370178
51.33067152538902,-106.5899953519778
51.6826160402704,-121.2143987958772
47.07474561895306,-70.216712113379
53.01747778443409,-111.9848115219395
60.31986284590491,-134.0248123032772
46.74729190450479,-71.86576794296002
60.73127033248983,-123.3092859919278
49.65135740801394,-56.99421372070094
50.92145518903865,-112.0083308811997
50.91475565245125,-102.1976459021701
51.06705213190982,-108.0738275457253
46.23386165513002,-74.24356054984963
54.95050291350707,-125.0241221161805
52.8288491176783,-110.8376918210517
50.84129274137641,-105.1936942063627
46.17733194003767,-75.05375412718766
50.90263020473301,-104.8625104783937
73.94047016562916,-119.7141318399002
60.726803239399,-129.196312483521
48.25419548896695,-69.85610412625556
53.87185241292354,-122.7542833040658
60.29925900327108,-123.3315660754677
50.20556701615089,-111.1254062183737
55.71506413347578,-121.3909453727862
56.2701343017828,-96.1796864734898
54.69198653864238,-98.83143537155838
53.9423033330959,-112.1337925777457
53.89065834463231,-112.6271595569973
61.44936424230497,-117.3580120873803
50.65932775804116,-114.024761994977
57.8554470692273,-130.0018966601582
50.25782768791083,-114.5967602501728
64.11636216915738,-140.7450464170889
51.47170768076602,-110.4739375884038
61.43764677742912,-135.7564830420263
46.72284219456802,-70.96529162347234
55.05632210763423,-113.3105015771361
53.61894900438125,-102.0528804734352
62.73494427279676,-136.6719552440314
55.61621031842587,-97.6854362497099
50.10617037845449,-110.8742523280786
52.8455741328457,-106.4211467689002
49.10584113012988,-79.95683039147876
57.48113482792602,-130.22114224142
47.58586379010745,-82.80606989147758
45.86616847810656,-73.70670725366485
54.77298410777266,-124.1616536237494
54.10043174970868,-112.5716677333572
73.34539222826713,-119.648131454489
45.15336259758624,-64.46214593904472
61.0611834952847,-118.4894256940432
50.19718869115726,-91.76909872202204
53.03560453097791,-118.0943844374437
46.2919016917032,-78.53040985660982
55.61063565812674,-116.2624369564749
61.77484863809822,-121.2350309529194
45.41260776504789,-64.45837549336429
49.55879818485853,-113.9084896700074
51.14372372761353,-112.978688977725
45.65767518948561,-66.6880271665693
76.41293264532834,-82.87921382693405
59.96304742861602,-111.7564934028468
52.39477435256796,-106.5801415680372
53.38271563196019,-123.6654386294655
49.89487572025757,-117.3778692258895
54.99653813436814,-108.3259413667399
54.15374917190469,-114.0691841463848
48.87710206468078,-53.96054690202111
54.42162219666275,-108.8825291887084
45.84136315742371,-66.19406630788089
60.72213611996857,-135.0487106780855
49.94525699667523,-103.9059984913522
45.43479274111573,-73.88817044024871
73.76377676306896,-119.9509756397437
55.36035859101314,-121.354992246801
51.85349788863335,-109.9265785870326
48.89362017590688,-79.44531966818447
49.80230539066741,-103.2723384710002
49.37721120913744,-104.4865347191458
49.52622677949121,-82.85948779837936
56.27597638019671,-117.0838607395498
52.53441613554106,-102.5873526701854
52.64759481325446,-111.2950026972113
45.92862262033055,-60.72210591885707
56.34005700121946,-109.1476340627101
60.1298754154595,-134.6009834252835
49.21172826385482,-54.46764793210314
49.66826628511044,-103.2024550158283
44.74349319844451,-77.16535832471916
55.62919340560253,-121.7919786745921
49.02345884656555,-116.2045870457262
54.43790597658904,-102.1734916026021
49.04869334389921,-105.4786566814137
50.62572097007757,-113.1440559283317
52.11002954821081,-123.4709331078456
49.13373455724728,-85.79367425292988
46.35065163412392,-72.14906847180929
50.26387226470399,-99.07716516867426
49.1780264614086,-89.56210849199154
49.11363399972506,-101.7873915879986
46.05261199661533,-72.67122748720003
50.83172208740908,-121.3672430987974
48.40412730808511,-53.62042443141998
46.04773293162098,-71.73595654593353
49.75945988276252,-86.63906660117688
52.88677612902787,-105.3655508031106
46.23772524277386,-72.37159583930739
49.73838805604395,-84.28652885006483
55.30520808547629,-114.8616659385556
45.95565298898847,-60.58874055455252
53.83623948392483,-113.4216515351117
56.99499501858652,-122.3188561010477
53.00880295842666,-122.5496863571782
53.16160682065152,-110.4677106346954
43.84283388373526,-79.2653934703091
49.44926757478306,-82.52326418101649
66.51183211005441,-136.5445106189553
53.08303588691325,-117.4284589721812
55.05295157512533,-112.2683636664912
61.75163798368537,-128.2855384299417
52.77386258830571,-105.1213444079323
63.48147037478616,-136.3404755413368
46.65385013231133,-60.35000476249472
52.53723833496677,-122.4848438907167
60.12114132911546,-134.5608352481874
47.34479604479224,-65.42971851596675
55.32889914496243,-115.7233362463623
52.64226854879863,-106.8221923230511
49.41951348365532,-82.07947806007869
48.41689865852049,-67.3632939110201
56.02614108691263,-115.3058172295623
52.69768445833513,-110.1589283447563
46.46512330411822,-79.17717507037602
55.78136753183061,-120.9619160250219
50.08277640231793,-111.4758735889718
50.8568083380353,-101.754968596616
49.78094006980788,-114.4816113661809
52.0397326088532,-106.8129713635994
50.55859560445941,-104.2741874185407
50.99516700688881,-101.6091759257984
45.11469930818086,-63.57010159162057
53.86970677163141,-113.6450798622233
50.85514736503769,-100.8212173178127
53.62301054392329,-110.0052002556138
61.03790290615358,-117.3653422585533
49.58789432405793,-111.4495660098557
61.33516538450001,-128.2755264286835
46.63078011533941,-82.73524540778813
53.91957261641499,-113.3971034404091
48.72037930969756,-89.5036544571755
50.11581372045237,-106.550810035287
54.05252821205634,-125.7763296879193
53.2779599008321,-109.393497223908
48.92064915240919,-72.36457298108961
46.70712953866003,-75.49000728908263
58.64393894747059,-122.7026921264767
58.85411386171186,-125.3334352824552
53.37722011711789,-112.8422489701132
53.34699805580605,-110.6694861171581
54.12510194265273,-121.9693410430408
52.84726547512587,-119.2884307961032
47.94278788312417,-68.9212748977314
54.13697821470468,-112.0263403380244
50.36925566464179,-104.1597103096564
54.91471762164444,-114.0372669701417
52.46975726524223,-98.88317429182001
50.04450860033629,-109.8462493473717
48.70273031397047,-80.68068474688071
50.85131041703874,-118.122128765877
46.90274176273904,-67.06949699911917
50.66770986998711,-120.3118342690176
59.41199747646511,-129.1771812909823
53.28690446381026,-115.4270671376198
54.45237379123415,-124.2727128517723
49.55990298323673,-56.22263537357544
53.44101200472483,-64.95233938424487
50.17094612475916,-95.72066479915655
49.63694709873231,-84.56277585548608
58.21348267972743,-116.2110933365083
44.84902359729772,-64.67613054830056
51.11525896538158,-106.5788498903353
50.16339721806789,-105.3277360116509
53.1575962865727,-111.9943017723319
48.94195456057022,-124.6634115934078
50.33186971894578,-104.9846477051271
54.62033086440231,-99.81774005321955
46.57875432051175,-75.94058840275417
51.96719409766334,-100.6746315752484
61.8970178437598,-136.1356945626391
49.89685665217623,-111.4793495442147
50.8924245817556,-109.4904002551853
54.64881827526298,-101.5818913862551
52.99871184920008,-110.3184027362264
55.98875563433079,-97.4083647756555
44.26934885752569,-81.44263025678984
51.62000511003082,-111.7526296395337
58.65666065595978,-124.9578112408456
50.67534054865397,-115.1175153118837
51.24163769690954,-106.3092411447107
53.98054698783056,-101.0876923058784
50.16595815342445,-113.5269806302383
49.01124000317392,-115.7676538247514
52.62664644340008,-105.0521902873479
58.67238069370831,-94.14544644940207
52.92486046536082,-110.3224407680827
60.41404181154213,-116.3602183578867
50.14600517576027,-57.64045032518552
61.59650703320722,-117.1403920444389
56.63722715395679,-117.6621014614355
51.03332234628401,-101.889974079935
49.82752050368338,-98.6198130802377
59.69408869719982,-117.1310639300304
44.63066388232944,-65.42548394770141
55.17428138260721,-102.9405427805181
53.4920944076153,-112.6562304200859
53.39391980666105,-65.43287896734051
51.67806985337394,-110.4851679153988
61.78375183528587,-127.2430468558831
49.20721145864659,-98.30770455201649
55.55677841910862,-128.3688790909957
45.77993821631981,-79.46389342209817
53.18221554131919,-117.0208566451205
55.90479414881296,-113.5253768858581
56.05841447290672,-129.9187508066568
64.11389769887577,-140.6345207168025
61.11328230640905,-118.044906783223
46.88685009570952,-83.55347007617033
45.12826580378122,-78.14421118081275
53.27961151146611,-114.5942717914062
61.74231738128729,-128.2932861461642
55.12212335833218,-117.7640816403188
51.06308291554971,-56.8484403285892
49.28813490262486,-121.7192726232705
52.84177965325237,-104.3055304100149
55.35461107513098,-119.5639453537148
50.70548904257356,-99.80979577361423
48.28638166717116,-53.44756461788193
44.82006145672302,-76.60889345561515
51.50118595730746,-55.50357398445738
50.90729245680907,-109.1208662565096
46.37074573203568,-65.06543362531129
54.36991906191711,-118.5134007653317
49.14745572751436,-100.5557977396678
52.06755547766505,-122.1779435640619
48.99804139779367,-123.5862417892715
54.9780737666603,-112.1410954262431
48.80793574052375,-71.96087823618339
50.52400382421624,-111.1732010979018
44.23541874618029,-77.95799282181122
53.06083347894,-114.8549422097973
53.32471522975912,-122.5964518539631
46.19106094986859,-75.95699475169359
56.00075293030819,-118.5893595355891
49.58150316830546,-109.1897926802637
48.67409621085335,-58.68594864236793
52.97427974063685,-103.7210738856092
56.05036886427202,-129.2190268524614
47.26312519591234,-65.32908136409628
47.48448198850249,-53.18588984284374
49.91356124229734,-116.9762555580757
49.56180744492897,-99.58468904670721
53.59318938772277,-115.0452565054442
60.48439343364639,-116.3137440212024
45.92123072892758,-82.70232067772234
55.62070717146264,-112.1981886959361
54.47485817382655,-113.4086576732277
49.34662242877396,-92.22271738780472
45.19273392152754,-66.47504205773392
54.57500229745943,-99.77570449989297
52.36090014867086,-109.6482719532293
54.49734679204327,-103.8422700247657
53.93577863227269,-110.5992245589
45.60541793947577,-63.56217262568214
52.85343575949623,-110.0170638122267
55.26306757626682,-116.2304291324176
50.7519989575044,-120.9744052096742
50.77610667711907,-109.4237449779421
52.06621343251065,-68.08495697944728
50.06940262145079,-106.9604420849669
51.24146958435815,-110.111480125466
55.9835815035842,-120.7407610132711
55.00672006180294,-112.5091880760419
66.64938886476693,-136.3307806507721
51.32873651312686,-100.4869787783841
54.9222104936588,-112.7052648227346
53.11765587080285,-115.2328592154152
60.09293380853585,-130.662993053412
53.52490264558188,-117.8226481044965
49.17758071297552,-100.1242125866272
54.94031092197449,-112.332651761256
49.81894554525257,-93.50598275259806
56.82275693530487,-101.0798991620037
51.46262206479404,-117.119136967593
55.17056120496743,-127.5707778190109
60.07474519252349,-130.8804471249276
61.78638667195367,-136.0334461890992
54.64830501551621,-112.8035022638914
51.72621780554786,-56.4489648011825
50.10541124149814,-102.6629474639733
45.73736866255164,-73.91253603060079
50.30964024307769,-103.7933785670683
59.72213529449339,-123.061769141406
54.02824468637962,-126.050573376095
53.2135392047395,-114.9057749294063
62.18424284697127,-135.0874273440153
67.23415867885113,-135.3931627197335
61.67370426222949,-139.7338062398451
53.10302995284673,-111.5625472956985
49.4073377276754,-114.3249303676447
64.5546953079594,-138.2417533832603
51.34328721802818,-109.3322221903423
49.1307672235432,-117.5164384452464
50.45073415838146,-68.8118703325862
56.21506395145499,-121.0575843629973
49.07267539679064,-89.28914718395188
59.85662623733694,-127.402327237754
46.37147044893371,-60.53378844217162
53.39834743109215,-65.40744339505972
54.09610895783712,-122.6808621301856
50.39732462440426,-106.0309237958268
46.11398859520791,-74.44715029123756
51.17671093616797,-97.01119967175565
50.1163298638652,-90.81336008702911
62.08684392550572,-127.6421532583564
55.42625800236574,-121.5509183122208
49.10432381814961,-116.9351472920966
46.10585714796718,-80.26560744787022
49.09632347328321,-112.2973747073072
53.16146177757361,-110.9765729748159
50.68553194425642,-128.2574054255682
54.58721236101898,-113.414069043183
48.50771322880764,-71.36139963996794
50.42603548324666,-103.2987548287152
55.5650872828837,-114.7996589073679
54.1130198716431,-112.2353080449366
52.99935400782419,-105.4390644170925
46.07208721274931,-65.3205397734464
53.42460313493203,-107.4912458812111
49.98326655789581,-109.3384645373658
54.14494547699433,-106.4727995503152
45.43721439519403,-63.1461219802808
61.2702502913103,-135.4973667064594
58.68124355111801,-124.040368949401
48.74364698861403,-91.5953868333841
56.36346720161959,-119.2724730864675
54.17819678457121,-130.1763468235796
50.39134932379258,-119.8296420354368
60.13406199337323,-130.2436815225507
49.18659849324295,-55.27522528613193
59.5572387301638,-123.1411379586267
62.16234884757136,-133.8682285492077
50.25132987424819,-103.5760143173444
68.93794770712344,-122.7659254974562
55.33729589720979,-115.2213304866485
60.93549162390936,-129.2305694640349
64.89680656680312,-125.5539146657275
54.74171926971918,-122.7912564305954
54.55040184305915,-121.152945474813
56.22833425750852,-115.3127434655557
51.00691966443617,-114.1412379850751
50.59626753215755,-106.4893772751715
53.27111607971152,-105.5603916191055
45.40720500737349,-65.47478996892886
49.61334395307299,-76.02073386134225
57.24273288922254,-111.5955993608921
50.53505482659791,-120.2574157711598
51.47486460914731,-109.0633217577759
52.63842602825119,-104.9345124702396
49.1154856369451,-112.1306783339292
54.33959726761866,-97.7624266927055
57.77119344855667,-122.9098702189594
46.33384608239948,-64.9131925037777
52.7549818458274,-108.9315899162768
53.61171635877844,-114.2233129634463
45.62294387807312,-75.01301473035238
50.97624868473174,-119.3530371516103
49.80977911887826,-107.5628033870205
56.33529276373424,-109.1325808357326
49.12150901089275,-118.2136445175259
49.17567137751009,-79.14675560479213
49.3968059782073,-119.5506904107739
47.39292962191714,-54.85564289672588
48.9663282175411,-93.0224757517786
50.97607908411387,-101.4452429755789
49.93969346104551,-117.9994077241381
50.89250298789261,-106.7837107541114
50.45507915057414,-104.8282956085464
50.14431026347159,-107.2106060233095
51.30575934797117,-107.6820126264812
46.01162039629432,-71.23863318562042
54.69778871854933,-122.7913019728592
49.58582269931065,-77.98331480476747
50.78854947741135,-105.0190200867487
50.9000602522765,-93.73568625279175
55.37840438278236,-112.4607730081796
53.00738685382612,-114.1245397545041
55.46156159729423,-117.1003139087665
57.22644276438198,-130.2281812444044
51.14901293103505,-111.6044057275182
56.11183467683642,-118.3921392128529
54.17591565725105,-101.3915363843103
48.28767913136927,-69.54398730821501
49.50078819186704,-88.06121526474153
61.06749913764414,-128.4001698803009
48.43335288117937,-66.00695321468828
65.69324518220839,-138.1004810546959
55.3831461712622,-119.8718433411311
46.1711571793392,-74.3380188944214
44.97390306399357,-78.68911140638248
51.75261649582269,-109.7610720217732
58.19168700593849,-125.7536334749154
54.9972030254381,-128.3426572437698
51.67458776553561,-110.6663512559529
49.66941200440669,-106.846921799206
54.52376703417072,-110.9887306215922
59.77023427918068,-112.3037192259275
52.69116910756899,-114.8499264126952
53.34170439695665,-107.3143079999968
64.35139797302365,-138.413885455996
53.70170971808735,-122.5323577401404
56.77614226526409,-115.2827872589594
49.37177117966224,-78.08619753754334
56.35999404439277,-117.1568095186618
67.86372751519293,-133.6572870580714
50.38811069134785,-104.6179632428603
58.5148299075877,-116.334753238223
53.39372866545869,-103.9954490311194
55.12832198516836,-118.7384848503753
48.46639413890699,-80.3279373559502
45.89650504476213,-67.0699482044385
51.46312378219613,-110.9578995462899
55.1112478940925,-111.5074801205805
50.28036916146499,-105.6269455916155
44.30026201957733,-81.5472252878345
50.66415855663453,-102.2130326300303
66.76553342046577,-136.3469342670035
58.28921496198537,-122.668394114039
51.35616046647923,-112.0443472695923
51.03488322511847,-115.0010970493212
51.00880934568636,-108.329095605903
52.76782348324229,-67.43421408421656
53.57035660616598,-112.4885186295046
53.10538283196409,-106.6499044773404
52.49806040111189,-109.145565181065
47.03464116314477,-71.05389745090046
52.56983546332579,-115.3466927124204
53.53675232240909,-112.6562705659932
54.43009611458312,-126.1767313354488
61.92989584891664,-136.1692914895508
52.09723544342907,-106.5881062519249
45.72101959108533,-76.23880160280304
50.06107222337737,-119.4238423027977
51.55807864890523,-121.2946997828815
58.5892790345108,-118.1105385509363
44.19549509326034,-78.23447742123527
49.59891810258703,-105.1454344812784
50.34395417164461,-99.94236899675727
56.87472932882144,-100.8930992232854
54.89488414940373,-127.1755109580085
51.7815118599127,-67.93942242201693
58.61434857441951,-124.6853625566306
50.92151019824024,-109.0778528458721
54.0781302523492,-112.4757452292567
43.20710405091936,-81.83748172487078
46.69730084412878,-71.9532637760445
47.29566073928495,-53.54454058874259
50.25183982663449,-111.989386422999
52.41909544603181,-105.5548688947278
45.61237479227146,-79.73230879789485
49.52367534673427,-106.2216691874295
49.25507276262057,-99.11082731187993
50.83105626396407,-120.9446614758475
50.99948059265571,-113.7724499973981
55.76654531752531,-118.756804821355
48.71207293832798,-124.1441675309186
51.56431480408523,-109.4729044248352
61.38018935201005,-121.1090543485612
57.27762858870425,-122.8062810907055
49.37332799145823,-53.73446719654463
45.58204714409957,-73.85634668731723
50.78153801177769,-106.5124831707066
49.99868420002324,-125.5874451746433
45.98255750061626,-82.31107519978696
55.11935510065621,-127.3826724916629
52.65238638624529,-106.855983502513
58.19341883680115,-117.2368623801783
59.92032089444051,-131.7134043768154
47.81840838587263,-69.5513203854786
58.75686002262332,-93.8060724425908
48.46252001953121,-79.44277029777396
55.46155111121382,-117.6092839281136
62.67250333155886,-116.1970065092258
47.02963438066617,-65.70111752716585
53.98178692368932,-122.6572780255716
57.72389819213775,-122.9721356989737
52.51026723289238,-98.88399043509814
52.08521142968947,-109.2518011326895
47.9204123466344,-80.0184192080485
51.97431887078794,-100.1291053603716
49.66953529293739,-111.720860015522
54.32390104594681,-115.0713230682046
52.94102961491027,-108.3018886107015
62.40705118103148,-131.4519994224361
50.86203643044036,-98.46078133883876
50.48295691810151,-120.6606309855767
50.83835249023679,-104.0390678640197
51.06978726479352,-114.0161495017913
61.4175266512413,-121.3640418938671
59.82207615064717,-111.9719582708378
53.36599885905056,-109.5890897872032
54.3109608193446,-129.3572795644205
63.52295453520702,-136.2252691340526
65.68993884209533,-138.1035173701819
49.13333692354497,-118.6859271974526
49.00821200785554,-79.85884291744215
51.06927991912873,-104.1937275456458
54.49395893680347,-104.0999410700238
51.14044899281783,-105.4395852908985
58.77642789694578,-93.7083164670117
56.52856360234237,-94.12174272994164
52.85061579331884,-110.2123445647612
55.46156201955955,-116.4630456858892
52.54380446480577,-115.0115753130177
51.84473958796137,-106.830668910898
46.14221191725408,-77.69264510685913
50.3157713129451,-91.33371561715435
54.03520274303744,-108.7441543888632
52.09573235748591,-116.4285858621148
61.2739983120496,-122.415296952762
47.66019231491177,-80.55761689051391
54.73979040048768,-110.6864010160603
45.51767628978423,-76.8266702776381
74.67600466814679,-94.96159564483533
48.98096517121054,-79.68785227567756
53.42438610719175,-117.7409934645537
52.0856679085935,-106.4176663613489
49.35293636428262,-54.71484369902591
50.08528545395937,-107.8477128896056
46.60456093669883,-61.05380700785685
53.20517033800283,-109.8017432543519
50.1927048646405,-104.7786590359292
53.53993842469169,-105.6414338796172
52.599661284578,-105.0521786189224
51.24840398420779,-119.9276552735615
49.19745312960237,-97.16506059344718
48.38983518734757,-68.21746913139322
51.31599356300564,-110.3973481683017
50.31745571988037,-113.9024513904852
45.47654467513168,-74.05714609852204
49.25490392191057,-91.12166453068116
52.56443758537749,-106.6758053487656
55.35927924051892,-116.8731422499306
44.18161848207605,-66.05734177282645
45.02725237176448,-76.57037986955037
50.76879652477194,-119.278059524907
53.16032362220022,-101.09498153046
50.29266029691493,-65.93409939729472
62.17440113348234,-134.028856718869
52.77184030027332,-112.2293817459729
54.92210826389038,-112.6001420160254
51.06542193123426,-115.1877221107526
56.77728908090813,-100.4073573624044
50.92081806430461,-107.0180602813364
53.22875556324556,-104.0265601522038
49.20110294216796,-117.7126283458804
48.43209162253481,-53.19373683163474
42.90775916535386,-79.89669784579901
61.74724881134689,-131.1489585784425
51.96532531532032,-103.8764718693055
46.73863590807458,-71.41257312590051
55.74102970689344,-121.5458770447083
48.24376317657335,-81.83249944066412
54.03513123019854,-109.4380482763718
52.75493394210563,-108.9963303077953
52.27882803933256,-112.8859418852118
66.36067849931011,-136.7355180361321
62.20016676223612,-134.4308641368537
48.38921208884636,-66.00285272166218
55.85773492416049,-112.1736025106596
49.52366891797852,-107.1949209460764
49.49804015881933,-91.5227572938884
51.24170761927198,-107.9156380971257
54.89184766322271,-127.5081631020404
67.31005404447512,-135.0130275018152
48.74603369854258,-72.17619918733757
51.5662203128642,-107.5035681092793
49.21049957760095,-64.9913500169819
59.96184264255177,-128.1000976925609
49.39861291197449,-54.67052589439043
52.90906519512134,-119.3414828423456
61.35763238050201,-135.6711209960521
53.71836940505556,-122.4790800385665
61.98992424587146,-132.4419424870409
48.87381462508971,-56.2289741733457
53.06528092108942,-121.9432622761012
52.81601266064166,-118.0036784586166
55.93694257236463,-97.6228148057858
51.38696972839194,-113.4283679769335
54.40876480714712,-97.90781428052551
52.84221365196502,-102.7633131874636
50.39142751381941,-114.2263458566659
46.31148519983189,-79.25725161108598
61.6408316468673,-121.3621716767178
45.94549404794869,-64.76278665831225
50.18202762663162,-97.69762108836512
66.212734139121,-136.9538513898793
56.32683687269405,-119.7173286471842
49.39950010753829,-101.2716851519273
45.49958762976762,-72.62175585449636
48.91459754072191,-67.27703568064825
51.61964137549356,-101.5178292379637
48.8743398443862,-72.46103395581176
51.40908743938088,-106.5899508420597
46.43888144654244,-83.93954562914331
55.2808757038095,-120.889967612104
53.42365659450273,-105.5188620472097
73.35535416938227,-119.6263409619425
50.04575381528529,-113.5953857579765
54.47046117615581,-116.9585089387575
49.3770317438326,-109.0731572926952
62.39677027863291,-131.462665746372
61.7555559680456,-131.0329318598778
55.19421315732346,-127.7023842508089
49.03691398371145,-55.58940330952951
51.15415418407758,-121.9324944163562
50.36779055700588,-105.5803196970525
51.49830215681401,-117.4640529571212
50.03047788574403,-114.4273182218002
53.62237645989098,-115.5557409972969
54.58720783905479,-113.5519591446113
60.06612149207638,-130.4877068555872
50.13389375426812,-113.5727897167781
50.71153433721241,-114.3020084299034
50.42655325997544,-112.3533846412071
53.10862230642167,-112.2457398480949
66.34215549047438,-136.7323583075889
57.71710706127679,-122.9810666326334
51.4166104963313,-109.2729302274177
57.82448130530497,-115.3543405215474
52.23980291121698,-120.7174730554465
45.70987643850314,-67.12585941948356
50.30263650264067,-101.3843470680534
50.62385595269669,-101.3643331047494
54.87628916683104,-122.9036704022805
55.2841072521393,-113.2433668762853
45.70034178641033,-82.1676879013246
47.67096163895103,-52.75658077730439
53.04747024690246,-110.8824970614255
47.65961838314027,-80.17072057504748
50.67846470581591,-103.3772434538556
63.94431026509901,-139.3365992799449
48.71980003504203,-92.9203922226076
49.84399268308177,-108.6022580637203
52.23318514664371,-108.546882868507
51.91089505781565,-106.8769611953702
52.75485126689921,-108.4473813822757
49.3850406200776,-123.5370930599455
67.33619060461537,-134.9342998861367
50.00769310196343,-92.06633321861374
44.66131695967199,-65.51923858985795
48.778410555229,-86.57610726776095
49.34904194862713,-113.3828655537526
55.44020102276522,-120.8349244339094
62.30632098345738,-136.2878170073636
50.94534385494435,-109.5307688356595
67.8269337218492,-133.7248469036877
52.05528941828963,-110.2985070668365
45.65719165302345,-64.17184690014568
50.38412729550521,-122.3798334121353
50.97523573808517,-119.7149181721034
45.68282674088848,-77.51397242321383
58.36721889931076,-116.2043573594933
55.22903618783738,-119.4531464915774
52.22459758172457,-109.6472812707269
61.57258155020867,-130.0988533707842
44.71007135437773,-76.70496625048014
46.75757405748315,-65.05636600850605
50.60135085202779,-106.5650754646863
52.52920998035056,-104.7407800333965
50.45993713998317,-122.672608915052
56.24942672917711,-117.0838483256859
45.65324282313511,-75.82959867315523
51.15406778560335,-105.9390032540662
54.58031645660568,-100.9180834681904
45.13275247855218,-81.3808348526421
49.82789264946067,-112.1742861938835
50.3289255171402,-101.5899016104466
59.59259196248939,-126.5933578691658
51.59533071925109,-107.5037601554561
50.43155367381038,-111.5421205590993
67.4760540183514,-134.7215872878564
60.93116626434956,-137.9588702735866
49.08910076443129,-98.67247644521697
48.3285223313127,-78.86957017426612
50.43906222414818,-103.2206187899172
65.16108562242917,-138.3723533003566
53.23454797538058,-105.1230097196859
49.71349317245813,-100.2578843569004
50.07005027438726,-125.1743444418531
49.51316201643775,-56.99649295293789
44.61935668664793,-79.41938004121513
54.15206194958954,-113.7346024489955
54.28462845204481,-118.5531323665927
62.31276479004227,-140.8099345314796
50.417573200394,-100.4518340072506
55.45562642015047,-119.8934524989549
46.36672494889484,-79.84161594682212
51.98621677670423,-124.3550612413273
54.41337202585279,-110.8696439043562
51.24088418519187,-117.6477924050577
50.8382069892317,-120.2730046974457
50.95873122464509,-56.92770337695115
62.05913296894125,-135.6870484356648
48.3546527624766,-64.69472230179834
54.75029689448119,-112.8669669919973
51.73485030250627,-109.4773059285016
48.31727846168992,-68.82720046132422
50.16423919728781,-106.5552535609914
45.74121088700642,-73.40192596064517
55.80355360584967,-114.1844677454214
51.90291866569939,-109.6190768253609
49.73326043358456,-102.0438502338501
53.77565847720392,-109.4759493538926
51.03757874015437,-105.9497661826134
51.26212267062149,-108.1900594890995
52.75470373938003,-108.0032284391647
45.03019538011033,-62.49081494088927
48.05347199924991,-80.01992041513518
50.01851481677549,-108.4118887539169
49.03680259568775,-111.8758356577167
51.33555890561998,-113.8257859638603
50.08553052996817,-124.9061039487486
52.16041428517384,-104.9567554037867
49.19582078468427,-108.1601687952073
49.11717654742677,-99.95686417019043
52.21008806204898,-122.0915617717207
51.56103357246892,-113.2397710854615
48.53550063461189,-53.43127698156945
54.51302736905153,-113.2067089401241
60.03083455893652,-129.1162418578221
43.92793311336666,-80.59705621046103
54.53497405972198,-111.9716560125311
49.11592724532444,-103.103376008391
51.92446002883063,-101.4026123560725
46.98780608560949,-64.07481345154301
56.01746670651956,-129.1194569724814
54.53273004616631,-110.8121522643891
49.36326760682491,-76.77600490956688
49.51709989927267,-98.83987327501438
59.93018099713649,-128.3468994183676
55.73034115078322,-118.4430011680942
60.80706505545471,-136.5757797386054
49.9140986819304,-99.45365930834761
51.39448341404422,-116.1707010353027
59.04232307306305,-117.7061186032349
55.01818741379611,-113.3105445763923
50.22272422809463,-112.5383377985395
60.75187151738238,-137.5352269624054
49.77728683293746,-119.6232108044985
67.38529961068357,-134.8518327099376
53.83564017773196,-109.1289327687494
45.59918618589418,-78.33038417402135
46.44259304896065,-71.03955104553245
54.0649116552038,-114.0563132614497
52.28151825448541,-101.2157427963148
61.70872824403627,-131.4055560555699
49.96320590091037,-82.13009002494141
54.50450281126437,-104.1403999195475
51.74040276270748,-99.0525160530768
62.41240765209599,-136.590889403443
53.32577692865805,-123.6300046649547
52.56546915166985,-121.7965983747573
47.61918732566714,-78.52185756486064
64.21083072187993,-138.5614267813506
48.11366469558813,-66.49188688180656
50.5665200331961,-121.8036958951267
61.69840075319799,-133.0681807428411
51.36165653894516,-100.1433849144038
55.07571777038875,-108.2596047980076
52.89930528861681,-118.7578417626144
48.11916041271152,-84.80846428951413
54.46656980874723,-111.1985078307644
45.53885005981716,-74.66946355345915
53.65914552671713,-101.9831224462271
60.16052109950012,-123.2405622598465
54.26881240327784,-105.9032646425859
50.53205063307732,-99.46151235489879
54.30756848285269,-97.72429514538402
42.92754763218342,-81.05624562188964
60.53626983712699,-134.8753188832254
55.59561995412496,-128.4595678130565
52.76335589032719,-110.5770897557398
45.1972759713185,-64.6206089558587
55.46338236412736,-120.0583182498252
52.23176652218651,-114.3067314813345
49.07212599819517,-73.43080461832739
53.19109327376552,-105.2429497469894
51.21259220451566,-108.2966874896225
52.75112837472535,-122.615376373165
46.29112510030615,-83.26646703615648
48.39319773338425,-86.18706246256804
52.23088458657268,-101.3072446342772
46.20295696639231,-64.75780239227606
52.88017931302431,-99.12237258107399
50.70409493425939,-113.8365090414333
46.13889076827995,-72.29547718780422
49.36522882225451,-96.19291792471883
53.99079245996753,-104.6578477264251
56.78206400113889,-100.4917470077976
55.60682443053881,-116.1967048747896
54.2693830737927,-101.4988239798304
46.17571324989433,-60.76507910922727
53.18485541929963,-114.5695531509755
49.64968853438391,-102.8643064126577
52.80887911180351,-111.8421569637863
53.16508977470309,-122.3727014580934
47.49961663384856,-68.3847801230598
56.35481044822301,-94.70427141882739
47.67172487258949,-80.80241302951042
54.51744217804924,-126.8379736204061
61.75073157765943,-116.8256239388881
51.52085086358571,-104.2012585652718
54.05836606301851,-111.2671105847991
52.62885335515125,-111.1998507422164
48.65391427872981,-90.64720840425271
62.2065611326115,-134.7994774220655
48.72759541663245,-91.42748216936506
47.96586361773758,-84.34594729561945
49.07648049988041,-95.86079252965503
52.34363463418055,-121.4246436333035
54.02715665369423,-126.077164391644
81.63911486696422,-76.60110885103906
49.48047565202143,-121.4232569872749
59.26360795852485,-123.2859828126202
56.10155042030422,-117.8223443606693
49.11535387636208,-68.5543413961509
64.78185534263832,-138.3505144691426
49.4633509039834,-113.724479970243
50.36479978813895,-120.8004039321461
52.33664771192323,-113.8914331658199
66.20448229702653,-136.9704936096809
55.18575014652624,-116.2911233385958
52.9608552755484,-110.8262469138769
61.23280470520795,-120.4796076563657
73.76427893036256,-119.9495666132415
54.00642416865218,-114.533337724823
59.62512803920905,-127.0838767988364
45.59717602728963,-78.69382520054563
53.01781615759901,-112.3645131790879
60.56697612150606,-123.4813922855462
53.64576695620761,-114.8615060326924
58.78663656941444,-125.6335632545285
52.54551034406958,-113.3155359950237
54.85561653695138,-102.486355381265
52.85362203171875,-118.5519234001544
45.02214681623747,-71.78714065937999
50.83380655180613,-105.4427206299646
49.58271056542479,-112.1947479959907
52.04583398282468,-112.1477256856939
53.45390458827411,-114.0142150952477
55.82065813624482,-99.5921696444248
50.52483819252799,-57.40347466179666
49.79440124298343,-101.6679694772972
50.67306477913985,-96.48386139906049
54.2528974157932,-130.2190310016813
50.74688480018328,-111.0705418227222
53.13930840110562,-117.4874723273461
49.25571206092314,-92.71207625711834
68.07000306915877,-133.5035691894666
61.83362082455087,-116.6834808255228
48.04610755960035,-53.1523281633449
55.29396231770885,-119.640971032924
59.95451405781166,-117.0175912740272
52.42263570610615,-120.9857482588818
53.25131808479354,-120.1149717474981
64.2011646278349,-139.9909764650656
51.6233278287138,-121.6132030784825
55.99787968408923,-97.34576704970603
55.27366905374974,-114.5917093127747
49.37819575310793,-113.1730407696448
50.3972688337103,-113.346679589026
48.5675296317311,-53.97320399541801
54.84877599940325,-114.0682256212374
47.66879823014661,-79.27107157588065
55.31598647002385,-119.061588745069
44.95161857941878,-78.56586113237859
51.94505621230113,-110.5010673194091
51.60626549376269,-115.1782843444798
44.33394293810824,-79.72995690137847
50.69833325314465,-127.4660401389029
53.35805074166311,-108.2966019486994
60.80375774095283,-129.2393006318648
44.06460246154659,-77.88754497096897
47.50133100944846,-56.04740730281268
49.82836003961589,-114.8915539539904
53.32964129574451,-122.2492399336204
52.55114665622396,-105.5234727420948
68.32479703768949,-133.6265775720211
51.14628451830964,-102.5446884659038
49.01708453516088,-117.9461361787209
50.42399361366276,-115.9831838802235
53.36548400306016,-103.5409644031363
49.67497231492089,-112.1721963280071
53.88068853758323,-122.9664877469207
50.60131395365085,-107.17841581849
50.28348155491857,-126.3392036004614
49.81703358953756,-75.72073953312642
48.88658907299204,-72.04073588374021
45.22737701820654,-63.18481638031388
52.38870888258106,-122.377825527876
50.66126080372272,-99.84000201280385
54.60176002798481,-124.6054528667559
54.0061842228158,-115.1468881537867
45.95329797692825,-80.58080257490703
45.86843900491719,-79.50298176830722
49.68877693012213,-97.11009644240139
44.96890252313923,-75.23890215757888
57.90846596675566,-117.6139651316394
53.48399400408663,-64.84492233921549
51.53665356466649,-100.2697804571532
48.81822269283686,-72.42034792507305
59.54594890281081,-136.4613603699475
53.49676031060923,-102.4531996532624
50.77179624456305,-119.7238261181148
52.86905793295565,-118.0541914499635
48.51379520115707,-124.2881248039105
47.10188032879041,-55.61749202435681
53.60106637838929,-111.476550487553
56.30471984163982,-120.5365652729834
52.71121559308886,-106.5928396258635
48.91610673477979,-77.94382357914792
51.21721197893757,-113.9374397304586
52.27185199534537,-121.468435166379
49.25717325208985,-96.35790410718462
52.32986149342308,-122.0450654099609
49.7064158232073,-115.822695582353
51.27059917469932,-105.8191683390985
49.36324505886284,-99.03809373528344
51.76544068044018,-112.6657138717165
54.9095115751805,-128.379262088464
54.57042673981586,-124.5474754765894
59.62460422661872,-123.1006768006114
50.9125326720456,-103.5400825510603
48.80910239492554,-56.54844686342307
55.74019293798324,-117.3382956192147
45.37340207841061,-75.14300937572716
48.76584039131713,-93.67108586920845
47.55981244014233,-55.86650591794542
54.02216269350001,-97.7570450864976
61.09246210961633,-118.2466575673426
49.22602668923621,-90.89910309797796
47.580303683815,-66.04206565419707
51.02648372322965,-68.47444619581293
51.21046816256884,-114.9313374603885
49.197668855534,-116.2339293445513
51.5035358304452,-105.7449040902647
45.50943033335288,-77.83171721537127
51.49734060799518,-55.55543599893352
54.78174368161313,-122.8234231653504
48.60391966828242,-79.51691046700373
51.06476663953037,-115.0115231689197
50.7469415355304,-109.2541007384832
52.33002177434155,-105.9107301154179
53.905129165805,-108.4092139330744
57.59430592075221,-115.3155855810153
61.67869200664489,-133.0672872228228
51.06069185471797,-99.8681669567694
53.97698658035142,-110.9801839765706
52.66846147976774,-117.5310464202803
48.83401615936886,-123.7106542519612
50.16677860122375,-96.9791674644382
59.49882376317013,-136.4438011711399
64.98134450758133,-138.2063918804793
67.25219681357585,-64.55364770254822
49.33333357095988,-111.1046146485621
53.81254926481105,-122.5206070945552
49.02635091195338,-119.4210758685471
53.54085222617337,-109.5480180024857
53.18430151934159,-60.45442414184576
51.2125156465822,-111.5089635633926
49.91221191199204,-112.1201585492273
50.04729276063257,-103.486579866902
49.72301043497888,-108.1440429369136
53.97446322230754,-110.5991678967777
52.31856325068804,-107.2904582372294
53.7155010197473,-111.8858385100933
56.40393427079086,-109.2756678828597
52.57962307302686,-111.7811118038432
58.59456946709128,-118.5551065653498
49.75657382876085,-106.0226947247752
51.85805399777484,-98.76808159596327
51.74813501649164,-121.3337499107994
62.58967374527158,-140.9574890221294
54.29309420085974,-116.2192135932801
53.02389961307743,-108.8272526229083
52.48881253374226,-115.5360275316011
45.65300317644009,-76.01629078808826
55.79116121052617,-97.87928307797539
51.99895471473292,-106.1128278322179
52.81979528360674,-109.3151992655981
53.28351624193921,-60.78302233658812
55.90750355753013,-114.0160264689656
49.13228724345378,-97.2442358538264
45.7286786381559,-64.06188398600978
52.44824440855539,-113.7535033416495
47.45842853836464,-66.58143383975664
49.99848701972529,-98.01013154114479
49.30893388074083,-121.4065187980637
52.47014585260317,-115.684398343775
49.76374505999553,-57.9129025400985
51.3968350014945,-111.7864526208275
57.62662822272873,-115.3476108592539
52.43393900058565,-111.7562505556638
52.09778380488708,-116.9541365026886
47.91219408096408,-81.60877458075979
51.8518998559742,-107.2566090673734
49.84973932837284,-119.6112542874435
46.45796696925441,-67.72316000865597
46.40191256161851,-70.88772418612916
50.76568300311582,-93.15621546583715
73.41122495931026,-119.6097081740355
51.50371980875256,-105.8479700573994
53.77675508317845,-101.2283485921942
49.09685972198611,-95.82250682754132
49.68348210366651,-106.9650876603241
52.75163560170302,-112.7129803261066
53.60622199794457,-64.39158173024553
56.81958733202652,-101.0178604739946
54.81899446549293,-98.77846376559114
49.14511417825658,-104.4349657464076
53.10050202099571,-61.13719666155411
47.09816475164952,-71.42293681407926
48.63184144995471,-78.46727312603159
54.41987128280108,-108.7160575340924
53.47994080206583,-107.0610632486329
56.27550782041822,-120.8487095211034
52.1242086054332,-122.349605600154
65.35511595928885,-138.2910054154588
48.95515570296902,-90.25899778140472
52.98283369748586,-106.7601903393323
49.52476939560775,-115.8452219693332
52.29110789460146,-121.1365653939754
61.33991643212509,-121.7686195864404
52.66882979132614,-114.2361588591908
49.1333330098787,-97.35482915780764
55.91338463755997,-113.6216537287615
50.1086749692338,-114.8219200632543
48.67852331763734,-90.92109578346827
46.37631108945453,-71.15144065859175
54.9840381930211,-127.2918113147954
50.22490883316596,-91.6575798905844
65.9655647506526,-137.3526915654983
59.9286839150016,-134.7702559720885
45.99243923469306,-65.65956027093861
56.24559226327295,-96.08470544761921
54.42020392580056,-124.4540753622053
59.30477405509765,-123.2857152490329
51.06766413371919,-97.29758386388089
49.55589138633074,-99.87125325839752
48.98161192745095,-79.22291840538895
48.13272834934753,-86.059032351031
49.7693893793387,-110.5605468984579
53.45461126409028,-107.5049060109061
53.15692834873308,-62.12690509814505
54.29870971332058,-125.8359535133357
54.35579293238479,-113.6791330979342
49.16541968825242,-107.5502128651106
56.55302884573839,-61.68832208483342
49.17790269809245,-90.84345050168164
52.10054485487121,-111.5107851115305
51.99053488448754,-123.1496393560218
52.22193750494031,-123.1326791528675
47.57028329828726,-83.04865946131183
54.01941556764393,-126.1901751823072
50.62206787933978,-119.9684617339232
51.45080804062871,-109.1680825379956
66.40094552882026,-136.7051881818961
47.38910288204054,-81.84229393181108
57.13212822798024,-122.6914405140867
60.80712106475971,-136.5502559435858
49.85824741442132,-102.2777057885883
66.60434750644492,-136.2913818227792
49.98882299485504,-126.857318191267
49.34449174668081,-104.6069286705497
51.27059897015662,-112.1702386275972
48.14299869748388,-82.60527885480657
58.81558088914333,-125.4681291728043
46.96887991696455,-55.94121557425661
50.9816529624994,-99.38314868484994
61.28171556214794,-122.3733031267245
51.99863747778571,-101.0372110999457
48.92397264962463,-89.23415531174622
52.43577531580919,-116.1934114154177
54.44241466589699,-110.65981838433
51.61720390262071,-110.216670494341
53.65130016854035,-116.1637641335429
50.2003362034744,-91.71724319545824
53.49480551874067,-122.6415469866382
53.75953333915129,-114.3366388336719
50.12857716098061,-98.58917322760487
46.23119319963703,-83.11776651538345
51.91403297697797,-116.7202960897024
55.33780311135745,-122.6213521047845
49.26051660937076,-98.3632935031139
53.48175997017839,-104.2843204847236
60.36781068758769,-134.779074059408
49.93822147532723,-110.3113268300626
51.69407963286884,-100.9563285141358
48.89673065931986,-124.9362571041302
46.72331585494074,-53.4359086438693
50.1533732238744,-102.9361187379387
54.23888705534603,-110.2710813837335
52.49290207060655,-105.6682621954768
48.65567945641993,-71.662092799641
55.29811501275469,-116.2667819620299
55.32060512593347,-118.7874625329155
54.33619527667658,-129.2500362662931
51.73798993543651,-121.1454712768127
49.81100204344419,-123.1987394625438
50.04145602009373,-120.8452362355769
51.11337265161698,-113.6793607240186
53.56288927041219,-117.9978601781379
55.63683507959021,-115.0013307146911
49.8448276663341,-68.74844269984752
50.30059400349811,-114.2260562594575
52.83297767736301,-115.5029221379047
51.5621125605917,-108.030175058629
52.07770339517072,-121.7013661994453
59.06186087032346,-125.796240789266
50.5200735515602,-104.3660386262137
53.40992438496541,-123.0393320315696
52.84185813817197,-103.8613353401603
49.4935052207958,-108.449861245298
58.14969615663003,-117.2965084058997
61.35934171047493,-121.6530565989025
48.14036499702717,-71.58336286405472
55.49211570801398,-128.2653388821638
56.35497622235982,-117.1100468372667
67.2403387026057,-135.2484830934098
51.40214390364493,-114.0251491406925
48.35750218997918,-80.54359524058847
69.11136175971511,-105.0252064806074
49.44414921825353,-100.3432674925567
53.76035526243961,-109.4759597194605
49.42913182337919,-100.1274120172902
46.56576991372444,-80.41863090165566
47.4301757165791,-78.67984514938173
49.96047691052237,-109.888644217924
51.83470032986604,-122.16854621707
53.99388782042342,-100.9214521568224
48.99774833421951,-111.8311693229382
57.04400918891756,-111.5510236439622
63.41497934687064,-136.5465030213395
54.14310792278071,-118.8035832863517
49.47807270497754,-97.7082023271974
54.65694617103974,-112.3035683871747
48.86332727932952,-57.93982229532728
53.76558043032809,-101.4306695656342
48.70490795071236,-78.79862815480377
60.92545958631696,-129.1052409391846
48.05603769659434,-77.88301363177717
54.90791492090667,-120.9617909345663
50.43219046870384,-100.7263110665844
49.86047875527945,-121.4395963797042
61.4004095758261,-121.5600499985211
55.72330398699918,-118.0626215654885
53.36694937316737,-114.8936025079304
54.23746836835257,-130.1438966024935
55.73806900709601,-120.2747017350243
50.13742796798429,-120.9324443597034
55.67371871324146,-118.853573266362
49.1550057773365,-53.63838682318542
61.00651684576613,-129.2822621256923
61.35232956789141,-120.7849381655733
49.9119114060506,-55.82358685646485
55.83584795662001,-119.7322197730355
48.10951432854837,-68.49974940213156
53.98484216843078,-113.3971275602207
49.78988645024386,-124.6285866591305
51.51841117619438,-107.503575974389
53.64403239987075,-122.4800018683227
50.38170442465159,-106.2595189081831
46.75525801041385,-53.58650796470751
50.447977139111,-97.13348891538881
49.03019252367486,-97.83880731695113
63.22800322701337,-136.527058848993
52.09206076331673,-107.3127422089211
49.24086517939097,-121.151935200709
51.16066934337521,-106.8184550424445
49.78608540034977,-113.0131221027232
51.47738663904055,-108.5041157028446
46.16787699312411,-73.17647145731554
48.46459684829166,-57.85768729562593
62.19801062669948,-134.4840724648082
51.323777040374,-104.0214444484963
48.07081936917996,-81.5913191476035
48.82113169217196,-87.26694734775211
49.65601310690742,-105.1453792376015
52.02619036560073,-103.5088007742634
45.62349305880865,-80.49447236400292
49.22889019836567,-105.9777837532163
49.7233500483286,-84.53183739142956
52.98734082831058,-105.5351474653139
52.28940960031214,-106.5857440745586
52.20585531902509,-112.8859003954911
50.88962697150016,-118.8350503898918
53.09110716912047,-110.8825378337834
51.56043465753559,-120.1697994463878
48.53780397732867,-80.76802992059618
55.12104515558826,-122.8987615908226
53.3650491359077,-105.4222680124276
51.70682439346243,-110.2602637950855
53.53478531784805,-117.0489364177485
54.41279854478085,-126.0869134817159
55.1755491903497,-114.3148176260273
60.23736999099525,-134.5573487503108
51.91102936813236,-113.5140119635367
53.72485384084318,-100.4330285632734
54.63876998040992,-105.8042480495281
50.36832493469988,-108.0820315478986
53.31865415074238,-111.3276389509927
56.21833611849386,-117.9764927662282
54.33803071383173,-108.6279531744033
55.04274822107637,-111.6331615563017
60.80426338435315,-123.2437731458856
49.35751176076238,-110.2908229034102
50.50226626110368,-111.6972209988846
61.56121148693835,-130.0425056857935
49.93791490229576,-95.9359543830791
48.88500531198783,-54.480705261494
51.13437962891207,-116.1350166508915
60.60007480568262,-116.1909046229805
45.13012143141301,-66.7111119418689
47.50432077902399,-81.30375242480511
61.39109679567049,-121.5768742045823
51.4514747149444,-104.2231734093082
52.35257778031011,-111.0604097755197
48.98016864259205,-72.74097275184664
49.46504053453218,-111.2914354209556
49.57312336057704,-125.5794694778696
45.79419431826379,-76.85006116403397
53.95051591342538,-118.6737289300618
50.33384503449103,-119.2991650564985
64.8997505419659,-125.5758832666007
55.84218059193623,-108.4416980058314
50.83283882090883,-111.6855054854368
55.5833261012705,-113.4464957364937
49.7075450459694,-87.35026078631495
44.16863556358935,-79.66922757715784
53.3281563036798,-109.2965700813956
52.63950241023137,-114.5106844629311
45.13177739270594,-71.98136346159454
49.69927308805689,-105.5293733697558
47.72476139416785,-64.8325977053552
59.88239212879505,-136.7104007537534
52.31849630306803,-107.4602598222086
53.75794725382126,-122.2562798276849
65.11836486249071,-138.3361157148863
46.77945077031969,-72.01215554186501
51.12478167461625,-101.6093028892424
48.39625931457314,-123.8805533875136
52.05907353655609,-115.78064842865
53.19689327120594,-111.7845059109572
54.24825622166853,-110.6052405468017
48.41879880118734,-66.00243211899465
52.18325152815278,-121.769857235485
60.68283699958855,-139.7860637045211
51.81164630674544,-106.5220475031417
49.66825514245993,-104.1307769905198
61.72045995646972,-130.887546295887
55.59233978500865,-118.8535215345749
52.07090516178742,-108.6380738749964
52.79676268102056,-111.9315614683319
49.71852717127614,-99.6434411129985
51.50145329625636,-115.0729369514587
53.82799791665003,-123.2157071650261
49.7596701129639,-124.5738945018384
46.37479900121487,-70.69725784573694
48.2290630203285,-77.9089853077428
49.2427947214559,-116.8137998452241
60.0915606156102,-132.3866354761603
49.30784676638412,-73.90141343117632
45.65918369693425,-66.10977166294155
60.83364146180989,-137.3434865491934
46.45534070407712,-80.68101852654935
49.41877489152012,-117.6535488835801
50.40438712506375,-120.3137698761775
53.6033750854546,-120.7071230967409
54.92465629757557,-101.3571951838029
51.27564853270838,-117.0907815125872
53.07570538317938,-61.80791534087593
54.01458459475732,-110.5991958923548
53.86473042696651,-123.667174517452
55.08319008067095,-117.001340021136
50.22490016776938,-117.7384252232094
63.61966079357206,-137.5696430599318
49.11981264949127,-85.87358771929794
48.07364452125259,-71.5099534303637
53.28265119411618,-131.9688753968096
61.36280782840988,-128.2702510057325
52.14308317129923,-115.9148159408601
61.1055718848901,-118.210009557861
50.29124155052651,-63.70988617149087
48.57592607437608,-67.66911287935001
51.3321529077986,-107.0867133824151
54.65367249952888,-122.7540902557315
51.00264376592122,-99.0061090726931
49.3875665439644,-106.9483970980493
54.29764393685765,-115.1560968817613
51.52882803485693,-100.0127997650773
46.33053949700277,-81.55671807418351
52.0823321924257,-121.5208414530206
50.88642647604185,-112.658570272236
66.39328058491094,-136.7024739918193
49.82300017905913,-93.28463125742181
53.51172768763875,-110.2015328463851
49.97318588657352,-96.55005639125598
54.08113966195848,-105.9430085358456
51.04848949018351,-95.77217662165899
48.4474438678438,-69.30125118452618
51.68170236398076,-104.2027513594633
55.73652602630244,-97.89083638563197
49.44996108262492,-103.2619682005786
52.0311701185343,-103.5292233448746
53.61388005695503,-64.42824762848788
48.75346852959123,-64.17166769984635
45.45715314662233,-78.9368948651709
52.31771400393019,-112.6599411154392
46.67689109437286,-64.25827899336825
50.94854155492406,-98.2253615624722
49.47627097958333,-91.53605463303334
46.44806036180642,-65.40232862722307
56.25091256512739,-96.15301674037205
52.26824385361916,-113.171831920716
48.3297748809401,-72.16179758520671
63.52001915179938,-137.0580302896365
48.65965382049261,-72.38540986899325
55.33455431198814,-112.470423534796
49.52281131314174,-105.3335606724914
49.7554894346363,-94.58033613942592
51.25698502886168,-115.4633732049935
46.30769652332725,-80.21911013752235
50.85572714295817,-118.9585669070261
54.13368405700092,-128.5898248039907
50.767414428559,-93.4318812926785
59.95772175241103,-132.0333996408767
49.86556664161393,-106.1664036860512
51.18649928950647,-104.5192573519929
50.95614839912568,-111.191001731051
50.79070891961683,-115.9881507398259
61.79902418101363,-132.0178013736794
46.36386157691331,-80.12566813133517
62.1442355699459,-131.8424047261137
43.87108377612495,-79.70883090531449
54.04922263232822,-125.9443807796681
45.65478789091301,-79.65318164450167
53.42321414268263,-107.1102944047937
50.92055275542066,-110.061649842279
46.6152203715792,-70.73635376288608
67.43907705661765,-133.7676201584815
42.75621676993813,-81.60634218093719
55.59414390272229,-116.629483353477
52.91765162139956,-99.67970620402392
53.15007875565435,-126.5999479281606
50.88464204322249,-105.0786184450585
45.01622092967705,-72.3622972198123
54.9318770092145,-107.792368468394
51.2941910351925,-114.1658584467917
48.40073761238051,-78.33576945278493
50.0288261914853,-117.4003157536936
53.47683973198603,-114.27320005918
61.58009145845539,-139.3696640264881
54.30134242385179,-129.3860711283346
52.71302926663209,-106.0964457053028
57.9283513598961,-122.8205627992225
49.96002141040384,-91.07168063480283
45.13327204811461,-76.1885093258442
50.24044019890214,-114.1962500770934
52.5386877212744,-107.6007229384691
51.12777217421295,-110.7956374543399
47.86981006125752,-69.15965531780637
60.07176886370077,-132.3250516311598
63.55997020814319,-136.1001698794442
53.38483980719611,-105.8384419941801
52.19662702838156,-122.3737865782888
62.38847439212052,-136.5261386137094
47.34107005396526,-52.90035009677258
45.73465480560429,-73.19326852465319
52.6267075365655,-119.1464223603928
50.47583324224411,-126.9863735656667
49.34807717560567,-105.8480702718803
44.34068823666394,-64.95703562269513
54.0779160870598,-123.9436929124849
50.46977364644472,-117.9106940140589
53.00607291769838,-119.0554346506736
51.84621962021862,-120.8657528772555
49.1158391457241,-110.69345033535
49.2437191060703,-55.17846597875532
45.83176370310402,-66.23758669011038
61.43940784953521,-139.2323568500971
51.99818011322819,-102.9046614942893
60.24230467387419,-134.7428989921266
53.87179092039693,-111.118744697215
51.2265364476936,-105.9617317210347
55.93613818773845,-121.3703968922554
48.82620121809644,-64.7368885140806
53.53363329846596,-102.3657525721976
51.64583074326197,-112.9143214196189
64.42725125630176,-138.2769463458127
60.81566011185043,-137.7207565102798
50.75205098153666,-120.9844614843575
52.4700843976958,-115.6881438042933
56.89283566208181,-101.064714805957
53.52452557113071,-122.980363842742
50.5926104693708,-115.148890719694
53.08299838962922,-105.5130999426655
49.0474654735743,-68.40648429662488
60.93217958778425,-116.8900602679828
53.33617587878479,-108.4664030499171
53.89697188885744,-114.952397204038
46.60787526525014,-63.92793135547098
59.22648766569773,-117.4898479199534
50.9484931042735,-101.5439199982963
49.7806500980877,-103.2294796050327
45.88924124608779,-72.7110200994549
49.83853059196172,-113.0836268656141
59.85523638368372,-122.9775390689293
44.79796962340315,-75.44354158280689
49.0806431957874,-53.82852253513123
50.21054452775007,-126.5930361514891
50.25178899154075,-111.8842902224953
53.92826966376992,-118.9500641187228
47.46748592475958,-68.2360778347335
51.70721566816421,-113.5737742100504
47.7567549216237,-53.2730431984038
48.24444189042941,-79.02336287367459
55.08350194740498,-127.8431426890753
52.47555935221192,-112.8051431520813
54.28522948026166,-124.2392893560889
51.01718078053553,-102.4544421300075
54.17091027132773,-125.7248830348936
48.35719696302571,-55.4735112545987
50.28449716427486,-99.26722353058479
59.97783222674465,-131.2185985408463
52.6272320914151,-102.4437432504115
50.14945159115584,-114.4505484747322
57.81559084499805,-117.612528836663
60.45538453558881,-133.5041252340193
50.55962240400895,-107.2877003699265
54.62915527211539,-115.2398204476641
60.92678636746876,-137.9152152740761
49.35732664107277,-113.1050180061596
50.82700643840045,-119.5619535407094
56.40728527145146,-100.0389171019723
53.63518150514396,-109.1943507567074
54.34052234558329,-109.7468058222557
49.25220979038608,-100.5282628507705
49.2748642150903,-125.0511070100477
52.76215153170141,-108.5124945124489
53.24872757941209,-105.8312419937456
50.73925185483438,-103.3395263624
54.8490243359362,-102.0835511536283
46.47830047557166,-66.05713710279535
46.55753724653138,-67.57481698342157
48.36899219085284,-53.72238138692484
51.27537163344135,-107.7665805448752
50.72269397143294,-118.0086527363299
51.20010659700136,-110.2373503875465
49.1679110819583,-57.12698022699337
50.64323517053451,-107.9573592229551
54.95449060054926,-114.0396873691013
49.52762005948177,-76.15217328298971
46.36373969861944,-72.59227327796656
52.04171716291935,-112.8861032599063
58.45760572782535,-129.9969149703183
49.33317441119501,-121.2956571756351
44.67399509363161,-75.82808948690632
52.12800611641634,-101.2701060166986
50.31294632639521,-103.4500573445812
51.88993944139902,-108.7210428629101
50.86338594142057,-107.6067904184689
48.59126267501222,-90.24291713095369
45.09761441790864,-75.30319545903092
49.98956622977984,-106.4651491632788
45.986196393553,-76.50999414017193
48.33028671195456,-57.70028203833296
60.75224363427914,-129.2208859647581
50.92142015991809,-112.0486785002408
51.47621949289194,-102.7610661287145
59.31809971229752,-123.2799945720247
61.83077646026513,-132.2615259750477
53.77709507549667,-111.23656236638
60.34158679585813,-129.0545198846858
49.07132129643471,-97.75137743071693
45.86590421760739,-65.4457967938207
55.37420501203434,-118.5774793858309
52.19478356681918,-67.90603765228735
53.07000429637823,-57.50622351291916
61.13060944247806,-117.8420114285485
44.806565608752,-77.77516242379436
50.66853791279984,-106.5541591766803
52.50146502653711,-113.315468529079
55.84320580936165,-97.8239206912492
51.44542442173978,-105.4288011162332
47.32131873930877,-79.80925452650902
54.21628292572456,-123.06689615669
48.29999947392248,-84.95717795722706
52.45857795620686,-122.1012727161345
53.01784401696963,-112.0500721540442
50.59780221710578,-121.8653157950465
52.8580008150588,-104.3497747822258
46.69279176620402,-73.05363926699467
52.34760416429702,-108.0073368108152
54.16668934541704,-114.1784270094547
49.54403255300834,-56.99522570749176
55.92684805868729,-120.740579500862
51.50333731631473,-113.1652324782141
54.22461339895105,-100.5947318564999
52.58024832874946,-103.0284517635405
50.39191380024694,-97.52917023004004
59.94440370053265,-131.9823975058301
52.94368261704902,-105.507483864818
49.61542621279338,-67.216794860335
50.60809108037122,-127.2253589781772
48.84478492987904,-78.50191194723199
53.99863988998796,-111.150061920284
52.27394537480046,-112.0515788388283
48.65249470022297,-90.50958841977852
53.86909996621968,-100.3243019404542
53.39432506398634,-105.8258370825527
51.84240286668401,-105.9121789857643
54.19330732816401,-110.3553546378284
49.20043686548672,-101.9757996269948
48.08948883755022,-67.10175165728545
51.05764515781988,-104.4960264628626
47.33132716341935,-68.749249072271
46.4729744930346,-72.38894846106871
50.88137585455533,-111.9172962105632
51.64905254769707,-113.0850035434406
54.87999323805334,-114.0413085021187
46.4804015326784,-63.6967492361806
51.76539606648184,-111.4472972826732
48.41478613774853,-71.22134092464607
50.89835732513763,-107.8794284722464
48.37364119670746,-66.00294638786883
49.85744748201121,-107.1785448463388
58.13727400936047,-116.349224955246
49.02452734359031,-110.2514435248954
52.71156651051762,-111.4558581237556
57.23683757419504,-115.2197503523412
54.41687492748187,-114.7762085128877
62.74924039107693,-136.6565944450755
46.7589254401638,-60.36377556894418
54.80906743497975,-101.825747088942
53.86778103146926,-110.4944726828788
56.50525242297543,-115.3320926317171
53.82907717815265,-115.9818698020122
55.19971268753577,-118.4231758507913
59.76609894522889,-136.5950759243326
50.01914285554443,-113.2622845131134
48.52976811938583,-66.12652467415002
49.33439013587138,-115.285912845588
53.51103064306956,-110.1156499951126
56.93122226418874,-117.6211912281848
49.75540521213616,-120.7710016573856
45.22681789870263,-71.57263629298622
55.92699496526332,-99.77729346865571
52.05670283372666,-104.366538884852
50.72081860404021,-107.432347528309
60.08766046200802,-130.597978574418
47.21729020527597,-53.80565347899766
62.36214458197145,-131.5254381980717
50.33855576911389,-105.4173072593705
48.65089617658815,-88.75736708458459
50.07995513134011,-100.5997078435414
48.28060846049161,-53.91845861895916
55.689161865841,-117.1313392582235
60.71076434570498,-137.4140065987192
47.44576723207704,-53.30158485784889
45.64760308398936,-74.73809030211461
53.13628261449111,-110.3222828548034
50.46692288035437,-105.9965758712562
50.82892134813934,-97.5560554921331
50.10612669983862,-107.3137733434909
75.47074016601906,-89.89163889975198
61.2078697586641,-120.2599082013535
49.17535095052528,-102.6842009658418
44.01514506986216,-80.04770420339092
50.12628294186445,-117.5192866961757
49.12162065996276,-110.7403142162928
66.23047414081361,-136.875542777922
44.50875820818128,-79.07880929846276
48.90848384429975,-81.38043760475627
55.13807761455733,-128.0054612197644
51.26437099234287,-112.95647432489
52.84222589812229,-103.1024385768899
46.050481834452,-65.55666081154465
49.43550530122943,-103.4922823174212
50.4940334809541,-96.5377110502664
54.09710140711461,-125.2301037747197
52.58179722539039,-67.434848428882
55.5628936288518,-114.9103457341143
51.67508302015595,-101.6075259352964
73.84232309861441,-119.8118558931255
45.47782025719068,-79.5146503495122
49.64080779621452,-112.7076536830599
56.22653807160747,-110.8835500506704
49.65497485215189,-120.6200709875328
58.26843794691158,-116.2053058131279
51.37412010397212,-56.13202558055557
47.77714658643475,-70.11225512007209
45.90424480367751,-66.01754289830694
61.51640253534731,-139.3206893461343
51.50184220853732,-116.2582661124287
51.06906041399129,-112.9817628234441
51.94002092455658,-108.9927061760699
45.63483995981814,-80.39597636349488
50.34423065634446,-119.9455524282997
46.84617030451977,-76.33730878339163
46.21983724116043,-74.95663961742437
57.75770019231207,-122.9276742499025
58.51475872983224,-117.0285029400395
56.33486799656873,-121.0677474557981
51.64893141293928,-112.5762116909195
60.62957889203221,-133.0245034971303
49.21627871355589,-117.4717924165858
48.91792650843301,-89.22628273898825
62.49475896940362,-116.4802866336899
52.70865798589509,-111.2650420064468
56.0588326333318,-129.2643706504543
54.09139557664034,-112.6134083808327
51.41280090718313,-117.0469434201011
56.57266325301509,-99.94947138790415
59.5188228501815,-136.4596457078179
56.13063524090067,-117.7823643983075
55.9960926605276,-120.6204154192522
49.99137470222163,-121.5033316558497
50.47534483950321,-90.58515188708387
55.17035403433865,-119.05473344449
53.06655716636065,-61.61554992751574
48.18984444925275,-89.74434694592244
45.59963587387868,-62.42051620443038
52.31839190827181,-105.0297459891291
52.52878391985943,-117.6117053338658
53.65760849744991,-111.1405960473039
57.84789202623137,-115.3754171192803
50.99168358416149,-119.7522044909253
54.71871438650884,-98.30821489659067
49.63912430420952,-104.4052359047077
54.4708798899476,-102.1351725989945
53.85148978926261,-122.5824409921787
51.72854289018922,-104.2027518719348
49.80459814620126,-94.0316463518164
49.00172772794974,-57.87322867565208
59.5710196098118,-129.2266034865349
54.10533294089323,-121.9068986030101
49.55556800573124,-112.7796759367966
54.30389872248667,-125.8432465178387
47.58427595313437,-80.61977455493759
53.04722411645985,-122.6160911725468
55.10674636145483,-114.003197224123
47.8992108789839,-69.52118849133959
49.06419487382212,-108.3878034183019
54.01681640652716,-115.88128466858
51.96869217745551,-112.4808339891611
50.41233754509624,-97.73690865599609
49.37720904433959,-82.4034695636747
49.74355624305335,-116.8540241122271
50.79576190244814,-121.3220542848704
53.41209931380486,-104.4869484782852
53.27805978723784,-110.2249449967252
54.47520623431743,-101.3808250768814
51.21031284506381,-103.0306027132106
49.70279206488705,-124.5058388230057
50.35380377526593,-112.6678707326161
59.91632859598288,-131.8843455105504
55.39751489345576,-120.1078078392288
61.36971314636672,-139.0429247008045
48.72162991775314,-67.49002540346446
51.05168452292367,-99.72739917790236
49.41715692083706,-114.2486372207873
52.88643462404386,-110.3668367156735
51.69994601171598,-112.2493816191643
47.00896369144197,-79.28357023215358
49.77127032780475,-104.087281842804
59.7421807433087,-127.3237258869244
52.16647349258397,-110.2430126026494
54.3261138846205,-112.8956666365665
54.06380517589095,-115.8290905095029
58.77548202167195,-93.53037888253877
48.63580526267779,-78.74775803777462
51.13707598984081,-98.30912534534863
53.15097004637828,-112.2457272226397
54.44397933441483,-112.8035560874872
54.55422279026561,-107.8337390305409
52.74747601800716,-117.972713331103
48.20010479198455,-70.14192125753864
49.32457863793937,-104.2935704314668
46.87107902338441,-65.46835560357684
47.66597006649077,-80.60588035989242
52.46417222284899,-114.1936865985988
54.31025325989358,-130.2700466717086
50.43691366997403,-97.3329862841826
57.14610324806682,-122.6947403122555
46.97551496927872,-79.79711024250848
51.73782537301292,-105.6971196785395
50.74083823598566,-108.0361143147194
59.86314367623294,-129.1542533955996
52.16330827081141,-114.0969822790481
49.0282403008272,-81.40388992466299
60.64053596134873,-135.0380030245328
67.55822444495107,-64.03384818164585
50.42205269463413,-127.4792877812865
48.11068235291196,-65.03150800665506
46.30621682277491,-75.03416879487098
46.46475030535353,-62.53744054507477
62.02322578424509,-132.7417569856975
56.1168618368927,-129.7182079310064
50.81388607516395,-109.5365753195864
52.9821678396595,-60.32765286830067
47.12560224879012,-69.87605242726929
54.15198596555353,-113.4599200613984
51.99779552721503,-111.0043632711184
49.98974479387553,-111.9399551676209
52.92849759246182,-102.3937863865965
49.21335015618543,-107.9342231758953
50.18196667942797,-97.52805512282161
49.57438925401607,-96.48909910942774
52.28590830112406,-108.5028787870837
49.33981597334869,-101.8440310911157
74.71384582464427,-94.98402492466572
55.50158404486544,-116.0698374344411
49.71410318580379,-96.83587649356028
53.05197667998494,-113.9758441456269
56.33216395946421,-129.2925406964669
49.19423553116202,-121.7732546921928
50.53881982819977,-100.0464222710242
56.51544682532484,-121.229032212309
51.72468593099263,-112.8396386056538
59.46760112504302,-136.4092802028084
52.05639789582248,-101.9364291603412
54.09803255093605,-126.8682903489057
49.69741266332392,-103.8162861402554
48.51886702075981,-79.90187956489106
63.20585623009035,-136.5437170500446
52.46685169617267,-109.9597575489781
50.30227475539793,-65.13474324617515
56.70337245830694,-121.711579630245
44.23341782213483,-79.83074257195742
49.72648165737126,-105.2535446079655
55.61004514356333,-112.2084786495811
51.39308670043339,-107.4803328803771
54.22463990606207,-100.6011001139611
52.35357049641339,-120.8398472628252
48.56636991660226,-78.23309038141139
53.07856417923685,-118.0342002161719
59.82655108118323,-127.4764713082766
52.50506180421116,-104.5248286536566
50.04725923360695,-103.5912714758092
53.69040434182003,-103.3299391811605
54.03275290489191,-122.9859112443297
53.02803793395828,-112.9524378121016
43.16648654408008,-81.39564261822395
49.40798016979076,-88.10153464435905
55.33246740612111,-114.7523037922721
53.08567764276691,-121.5200517916207
60.50355185778734,-134.3055357293199
56.69942844300517,-117.6523232377839
47.89276837397467,-65.85244500793888
49.61850037344493,-110.1568268020759
55.91119801379114,-118.6236001495964
67.48052487158184,-134.703664834081
50.85986069794359,-98.26542919084388
53.76276153772935,-101.436462693388
53.99071195932498,-113.8431366584777
58.0869879193723,-117.2925622324344
47.35817505262771,-69.71946891813626
66.82977298124686,-136.348891697688
49.82139581337411,-109.0946689323801
49.5370380544926,-56.08224134560253
52.00987559801076,-108.7406485079182
47.68581314229807,-80.4331793099248
48.85542639009815,-124.1250896432565
58.75546167256961,-93.20061885228732
52.18943714132773,-121.9613266424873
56.97531953805515,-115.1805612125592
49.17768982138033,-99.8498915265908
50.68826995623084,-104.6165355404094
49.97925981181938,-96.00157386544043
51.75848424073915,-100.5346988429499
62.09003101198729,-116.3127334368559
49.59207207506844,-113.6635461534425
48.44126705929524,-70.84865710076498
53.56695504761081,-109.4024383990119
52.25449420759116,-104.2445512814253
54.47132074192023,-99.03878913389636
52.70273449300361,-102.3455726927127
55.87375569416411,-99.14138019123092
47.66447025658604,-79.73106431920584
55.19198572185582,-115.3348511201845
51.09192484525646,-108.5621245525794
54.00365225003979,-122.932988623786
50.31431683539243,-126.0429502765884
56.62646265837083,-121.5082014983184
56.62967424047002,-121.5756212080291
52.42459064019561,-108.9050618069898
61.23517818565115,-122.5394449935715
49.6038925433662,-94.07572136619962
61.14487514928489,-119.4059919600274
54.77187745128003,-126.8375463353557
54.94184879375684,-113.3105878199005
52.57542826142006,-112.0635421161086
56.08700760182635,-96.9527414233123
58.75335898939643,-123.6054238769699
55.10559296137512,-120.973130051079
56.10151735613965,-117.7578016248895
54.18061549416304,-111.1993588786174
58.84327622020862,-122.5799499936121
53.04750749606674,-109.0815551079015
51.6062707506111,-103.2534414256033
51.88582421664749,-104.5567210803438
53.36502953801052,-104.0600800281072
51.33207792925923,-117.4436368660329
55.20453323028222,-111.3431160586658
64.46519509079931,-138.2072988369554
56.75117904743557,-115.2941701899899
54.00628041101411,-110.9028017232085
51.67771098449389,-108.2957419832296
55.08315502353607,-113.3078547770446
58.53826680667561,-117.3493203122486
53.60881033291001,-123.3215512244358
46.82080768570576,-75.62088070989994
50.17938156963476,-100.2324375915451
47.87161522365648,-83.23100789495685
49.36961554345513,-98.05804741641664
53.4229517551931,-117.5524307412797
49.95128429396487,-111.2782925713309
52.92970729278902,-108.6105119461453
52.84704883088844,-110.5120107102925
53.01307658191317,-122.2697851176426
59.75465310849961,-127.4634163328079
47.42622959308956,-68.32567430481998
59.88681632061398,-129.1491279021925
50.22434031495936,-113.3965156721409
51.12569129082249,-99.77781847655686
45.41633891232911,-77.20640664898858
63.93910919959054,-138.4231106878398
52.11367010432058,-111.5979561448068
54.03226111191397,-99.1791513782065
49.8492268578593,-93.85274763532203
49.23830288849812,-117.5359697006618
51.84788905080838,-68.10943135528271
49.24263850882781,-115.296724771326
49.43674614410858,-109.7827314750628
62.19959411336743,-134.7180829505543
52.07737059766237,-121.7424819469423
53.73713783996923,-123.0875646086084
50.30991165144655,-107.1925533954375
50.23394458658665,-126.8771172327639
58.52666750735317,-119.1550681698973
49.65848691380955,-115.9115181312276
44.37893880457187,-78.33907068508422
52.31818941607939,-106.0228802179562
58.93656326882981,-123.1437777824897
49.76340946825422,-109.0862256203206
51.21270661659287,-109.457976744774
63.78228449179966,-137.8100735262115
53.03252280666159,-119.2184846925732
53.90463369593073,-106.1544008754684
54.04973131828704,-110.890314653573
49.2938911869205,-97.1652979943451
51.95931730100639,-114.3559450319234
49.17434251733883,-107.9893900222925
55.88493272877733,-118.631118409345
51.57934928583025,-111.4503049368232
44.71841557704157,-75.55154196468052
49.23258848230603,-94.00153944773089
52.60661455490946,-106.3608403193771
53.92754916467262,-119.176813960473
46.21007483865667,-82.63867589369349
50.39628661504624,-93.0843203596825
53.4035546755717,-101.3159613964243
51.95972555010489,-119.3450015454195
56.21899783783257,-121.0265614372842
57.12010674139315,-117.5333793649936
54.59155478415745,-100.3183811204068
52.42234229524551,-109.7680540145294
51.33167510721213,-114.9677411461607
56.16764688987121,-100.0304959314122
69.33081329172126,-122.8259615480239
55.49124241553496,-122.7834844066893
51.02304542893923,-118.1380980336681
53.38296337170444,-113.2952257797213
45.70922000833531,-75.09315999362904
49.65582113421719,-96.20392807449038
51.00885727958304,-112.299622169102
58.84052252667379,-123.4683687357317
51.09711342047856,-96.8805507000384
52.75406403791533,-122.3408327366587
56.42944106189351,-111.3250859497521
55.24998106221955,-123.0916260600944
53.83947903613009,-106.0452171125312
53.24899129859443,-111.5406144737913
60.12974652580397,-123.1882702425554
48.02391641214503,-77.85615526608137
49.51741118095492,-106.7468518017531
53.52436914854209,-60.19129378194229
50.67340079882656,-105.5375935337008
49.8409948993223,-96.69492170388354
53.08757265738222,-100.2900706490348
45.77101074721757,-63.50609512642465
61.63772684921881,-130.4957371601303
52.84337205189792,-113.7767320105388
59.6407940138857,-127.1377233586194
63.08833052461159,-136.4612405396112
50.13850833697118,-115.6779329533976
49.0289265822767,-102.933878879163
50.73163767199942,-109.3982339660071
61.71490359881807,-139.839992602432
49.19787913950123,-105.1446184394665
49.8155524723046,-101.8952905049448
51.64890544769219,-89.88843748800241
65.49065450145261,-138.2291442775045
48.74413489108175,-78.69534760538994
53.89081068565595,-113.1760595973786
52.63787579837346,-114.8948899826475
51.51639234259974,-101.4527853267918
62.67877610266827,-136.7584053733099
45.35526769199019,-72.48309014311721
49.41723640778071,-84.71242185148878
46.02403376415823,-66.84706224803381
54.13662503635263,-111.6467520599738
58.65369070819946,-124.2203502832346
52.55788897822066,-114.7932599705365
50.18962569750275,-126.9960003505304
49.7610580391738,-95.83887432137163
53.93936369892346,-97.90643818937664
52.23088390118627,-101.3945244028138
56.25753170641928,-110.9171556772815
46.18202799587693,-63.97819804704626
54.73007564173864,-127.0516973062116
51.07978369316479,-90.24532184266053
50.81629407589126,-102.6338509206152
62.04198565666543,-140.6240879890261
49.85751147355933,-112.8238024081827
53.18313890285383,-122.5047230560047
50.46251827443898,-106.4350559912473
53.34406069683292,-109.4916211111648
50.22256636166792,-110.7097916046213
54.85298074666909,-113.564359790313
62.72501572276576,-116.0729760624626
49.45771380740612,-99.87858656919005
55.38333830661222,-123.1735008853651
61.60096123835493,-130.175884273507
61.84809518320203,-132.956508207642
57.34325828383319,-117.5463346371061
51.37327512728977,-56.01830981007129
54.064894993034,-114.1137058437625
49.84369837702326,-99.66632950939598
52.32514137945917,-106.6432452576714
54.52224414676471,-112.954669092591
49.72763614445627,-108.1926684408804
54.14813602347421,-110.605316993006
50.70319581171057,-103.6653548611219
50.93069565934964,-102.9808771940647
45.569294795468,-62.66388066613768
54.41503521200362,-126.7313720012467
44.70600198243328,-77.5572789524053
49.41833719881217,-68.47022057403677
53.77373275872253,-112.4325224576555
52.76195632114631,-111.5806190522365
56.72526268801381,-99.97083353767214
49.64282552724882,-121.4105984011336
49.02522720765278,-105.4117399416769
49.01887034639088,-88.26255371106194
51.65059086560503,-121.3303773885688
48.73871659016741,-71.45550275096373
46.12787565697251,-74.17354537591233
51.32691171230775,-112.459018311742
51.56754207036444,-120.871010512789
50.33127204384257,-96.97514654962751
52.09996450144833,-100.8792747815698
50.48851397738695,-102.0746799956456
49.55741244642203,-109.1873661275387
51.79433169843734,-106.9168977841944
61.02262975272363,-138.6348024284485
56.36385589619918,-117.6222490752409
61.60105561252745,-125.7245476692457
55.07756654160709,-114.1126075530121
49.06228557415429,-118.9489246760467
56.21839064006789,-118.1864566905708
53.27842370913765,-103.5611326570774
50.61139497790017,-107.3434410776347
61.12755171712458,-118.9779127950747
53.48254833618493,-110.8163180244834
62.8997684988175,-129.702784202226
48.28969705209559,-71.9835366730066
49.2988777997533,-115.3696268825177
50.72760852634609,-98.24087169431812
48.08719942710661,-77.59706244900387
50.12859493183072,-120.4775636646672
53.24896651528572,-108.8855653382436
49.96546608461436,-117.2763694902972
53.79424763527843,-104.6013132236811
55.69168539424752,-128.762713396311
60.82608786217681,-132.987095960199
49.87541702466093,-108.0294411353413
50.08763910247612,-117.4563104182461
58.06320880773281,-115.6128828710042
48.777974191681,-79.31552951082361
62.21783345302288,-133.4225980514655
49.61511344741643,-98.00542950141076
56.33381898426298,-120.3268626443286
49.7459488686513,-99.84826704876613
62.03193410421481,-140.5898606663448
60.26325450256049,-129.0091030381443
53.6555106816894,-110.5219565027503
54.4506517205692,-114.0018961292681
49.65275975083895,-116.4029426350933
45.38021875023409,-77.02524356377462
45.43505193151911,-64.78577454097665
49.36863245609761,-121.6821231790445
52.95976639804686,-113.9065688372504
42.72854429423214,-80.43909251586709
52.5927014651105,-102.518913158132
49.78591769813676,-112.2945408937662
61.09876655219902,-118.8247523698368
49.08703073015914,-105.4289313608323
49.30463825686589,-119.5725472504805
46.5705178648941,-80.15834510142092
54.26771880604202,-113.1256301891832
49.11345069903122,-115.1792501562884
49.14515407192589,-108.9170248125748
52.51297539897483,-119.1059824601858
53.19235801555376,-114.1255365625249
51.79446215984557,-105.3100956838202
53.34757769913896,-113.2451545767288
52.01986454022961,-105.5274178118908
55.89944119165847,-112.1145933511927
52.43399957700699,-111.5867218764144
54.59707641353681,-99.71260202149077
67.47126001337136,-134.622517571909
51.98586249213337,-102.7922890316484
50.77874407787284,-118.05182210916
54.23758877881738,-112.8007153528713
51.429279067482,-97.40322266697063
52.04135492613167,-104.9091727749754
49.70890425390555,-124.9565778777159
55.25060354070617,-119.1539861970096
55.48027803755771,-121.6093086392682
46.93224296888676,-71.30309029000092
53.74419260833742,-110.6561538458016
50.85964799803072,-119.6509309531584
54.0907322334006,-106.3955901364543
60.80830689995931,-136.5988351076318
51.96918891393166,-103.7779240401271
58.47714526792742,-117.1853424211069
45.90505927413489,-74.31940327854286
53.89067642570362,-112.6662526784824
54.18577797532148,-124.2074512532277
51.43414516753251,-107.1052780946327
51.16271862733563,-109.9808160317305
51.24152516571502,-120.0100534162782
49.71817382151771,-112.4883053248232
46.24452708389756,-61.12721048299802
50.47632749349559,-101.5695866257771
54.83604779794381,-107.8244950708349
48.15614269015447,-65.64857477352581
54.53629248588453,-115.1188150794377
62.66461375358151,-115.3159480620011
47.44091626461063,-65.0007542239824
52.30522654249324,-108.6816623232965
44.88287667729037,-75.33786421722813
54.94511791181915,-118.7769063313188
53.50293678688492,-111.2062261246312
50.67197524352085,-107.3902030555758
52.87234668769581,-103.54157842844
49.06670888803958,-124.7328948721445
46.57891138592264,-66.0800201106599
51.59081861491536,-111.950561354119
46.54024323210658,-84.44562902257344
58.42461790026791,-116.1456838441671
53.83639915364823,-100.8343480843441
51.93660479742475,-111.8476810912844
52.25010799889147,-111.9769513437044
56.65718483772619,-111.2253488217502
56.06827812615349,-130.0266375961177
45.48754900723438,-73.3316649640614
60.47887877797684,-133.2758255509516
47.58106308174224,-65.96934724612403
44.69716001962913,-81.18262635401193
51.56531964009591,-121.8912112708737
61.79053676445849,-116.7542110388297
48.46979687736165,-68.41543592093886
50.8987665792996,-115.6438707839033
54.17134946966716,-109.7676407376433
61.9377804690309,-136.1795358355102
62.34422242951628,-116.4875562293781
53.27802033384218,-108.2318031804768
53.27440440207125,-111.536118201875
48.71187079391846,-89.88761793404294
49.25139742254808,-68.43186849548195
47.29089041478469,-84.56769069056234
54.20001424644371,-113.8504786574066
52.46498567934558,-114.6959970645807
69.31880309852018,-122.8779779937729
51.97500326514819,-115.25520051625
53.02928615925692,-122.0116197953705
46.11302620414995,-60.83385568578216
52.12643343739251,-106.6037003531866
53.42826340518886,-111.7457426886478
53.30874602276433,-113.3267878411766
53.15432157436221,-103.5876257980787
55.45387661565076,-120.1066582079761
55.17024228171114,-119.2465066792317
51.3570853710734,-114.1699274493475
49.08825966159144,-103.497979674047
53.14155434598386,-122.4761989849018
51.12947365209161,-56.86088536565897
60.02721561753549,-131.0757429327456
45.92234399706867,-76.16730475873871
56.40041583655763,-111.4222751033189
47.41953475260854,-64.89760955235886
50.24637302908013,-121.4929951980649
52.66582543374135,-110.8206622943134
49.2939643417385,-121.2599665744371
46.99778768557721,-65.11688557258181
49.92907659514986,-96.65490515095178
44.80783570319627,-78.48548626662281
46.75991833458981,-73.01579231319673
48.67064388510857,-90.29061876977367
54.11181506899649,-112.26706487952
50.66056719164668,-127.5111714044449
51.49457324906628,-107.6239974901029
45.28085568149267,-79.47750888088572
52.77958156002546,-101.0663350654491
49.28937424360408,-81.78174420361725
46.06102777396087,-81.20989903997241
45.47601765927406,-63.04630313430775
50.57230043649472,-110.0969855407044
50.94822356355377,-98.39485517473898
48.55956698883305,-93.67323156158811
50.84810292139505,-68.63087555586549
54.02713717826355,-124.3841053862635
50.513687369501,-108.8230396984095
53.01656600243511,-108.6659369224325
75.47736978851252,-89.5037536421021
52.87719401554106,-113.644169446798
48.90142113945014,-87.67996067262372
54.12186279066572,-108.5346642648383
54.44347967304806,-97.99876055133636
60.56186254067682,-133.0984171756305
62.17948179808953,-133.7637942701222
49.21869367015781,-97.32826431001112
61.44411444206142,-139.2339567761514
52.0130753099857,-105.0283855262714
54.15210437396151,-113.355108268723
55.39868556420686,-119.7154016281699
52.72711139182348,-101.1150996313469
49.90115051028633,-92.28807134224958
68.94197642075008,-122.7651858335227
52.82512887311987,-114.3533988704455
55.51972783690616,-112.3447073187324
51.21019503434111,-102.6915342785288
49.45191878588535,-53.95571097072395
53.42425324596457,-108.4905157679187
50.2405020627621,-100.0879774804273
53.43661966538176,-114.2229477335294
49.3125248435563,-92.66747114912152
53.47091155446523,-122.5820976098774
45.61052168421239,-61.24506332638587
52.72431520200337,-112.9550073538301
46.0398507034009,-66.14443637939368
61.20397499727685,-120.0815776419756
49.42038134080945,-82.56363822566676
52.89406389693217,-117.8740763852977
45.30678894384868,-79.91000601663043
55.8104899789957,-120.3479791277197
60.63549871121816,-116.3523279371458
49.56236744560992,-102.2550390925499
61.53325471647958,-128.2710901281904
46.63001470080574,-84.51916060222764
54.12433783482767,-121.9787871311301
50.92145047775181,-112.2435922010443
53.86236995569442,-123.134427077792
60.80004980058015,-129.2373792730217
58.7682173500224,-93.53639964151422
53.48173859957927,-104.2443006034432
51.37451910101431,-103.2094584051845
51.00882208664527,-112.1800081550222
49.49112692985383,-102.4776564314887
66.9842627399018,-136.2154001945212
50.6594987753178,-111.449990644791
52.00022350204392,-116.82324184544
52.24269747679083,-120.9513254898544
53.53361281339693,-116.0652538569208
49.8960193754994,-111.2783488891579
49.66822039867679,-102.9280659762528
48.90818056552481,-56.12959885163144
51.58141843719899,-106.590448693466
53.63041770986832,-101.7563618245715
44.17831659693677,-80.82955021695481
52.29496736240139,-110.1001628012975
51.5870449339193,-119.8375525407219
65.81553076206721,-137.76440397381
49.62328132381931,-96.82104578460829
46.20542926204699,-73.73191112021807
52.47866055058698,-121.9525443393071
50.53702175655986,-68.78683736559424
63.0908638256927,-136.4639640790884
46.22996455841293,-60.61171862532894
49.11302004313526,-77.95984213038547
50.86355278668386,-104.5015764944645
54.80740201683841,-101.9626589581715
46.58544871019536,-60.99902330534185
49.76178465714693,-94.32509737799211
52.46054352322136,-115.3218224007817
54.5197411081399,-97.98893252711052
47.66391902214929,-83.27456856782203
52.86659117827111,-99.1066660064545
52.13022318682422,-111.8620342789964
49.73904141240622,-100.1181605273437
52.18276513858111,-100.144837370169
54.06024736754616,-124.909389138955
49.46537949495363,-79.003324864779
50.35498789023463,-105.3256886106182
52.34639399909361,-113.6128599174163
50.775850040372,-111.7491887122844
56.4921327506539,-111.2177489257785
49.4794964063501,-99.87164371090608
60.4855655618837,-123.4032490229811
53.82108275375557,-105.4134473733838
54.62094442368196,-97.75054204347013
47.55750638005988,-78.87352773062483
53.58022102506699,-113.885419744379
57.93817834304031,-130.0449617189683
50.0927218616249,-92.1029684938824
65.72567578817826,-137.9612022293693
59.28402689545854,-129.3129710424822
55.9112771569512,-98.3186894198349
49.52751052109062,-97.36846409384987
53.2140807001494,-105.7762717650307
57.26748552601293,-130.2702135271868
51.88874646148373,-99.57713820440875
61.98148685299536,-116.4264990786157
54.57475698396735,-124.4697061209733
54.34455829693631,-112.0259940555126
55.74733164186106,-113.4052316455972
52.78518498760532,-113.7045070202126
61.83657857744191,-128.3131659494618
49.99617634909658,-117.0377969837945
49.88561203973251,-96.75984345261377
45.02930713181623,-63.70542221758517
50.65034493907113,-109.9058126337591
50.52071270178129,-100.2421021714128
49.82798289777483,-117.4378495746464
51.88266079776123,-108.3429661869281
49.75836944595661,-77.7924778877389
50.10512191312591,-115.5462123756295
50.59860375066573,-107.715711140904
61.72988808761943,-131.5925600718597
61.15026197680165,-119.3312032096277
49.20262822081586,-102.4498535303881
61.37001584357623,-120.8648306704304
49.50717861013667,-95.55676756660579
48.05338664193129,-69.29547240246602
49.48067884307461,-103.8449557806361
49.02934632064978,-113.1348517937721
60.45315515413599,-137.0682500674164
49.08025827283375,-98.15536095184294
61.89535285136806,-132.6831966244494
53.26460979822203,-60.72778676217042
48.14834664495937,-78.1168958614641
55.25070078431154,-127.6844267673614
50.99254008585672,-113.4003006485952
49.42772340704062,-102.9932182548351
50.13900313986542,-99.93504581979892
49.2398330522586,-122.0011467356902
53.42267386994982,-115.4265039462494
52.16390202680426,-109.145499559932
60.08754551093144,-132.352485521448
49.79114528797005,-74.71432308382772
52.96309248913289,-60.28332728630826
49.29733212754462,-120.5899285590662
52.14382311278281,-106.1431966670799
46.97224530396649,-69.99824211505272
54.77345187758815,-124.3239708894443
52.14397065461099,-103.7127708527647
55.18985078150186,-114.3747484971526
60.56522162441505,-137.1662714776552
53.30863002867874,-122.1992601723481
50.88593636648937,-120.9696201423782
52.63536905503829,-106.6398292613071
52.55558039729289,-105.0520410469771
49.96368570019016,-113.9615943689795
52.63723658287541,-112.691911550816
54.03519892221031,-108.7196400064457
49.30562832915663,-67.66201734836007
62.04663164563799,-135.7318589616503
52.43511775680333,-102.6593453003342
45.62867387779326,-60.95081165148653
60.79291459699808,-123.2427131114414
58.84051718888682,-130.0513387722076
53.53211051386657,-110.3252328836051
52.17154752921287,-112.7192844042849
55.22872691495899,-114.5657607661075
51.00883324798229,-112.3475658244726
49.86622194882324,-56.7934960252816
45.41815502121905,-61.72785183932881
47.12040432115177,-53.7423542024916
49.80829803183543,-91.25731901737326
48.79605366694678,-86.4523705266159
50.43728682890433,-101.6264609119727
52.26442685533795,-100.941774546569
55.63708165696869,-118.7008690182947
59.34927409065403,-129.1668071607932
47.82877942080972,-65.06984022852913
53.99881828310922,-114.6767648021596
57.00599113190454,-122.4301277389461
54.71858837929889,-113.2712691230552
50.51787333558442,-96.09965435052699
50.28582850846084,-110.2566274658589
62.19820061898732,-134.3496205002399
51.88101936648727,-101.6772615710868
50.46261230504768,-106.8734554692292
51.01869305933194,-113.9611932443731
60.79225291242282,-116.5926807605348
45.23082299261009,-78.91111091988238
55.72328578453332,-118.1113362285951
54.13436927013058,-107.4094366401744
53.13474311756905,-112.2457353457527
52.64910716142635,-107.9827933395196
50.02107128531141,-105.290552510992
45.16771846167305,-64.42547241811229
49.93994003885373,-96.81958826805268
47.10408617301572,-81.6903524769499
52.00851593975299,-100.1511994961485
45.26973721975831,-75.54382378383904
62.01370443237217,-136.2536401076596
51.5127873533629,-120.6807871401342
53.26292275003558,-126.0659427667088
49.71998899283975,-92.60220374406607
59.90806562054246,-131.5318304842312
54.71097152002597,-112.8035613373903
53.54150039341096,-111.8340256175811
53.6332650342131,-114.8614031511369
47.91850039562566,-66.02033558068035
55.17268129671019,-120.8744066730123
44.86834638278155,-65.03323888484124
50.34971123350124,-99.07805514969489
51.04754443450212,-102.8022221920161
45.32738098009285,-62.09312148716533
49.1300250990227,-107.4790842980623
55.1462974257604,-118.6410167176493
50.68981825132695,-93.31203423099473
47.59491935730656,-79.36319895565285
46.5089727797663,-66.32389997473307
55.23122501860997,-118.2514095763607
49.97222388666891,-119.3552296073879
48.35715444172838,-67.69635838428262
59.00003151246406,-129.7983287399582
51.06718546946006,-108.562155668104
49.78854735911796,-119.8368853658742
48.64415349024222,-90.2083096811242
52.87867647086161,-111.8421976963605
49.04468351890655,-117.4170094968919
50.27116528390295,-64.25723218618789
51.64396833706951,-122.0345851403189
51.73853883666876,-110.1712604605467
51.20829755920905,-113.7723730261031
53.14330456399578,-113.805341724608
53.75307149314605,-100.7309886411381
49.29071933612004,-109.6203399861443
49.66321595205834,-56.40544372805063
51.71753042523137,-120.7970552825309
51.02703678315619,-116.5327885386353
51.931452025478,-109.619063782251
54.40203741146819,-109.2359971240378
50.14500380452156,-102.302110577625
48.3033117546169,-77.99583914164673
62.17657167029981,-133.3941832053604
51.86692008099309,-98.77223848578839
48.85977545755959,-80.65312388801158
49.06140607333861,-116.0345516096613
54.29384800045859,-115.1972531338267
51.15419944534965,-101.5242046533393
50.91118321958277,-100.8936420372483
51.88173632132125,-105.8189646733216
45.26397829822232,-72.49705820409618
47.86576374446791,-83.8448685030546
50.33896246292365,-110.0848441540461
61.48199973245171,-117.3009667447874
51.96649315307212,-101.0320284085609
49.59475025340789,-99.46187835275445
60.73077877909289,-116.4902508173692
52.84549913645112,-106.3370820825181
50.6512693990665,-101.8740729928334
46.88913941116056,-72.02056629896803
60.40282512335052,-123.3386826256718
58.11485422050758,-117.2740209264386
52.66846295003513,-113.9620883256692
44.94825293143881,-64.02941964078009
52.45346894698283,-108.6763077709108
55.88692694633803,-129.001374980698
50.2124266937587,-114.0947053788454
48.56615174501525,-58.38869212273585
57.88598520455155,-130.0439736287884
54.73298863691373,-115.412615022289
50.18964159902274,-111.7786777663369
51.04906826883878,-113.8420431160283
56.99098862596746,-122.1765859745992
53.83090516203964,-104.6138781105463
54.86700269989276,-100.0151613028519
48.46351522323283,-86.23691961429114
51.64903556108438,-112.1968083944192
56.36590846081173,-95.9944020443667
57.54420277887079,-115.3145786439558
49.07485850573833,-53.66313013600082
53.76371407002151,-118.3624545255163
51.40766538387891,-103.4919762926217
52.87143713734906,-108.3019627633039
54.3998538453484,-108.6279502925552
52.91397204924495,-113.2693208784859
46.20700377393428,-64.35376271974039
55.14202501862246,-107.998478936494
57.64838541191772,-123.0056563425897
50.04632357318956,-126.7926830083273
60.426004084788,-137.0523636952105
49.12281071371076,-110.2518714590775
53.85940810345082,-107.0938937901964
51.93999839413401,-113.0936225716618
52.95236374612549,-108.7027855327298
48.31984407944572,-71.84612156135182
53.93506654730901,-113.2921399089511
46.16768710545967,-63.32933271313842
60.0136842444838,-131.158798352825
45.28569346133487,-75.98396797063991
53.11823950752345,-104.0265778474802
56.40846968165101,-111.3995226073596
54.24902270117612,-118.578233201505
53.89017091404774,-115.3966474895
66.14489358034983,-137.2278967874181
62.5927158909989,-116.3407032055984
51.50361829430864,-105.5338943602397
46.87489140030108,-69.89604001516811
60.49659556700203,-134.2919818127475
54.537619501157,-103.611750347153
60.28652809012301,-123.3434871361519
46.39160612083136,-77.66952483666049
56.53956026240303,-61.71585848849361
62.65141759327793,-136.8223098275324
54.19701785975541,-108.0710331538808
45.32746818443118,-72.31647640696157
51.60400448294777,-114.0252694206166
52.15477440149887,-123.7418347609356
59.99763847032912,-127.6173478224012
59.73583256591609,-134.9778979594123
50.02170035772586,-104.3724297982143
51.97556793022836,-110.5763432403073
51.11641876869966,-108.0064953410543
53.51206940032126,-109.6737977134609
50.81571997014063,-100.8340858621378
60.92761940386407,-129.0839716777574
50.45345451834019,-97.36690099111689
46.35935043878819,-79.65653244557005
52.6578713797546,-112.2120544243692
59.68470825120626,-127.1701009555364
53.45404508681575,-113.6889162524427
49.51618717725527,-114.674354957845
46.36404251790522,-66.67088035049295
60.08813478043534,-130.6032248853906
52.6678286370048,-106.2667796884576
51.47474430179385,-108.6841307555226
49.01093092822208,-66.95395563442946
54.09765835393709,-126.8674785360454
49.11882302326051,-57.50510403433502
51.96400771084117,-102.6410707195765
54.34718662888442,-109.4919918762827
53.19233970403053,-113.9557437228633
60.43230457288347,-116.3465325747209
53.89402869734234,-100.8918213661199
49.07102665026376,-112.5122596606576
49.3928049592346,-54.12429347215013
50.97966247536232,-108.2456036937064
46.30531248951842,-75.0268639359563
58.3335351363326,-116.2054344659029
53.87137545674682,-111.6882071957798
51.06712409351631,-109.263149327923
55.01594109696218,-112.192071391164
47.89770988912772,-59.0479874048441
58.41837128546776,-122.7137789592559
52.02656850086846,-113.3693228986196
49.39957897814767,-100.8277007422461
49.3248289249102,-97.16533446007239
62.10133576027972,-136.1205223050956
51.93042470046667,-106.4766462281064
51.90524461868186,-110.7608246007833
53.4100771019176,-113.1731325802419
53.06507083138168,-61.63179243732996
50.15786702865458,-121.0444693631085
50.60119950713602,-107.0731057794116
48.59669841064309,-71.59160337731221
51.61340055534139,-116.3149924221067
50.10331275672294,-121.5581034585968
44.08558819104141,-80.21478540599084
50.02746660654515,-56.20169714765613
49.09874577686016,-72.61705160297258
51.96441969051394,-120.6935210465938
49.08008013391505,-89.29433487558313
53.10782561526243,-61.94674509398052
66.09575421503625,-137.2778142056837
46.24351189975874,-73.12299643141291
52.82989000428574,-101.5352190222482
54.59546958776045,-100.7313281355282
50.86094197948817,-98.43492995811195
59.92405022278074,-134.7763598220891
49.71630250653704,-117.4668097874154
48.82669322028125,-91.53690167078503
63.59952556005948,-135.8676251246042
61.03721101057059,-122.9159032494942
51.88198957840719,-102.2260605539858
50.05918282699236,-97.90979891520847
48.66535527747588,-67.60343489337887
55.22927599404821,-112.4674981796125
62.14021357123798,-136.2894934810476
51.15386151037576,-104.4030455506812
48.5438401300541,-80.12537773690045
51.30740003126803,-104.997300831691
49.55233813092956,-110.3658544320167
51.00875431441421,-112.1447809867166
60.83118056282967,-135.412648585329
47.55930692353299,-79.78109893733557
49.23142239966169,-109.7951874796706
61.67298949059222,-130.653737801947
49.94229874883438,-115.7855515271873
50.13726152612358,-97.08387649823004
50.17669995595059,-120.138229067345
53.30982901821363,-107.1406641686391
56.31241801034893,-100.0210114816804
50.70305831099611,-120.6425223394421
53.29403583555099,-62.83782241255332
47.59657331197503,-82.7475679446382
53.25423300309417,-62.41481159766195
69.31875167874541,-122.877812098283
64.00756098721563,-139.3640281052707
60.99081213709702,-133.0227301497197
62.18718670241073,-134.9263482051977
54.50095397747656,-111.7993868335206
53.01900120443535,-61.37688214512458
58.51469023915773,-116.1497187208326
54.03611000433677,-113.1297611870722
45.03016058372724,-62.98213376208805
48.29859896831106,-81.31427578606437
46.54841305075968,-75.58576648719423
51.1554081771601,-93.6812433478057
53.93098463181837,-114.6684749776301
59.98663191785464,-112.4983910742482
67.40637520922367,-134.4065947666739
63.70345479056135,-137.6614674027553
49.18949543075047,-116.6219864730134
53.53277161587771,-114.1001089496989
43.3736103995262,-79.84459964204844
53.55528341363193,-64.737696037415
61.55850628471553,-117.166878097679
55.46025181518802,-117.8217259006636
46.49653539798484,-66.29150290812778
54.35419831611834,-114.8497882136123
66.8516106559428,-136.3467153988262
55.8840706348285,-108.5390029158923
51.47421763366834,-112.4467747770598
55.34981086786689,-107.8672149386405
52.37685652382307,-100.9751086855415
50.46540779398085,-96.0521935372394
51.79720372385785,-121.8557251655674
51.77566296926816,-112.2494446650688
58.19576718857576,-125.756934620488
53.80349642664206,-113.7563108225544
49.48677311434263,-58.01544403241812
49.10010336180667,-68.19834221028364
44.46502696553289,-76.31020259079759
61.96159950238613,-127.2125125839767
55.14331980155832,-118.6411024968459
48.08367859524841,-79.21650641755235
50.65924005693866,-110.0126704976357
52.96598871562696,-110.0294157178485
50.65400159739841,-113.2625488857028
63.57233405616616,-137.4345289792633
48.53413440666038,-64.26182753478768
49.89881862531463,-95.71549374747325
52.36790812833473,-105.0519154424533
52.0050803261601,-108.3562817073029
48.20636933151734,-89.46682870689193
47.67515633602927,-52.78441853386678
51.56496190037194,-104.5379111868203
56.5531899770573,-61.68482373542782
53.15345931807347,-111.9805415434363
54.15090543683361,-108.9138113977978
54.15089589743915,-108.7690502701226
51.02081007503764,-90.3640453836786
61.12779550237902,-118.9792340117428
54.03514742146998,-109.4631843847489
48.05962859804628,-69.19420001893644
55.39408410812327,-121.4697767384745
55.37716188069716,-117.1775814488194
48.68107246163746,-124.9106460103913
62.11456895822329,-127.6844272055139
44.52174187459709,-66.05307481251143
55.72324026650159,-117.8291680137997
55.60460662102542,-122.3086147069626
56.82103385341175,-101.0230523413743
55.84339874977886,-118.6689449437118
62.17462213530637,-133.8197570547277
45.81954408938029,-82.94479167100938
53.13283178898396,-105.7987421875474
51.44162244429293,-121.183959345376
43.88028422910696,-65.97521516418588
53.49179574253117,-113.3101829392664
49.6915042751364,-113.0724417369722
53.0621326698753,-119.6219190812424
55.46006678037767,-117.6375007174431
55.30000291147266,-107.8493229085125
50.30261908325349,-118.8862121722292
51.29706226424275,-102.4544666682781
54.01659374621327,-114.8946787685497
55.99413819398692,-118.5327905735949
50.14576482535239,-119.3770580900775
49.64558826587938,-97.4994221308164
56.24985989176985,-121.6367873203789
50.23864555589312,-99.6602010894165
53.059009187405,-57.70964642016282
54.50914534377109,-116.9907518634168
53.29455759561886,-110.858718807035
51.78871191071158,-121.3618889656231
51.24156158623099,-110.8950816679417
49.0880691006675,-100.8023015292475
53.90125777658397,-107.0839433003922
