Latitude,Longitude
50.57287249994886,16.54559879083684
53.99324158955236,16.75504618935489
52.02799482356508,19.39346211681512
52.02061610242779,23.53778817331617
52.39803284107711,20.54290213016729
50.34580943145217,16.6355352938301
51.65188389866194,17.97198254395229
50.39901595206877,17.5843105077383
50.52098186210996,22.69198838554221
52.22558786519784,18.1190045743562
53.05319752015819,23.23466295755757
53.08894743846916,20.11264604117865
54.03734747988449,22.66860118369624
52.16607697679799,16.8817733064095
51.82973255984641,18.20139660631971
50.81850099455945,17.40869839716317
53.32632162371795,19.91371218428854
51.55587617415611,21.93935933596095
52.68866120412906,17.86221921598763
52.81486526206761,18.18365586195048
50.79933978069207,23.32035854034132
49.9475418075762,19.18196399651857
52.37566337584256,19.48616580933571
51.32810745981428,15.74140694141643
51.8083550020092,20.72023143756251
52.09942327302155,16.87637480752586
52.14657340286463,16.39368369447934
52.14176833026152,18.53310886972405
52.57509793739106,18.81402931379292
50.98983903351144,22.27312859845943
52.56170933141533,17.78907960530556
53.057699229726,15.24781725914969
53.12645804289035,18.87807695544335
52.62695144795496,23.40296316906552
51.76246954828354,19.61029512795968
53.64300864379409,19.93693335548494
52.17972435111064,20.28395203492595
52.07417194419667,21.071783355277
51.80771921762305,18.27155362413701
51.50907327824071,15.15689237122252
52.53175815126514,16.00408178880791
51.12879764190619,21.32354767822756
52.95730626815241,16.74539942741776
51.02684009316872,20.00096369736774
50.62453480774384,20.16060083656284
51.82867462973014,17.08597498866609
52.23890833661769,21.35650048668568
53.86093729889967,17.07576665816726
51.14646278077103,15.02123443416183
50.20644357404686,19.44576691232667
52.06089682841075,22.55286713530925
52.57699050497279,20.95847283033348
51.96571937401679,19.29457120100739
53.34960759780694,22.29931026077668
52.31685031730935,21.39051765430779
51.07048541154336,19.78596243150343
53.74528619979969,23.30870820961908
53.52831015277638,18.20807981641345
50.33265114458057,18.49635355735414
52.65677151266143,19.37035172866408
50.75405447427578,20.78464402395662
50.81056568796106,20.43075980393428
53.04259283033613,16.45458057204949
53.16448168141532,14.86444759960685
50.7651765302785,22.48545386478564
53.7613328107221,15.69504447982142
51.8143915835653,16.11787830218391
50.89728383929464,17.37334161671872
52.99859521085821,17.52914904485497
51.11808713312457,21.84905998005743
51.22684026051086,17.39950555059462
51.19873441663592,19.75271296126769
53.36107291972546,21.05046397241527
50.69378957571355,17.17567194493738
51.55492637423963,17.16235606188017
53.36507961283841,19.26488383356735
52.84873751533345,15.47951326196754
53.6862456070332,19.1740157094478
52.90452876941171,23.38124181436673
51.98484315981559,21.08225382002691
51.75745940361626,15.93683547730939
52.65951942563157,18.33944884108628
52.48764413897976,17.74027743968124
54.58809921651673,18.24732482406709
52.17368735052801,21.48411916536978
52.74509860336514,23.5001847787519
50.68569986816222,23.68131708482405
53.69622390891129,16.75963567388105
51.06973985935861,19.50300505063484
52.88177236696566,15.7770515359697
52.28613573764341,18.11825213288629
50.2797417130186,16.85356794142348
53.87833460335513,17.03903416279636
52.72866992758048,19.76459376533685
50.91820891649208,16.61181673504113
50.51146921487291,16.72647492707184
50.63260492537745,16.67333839611345
51.43504581258733,19.15200840189514
51.71071293153267,16.03632491103848
50.9025195248034,18.57544581273325
52.83001627076191,18.63547165566422
51.10778017884581,18.15022223614467
51.27267823468749,21.07849010805511
51.43847311868331,20.13984809602677
53.47284178688403,16.1261498695343
52.49103568979062,17.38216549320587
51.01591336329815,15.92028811017358
52.85887553348319,20.4548681901243
51.72979124030703,17.83841762019263
52.84622755820397,16.46747493655077
51.65283359886156,14.76358478739066
51.83858588131184,16.68566499149729
53.16608868809318,18.97927356580583
50.43022934658032,19.53086991371284
51.68623656247737,21.18250539443508
51.52114668337207,20.94522335525223
50.90940218083367,23.62546847809556
51.71098505117209,23.12554014179157
52.64069472684395,23.59740958891977
51.65322366181436,15.63242543711899
51.97388628569544,19.20200951620176
52.5959891952461,15.74072265642557
52.20651642320863,22.98808689818032
52.02916546152529,22.88432257974087
51.11375143621392,16.81816337404507
50.91992037819507,18.68827970602542
53.31005708868431,19.70730177322506
52.04572897503542,17.90820346387298
51.82765517433506,22.02900122136439
51.67940762116847,20.69007850145495
53.45075240093079,15.88022493013388
51.84595398506312,15.73877264525568
52.95458345522593,22.09356264200147
51.98926025032576,21.03291609315312
51.88664352585531,17.32010809937092
51.01617607580958,20.28771436512458
51.24835231951985,21.84659764680143
53.26309235820001,17.72269662823542
51.50115914390935,18.99502061584117
51.42282609367709,23.66392024324121
54.56169628833785,16.91389445952817
50.51585580675236,20.11763677993089
54.18689077887471,16.51711195958314
52.73451354493265,21.74756643942706
52.6734539788403,19.69064499459338
50.67884670681556,21.87099962820801
50.61414657253779,21.93066159487695
53.32025848481505,22.36439997995252
54.3639660283727,22.85748268851534
51.64752319620263,23.52638481883526
51.08971080983989,18.82297986492699
50.82808940209735,20.06232698466176
54.27187199532209,17.67759722561158
52.01617422536508,18.03887006682356
53.00324295537394,23.38072421720421
52.76454791812412,18.61226719443411
53.35944571707829,18.76647367183434
53.15845843154159,17.42538472680658
53.29084166500768,14.8672167442892
50.85669209663867,18.54260534570803
53.73769110871171,23.48855979267686
50.59088501704238,17.90377355392388
52.03045068371152,23.18235244619416
52.04788644336389,21.69467352703678
50.33104115299963,20.09132206286527
52.72198696142753,22.39661465913561
53.93474697253235,20.32248818278365
50.64123496138924,17.50274964820081
52.16955195592585,19.53587181971508
51.57922465645102,17.19033202759702
51.2624739623651,23.26236130321375
52.33762415737721,23.01488939221098
52.05306409820903,14.90689853597582
50.72810948629491,16.25066890168525
51.28895461281372,18.48275718430209
53.97731728254676,21.21374328659741
53.28048038573561,19.39061579247182
51.11939683224556,21.04069532771982
50.58664580519321,20.05996584265818
51.85236086910792,15.10899692882721
51.68560958364332,18.8329232345849
52.89732899243249,21.75448176923397
51.07261712950379,21.1741481137713
52.40803494480815,15.49829374488208
52.35903310220994,19.86291296580263
52.73595966227197,19.50971533208728
52.58263536585952,15.05371738858113
49.5932536287323,22.18001792288925
51.55540382531169,19.71092789866332
52.45586690657687,15.84691484427238
52.41298319103442,18.42044018129038
53.61862716980875,23.44476947955354
52.29782927047309,21.72067613094901
51.13046865202203,19.47838720563195
51.72973218369161,23.42162549502372
53.36512918022728,15.23188034981757
52.30183168809887,22.28408136606551
50.65972190064909,19.52390604825206
49.97565116215879,22.55301089519496
51.65606098855246,18.4697975974793
51.59528938559997,17.78081075975483
52.80164961861845,18.95051723615281
51.87183948261632,22.15621943836021
50.8453656631094,24.08647519955341
51.9407873489656,22.23007896300608
52.61997763749193,23.15398591430059
51.3424395637309,19.46050906050689
52.8273787918662,16.6146145686433
51.71180973934148,19.87596802866972
51.94077210727694,16.21992845377963
52.72407287150951,23.71666193587367
51.93328647190636,21.6966459599474
52.67590496971494,19.56195085986845
53.93423317195032,15.3052115569829
51.43292248715747,21.38980593210792
50.33839196337357,17.71867098870214
52.68511329129464,18.60638472294571
53.1718129887395,21.97297658420689
51.87500766952411,18.19429972588015
50.95787084245014,16.46125271125111
53.26157015353903,15.70304627167196
49.68602508126834,22.68611726553062
50.99497540038932,18.31303012037255
50.638154040636,23.37218424056121
52.65771712254767,14.63561779576652
52.09247441490993,15.35120820784001
52.14165418614667,18.3351468389153
52.97501251875111,16.21977204667623
53.31541495313284,17.76808620550997
53.22174791425442,14.57305989020888
51.46932676081124,21.25962544709518
52.09745002011518,21.90742847089005
49.91011071759443,22.81016840826002
52.10463339556533,17.8135288067885
52.91339670596646,22.73836832258239
53.23325638502482,19.38731958685631
51.40097389869771,16.50570977956081
52.27291397244863,19.77194177231036
52.65819117526085,19.58172046598162
52.73004806821466,15.04043262766782
51.70921589318065,23.5024854628362
52.88064373432172,20.09610001368944
51.69848368163375,16.54072903615932
50.98946895326677,16.08017021902105
50.58151364281928,23.80737219901166
49.95668384255577,19.99646367757413
52.89490227534992,18.59768569062681
53.32156896125919,14.9294099105088
52.44655534609485,16.48798694783662
50.29487066649612,17.6220590868711
52.82410111250717,23.73073482351208
51.53001461117327,17.81335845615186
52.31251503593074,22.73444698274517
52.81763008297417,20.41388939433969
50.82189351610782,15.94038821884544
49.38724499008939,20.1331469450177
50.76842158002057,22.35537244274034
51.40171649142101,20.95007288356825
52.18447262626667,21.59046320048616
53.30313451374955,17.60449264791978
53.7964030798567,20.39642044504216
54.25967421248239,23.19183919942284
51.71655013107325,15.86726480686272
51.20460094483141,23.22270909793749
51.1124018173082,21.81352326577451
50.09558112532056,21.06827953515483
53.89775572555658,18.31916229789294
50.79502255685683,17.95258082497428
52.73703765256138,18.47039752818472
54.23231731977194,22.46419877145867
49.42858090461879,21.05087673706007
52.12722522873813,16.70905768189682
51.1549204751441,21.79615798403617
50.12815904353203,18.68231746857256
50.59076475698289,16.65899451557899
53.58959319596536,15.89043819188458
51.2634704048078,18.20720666279154
50.91974173469423,15.84940825633546
52.2116397198054,16.69798972811733
51.49590798234682,22.17289901211605
51.33896537108299,20.76119038456812
53.14771459421681,15.02625982914612
50.43844565732848,19.61367756083326
54.33308795147038,20.79770613513963
51.68432424855656,18.63617267522674
54.31915332253137,19.55686223145931
53.60972159669988,14.4504633455812
49.97691658307615,22.20937004422442
51.0876657853478,21.36095116809022
52.1085209353448,22.83583985611886
53.6416877217783,21.74162492411633
53.09060061315909,23.25461004360336
53.01902983476987,18.96717382731859
52.78911750713649,18.75453935010175
51.89553280946536,15.82904325676275
52.34903061226963,19.21527452431506
50.91794387567369,15.62278870449792
52.31184941281418,17.71343196283956
51.55122490937941,18.72017487869719
51.47374688760089,17.24746542983586
51.37661225879737,23.65936330201233
53.22783319849111,16.46456402475532
52.18383445241911,19.65790093543719
53.58358763861573,19.19987625257079
51.57847379223411,15.68029259858699
51.34143438818629,21.40097902167068
53.15846866812043,15.86565702018224
54.04888089567299,18.02594525984137
50.35748483801191,17.62491598008695
53.7276502889185,17.28887931509438
52.74782884633915,22.58314521721111
50.70730847263282,18.10897345205963
52.46604222891136,15.49373654914495
51.04501233151674,17.5495335158341
52.33495465642569,22.03290630656673
53.14179219756219,19.33163082573819
52.57054887541076,16.39129165780049
51.74851803581484,15.45942752355581
51.79142223177161,19.84915546648444
52.73257208865692,20.62907346406479
50.15063860078358,22.27798220611587
51.2357888639033,23.43263335164814
53.00492202110426,22.55973363190608
54.14169361056248,17.17878898365809
52.35648478044341,19.64092515676412
50.99613763654263,20.4606407383585
52.95951371695626,21.26385055992765
53.76983869973954,16.45591556715651
51.80738388046638,22.09833096436906
53.09985900187726,18.47170388358206
50.60498337593615,22.33477859913235
53.62633024558836,17.99886140960425
53.62949192239101,16.28531060676786
53.09824359258138,21.74452931400817
51.93334321583004,21.91452413786259
52.87447381353104,18.54712466297822
54.12698122059629,18.81888218380651
51.49729185391179,18.00569010913285
52.84973024102083,14.73460670208354
51.01812958062851,22.64640870939161
51.10646023922867,22.53342809648577
52.99437535606946,19.12687301902037
52.78882602370122,17.34441686966954
52.21723322277045,21.42245565151222
49.49263292316694,22.64147526308404
51.54549841169313,18.0016383166804
53.61605007215382,14.32353787705757
51.48591246785909,15.95516492578542
52.02919229285516,23.09632319377962
51.15200147136554,20.79072482133924
51.07539553779838,17.76069573146152
52.59885679315663,15.18492029098654
52.14082931637522,17.29665870249861
54.05197489570219,21.16328212543177
51.24538853030767,15.09034824363576
53.4543584983854,23.07746349962603
52.76813165579333,15.43159609789966
51.82135586016056,15.79693244625001
52.29887517306994,17.20711520994729
52.90248619423196,15.55342323231894
52.40031695870521,20.88576045498758
52.30259262832081,15.95759947866904
53.86426093726288,21.16809120167859
50.90280057798572,18.09924588684907
53.45558110675803,18.47363311142255
49.62725314066454,20.39335928900912
50.66986010020474,22.0505791795521
52.21398450529779,17.21522107748827
50.79613262192446,17.34576690368044
53.6223943476573,21.92366361082891
51.42797600827745,15.42673903763053
53.12300724433452,21.17037244046729
53.62026554166675,14.95842225061708
52.86497917722068,16.20520759592518
53.83805196262988,17.75297856157479
52.79645502421084,16.82446285138005
53.74827565574235,20.65765978081034
52.75398698685554,18.92438870885881
51.09542294914132,15.7497231837073
50.84370784908824,24.05427909092862
52.7661582550846,16.93634243916719
52.01043844458169,17.70360979090047
52.01753130460678,20.48795203557053
53.44865955438861,21.19749428220258
51.05326226597183,14.97938446426367
50.69032075234505,19.88597038535013
50.65693000829939,16.18247591017139
50.81096409368418,18.48108284108622
51.34940397411098,15.32398668313375
53.00709549706185,23.8971238674683
52.6311634759589,17.77608599534486
51.00355468556989,22.69836025892493
51.84313152289582,18.66080946257951
53.64895872978118,22.59224990903062
53.44374199579897,20.9885196614911
52.68612311857632,17.31006698565588
51.9413569183087,15.92789725742418
52.68600020610883,22.09358145967117
53.3304527214724,15.08873689348184
52.15318606911224,22.97008012247211
52.89019380791667,18.23549390283783
51.76932696999267,15.48039292343202
50.62253265187133,22.78298169719046
51.268126874888,17.64881689066742
52.15102108340334,16.05527081083667
51.29275214659258,15.4940516827906
51.38958963870991,19.24094072088829
50.78891045819079,16.13360766289152
52.10319364138652,22.49029516761711
52.83314702963089,22.20373556171321
51.63375298331396,16.23003647299265
52.33754647336481,18.06977668695921
52.38957357491483,18.91374389733268
50.49881675270795,18.40686095432046
53.36764988595965,21.98421332353249
52.67315012152815,16.55414204425785
50.97132999727387,21.04436661441084
53.57279561470071,15.58737732423503
52.89295954038177,23.73434542621239
54.30538988362382,17.79804738500722
53.09214761329338,15.24995287546152
52.94712526868236,19.77051576827249
52.95033120925574,21.65950722214562
51.55742822599127,16.68844996528016
51.70469606403213,15.54329098784001
52.78400839873108,16.77999141807209
49.5472017555697,21.72380565152077
52.77943657834884,17.39323681308025
53.89709306236088,15.10217409008617
53.32483283326009,21.55109302838557
51.15569076832178,17.76488536259089
51.98548132222044,16.47279529008495
52.70512983747646,23.18501823730235
52.30253084388108,16.30216346942761
52.1139426798655,22.79220889565785
51.4887134950677,17.52428753839425
49.87026490275424,20.80624578312202
50.68987062818356,23.76340527240746
52.62940522832308,16.00434546381998
53.49848268687393,18.20957815278228
49.22604182605221,22.1946340996397
52.89400751869016,19.77649458255805
52.57622453307688,20.62031728728902
52.7950047776109,18.67772098576236
51.09161707996481,21.77624816695313
51.65300718263229,15.59402433199151
53.87218165939303,19.11635791892541
51.30973866601725,17.13197209541945
52.73860501690302,20.48351721241379
51.19469721263226,21.6870731677295
52.25160770030715,16.36040061236575
52.42327014662672,15.13564525210237
51.37383467661993,16.51313634904701
49.65498247630597,20.77252023314527
50.51097365594534,18.27606695775883
50.72402886561838,20.3297826745972
51.66824740372803,17.73527947511791
53.34387058263764,16.23494352599668
53.28033131520986,21.44077244582164
50.14533166344687,20.3889340002794
51.85746624302551,21.05098996692356
50.96087512971712,20.32586827127293
51.28890487903549,21.38319594796103
51.34470505183449,17.65360550632931
52.38020588706619,15.99425151819598
51.12637511618659,21.92348116292484
52.28138889649102,22.77886032684811
53.56603957984872,22.98204531964339
51.03468500047102,16.68171910276099
53.08228706225118,19.25520986163119
50.34890518641294,21.45236573257792
52.88445951871623,21.55409138919871
51.57200034257049,20.38836453513332
52.64643495638009,18.31073870413016
49.67619972926983,22.740953815771
52.36745979043902,15.80150405105043
51.12912302423406,21.85642003596237
53.16161027597936,19.57687197073878
51.09207418766032,19.4153638961063
54.26155468629373,20.6677799729163
50.98846642730224,23.72879672087515
52.28912222045892,19.11523302166817
51.6899439987896,23.35353708623553
51.20062703504917,21.28148202294156
54.09489299974316,17.52817054932023
52.00831749700202,21.10360974861674
50.4749820949996,17.18640371680032
52.50755578328194,22.48483689717526
51.53802006459218,15.24508349351032
51.7466776652022,17.47803350507111
54.21498746179321,18.11812133895596
51.43754703012367,15.00529776520692
52.53638845909143,17.08361796168998
53.92906385057396,17.52688286539087
53.87504474152615,20.8070293196199
52.51219156630508,17.58242796038949
51.75353572326336,22.15711566073056
52.48731537876498,18.77940345295605
52.59079652313042,22.66724321947736
50.21857059573026,23.24437269334271
51.29449756426076,19.25624334503266
51.20446109001092,23.21667877582743
52.51651972220932,16.97440191775486
54.13189430686969,19.02268533090454
53.11089139980376,23.02071572615635
51.39879270025598,19.7505348009873
53.53919029203526,16.8113140546901
52.39244860080652,15.54663239502624
51.30774871515358,18.38344925559375
51.24907780887247,18.01586076498442
53.50585500340468,22.8247220804592
51.85115557621737,19.54772333028463
53.65905997278004,20.86327715842945
51.75696065903929,21.11654911084934
50.58002755176441,18.86217739377103
54.07248152115986,16.81288120007051
53.06471786248103,18.22801837933426
51.25380358844442,19.63871725636877
52.23377586187696,16.93677866118894
52.672115651029,20.38880769756891
51.12962563079905,21.0295145066513
50.6238912247186,20.3427994662011
52.28474310482254,23.12461576183485
51.82227612426201,14.82836085340193
52.88395769181182,19.63342491055556
53.42529919633858,19.8696153513405
50.1553293053672,22.14525369053324
51.14943327994158,16.90979343956811
51.51894757074349,15.01630111460519
50.62934406206328,23.97311453416953
52.17270446515938,19.07291067650824
52.14564694484099,22.66798059750521
50.7106501107755,18.67425697263516
52.79025892170017,14.50164248284296
54.09040451779364,17.67956539582162
51.87891733827573,15.21705255222582
51.80650435895163,20.98141549977777
51.53202440795356,20.54918927958844
53.72651053529881,16.72916854369906
52.93778116154608,14.87643626336642
52.42801940100357,19.99948909182582
53.85561883760115,18.1274234687573
51.47217684562591,18.29056571981091
51.88336465345854,19.68550356875574
50.5612492807909,17.87976283541597
51.67915114455098,23.02379649128635
50.01236492777081,22.75016865505678
51.65477757748614,20.33444739431496
51.84827775570264,21.82304170951214
54.19181213795559,15.81343137521015
51.80968262621828,18.14409911576186
51.95393760561156,23.40389291140935
50.29031009880076,20.50443389279597
53.80207465976297,16.64927768385622
52.03109315931651,14.76281589751317
50.09813278942931,23.21314273876253
53.50683042136546,14.94194587236686
52.48965449002581,18.64430331080475
52.72301238760062,20.58670185164975
52.53236212426458,22.71600217651205
51.43464146221748,15.99414671792781
51.33386507138992,18.60547653867602
52.40366086151943,20.59154329664779
50.99180880091075,19.36703597991321
52.93248644935483,20.48174776769812
51.7249259186136,23.13979252517636
51.55843596225256,20.13541180437111
50.24515760375117,22.67775743370458
50.62513506126745,23.3489903641184
50.39255137616685,20.13079576823563
52.53245498992574,18.7602008757121
53.35723153084121,20.31641067186654
52.25339459187532,16.89272572741231
53.99880798186183,17.07246900258619
51.99017098637323,15.26434712396271
50.35298964865786,17.83680317007461
52.13077351443952,19.28629058168102
50.07108115349819,21.84965042347864
50.33054181799116,23.45492514249506
51.15909323428548,17.42053720281933
52.50561185848729,15.14258960155018
54.21844053837399,18.263221014737
53.1024437282051,16.53452297821939
50.61291350652398,20.54894246671805
50.70192560943531,16.00443222718877
52.92851242070626,22.36458762228365
51.74017052169539,21.70014662299983
50.1425345256211,19.53463298225122
52.48108392332477,18.47267930980735
50.54895626798068,19.67454436743045
49.88030462883893,19.98467076006922
49.64105092271058,22.18814802307125
50.40015089152156,18.61802421078342
49.50836503290191,20.78495780276006
54.02274849088266,16.37379480122863
53.81451560798148,19.72838393355063
50.67595370522406,18.25444449606813
52.66996051881589,23.09750409350597
51.33689190842721,15.65119037728043
52.60081400345226,23.50385680296005
51.7269430502401,16.16435558802988
50.72221864158393,16.46189644535849
53.6978365905228,17.40758137431029
50.90892057881355,21.8758703062983
52.06596324293962,16.41508749929072
51.27736128268783,20.73946433002962
52.5244781916454,19.29146474631414
54.35379937513078,16.79321120076246
53.56166487133237,20.41249331325093
52.15132878458606,21.15503035696816
54.28752742620544,19.44500798067898
53.23651523711291,19.89429488892859
53.27317391312984,19.34985233193534
51.21891481376138,16.31806154510548
53.16422889774248,22.1063983844321
50.45548418644838,21.10830588234574
51.34231557934831,18.98719663955722
53.03595016434321,20.6715260780409
54.61478072267149,18.33119333526827
51.38844832595765,19.21254362082914
51.30095593700576,22.75298665047397
51.85729007238091,19.0265360678296
53.35752771644615,19.80321310191042
52.75999847577808,22.1926650515473
52.79027223084847,22.16182968780571
53.0691361755521,17.42388125931162
51.35250415143845,18.16293544935601
52.38127724180992,21.97642742885527
52.84963104718718,19.17557364049052
51.21706222530488,19.47186947498587
52.73827656326809,15.85831900829645
49.77101716410723,19.64606674513977
50.68686677451017,18.68010552626879
51.82018231150919,15.70244602516699
52.84766583644596,23.43370441562335
51.4892277631904,17.49978527307534
52.5141705660921,21.49272458312177
51.72699201194227,14.90854123702892
51.86148105953286,20.30570517898964
51.14176793308106,18.63593331158317
53.49335843661071,18.96481048605179
50.29019013746062,20.29184436418472
51.8221678905212,19.0289526081935
50.63636453191706,23.21219600414729
49.49649563723955,22.56904363340477
53.00631131226055,23.11611538713422
50.36412757401688,20.02080640740303
50.83596569812413,15.66267922127624
51.16296706777809,22.31050094299259
52.55079706562169,20.685240478948
52.74114501613283,14.47801990662452
53.5876127202492,15.36534219700452
53.04897910931149,21.135081148733
52.9128142703115,22.25606143230597
52.58670085569358,23.40234918563693
52.03398378695194,19.5585813230829
52.96564855317809,15.50443985357466
51.22187628661436,15.02541534915088
50.35923967328142,19.14781319778206
50.34962566468619,22.92544251524055
52.3660654186632,16.27653979388868
50.89695338981893,16.4631938138318
52.98524674003399,15.12913413153968
51.47063097101039,21.53299510351485
52.51988529229529,17.88057641393984
52.55637231229332,17.32251277649325
52.65234878514407,19.26873623445596
53.09879724040496,16.04110626647483
52.25621596268119,16.0194521838138
50.91160102462459,16.65952730663484
52.93883536454523,22.94271995320499
50.54796202875848,18.93129344234486
52.82647744118609,14.46083759859022
50.45134478153376,21.69474706687728
52.65968995980244,23.41144198944931
53.9184190707614,16.54336313462182
53.78788267516389,22.03892779923449
51.9189607681457,23.10823788187894
52.24594864829793,18.08497045789668
53.67674252535132,19.09066674594808
51.992094601169,22.41716815698377
51.25977550558719,17.48044129115813
52.56321762910268,15.95393398513212
52.10860826389672,20.93127979124509
53.90017894655883,22.00576264987985
53.78969269605206,14.95360987017343
53.79520409456999,21.46567507181534
53.21178822848361,21.93324380731152
50.48245723768527,16.58354559242148
51.95047897823853,22.030211141489
53.84013874428994,23.41801817442598
50.81647322351132,20.14023347045915
53.67028601099777,18.88424837532352
52.75471380532706,15.72476765242033
49.83240733172742,21.59757169663808
50.20371164243718,18.75218666625836
52.53970086033791,22.66794835954417
53.98573111891965,19.13265276959178
51.48987904677144,16.30791558072542
53.29152932379537,19.24279857467205
52.67204532846182,14.83120875360279
52.78542741457506,21.22149805905425
52.06897374435944,17.50528284677318
52.62521799978202,23.19662733381436
51.89566593394274,19.36985886151671
53.62503083648234,18.99996296553402
51.03078686647607,22.09898408277913
53.61027752065393,16.13939390605189
52.11398684527374,18.40943325517605
50.93330227212191,22.27583440560808
50.75450683454675,22.56046379305178
52.31102081799062,18.82890730874325
53.35261751242197,18.46741242388405
50.66219845405028,18.36889775874199
52.60920201699599,16.24245874779448
53.33168811858893,22.19090332240852
54.16697041426574,18.45019276200948
53.1638210576068,17.45865846973996
51.42160236987142,17.09664953433533
52.51759185510187,15.63867491997846
52.09627435986724,15.84638327745451
50.65989298098745,21.2044887778383
54.20960179442912,16.67035411509382
51.28571254585781,15.18085876500515
51.95500380888981,23.25355398221885
52.32093692194863,19.68724236674697
52.37469066229144,21.86232318210983
50.05716248506993,22.68038059542481
50.65181311075521,23.39978929032095
54.11289444473894,19.6345704507149
51.72241613610936,21.85333257173894
50.8669148637096,20.15588443418308
52.71373130607947,23.81856657805534
51.99026715839482,21.59188515141924
53.23156509823034,19.25569743332746
53.51175163480352,19.89739944296962
51.77826191665049,20.44262003352431
52.16955280876561,15.86783338244877
52.22167431908392,16.56023516584401
53.49475569929507,18.53432410898509
50.72738614908181,17.58305788352329
51.06888238366711,16.56231700673776
51.87993893262274,19.18266713697682
52.92428168908253,14.27575966303636
51.45728705337405,22.48106940797804
52.88565298807618,18.41747728671339
50.14163400420806,23.33485304555785
53.0547662182378,14.51381271782096
51.04300090650116,16.28436269672997
53.41258249186203,21.86166707547693
54.28007679501786,18.41290500843381
53.0278675069871,23.22877388445215
53.07814492486465,17.585395076505
52.65185691515021,16.35680249157878
50.94854099332941,22.05729561131523
51.17445372096317,20.96080568756474
52.49577437969938,20.74030564677818
52.98639901497094,19.39199978793739
50.65314993708893,17.29739532041443
53.27339659560133,19.6908735710002
49.85119751230207,19.51775764221585
51.09632691193833,19.33148186241591
52.85229769174232,14.66119980339633
51.80988759050015,22.59975795140579
52.01011464068927,19.07806665935561
50.74767260525567,19.10226847415075
52.51212927283914,15.0060506001527
51.85327203007063,19.16899519395101
53.70095126370503,16.97282146501373
50.47479641658658,23.07473430526303
52.99901418569937,23.9098777954638
51.96407210930798,16.71593891868325
51.49080709493639,22.80720613856198
52.19148640402874,22.81898386618026
52.64849528639044,18.72764347172581
52.7402654051434,15.06899055968287
52.32285637175391,20.88184499619418
53.07521948089315,23.70921034639928
52.62729130975732,16.98377571063347
50.77911468718056,18.26988102805685
52.27964287467925,20.39986553611184
53.17011685808173,21.17333375615572
52.08690002482612,16.38783032416829
52.54325772941939,16.69315650716568
53.2619895167356,15.70250270062106
52.01655050734296,19.74894331870347
54.44291677389004,17.96520850252957
51.02709218897218,19.3119050572851
52.96510320742035,17.43720358381059
50.50691481761472,23.99939454084944
53.66095701061391,17.04203115703937
53.83998312000842,18.19308881785126
53.92186817591006,21.73668589145303
51.3272491707827,15.91913795819521
52.4481821185279,17.81886150091066
52.16950917077246,19.8757964045872
52.84534502587189,23.00576075605372
53.60715371596042,15.49216284662248
53.60131431374904,17.20429408529906
52.46371617551385,14.87887712864977
53.95751408407243,17.48250496500842
53.11127243031423,22.45957037273987
51.48539528401588,16.5134816627674
54.08766554560824,18.21208436685677
51.46511786108267,20.49372664323971
51.46178847226854,15.11450165684249
54.03017532184664,16.31749140077882
51.12704367988638,17.62606028646577
51.03701159736998,23.13031515446491
53.55903098275952,22.65107869102073
52.02341540528467,19.54062387810714
51.61345950330762,17.02122759838408
51.94811820388095,15.23241308508858
52.11745681166632,20.66095281837981
50.55666819603857,18.88169271801895
53.50856334790347,20.67740289878311
51.14016112668899,21.49387734805591
54.00787853642147,16.02223045399862
53.63983013879589,14.98727973552788
50.97602981497055,18.12094788499994
50.00564704809726,19.74211264448848
52.39886028181022,17.05847517748954
51.8430508958108,23.18061709200719
50.55167710954708,16.99662153948976
53.07547559449648,19.59887141485774
51.81388340922527,17.52667182663307
52.2725426641563,17.88338976324485
52.81205742304149,16.44147698046854
51.53865353886289,19.64305691389346
50.59211474456899,16.5255077052862
50.05297146037987,18.6358551854228
53.67341355136736,18.78633706008892
50.27145016444237,20.05055148984399
53.81205937850626,22.91388810848263
50.11452357645095,21.86997636907013
49.95046093720817,19.59926689872476
50.91428313590045,21.53243005731203
51.28390662161253,22.36207701632621
52.43206467301112,21.75242558367327
53.23609803562059,23.31691915050945
51.01774273297664,19.83853239077906
53.65132148291578,15.92906331919715
52.12383385009876,15.50796424328206
53.0376048819656,21.66479143421418
53.57475930389529,20.72048491372966
50.37886774203794,22.20178260146359
51.06207104464097,17.92593100818929
49.35753847255508,20.81181759652372
51.04167120128333,18.77970184151537
51.90232798520301,16.1868583462936
49.25715633863384,22.2867589224576
50.40661648565609,20.37928373033528
51.9573082556096,19.77543321743499
51.24811898668718,20.09353014747299
51.95560813460066,22.66676188779704
52.90670193095468,14.86948910376845
54.18545823930901,20.33664868460986
50.61800897520549,23.80793693154538
51.38354202512193,18.64427614694989
51.90441939064092,21.27104530265783
52.25519309288142,16.1727640547516
51.5280492121416,15.8639049037613
53.31161503653513,18.11017324716617
52.24435766399477,15.70141163371249
52.42209544226635,18.45413223344865
52.61139937405239,22.4303156106594
53.13005197131243,16.67566701395812
53.39606093229403,20.36365062211811
52.53324729274919,23.08900015760709
51.61114952515315,14.78597127687125
53.09617840131184,17.30601189154299
52.46625678019516,20.9466073745327
52.55638931786934,18.53374100588177
50.99775640308032,18.60514093449957
52.41619720186726,21.77090548703775
52.50244588195502,18.66757228554984
51.55199341489127,22.55188052289058
50.73522930042985,20.53343495433036
50.90414014887345,16.99328287684824
53.82148993029575,21.7574465587668
50.07514949309201,20.70187071888274
51.03560536469764,21.97254833169923
50.51339647908706,18.17354448379115
51.85937741879581,21.61815212704938
52.73428929513252,19.02911164561141
51.77281092036661,17.26965420977787
52.45933020432786,21.33686726897411
51.24031849643566,20.14222135502655
50.49141202683314,22.50462542818043
52.15155755420838,20.50754050241557
50.97537401123667,21.26078513369862
53.1854755487051,17.2739187816209
51.53668757696311,19.7267977541106
51.49174125447087,21.41211532165292
53.17433030301787,20.81724214642149
50.95694852858676,17.74701857620226
51.27701431288352,19.89300414249289
53.0585248592977,16.48378592353938
51.83576264629109,17.85373242676004
51.36023319631707,16.9945936021896
51.95059029151779,16.25624815309904
49.94873607477159,20.97684235141917
52.00596795230099,22.61289174550108
53.00087483916848,20.53174504938646
50.66230464381679,20.08314901002708
53.84393368317493,16.15663872747193
50.22751431884609,16.76727109415561
52.36057445362557,19.24846279243976
51.17209091113671,18.43749745908091
52.67762865789817,14.48585114411223
53.60924917705282,16.25787539644098
53.64203649521796,21.97968482610354
53.48551948603104,23.66911292164239
50.28640058764726,23.34820345125631
51.6030367994518,18.45134347718879
51.59723574157621,20.38293155945961
51.85393974804813,20.1617325900675
53.31077747574981,18.03227209907578
54.00312651883524,17.52832279344544
51.64734711421153,20.73271386899365
51.72516408647402,19.56499535051334
53.16741668424307,19.96181583681972
49.59798626449199,22.39135967076649
52.26117347405076,19.74385424613313
51.18245760720974,17.13526117639397
53.55209965282923,23.62194228176035
52.4008337178559,17.74489969222013
50.2392076575959,22.84416498410177
53.86349241331193,16.74358132576576
51.29021083747866,17.71168830113714
51.01294968958894,18.97789256144107
50.6406014767325,17.60603479674408
53.63642088330813,15.12194554228813
50.94875446369792,23.12742827801765
52.48057583940144,23.07147071194332
53.27375405840174,15.41305694009945
50.11573452808535,20.52362828486992
50.47380971353127,23.3686781330396
53.32021740563994,16.94465096751106
49.93642909720578,21.44921950073575
50.4619334424669,22.69206660254153
50.6740920109191,17.11531135098522
51.9849092720938,16.77693812181913
52.08530787048318,21.6597226453855
50.06183892335608,21.09074011748201
53.52866232641904,17.05737274394955
50.3011296119461,19.29151693117096
53.34215048751554,18.1733433051657
52.1039795159959,18.5255644791867
52.01448120718545,16.44598716933518
51.93040693844726,17.31347114257572
51.66225385152031,17.65342580248473
53.52298749225181,15.10647962273128
52.67650132671242,16.34664129445905
52.64544544038105,22.36657735820096
50.94443436889302,14.92058690396511
50.63619560258651,18.42926671292523
51.67892919057406,15.64052206728237
53.21951520493164,16.17284153554537
51.8907415775554,22.69904036447563
51.56388429299074,21.33204655737459
53.87101929965628,16.17402609733009
53.81247012786689,15.87215007310373
52.57970948606394,21.73079070598725
50.74200388897377,21.73402355992366
53.47099317883784,22.6729448276898
51.47765188504835,21.43741050126719
50.62063319752123,19.6462580461406
53.67389883286899,21.65354267695909
52.8756365890077,19.6591114990844
50.78402955783806,18.98411056723531
50.49378539628497,18.89770598523773
49.63845449984188,20.82089512645378
51.95692079695245,21.58438693512136
52.13528199322954,16.22271727836603
52.36019252614398,18.34881741331396
51.35435020630435,17.54861693248083
54.1820578521563,15.8132501628941
51.53897551037849,16.17966425473512
53.00664789932622,20.05901929661993
52.38596236880132,20.42555507691232
51.90348879987816,16.95611139155712
53.27403819808816,17.59730998090789
53.44976212173709,23.12706458970035
53.51340241374454,22.72097119219839
53.89885686622092,21.47058102685686
50.77885651818023,22.24403206096408
53.28692341384398,17.01468356824189
52.72181241119526,17.19324715383747
51.30468440535802,18.16982000054088
53.20732359192887,23.68696536904224
50.48802041609741,18.33448266971838
53.43029531973013,23.22656332866412
50.64235113730156,20.18663768397617
51.90900038456694,19.48167820100715
52.42923582153992,18.397769165006
50.22643957945079,20.81492234580325
50.99840853282134,15.47403317294734
52.54891156471431,22.02214166882546
50.94305579286177,20.34333878303233
52.31399224171727,22.5260661010176
51.250081251642,21.23304324834703
52.39807885685442,20.2469475790481
50.595549271189,23.62401854559859
51.63202152190385,21.61187369037443
50.9224603016923,20.08930275656579
53.00919983962533,23.92308226279307
51.95381279841234,17.14755595656179
52.90625766540571,17.5652058099292
53.34456053612467,18.5186181301574
54.21694703770333,19.25995399670093
51.03966346238907,18.70574335177634
51.47028788035747,15.38023344797002
51.66354839201629,16.81542547023954
50.92466828465972,17.30712729534562
52.87773909515086,15.88264017742836
51.03660019880394,17.32073923745471
51.28753691672338,21.75198859816358
50.31241554260691,20.75388068155738
52.01478596212442,23.05967037372175
51.23473634451136,18.77256399582996
49.62275642082446,19.28146928975903
52.94823603113222,15.34838918788565
53.57468732581196,22.03236380939268
51.63316677751011,20.13886902992591
52.92988056574264,20.9899431174278
53.45474902093386,16.03437627917966
51.54539552514466,16.75950104267969
51.08430319404754,17.41284406881296
53.40202429185829,18.43281343356283
54.10613154327197,18.65380147503422
51.42365127425079,15.45070319518949
51.63793751488578,19.32218341741671
53.68161663914726,23.25410571077601
50.71509756161436,19.55418599194327
52.63045951174971,18.95525814228707
52.35973276844885,19.5981038736723
49.59969953705454,22.31633096730272
50.98357119820935,22.32430879720032
52.50976722944403,18.27304619226589
53.54268123926605,18.00652083027791
53.53831020241733,18.06675142853235
49.84174700087392,22.23600950051103
51.54321642651032,21.82372972874714
51.42747197578135,15.10492765870558
52.17494757219934,17.83791804894924
52.21592828731453,20.78616330302186
51.62416776298701,17.31681712410793
52.39858267715723,19.42449755236089
51.64175965306763,18.49429388472573
49.54598004922789,20.59120716283219
52.10679969920757,22.99246663874753
53.36291651583067,23.6755277343611
49.85220740051037,22.54581730671226
52.71783206696574,23.22080539172349
53.7222137153129,15.97117084039209
52.56004785510551,15.50855389833561
53.481867682426,18.80050897258238
51.56344750569922,17.32798146523815
53.19746292366192,15.36381744006299
53.28085893386354,15.65588750239642
49.48939160189791,19.9322295356234
52.87859393467416,15.28557116060983
51.26170682015535,16.79154550903691
51.14742909283993,20.51956765941814
53.032440614061,21.59073597096538
53.33969061684166,18.64527250150238
51.25074809270054,20.24765475162689
53.28227249714836,15.4629605787149
53.48837600800957,22.70891975344115
52.64845881019819,17.95630165191881
51.40143755847959,19.15318861807134
53.95794410517922,23.29499697387017
52.77659304218943,17.47547439151577
52.81144596738874,18.52390976742107
51.83721942702984,22.53874727182518
54.17356807751907,19.91030285518824
50.09250379215944,20.51056408265773
51.27047575890166,23.15826105317126
51.62659508277012,14.88362125594978
51.81215287705848,17.5024741956457
51.15820060365189,21.48882587981967
51.8396586741143,20.89043145986068
50.27041080050771,22.97023883459976
51.48660048507921,20.89575538890535
53.24415119174842,21.4416036377858
52.74207648820796,16.67642705681122
52.31225040440892,17.93128553423815
51.42184483717886,19.54475727322101
54.31445794891115,17.33113201632712
53.17519859486549,19.485014540916
52.56891648208278,16.52791665739955
49.6765622156112,20.71772795884278
50.70129532661056,19.95453208860628
51.04554695033979,17.26575601258084
53.7464981226772,16.00849866049097
53.68790911872365,20.41268750364922
50.82315292272241,22.69790785645404
53.13083637166929,18.81846571314142
53.25611502664344,17.86424014775356
51.43411478989243,20.73902680873375
52.34233819448067,18.49408925120224
50.12967855188003,23.18653577975358
50.93173329163761,18.92004334220383
51.08945590583566,16.3293756794537
52.58668282522361,18.7572163706034
52.10254756985918,17.49315181854645
51.80306966286322,15.47850101474874
53.42523317091397,14.77761858248963
53.02188369547552,17.20319891100708
52.84278078911717,15.96395472371986
51.20980727155224,19.30381973271696
51.82888833831403,22.93962444719871
53.99607169532351,15.37912004620689
50.69338760600949,21.34558170343145
50.45268851771957,23.49876000498881
51.50347433050248,20.53958103896225
52.89422791871404,15.81664785138333
52.20103214170278,18.34777235690474
52.48028385994208,17.84432614309216
54.11683433057586,22.69568770397021
51.00022594768456,18.52938272128865
51.00811673750213,16.75011826661257
50.87098028893717,23.8195892720744
51.2657143323602,21.46886284783587
53.84508943813243,17.95292208662228
52.24637528795459,20.1054516364123
50.4469567296649,16.49446523944792
51.10203423082532,17.90313163084129
51.24990701070762,16.55094516688573
53.8596803704042,14.52416402083224
52.41756025947829,17.80838768544468
52.49623811179055,14.91077930839546
51.54913284364529,18.85495181354243
51.78434008875769,22.51230172828345
50.62437345955323,18.6831929085401
53.0606217034952,19.28312693825116
52.39038388470006,20.72374995929632
52.35758758635907,18.26604707401732
51.08766050224541,21.36059548613607
51.12134122926914,20.11386960177237
53.63744886279649,17.82036011484951
53.09873952167212,17.91347536859731
53.14200180297152,22.60121811421579
51.99434500701208,22.28198090933188
50.96610428091224,16.9642702700117
51.34171984037431,17.09432646544292
53.57456908676861,21.9194557641798
50.70191370525222,16.13669351807735
50.38701100775907,21.86227172869404
51.34824271275693,19.4119160631305
51.50065375870047,15.54024734174642
50.60122144021251,17.72583111646351
51.49513607348461,16.90206384244001
51.69410786156334,18.63471001056829
52.17551487650397,16.48283344127017
51.24564391253796,17.45138441134538
50.72720720560246,18.77537673776538
51.89868600281504,16.87647688126253
50.22927471568008,22.77902870723167
52.96103206726109,18.3331551748206
53.37203371589597,21.37469564957018
50.48751120208917,19.05998626077277
52.68288016990913,16.99374207507978
53.12865270978683,17.83872623750526
51.11025552614899,15.01258907840815
50.25428322483035,17.86943753867683
51.79897023324588,22.58171329144286
52.04743258101508,17.78809370675769
52.85124548360287,18.34531489480174
51.04816701215886,16.10338873281982
50.91872449610992,18.54822959567698
53.53831452248872,20.30561703965674
53.67381546216238,16.76445649658186
53.28123543922075,16.70094760605459
50.77713837480696,17.14509011123663
53.16950768662721,16.68423179137854
51.35230924344919,17.86368066442069
51.35536371973576,19.48505669475585
52.91179264820247,22.68098568684421
51.69687504589923,20.6619246121913
53.78256473417208,23.52264505029929
51.81838416975586,20.53811750959764
49.25035139011811,22.28587166232494
50.50851292301555,21.1593469646397
50.97373375473586,22.53268438096714
53.23171970787071,16.24626512709132
53.73925177551428,15.77483037495323
51.35719000214937,17.12279034810279
51.87035969025921,17.55200078768875
50.30550164093671,20.32132077242011
53.00495803596319,22.76081875136866
51.94094482380704,15.53689385988047
53.97902456700844,20.72611046656898
51.50081262656945,22.65729326735501
51.44958949245199,15.60334389260756
50.70800888412462,17.4797391255945
53.07320953699681,19.1780125794333
51.68191211428452,22.91543457069446
51.58231728462516,20.07796110528817
51.59932527009433,17.59961930077792
51.97870864015216,23.15408529701512
53.608482732129,21.34352238602854
50.24652975293114,16.85240082595611
50.36281806807573,20.15550378185635
53.11975735618528,19.13819395158612
51.99605680381078,22.0984404848756
51.44296108349069,21.6880076869423
53.79236276313316,17.4680921604108
52.76334086314893,23.55509647991164
51.70538102797197,20.70049292973364
51.10210377623341,19.15398323910726
53.93347862435888,20.08469131967293
50.99258516936146,21.36477132386609
54.00659000120633,20.41233654865214
50.3939792740411,19.65596367024309
51.74970041856859,23.53766322463757
52.73420867156023,16.93398653140101
51.84442921604119,19.27437694287065
51.35169542135924,21.50704792908846
49.72705280938318,19.45153933871093
52.8466416509612,15.34871536943938
51.32933043412169,16.03066799477503
50.36148910222625,21.51505917115076
52.50354819055372,18.11168050762409
53.87070800977592,20.56552338483072
54.38900277431484,17.5206872320754
50.41185551015241,17.185712101515
50.80547126112985,19.94729754030675
51.78376542449716,19.3290054352454
51.49120562874282,22.7916188576377
51.4886025967596,23.35145910157654
53.19965202611596,16.83346844316649
53.45675315177331,19.37579340057376
50.90801872219627,19.53500347702401
52.52869224739425,19.32079386393122
53.38091002291338,14.75339460398809
50.20218775635391,23.40553487704738
51.75465704281256,20.29550460763465
51.56984470597866,15.22067218304463
53.5781927282738,19.54609486586319
50.84196604241745,18.83998914968084
50.83977830558243,19.32227898849785
54.20769986875379,19.59790529149273
51.06758768348899,17.79374788772098
53.91614397519503,16.33374423487175
53.27802763266678,20.94464472207868
53.38594783386301,21.33072785759024
51.43021868346005,22.12386786715389
52.56508931509856,20.24011133994646
50.3023649198441,19.20454678079728
53.18467764792343,17.83123252391382
51.88728555048144,19.41033151237979
51.64700959089034,16.21351531327748
53.16397431488581,20.09791651731102
52.11470083594577,14.91136368118672
53.70353258610697,21.90143774648377
53.9300177877309,14.6738632149569
53.66453465910171,16.83596170876907
50.42834351892685,16.56039883731575
51.84741703821409,20.63365634443819
52.96842791016326,20.30677789608803
49.86921312836187,21.36364032766796
50.85219071506961,21.37076850070652
52.78996650968962,14.92387590913734
53.35480669766889,22.16150576606599
51.90655948193825,21.4760432158383
52.66295698406014,19.53102324002216
53.6373732643744,22.04320155790236
52.51608485251553,16.75870545219075
51.33029078823726,20.11471316765012
54.37509141891354,17.39146028292734
50.99788497721858,19.51402434912401
50.6907636462069,16.2722357979138
51.10078759487799,19.76292672918991
52.71693773481688,14.98114462373272
52.79883388032311,22.62423320712017
51.81629130187613,16.97398310849245
51.91505232003058,17.89160604075511
52.10887211579134,18.10739883151893
52.12704267161071,18.21904997788507
52.86395210371167,23.46178918266753
53.19421447632654,16.96566546989306
51.41444874359743,17.06003083040343
52.43140228655778,18.14168045084226
53.13144068843281,22.78519974098741
53.69033440983285,15.25258048113623
53.45726771061785,17.01043369628877
51.72431587625762,22.92412885755279
50.47331540527001,23.72034871274666
53.50749610792646,18.83365217532883
54.21324058828831,16.3266197886864
51.76876231430406,22.61616983361631
50.41667364267254,16.68777827698264
51.16539476063441,21.76149207641608
52.98078014868805,20.2207803178317
50.65546848760652,16.42739209697327
52.74877958148227,21.63162990375828
53.25643760091908,20.86186309135442
52.27912085036034,21.5952289203841
53.59506728392157,20.26343861632175
50.79601419856824,21.00665399076332
51.16417346034713,20.85656144024087
51.27744184365915,20.17427479601593
54.21482241218424,18.34804380088204
50.65647624144803,19.10108678870967
53.79534798828489,17.05012371286567
52.4009931816444,21.58207119323007
50.50131068943693,23.30786642437661
50.88644825895046,20.48153334949924
53.49794685931987,16.5606092131469
51.86943756121804,18.67165177018549
50.53323509853034,18.8152837907541
53.86780110028233,16.97015359158649
51.926505466035,20.77115123140959
50.2962213915231,19.46837657275902
52.51496969142735,19.70044220085742
53.26745395070606,21.42348267681876
53.01810893163047,22.37529108593996
51.36565792468266,17.38959321765904
50.55619161860767,16.60311606515964
52.70449084504346,22.97322237086455
52.70081659157179,18.72111148070428
51.69585981713221,19.20931581436061
52.01066230389126,23.46055497129801
53.85138375960113,20.27319743889521
49.56618251984168,22.08102371002374
53.85622016242314,19.6588532924872
52.62344879928536,17.46829122819035
53.16594433282406,22.66005702917366
51.65925805929589,22.17505377562876
51.50320022876421,22.90330024629524
51.54481999245638,18.69129700630901
53.14995142062197,22.68632176923746
51.99137550249791,20.38633846849718
50.78196247046203,22.60774374688491
53.18168470684474,15.44548003715459
50.63795112326683,21.69728008330436
51.90010335372802,19.930110566737
53.00808608752481,18.75382712961345
52.44451767567662,17.95688314876437
50.71057127661535,23.13255801197896
52.78961569986982,16.73611677346168
53.31296653356696,16.35829723729154
52.43686688598719,19.81346999672899
51.12426018707473,23.51822375664145
52.74092668528616,19.74106548341896
53.87918121374223,23.34183314194399
52.23328261653818,21.88347738194342
53.02790689414545,19.34094328510254
52.03521376356122,15.33669646395317
53.75333452311621,18.20286813581011
51.78621971851195,21.13442259272786
51.83506165040463,18.02578989794759
53.55928050172954,14.5694251279066
53.38358896683581,18.95899582564082
51.99082332123415,21.77719072770329
53.75215340790324,16.97438036609012
50.4723573203532,20.80069750099813
53.2860461912196,19.85204726496292
52.38990010041849,21.06932956643925
51.85550951880099,22.17310984469642
54.37716920581826,17.98376284471689
52.00329828437719,17.45099669252157
50.89276900937666,17.63816399681746
52.18168034086525,17.33813292755834
52.96415570495088,20.1358975483279
50.69188996235268,19.98015361853236
52.30544430551812,19.2778210199401
53.02514581437885,23.09415419248338
50.06240682515421,22.20549543490412
50.91422672732381,16.19335813574445
52.68140319942269,20.33485243902561
50.64201571357048,17.94721076222855
54.28484762214697,16.94680041723651
50.93122737550613,18.15851591269679
51.55753537831227,18.11141096257293
51.8486046726294,21.32698213414989
51.96443526247543,15.46835650070707
50.12514868902284,22.02503674936885
53.84061450976644,19.76684487296459
51.83813945353155,18.92297943151495
51.90575140021178,17.86549193137875
53.57542798756224,22.62502185079884
52.91426998554814,20.60691309970366
51.30897884406784,19.80883325806729
53.95841306955475,17.40853939996314
50.11195358747489,19.1546762802343
50.27364569871085,20.47409065937355
52.76126987163299,19.99167553404397
53.36059932569712,22.24331444124627
52.62881847073991,22.86346038216283
53.02125708906369,20.0866473083487
53.96822631481425,19.17882446190703
53.24092245917356,15.60547709655448
53.57220847002981,20.88645788772541
52.82048318358954,15.21470817430503
51.986045509931,15.57247174947741
53.45307324970032,14.56180022280061
53.26955081545453,21.85600571712685
50.68789542499434,17.4923479649137
53.2976501824021,18.64881539630866
52.53122712739449,20.27857753576529
52.16989259388384,17.51811541864906
52.98011042297109,19.0889311448485
51.72177710353842,15.01928257814713
50.64185651777495,20.99633307328968
53.41690570382202,23.28200465907306
52.190336630653,19.04941354625317
51.52184249462545,15.4982548540176
53.83292624866696,18.44063177722314
51.96220722180045,19.21152101937462
53.77918789219759,17.64831754533066
53.21250372819527,20.82072723515297
53.46067823003951,20.32246925684309
54.12159187786426,19.08420527493902
51.06063051507768,21.82668362705545
50.69264083751768,19.66907564903619
50.77393438175663,17.01619033236247
51.63831233389872,21.66918822742772
52.80161371501848,20.59358296592302
52.1833813161379,19.86500970253813
50.61248130448445,20.47147064283675
51.09068862819464,15.54936121409451
51.4824055558724,20.81419946278065
53.4686850578766,16.11936628734081
50.58556259917915,17.95410769917149
52.25607684219726,22.16529727713583
49.52661626016915,20.89498640554928
52.96156256953633,23.2807213556641
50.96569824864777,18.38415731717608
52.49319224667941,19.76011802934586
50.10578915649864,20.4574223787149
53.70928874539704,15.59444594463164
52.78889070446661,17.21226422099092
52.03511516000314,22.7068794124755
51.02668849893687,17.10980993854895
50.26665536878932,19.27119856589825
52.29105865177578,18.70846293636328
53.27365150482913,21.00496570837032
52.58684891231183,23.01187500859259
53.37489078582063,16.13589652290064
50.50133840820421,23.34825707653936
52.96718328215172,18.28914354700373
52.85915814460931,15.38155991960832
51.79798639215995,23.18765003945572
53.18926266301371,16.92848165529289
54.16578921055634,20.0405863914295
53.0292688757288,21.12419275022325
50.84865057202013,21.16275677344381
53.19872801144495,15.08909408086281
49.97786546630451,22.6424517387622
53.05956362029467,23.59950140156148
53.01579675956152,16.51752560105722
53.59559263998576,16.65848517950975
49.89126816762118,19.3753426946814
53.08712035485524,19.34180474274533
52.75826931216856,17.20107522028738
51.8022933515845,15.1571133264868
50.64877779577198,17.26413867923072
51.47709887375634,16.91151202713208
52.24377782130068,21.75398628550326
53.66325459746302,20.31114753391745
51.80853995970705,17.7939009840348
54.26002952714347,19.50135488770144
52.45805205684079,16.30347900338345
52.537332806514,16.20362525930443
51.33851372896376,22.97496033041486
53.40351966258714,19.76028742568289
51.62623147487269,22.01951232002626
52.49182583705133,14.72706741348312
52.07052829840858,17.15744052710193
53.20287925567721,19.51831185972111
54.09336699742103,22.95685075432357
54.40309275272975,16.81957911532921
52.46542128809337,23.09733726446077
51.14763035425442,23.4890149628172
50.49587055303858,18.9827555403863
51.91951180790178,22.92075771477118
53.24299187150325,20.32365123237411
53.93124149778568,21.10891266942848
51.29900051772246,18.9921052765319
50.82478723069737,16.42164794715131
50.97338127170326,20.69996231294309
51.78879422372523,23.36760141569602
51.52099229537286,20.51816868847557
51.27616966674601,15.29644682406485
52.11176653794478,17.58501718631883
52.90585651916857,19.25035427308872
51.85696428554861,20.56751066376878
52.9423125773363,23.52711770908365
51.22236518329887,15.32217244609403
53.61575982288784,21.76027056472194
51.2637855140465,17.22115520411912
52.06472435294074,18.4379054297836
52.99962992346504,22.98031700917949
49.93080159090821,18.79450196403764
52.0717318911622,21.96770269461059
51.8198215052489,21.52585326032327
51.87176263455176,14.70857987622724
50.85483947495812,20.11700894420213
53.57484495727055,17.31390320782652
51.27350112543532,19.19736812146559
53.65393933841939,14.97733756298621
53.24433438533276,16.70732290170914
51.63249518971675,22.3746649259749
50.35935165713337,23.33315976277489
50.81600190082708,19.84550355265183
52.68142429379193,21.41387873814821
51.75665675781456,19.31226163283852
52.39447229460472,23.25963964149528
50.38409776093367,17.34444501669557
50.90456699391191,15.99733400878929
52.53192668821547,17.98620766710672
53.5941827434341,19.15439769573321
50.65539873182784,16.81345074966219
53.26486306707081,18.07196367574902
52.90286557802914,18.95669339985377
52.49496934129463,15.37055037962743
50.40586579358435,17.14762503891934
53.62958297322192,20.97253264501992
52.9097080730034,16.40708642026226
52.26236418000366,18.68139368663585
52.63234172894459,21.73015509544357
53.52037107029909,16.41909951352686
53.9316904695229,17.18190185626786
53.49754696864829,14.7823593806631
52.10711589421092,23.07941090665438
53.13920197741251,15.73375539757079
52.43431154644119,15.12824157718615
50.39437550627272,18.96728539594767
53.44842020948368,18.17876524575997
53.02412876613393,20.72502556449921
53.30970576444523,21.52412417096517
52.29270259512074,16.4802913796839
50.36438833347144,19.88899968357578
51.88588350574736,17.18911935234319
52.19908336978202,20.59826537604143
51.38070847899447,21.2255980230501
53.18698607404301,14.77531733076672
52.57957592961876,15.19303213840004
51.47503273953939,18.80093471827877
50.4797436572218,21.93713521568829
52.39353001728056,23.07206758516738
53.36019125437348,21.90386492278305
52.78009440827523,15.03105010957216
52.64163725292464,16.54131925990249
52.7848251384976,19.83563640214105
51.47284311442137,15.91827647452884
52.00827895174022,18.07424446570326
53.14117300746979,15.68019184576667
51.81247291968446,20.58285411765932
50.19208774813473,17.82008731837605
50.93977474869128,18.81335961643137
52.43301525953211,20.69492315355022
52.50942343042129,14.68743314792468
50.03727601075221,19.72395624525455
50.6793107016311,19.29259696628373
52.94043332684265,19.00012957790673
54.30861353290261,21.84191684369552
53.94761258232158,22.98011918467886
52.00605846624605,16.83877393429568
52.10620409640756,16.99036445652281
51.56997347608182,19.34065686868422
50.44911416496398,19.35938184554931
50.85607234074813,16.5096464967614
50.72494708615107,16.41199291886675
51.24518939072938,22.10603423318563
53.9591116809117,19.44946738728916
50.54060512135246,20.99599626029135
53.73043729692351,16.04627537247038
53.23924748606911,16.11058330897985
51.85061264624719,16.16321733394627
52.92210370934766,22.02912262019813
50.51092068677631,21.62575120359308
53.08697494175033,15.17813007968248
49.64184996764094,20.48114547493894
52.83956430738131,22.84387014644104
53.15984204422856,14.84672362996034
52.19487878707513,22.18647571110504
51.90760378986711,17.53164049742305
52.6684477142058,22.32440602428663
50.89121859245852,22.1083049856443
53.78061721565022,15.59212947468437
50.51930119980067,16.50375990186134
53.13174304229461,21.44536799530073
50.17016867555565,22.63996226112483
52.18814364742579,22.66070209222532
51.2072359847867,18.83016912505412
53.15070872468272,23.02722564537954
52.19015917288925,15.75333500824453
51.05224289444573,21.32053977033416
52.5990242626322,23.17634734677198
50.63979440685981,22.68664717093537
52.65399293081615,20.19325497520324
50.86386416177716,21.40308738008724
51.10392712605589,19.92522544566701
52.09663542179032,16.05929127844716
52.40183260888185,16.79338140110437
51.30598460915275,19.63245929922938
50.34144559231703,23.52273541390169
50.99852467366816,15.33508402368259
53.49255128642198,15.82512290198444
50.78769710908422,19.54372237984641
50.79071706126302,17.96463426432858
51.02539901751118,15.05606598395532
51.4885941658927,19.30909853289857
50.60055030427005,19.19298823623133
52.00130395968898,17.60779635601967
51.36494647344196,22.87772816881103
51.93564842841487,21.2243301918976
53.06920084014635,22.62915555657437
53.26552725556884,22.3158678222208
51.81368618870226,16.25225463020821
53.27332235419818,17.46261584260786
51.37007615512227,21.94592523522891
51.16464634248942,23.2166605384441
52.27476608793708,14.7459209444234
51.92560247232341,16.4575710972024
53.34710818674552,22.35599952934455
51.26339134283034,15.20099054450872
51.5189911659031,23.09686788496161
50.19439716321509,20.401087208318
51.61092224070111,22.00876311989279
51.42877653039724,22.04044728293873
52.52264529861747,16.79681343428037
52.02605867014541,21.0891818688331
51.71118546977537,15.28557447194669
50.89012129210153,16.60761875063411
53.56867543771345,14.31994788270817
53.10106762125089,23.8078318567945
54.21769594203736,17.08846737741338
49.62500814223323,20.73882745889552
51.89534881913392,20.62146543942431
51.40921765151432,22.70497446076965
50.83198162972518,21.95119404439826
51.1302243161974,18.52975621893937
50.81238361358749,16.60129318895006
50.04751063489966,18.55341312849
51.107854804045,20.0127358402619
52.02169238536091,17.85738144778859
52.85573824952772,15.03382638381281
51.01335415420738,18.63795435250849
53.48740424997691,17.67247881408642
51.39245820835895,22.47157123980692
52.08711191916625,23.42062496474056
53.89088243535075,19.21512007722753
51.89630832669719,21.96348552872048
52.45796672930081,22.02634746459501
51.35062648585382,18.51240572865487
52.18790153390771,18.32319798145306
50.80055472721669,18.12967226054964
52.61978708718608,18.28984643521327
49.96484995129234,20.79548687701941
53.95905633202226,23.01769313655277
52.56833041560342,16.76599437970073
51.82615584384418,14.92164460247469
50.1440223024549,22.97515511349341
52.59837524364122,15.86179573898903
50.18774609764955,18.85559137802901
51.81955745937798,14.6234740438621
52.29913683557184,17.12380199826792
52.61903382776231,15.38668995917701
51.11398943807346,22.10879272257839
51.15080174078525,20.6393613616521
51.69546164695153,23.35658183404261
51.80210461827782,19.25000069553163
52.82942042900678,14.98275494431508
53.1190388664906,21.93323903837281
53.26017558489968,22.74570534809414
51.23390372412736,22.28529609715943
53.66361869114591,19.70497285856876
51.98087674988268,18.28118054050222
53.96627822565801,23.07227801117974
51.32841597318492,15.08528453748951
53.08114014413106,23.08809255555115
50.88827894809126,18.40255139436546
51.09968884371908,16.01871942700709
49.82771314046973,20.26433340734283
50.99023414873007,18.79637473537338
49.87120645784166,21.01623315077578
51.84659789922095,22.09415111501639
53.0961762703397,21.31407402555149
53.44512788356704,23.25665686263534
51.49396193982017,22.76723935946812
52.14941040938314,18.97921277428474
51.07749885496634,16.16612848523
52.80173682944814,14.45908861690279
54.00061340197103,22.90812740073071
52.4739763536212,21.58059537702959
53.62017270924272,22.40167539664507
52.52323401877506,17.61419051971603
52.40416410111813,17.91033838431213
50.49594882883235,19.8639863039893
52.54843568769916,18.57567936999751
53.73964560281402,16.46787098704429
51.39945700103419,15.75440302354971
52.25320539017352,19.71234233608966
50.8070932187637,16.25418091157439
52.8626705161974,22.77030953774151
50.80365430710734,15.82656162134082
51.16254820660811,16.52118909904715
53.16311092504659,23.56904022050553
50.26106554098965,20.31384292488152
52.72731682764627,15.52863666077787
51.20201075102709,19.00517818166618
52.5727541917947,17.81920326377222
50.18170045208712,19.33419993987
54.37623470108817,20.20873858339602
53.20079107974205,18.13104824194724
52.30003677556415,15.38387030065322
51.67606419546792,15.44603065505337
52.89399937512825,18.31567430394722
51.03162219196975,18.6214380049983
52.57017554018353,18.85546341047337
53.30054988339653,21.56323374823909
52.63583285882236,15.13621632115034
53.93929232588321,20.19400506233865
50.61759481380981,18.1018191519221
52.1813873020546,16.09066516776097
54.4566621511873,16.86176289114178
53.74946560821182,18.09719071208352
53.20765568902496,14.58113019638303
50.76983366107311,21.76056911582068
52.02026371345093,22.85268953156563
50.78017302150396,20.22044965272152
52.7644269173979,20.20077715403747
50.52214311713219,21.31275872718393
54.11899439726152,20.05600676450395
52.35210250061786,16.50952937644216
51.92314417797978,19.51730420118907
51.36447687073711,20.68516352876652
50.4164792748124,18.95205309818634
53.65634159952043,17.25446972666708
52.89351872227204,22.14592265682134
50.69403331576644,23.89706065362737
53.54673265295138,19.14191350592829
53.50990268022805,16.85178429546092
50.62340958309276,22.29481504765035
51.11786513492878,21.63239883171979
51.2498144285013,15.45831019284627
52.81118010209473,21.60718146463467
51.57607176914136,20.88774302987212
51.85589398177475,14.6439338117737
50.76695513749002,18.99429802524617
52.36546687273692,16.94523333357199
51.88986673873075,23.59648687171356
50.69613930806646,17.94323024683447
53.9359727157541,20.87770456828654
53.74408701704462,21.84620317630319
52.54476617258123,15.58211308362258
53.29005189890987,19.7199786339811
52.400109667524,14.93401728891714
53.76940987279793,16.12635181196743
51.14038941093148,19.47324805206472
54.25543769358896,21.15974470288515
51.8042767486865,20.55351349420554
52.40369853847664,22.64311388060743
51.53400687551716,17.19445913726952
51.7305176251753,16.3265352569814
51.7225276045694,21.2397024912505
53.39349851670156,23.22099920920733
50.90425337124369,15.86430514463687
53.98233217135669,20.04308950422181
54.08321033602579,15.21526328633213
50.7488033001265,18.76520334915901
52.19623326001234,21.41597759974433
53.80125968226964,19.35981765551387
52.08505617701884,19.37860765140967
53.79412758888992,15.24788020646074
52.8248185358221,23.71473632657034
51.14615787383566,21.77441842812059
52.29399106651009,19.75664804704841
53.70241405644582,23.41990303454751
50.16851412410752,16.76175950522313
50.66471764833511,20.7334078810064
53.50857728760404,21.68336695727996
52.66904752203458,18.82756044260101
52.31867028297766,22.47019277349454
52.03088398836009,19.27119958544158
49.41240397764366,19.94483427034003
52.20506594636696,19.29705783448649
53.07660342261403,19.81656860286238
52.71851807393274,16.55446527455414
53.39098756450117,17.94718418089438
50.72007605007269,22.61192962305608
53.65618610280044,21.90316398319771
52.87323416365201,15.2029361997076
51.03187987097334,23.41412943283013
51.83801607438451,15.43855666736008
51.95064374484709,17.76644040728232
54.00155244372672,20.58869604906954
51.62422883427545,19.33635006202108
52.39400211802116,17.87657194016194
51.32779051958208,23.47023614087806
51.24264554817431,18.27774768204453
53.1032149748251,18.68359132288268
53.16350073688977,19.64973018600782
51.56934722928427,20.11323378819591
50.96589247806322,23.95485795197353
52.60342794263293,22.86344493540042
50.61036328178046,19.00725335241553
51.4534630811705,16.87171615307534
52.98557426111497,23.69283000927013
51.95632956400446,16.5467635517196
50.54161594369666,18.63880153808683
51.38435096844042,23.41031865832907
50.59512254901124,23.1589913828176
52.16654504708877,21.60520495256416
51.0250508950532,23.13227776432049
50.473634752269,22.30633001621166
52.77847658783255,21.65264230096517
52.62685703856045,16.91497543045879
53.02934733980462,17.96357447145055
49.89651592930593,19.5860962382406
52.81931206281046,16.79051004228588
51.97579860464671,21.48512396264726
51.18369981622163,19.3737448608599
53.17192501631912,15.43409555990857
53.34083792288162,18.86511817596011
50.33541014648875,22.8287814188702
52.80936193328773,20.20037755730349
49.76695174508529,21.80102563936611
52.79664128518184,15.91000664317894
51.94411478161891,16.10107975986059
51.86687684131584,15.66432560281184
50.80453467832616,19.91504759141795
52.6299632277811,23.01403969867968
53.06326137430019,20.61283490821809
52.53474453350575,20.83244914545638
52.97468794068106,17.1205620736423
50.86686046262943,18.68754698185126
51.78128390347557,18.3393066621366
50.93068597584367,16.36053150507043
50.67421542407165,18.64919264931097
51.48718874058277,17.28672356439304
53.4343855152377,16.93986062295293
51.34142899256393,23.62402120922302
51.34575397110757,18.43838196780853
54.17858230127133,20.68117707746375
50.98464432077107,21.84713721501018
53.52451249434627,15.20674098442816
52.82693989015804,15.25312803986395
53.92912584438361,15.72589208543842
51.30009508317274,19.67907527765667
50.92048456163617,18.34016910239571
51.83870806423597,22.61697640399285
50.35239065528438,22.01294174768719
53.1957127375838,20.36245050646272
52.29787004591193,17.34169376058535
51.99736660845764,17.36736201084166
52.4960107900546,19.07517162412272
51.25000211744103,19.47561272961892
50.93087293758371,21.98107158472064
51.96990409332857,15.01169024899687
50.90094658555034,18.91883854348047
52.95231438650675,23.52799000822083
52.4944074112619,21.77678833945005
50.72908487048564,20.66555914146159
54.04288778021395,16.71267951753001
54.01598590359023,20.1547976796933
53.67052340701074,15.81709898174334
51.4960335000037,19.33977760311695
52.92366223395222,20.77859936260954
51.17981416171257,18.65395688453092
50.92495562073763,16.05647419541802
51.92636752085784,20.49829590045734
50.24005481138649,16.53417219388321
53.51436591197729,23.24240456774583
53.53586153566561,20.84131430172801
49.78533253412313,18.82173099851885
51.3577323277274,18.33397902916809
53.59041480592037,22.20420285977588
52.81998026025992,17.91347922588487
50.73218392635878,21.09221123853322
52.78663205897526,19.15350234550167
51.63250247233557,23.31967239528036
50.33716910591504,18.28274044064474
50.94338791288245,17.63256979078709
51.53584121367983,18.05288363091625
52.86605837481864,18.38489815498951
52.96253623074759,23.71142123536313
53.11422779674767,17.12326691798486
50.47664476994557,21.57169466924462
51.67762987133555,17.55248821221364
52.01839452603733,20.90889450995475
52.39227766504587,20.93661433652119
53.2222934462,16.91038595235248
51.56621333157108,17.590202432759
52.5766596579463,21.75640765551187
50.73743289712952,20.74936981805104
53.60606208348083,23.48846156700089
53.34645262434562,17.48505023479178
51.2623707555754,15.54678103136691
51.8275614044532,22.80516253743615
52.90479432504307,21.96207198927158
53.47842815436308,17.95526638472636
54.03167585435011,15.49715124527082
53.82453329399013,22.33020512003959
51.55611143754268,18.58924835400211
50.4065228356387,21.07194609832666
52.85921921778971,17.18472689492127
51.87187026343848,20.12298807053172
51.16244742978116,19.18830132452895
51.52595027202152,20.73401084867667
53.68866008891219,22.97630261835181
51.2693332645306,20.03236939081261
51.10457773018567,15.06102605086458
51.56976706710933,19.04406653268514
50.20047177117566,22.28839177136012
52.2877444803234,21.61777356461631
52.50164773087311,17.97684894063799
52.67856275949554,20.45877565931837
50.98480487614421,15.77528093310066
51.77398918491853,15.6442560207534
52.45344568208001,18.24703372332235
54.42120929971813,18.02144106999631
51.92796149556388,16.76063980871905
52.47380074996912,22.06212579579342
52.33062375866046,19.92669991687649
50.56919364580511,18.78794945004218
51.87399426573538,16.73910668809241
52.90905418567202,16.95936576943619
51.34712009124417,18.09438874291
52.84376903965578,15.10343631905248
51.74523366087895,20.5292259031106
54.24102351808677,20.18553580436238
53.33306474782594,18.0093233398728
53.73436112700107,18.6273624248005
53.52462775607432,14.75578615294791
51.61386627776025,20.84879646950723
52.3950863087091,22.18222766178823
50.84236217319211,18.63231157804115
53.91989687827334,14.94296707638816
52.71784206588921,21.5478289271217
52.26603887512992,15.99620906710748
54.05127244485661,15.31413376454802
51.32907761822933,21.42262117829647
49.93353829046627,23.07222305665304
51.58805333477197,16.31180370950556
51.34915036511622,21.7757581774986
51.07218892121001,17.54912540509807
51.79406083991151,16.82471956401922
51.14776456160946,23.45122840766074
52.16145461668795,20.12935905195029
51.97835058155601,18.31424403863762
52.01799071901601,20.41071139068413
50.49496827334578,17.08036043356497
53.70147526947086,14.55109149109697
51.80603072045203,18.43769108709002
52.68105431931411,14.91214397799511
53.68853772241079,17.02136780796596
52.09059911469332,21.75589851699427
52.14177084339541,22.24496610767397
50.82025004946111,21.97285997659648
53.62359891617916,17.67340583304645
51.68315561662854,15.6154244824345
51.76264342432938,20.50940190284339
50.92101902782715,23.0628464821006
52.49188964706305,18.85392499149207
51.52496024847612,14.96517470814401
51.07971248499285,23.60339171500614
52.68767605502711,19.03460859511756
51.27061464886501,17.38216778558565
50.86720101523196,20.36974572801075
54.01556000504546,17.44043285100298
52.28153832249895,20.83429634363144
51.82802877492916,22.55599557370787
53.97313763336357,21.98898900244767
52.63880489546364,14.5957664697784
52.86324497836765,22.60274035279035
52.3692753091094,20.44812775225245
51.77314984432495,18.39009313848903
53.85163006449884,15.00875950817503
51.98513927800921,18.35984896120081
49.80541478027756,21.39295936802124
50.76511970010942,22.00948356389708
53.79410124901896,17.5181726955661
52.87751466302856,14.32151686558084
49.77950976387934,22.78359878144687
51.91574787010176,20.35107543055089
53.11591248313145,22.19570285263805
51.6530296232553,22.1395285129909
51.13243978810894,20.25179859128181
53.15981014243582,15.98225311821564
50.36183004340791,23.56025497747904
53.20232886610778,22.44096731165218
50.81939596869486,20.40807259061129
53.70539495067843,22.16401388599045
52.58734798878204,15.23576554374407
52.29073664746341,18.42241610843398
51.93121211019005,17.45438891083111
53.68883329521671,14.65530700607447
50.01004354697974,22.5316031479136
51.64748586126396,19.69691374243228
52.81430609184506,23.40647456937509
52.86177988597195,14.47666547054889
52.72233817770261,20.93409292207484
50.18903734936296,23.11380573381342
53.28998042481202,21.40161899747297
52.19803686304283,22.94796342016588
52.87865440250233,19.32221131173334
52.02977500811715,18.7960999580705
53.29431915349976,23.63726869876335
52.76383168029241,18.95707191913664
52.65352834878689,16.22858817733782
50.60041352436632,21.20145340282012
51.57706611568081,15.08514613471224
50.99095482636925,19.35041597771527
50.64611577941781,21.94203196181008
51.80011866267713,19.773531524877
52.07468485646977,23.44051045917451
52.92257324707374,21.37949401001871
54.31166693375507,20.71334874713936
51.36846317504341,20.0980918446793
53.60769473956873,20.98621090779109
51.00421685836526,17.15216649231073
50.43433046408533,20.78489996812488
54.36007916706681,18.47343901303279
51.52210589149999,15.72470857614452
53.50650788821465,14.60584808144257
52.4745066800696,15.59192377227128
52.20606170179926,23.28782227646932
53.90770042419334,17.13823782789678
52.42413842375151,15.05801831573144
50.87341129807194,18.03536695408304
53.74093171580019,15.47015380630843
53.02924214139431,17.32724687058032
51.97399764752586,19.5963803774621
51.17174087009228,16.54304808007396
52.73448065717998,21.74320777490407
52.57874797860686,18.67183983233748
54.27847581340844,23.14631463785257
51.11762869220576,22.90071801197811
53.58157048739952,23.1511849763958
50.79575251910162,15.699443259201
53.39476657615653,17.66087461336971
52.22881552964414,19.70076849876473
54.26768950787903,16.42102380469362
51.63413831590616,17.4908411040884
50.85144842865099,17.62407495619653
51.19225647431542,17.78377561861977
54.08661262014434,20.28754639822355
52.35119804516449,19.42400167057186
50.18775036635338,21.90478586435135
52.67726341155149,17.75577441623656
50.79501775490339,18.93344475140408
50.54127500161372,17.38699457695517
50.77138984745166,17.65971061705029
52.94595658603148,22.61025106990261
53.74291821739736,17.66668499653786
52.65435077390604,15.11223951755802
53.30086496661551,22.67215066505565
54.03491065550516,20.52979102606267
53.69607217515041,23.08564560357839
53.90022725966625,20.66570680126354
53.77526312653858,22.86440544878693
53.31679837356435,19.09626696415145
54.09684252879078,18.78109985351628
50.92041749220083,17.51261693590493
49.83652666699968,19.23800094419275
52.80135530469931,21.70357537036487
53.94249276300962,19.05923389489452
53.21126746512186,21.44336958662347
52.13702643470243,22.85171378317501
51.78440241501109,20.69443974473129
53.40759490558311,23.45842316092456
51.18356468023387,15.37753490914924
51.05922199631396,21.46720131367905
50.8125837938116,22.52973809670202
52.91807943771559,20.18930103347812
51.68943470664674,20.63849345338766
52.76399153491417,23.62012048238445
51.72307248809545,15.14851363780766
51.6596188970701,17.14423211010631
51.92298432801678,20.9794822188784
52.81070761891176,18.87197326565354
52.66119230387729,14.72014049824287
53.89447076360148,21.57342969064406
53.23104076795862,17.79397736017451
52.04592895027791,21.95662490793162
50.82915719049589,23.85195465817204
52.12539530816182,22.52375805752949
51.33025072927509,20.80979676456079
50.77346246610907,22.81022419457836
52.43516236692739,22.15665576644809
51.12101187588349,21.7183961174639
53.51494366250338,19.07686672283382
54.01118758458465,15.8405932385444
51.16684325256602,17.93784110227378
53.03032354272689,15.17270868401651
50.01642998341099,19.69846017764538
50.70673713376647,16.11244274055849
50.84729085985984,22.41174603248549
49.63611691450064,21.37992784429112
51.12597204456811,21.58524738442511
50.08255048734928,17.85022364371697
52.36467573739197,23.10888829854502
52.72783596940393,19.64142288772367
51.91762420909718,18.26142368667353
51.46829871136043,17.48594340933029
50.89649435853745,20.64679672699103
50.80639963311605,20.00160142333421
52.86292989477975,15.79328498701596
52.93316266334055,17.72742132254167
51.87998374648438,19.81976181686347
51.44939435167188,15.33814300354713
51.23057269957733,22.20656175360981
51.44943648219619,16.76109463239651
52.72663977380761,23.08073745369191
53.24581182499768,21.65435921092761
54.07646516818005,15.88309213571816
51.83848050779262,17.72351226073072
51.39468904946096,17.43751580263102
50.79527954877761,19.70870583545413
51.4464702473896,21.62780219062756
50.91178564684569,17.06093942234009
52.93548935777865,23.56436305497085
53.41186886639034,22.42325534654447
52.88856891953585,15.18108997022352
52.76803880684026,17.14972622397496
52.00360546539427,17.40741587192195
52.96355813149551,20.73438376782542
51.13240332078892,17.35980657659558
50.19488972540359,23.0575026938673
50.36782058469987,19.49812370519025
53.80160876907892,21.67738927841564
50.64044505949298,17.82037827833894
52.57503437295215,23.26335078922525
54.02094976421663,21.82171329959371
53.57580657833564,18.90739307453314
54.04770899865186,18.02727948263245
53.09166711984609,18.86644346438695
53.94395233197925,22.76370586304726
51.65377975981987,20.9772980304975
51.45790163438497,18.73761321652933
51.92369427839813,21.5488456808003
53.37398310445997,19.49258336310544
51.31360335965267,20.78443084970896
51.7866723604815,19.86618527880564
51.1139099889832,22.75205290307766
51.55191873441,20.05054897076353
53.449828952892,18.73701227368424
51.67568499671913,18.76364507757851
51.15016817559464,19.75770590466999
53.07104133475502,23.05883588875498
52.62156636456631,14.97172451011668
51.16626029481459,22.43380505562801
51.12663128948527,22.35463013275444
52.56934075345938,19.6173219853072
51.95178796954687,15.69097561366783
52.27507779190751,21.96983713794003
51.58413230252974,17.91823853057963
51.23562100901451,18.89842830795555
52.85144257757862,18.82998310900454
51.48844449938036,21.34779052097657
52.3955082961041,17.44709930563444
54.41340219013277,16.91517980740626
52.08788416178928,16.58325709270466
53.16156273899169,15.6182268039325
51.20024691571655,16.21492727290734
54.06421835038336,19.43726434132229
51.4180959614165,21.96408016660397
53.14592015127535,21.35509726714033
53.95319619657571,19.24440318116542
52.79707084791389,20.7710367576858
52.2243402223964,17.54640015435102
51.09492638418264,22.955554079848
53.0828696497932,22.74229484949701
53.36842434094311,18.04617469840038
53.23969663888305,22.51674927576429
50.53680569929755,24.06021236325725
51.51647788569537,17.85727700814144
51.56580480707002,14.75207646826276
53.6556901678273,21.35259380130007
50.4235254100599,19.54446389975474
51.00091597667775,16.32913225940933
50.95419489057035,19.25706728956898
51.85191483360216,16.1098544152977
52.28042966150053,17.56654790592422
54.15361045045425,23.16364138573829
53.94195970206866,14.77418997109765
53.50261833464759,19.96227168693365
51.00047660634468,21.66368228118561
51.79206974412607,19.7530266723434
50.86984581017087,22.39001922438216
53.14697121760062,17.9524730878557
51.96497875571048,21.79526144824853
51.98479823735074,22.85738149107604
51.73765156546835,23.23686331705131
51.40945956190757,15.60208515553232
52.74883718771724,18.36851095494632
50.71564473783145,18.40416207649882
53.00068307362577,22.47111725406346
51.63118752127656,20.23351767055886
52.76953634003817,18.69515238084764
53.12061839105053,19.00890604363905
49.70948701828744,18.97103146207201
52.51190398570262,17.92742437125314
53.23234170577014,17.31648729315522
51.06940745739524,15.00376761027202
50.58464195111676,23.53264303755067
52.68437962017193,22.24967660229962
51.63312737244661,14.84816899902637
50.77486416764451,22.17577831907159
53.27451171440396,16.12241950115022
53.08680020200228,15.01771585288675
54.08446680269373,19.30148400237611
53.18224736527515,21.79047786354725
51.35802636164975,20.81815634380191
52.07995635396688,18.65136222982402
50.6045755829313,19.04494549409478
51.68228251791666,16.73014789927587
51.64955392394453,22.67011131478862
51.31296401303597,17.90864273613862
52.57557248243845,15.66698013379917
50.81602540376174,20.79723459619685
52.21958211394241,18.843134002989
51.50523246541357,17.95497746598857
52.99904170741223,20.70672667907918
53.89102091047522,17.32562285797113
53.38205409255894,18.74230363956125
51.8250715122416,16.65768140309951
53.36886442798008,23.10806042655297
51.50333501239169,16.67260336221065
49.5891279634695,21.18755379322424
52.86168791288067,18.47198958332548
53.00207923331611,21.98451841323469
53.36094521881656,18.49965045768505
52.58103577596367,17.10223372984009
52.33358769835266,15.41101645456181
53.97524474724416,15.78258133533721
53.07909789202542,15.90954749154955
51.25190640042765,19.68297001734655
51.0200645426105,18.12608743888895
50.51140203912723,17.67219211360625
51.61169743543341,23.52815664489528
52.85953564359578,22.26359876434582
52.23853841418722,18.13175741964402
52.54924287848443,19.00299927895724
51.58481292286316,15.42372807519321
52.20051848255679,17.4018096273984
50.93238813024539,20.17557742996553
53.96021130723899,19.79258652266467
50.98196812775437,15.9121600852893
53.49752250590586,19.39053292382967
50.1265173390067,17.77731913389924
51.67543544737773,15.66307904068667
52.99461811050045,21.14211214803065
53.12694862170824,15.16505726683106
51.92869512440853,18.88211385532581
52.79765888200446,14.97239634017152
52.22739703555433,20.46945330194917
53.35414974212956,17.65755333458103
53.30708510913617,22.19587436073658
51.82086527090149,21.88331263371026
51.09915695103658,20.32263343958355
52.2485649535837,22.04532797059557
52.20007520619068,20.1158368735537
51.15421198131531,18.80072326729018
52.27115731963006,22.74528804018487
51.77987076821091,19.0316250741102
53.49661067777987,18.83168210089046
51.9184391937778,19.40826692791188
50.30159173942527,20.4565658345367
49.45798883838255,21.43061757630108
52.77276349375528,15.28634478167148
53.17766237339952,15.17216810902321
51.49289424073761,17.36716066175904
52.09230476099678,20.02608521460462
53.26174025272888,18.3748214408525
53.09934705999538,21.27890862489583
51.83494939540757,23.00967339567522
52.76772092596231,21.53618923203909
50.21576856910727,20.43683635816233
52.03137728515924,20.80974590316709
53.78989418401312,22.33735249309743
53.58274971211193,20.54511824724245
51.85391124215186,22.30652515667821
50.89354909323701,19.18621941316438
52.97120316195421,23.65287809093785
50.265160616631,23.02395904876566
50.83815895013699,17.560734546106
49.9630557432863,19.6806666602263
50.73737750069457,16.08289621018169
50.98370808557362,19.61243251638071
50.57453438831107,18.93658470208972
50.27417239145281,16.64008314662284
53.08627472852216,15.64310639567277
52.57269991101501,16.69998929897503
52.52483349404705,17.27250481890284
49.75426325595019,20.94447681369349
53.42830194619051,20.00915704624288
53.12034596652064,14.75142160460179
50.36173914921375,22.64966526862623
51.01200593359692,19.12325009638173
52.08569497168258,16.28369751182268
50.88653072383836,19.09962186822288
52.78070573326197,19.81326204998681
53.19426602688143,22.99209753026273
49.94284758425981,19.51796869874458
54.20079868784025,21.82450190703456
54.14891856542182,19.31018764800033
51.10626567956837,22.92811500062963
50.66083784472529,17.711857458544
52.16119312793206,17.6996263722723
51.37341606929802,19.68722631772788
51.60198438160542,19.56879120365316
52.60930377563901,14.72016815575112
52.03333752865318,19.69497572920355
52.51097889183772,21.80460878654899
52.1730205545113,21.56400036013748
51.56267101824486,16.73229823460272
50.88726131080837,19.01551427470869
53.57398485300508,16.82693440872326
52.39331040555106,15.66262478923269
52.28766697692349,17.83194518244226
52.00251995231434,20.93367162196932
51.91770736699088,18.66602375332788
52.60172061936029,17.61747209147061
51.60449145351534,19.08649104290233
52.12209372938056,23.29538612602613
53.40009816069761,21.56783299010815
51.62630261439441,19.32427646653753
51.3843494124246,22.21629478698388
49.7031289073482,22.00734695515139
51.40538625939192,15.50974262537389
53.12785108777657,19.30163756797311
51.12936504119349,16.31866502640742
53.39193374615072,21.06326031569997
52.58332649049066,23.02390848551624
51.18921050729105,17.64443303902556
50.37629431769382,16.6260642108459
54.15603107384111,18.01392838683462
52.73218351415927,16.0594540483296
53.70062542737649,23.5442374462945
51.88969668909562,20.0348586286445
50.61660674846434,17.06785534751418
50.82573265563662,17.95185841560013
51.12059892624373,15.51867378677778
54.13554276463879,16.52341087710504
51.14235684082474,19.11609028689732
50.37125282236349,22.4072765884018
53.56773557729955,14.87859915464258
51.21959340951477,20.60384638503308
53.12652579464469,20.55178132715347
52.03574543416303,22.83891791742325
53.351133348447,21.60736645221884
51.39337095346743,20.4409245446294
53.64183533414612,14.88578104045149
50.88459579872787,17.84257182774928
53.15226866105126,15.45205923039637
52.9780533496834,20.90207699785226
53.54708228633062,20.59124002300801
52.43938741290191,16.33018137095193
50.48838460220912,18.37992352620733
53.33097505491222,21.9690685381257
51.3639994274305,23.486250592639
51.72619735229904,21.80006546508503
50.19299196571374,21.30011638642441
50.43504627521536,18.19788813143632
53.82256268378304,18.1421297046152
50.87231127516424,19.62753412298445
51.56190813184605,19.09496422117576
53.53871354286166,21.31141106378301
52.31031478355575,20.52027371986741
51.80788220657416,22.04056228617016
51.59932952217124,19.02093892771585
50.66143535373879,20.3720947935789
52.76187634689161,21.11165130345668
52.93494059733481,18.15474694319206
52.01179041228608,16.99647109122795
51.86946203250596,16.5929599032049
52.41526041961585,22.80624174844115
53.3267636366587,23.22135359724951
50.52539748051068,18.60533252974278
50.58103928476349,21.6494094454209
49.68459224233981,21.14657262316711
53.15362205185042,22.50524496246258
51.96632951589108,23.50349337019494
51.57518788040156,19.55338217972235
51.44937837687295,19.01722390464451
52.24806296062697,16.68914392886952
54.09401082790622,15.77528599983141
49.52489851465156,21.07026148771351
50.26702907005074,20.73808820336567
50.40161177455706,21.20615834779529
51.91654448778851,14.9989614295896
53.02449038276471,16.23131493648948
52.80821495960457,16.84656471949938
52.95977459510823,18.68013818654154
50.81537638812642,21.70618784378819
51.05072429536617,19.71712325766103
50.94206843791724,19.44024367956187
52.1194936672287,19.52047103692253
52.74979329880922,19.40418455573003
51.45355981211252,18.99731463448753
53.23696369532542,22.05792741352649
51.48386147851345,15.26043456074673
53.02718308421188,18.01734769821858
52.6047765020836,16.7075865257088
53.23374343877872,20.07794382839378
52.81637039042747,21.87837791222768
50.17776880978904,20.02398797853721
50.81000464370125,19.61344369709953
51.52288846734366,19.0536197065344
51.33291323930661,21.23817251437934
51.36834171801726,21.27361230944884
51.32689162724269,18.5778638392121
49.42386807696099,20.71795469073817
49.78821128838035,19.93998571175067
51.10530405152735,15.24416711579325
52.45249771316686,18.46662669701337
51.29929087497572,18.21113735931829
51.49380324167855,17.15409027502202
52.63197877652821,21.24537595434743
51.94460569608476,22.14905661986215
50.60669321219832,16.4770686958636
52.79794029232206,16.13641343818923
51.54526337145204,18.94587388069321
51.95210259295602,15.07867492129751
52.45231784600429,18.54942694691526
49.71868566037203,18.68027597968534
52.11795424300276,17.41828202174362
51.82327211809447,14.98185815350162
53.67192291520247,20.66609534523802
52.75907909721892,17.75819545162071
50.4980228971044,16.39152745243
52.0002742318351,15.74756739162368
53.30942478640615,22.41788905663914
54.12041984678422,15.3268059321654
52.77962027262848,17.0537722821226
51.22169489304838,18.77435989083702
51.22575143724373,16.48963688257475
53.12088173478932,14.62041525683919
52.02815081268894,17.38000667865581
51.59235173911232,16.67948830773697
50.93791261554341,23.34669417160333
51.27290027770535,15.14519122313137
50.41948340083891,21.53486333154341
53.05781082028119,19.40952105254397
52.6949075654932,23.7169161625183
52.38317807027227,22.44849851749226
51.4907397575008,23.27510680532721
51.11343693141972,18.79946664589425
52.04394431452179,23.34277246673326
50.10319664949046,20.07325256807584
51.05523778149021,19.24408830254913
51.21060954553851,21.43816343605974
50.56507741883474,17.38002438915289
52.62623688587667,22.42305403278589
52.80963047727974,17.83440871824601
53.19740414557889,22.38396925333827
53.72094393802114,19.02232909619102
51.17713280215604,16.95583513672794
54.10417326473242,17.61658449966336
50.93297373695975,16.89891900854401
51.67512215582504,22.54420237208862
51.88036163470974,20.85477367759566
52.95576961809554,17.70701790130157
52.74001759281137,14.38305279395206
52.14319355066498,22.36825699731753
52.61110346586332,19.24460367298935
52.00394059083826,20.58869523409815
53.06167444874491,15.76238572545264
52.37462881009461,22.21625041030083
50.83378494844429,23.06894273134665
52.45510520095537,19.97608733096679
53.42252591118423,19.10623630263694
51.71830483767913,17.76293414010678
52.89445424614639,14.69924036682589
50.36437884093751,23.60275697758081
53.24141942871951,21.84080925893307
52.66860531406824,19.13655934941462
52.82938152216948,19.75457348273975
54.38248444366583,17.30067645727424
50.53076642195032,22.09907167529881
53.55424215090286,18.66065612025896
51.87891028293788,17.93102110062313
53.21873837292699,19.22973609087576
51.04468263012475,20.32770918898804
52.68546665305303,21.19414010518638
52.48119410635879,19.08518329410068
51.03046552747286,15.76228714555191
50.49540494353229,19.44665837238788
50.95823590465614,18.64808509207309
51.87116719500376,16.99206075442419
50.97783092142225,17.42521852451035
50.98719616624476,16.42536165318858
52.6281904106797,15.74252236506426
50.26137822600339,23.04920008754279
51.00385067094565,21.43479621132928
51.60400838519308,16.72715254932247
51.73055894783096,19.02816441540655
51.92134324166214,21.35185922530757
53.41096478309105,19.69296526596559
53.40497752494778,20.59386093506006
52.47054749500446,19.34763810536364
52.33968277370519,18.70901521703895
53.32965764294443,23.03713754706566
54.08946064320242,15.35558875214067
53.3925638014278,17.23552676104653
51.2170877000441,17.79673716851576
51.34677808253044,17.18370623550365
52.09557889402653,15.01423735901948
52.07343215699224,17.83365827632633
50.88333024591536,16.92539702850939
49.99768913744942,21.7658904098099
52.34161871335457,16.56147708757462
50.25723434318218,19.54181591691005
54.18746885185443,18.73577625646914
50.57408381754234,23.12185864078917
53.26391281688921,23.62067522647844
52.14476898099375,21.41912924011046
53.51602166034331,19.55690147267271
53.08514833730772,21.92053334260799
53.67223015882104,19.35294649972457
52.84725049576005,17.63902795919244
49.61813938426539,20.31352333340064
53.29658086980501,23.29368436034969
54.23851038818959,19.06086614744927
53.39453355818623,17.09912269616586
50.49026561447646,18.90211717594134
52.87608415951416,22.11751756227408
52.80342794470699,23.19295052414655
51.28113868881881,21.79861585009778
50.31294596318553,20.40264032279574
51.60627812671532,16.12963741501574
51.38618188811869,16.9269343185527
50.81940464441438,20.2417859546039
51.49800611005876,18.22548371807011
52.89456832276647,17.62624330200071
52.13959445665761,16.17207713568535
52.35496884069045,21.10577533083054
53.31121162422758,23.76532270853636
51.06419655836671,23.88003794471109
53.05386208847,23.5980560763612
51.54843812829959,21.78474096900593
52.24692521135643,19.41658278017108
53.61681966216343,19.25717270918754
52.69876677878135,14.84066852187087
50.05919510839445,18.5056570568926
53.64619365981314,20.49023810626732
53.4928970450236,22.76275925046387
52.95055650055942,22.27503312001036
53.8731402843817,16.61198876286046
52.44427587046072,18.4328025932173
52.39597615104567,14.85270268985886
52.16251632916939,22.22372401970889
52.94801949015405,16.05761584105929
53.0175329775462,23.14558599783826
50.67674311792441,22.67054747674569
51.77211089850785,18.1774537069712
52.13348301326728,22.07914016628302
54.05383285618678,16.26706066667973
50.51532436309584,23.08991514645676
52.81981054087926,18.81892787413199
53.48631433616031,19.78566055179467
49.94596082862081,21.23527294465005
52.18264537361391,18.11334710041135
51.75947458483873,19.99570354994879
51.69474019340736,23.03999439834891
51.98384772139318,21.92659867647678
54.00816824023222,22.69963391877119
53.85239526840795,15.33122651269196
51.1033935004406,21.4685328065978
50.95290329421012,17.44928471232094
52.12354060849403,16.3330752751459
51.06218141235471,18.97734361652604
51.61266847054092,17.36439357580839
51.09483295170899,18.2287166041416
50.52054187314106,21.44856726434131
53.28802228880156,23.20918327709975
53.01211834732519,20.13506775590706
52.48360560970487,17.70507240046577
51.44079034069674,17.28884960758131
51.38604335817001,21.30726076258215
53.04394888872837,20.83293841727581
52.50140091177976,19.01282909562067
50.87424510744344,21.48765486336648
51.7910818571665,15.07493152063987
51.71340688045346,22.53545219623104
52.15134394278888,16.76684737115658
51.15122731146484,20.13839383578318
52.75825180110004,20.12697273044193
52.8372734325905,21.30169962563863
52.96856136324227,18.20770673101433
50.79713641519395,23.42341163620286
51.8020484268262,15.40031983890282
53.66060674453578,23.44785393890397
49.49603654572662,21.25287734311776
52.63548033059836,18.60571697899015
51.69444491207093,20.41150845493779
51.50920350579806,19.98162783154715
50.12177705291168,17.9191860076376
52.91776150636223,16.49213173194304
54.05473613152425,15.18195309736377
51.16869761215833,15.85756504064732
50.90322778545313,18.22813597503187
51.34072246690863,16.58548572422774
53.69951709550472,20.32241197335274
52.35609358215196,16.37572397647864
51.67979156703222,19.09191309256331
53.37617050317081,20.86101079065124
50.59561455249806,19.71003901665305
53.69170778109032,14.54785018708308
50.78772003728073,20.12256359112161
52.51971896999562,21.10276932163283
53.51727479488229,21.86322297640596
52.16235963638812,19.3785674768692
52.68731522242842,22.30412245865923
51.78726340461524,14.80414138456531
51.09230095844896,19.0447497292363
50.42798614463147,20.14915989128178
51.02889201026413,20.21832169522208
49.99595269811817,21.05473916223853
53.47110567335088,15.71223666934096
52.55190711185661,15.70225663668309
51.77290732556006,16.71517778255
50.97299524541403,21.47517310493409
52.67001629213987,18.41247046071835
52.01929786246156,21.81540354750341
52.18487584222077,18.88452367209664
52.63390083005149,17.07042792313559
50.50624825420829,19.74234433179416
53.03081086856233,23.40145025432272
52.15861332903327,16.37466599337473
54.0436617457546,18.24129702167902
52.5410846833157,22.66177479517059
51.43523976564658,15.36678694340435
52.51931799674394,17.8306580284616
53.49212070200915,16.03784922278874
50.68456707820885,22.34762747803184
49.58706106442603,20.4919153451293
52.71663379942387,17.44878777970443
52.49279581997816,22.95745226560575
50.9914593906918,20.37658442392436
53.72078497092011,18.11725542690469
51.74249896976071,20.32556045714387
54.48852699826189,16.8249974255356
51.77903713772592,20.06695108138794
54.29952887178175,20.51105063157795
52.06575581469919,22.4163417428619
51.60367783166821,18.1835864097678
53.07972247857796,18.6595609897332
51.87795160339852,18.05676658703812
51.50446437250645,20.1930990998285
51.31223385485375,15.55694439070398
50.84691923683913,24.09614963612205
52.76513473489771,16.49241362309956
50.41239233164152,22.7973903846215
52.82002386400082,15.62715596124937
50.86748963161713,17.94906757600129
52.63868943163681,16.46837683339211
51.11260101461789,15.09509075700715
52.16675990973759,19.86485049337687
52.36199462705288,21.4819207610241
51.43226375102122,17.34136918956986
49.99528529296366,18.41515644530289
51.71738599892385,19.99010984354387
50.17453574762214,22.15668940653298
52.12688532500231,19.75617479721032
53.03078183265357,16.69273958078815
53.18521572752957,20.24761092267482
51.27605251450225,20.87031773040087
53.50706406478027,17.397571949184
53.25318091151066,15.19627245454237
54.13199915436904,20.2289052395301
52.32936107276118,22.79030857383158
50.05024187091752,20.63683081815931
52.89523395300817,15.94707769072558
50.56981058980194,17.93132548069973
52.76743237016298,17.71258910957279
50.29211629502422,18.0596989389094
52.36927262575969,17.94893433656844
53.17211299789872,18.91806383770737
50.93423268238431,22.20091263016098
52.80337855693289,21.62808977028063
52.6859660234638,22.64963740141723
52.5885446936455,19.60434336108205
50.79313259055292,23.10915628319595
51.6976855159091,17.39790764639811
53.21694350691274,22.62813021154635
52.16022365007228,20.89423676261282
52.76766740957873,21.239274418197
51.13865887013872,20.70579634531063
53.6813505415093,20.1551496418384
51.84848649940479,18.15824653145877
51.05732991709472,21.21289193311221
50.26046027483086,22.12053908431984
52.65024679860877,14.68908950197069
52.05734251200702,23.11107389333298
51.30549443979899,19.19204272959678
50.62973334379547,21.87041286210469
52.08078210146043,21.01902725137465
52.02512056763089,17.51001063227142
54.16187607954001,18.28838509171417
54.1706268714976,15.99637020787007
51.39822185792082,17.05270812482359
51.75974869912374,16.81605109310241
52.05212369917268,15.71235684520745
53.96165004611447,18.33138234249132
51.97776835023506,17.8662797295869
51.69168029034902,19.47299448891687
51.25915084136844,23.67826641903975
51.44996978491891,19.18144193880192
50.42438521820819,17.83417681169434
52.40597691171291,16.7743664701799
53.43364632810844,15.09189540794335
52.26575376309714,14.93594155691272
51.29993501631242,21.70021140119311
53.28865834254975,18.25861705518783
52.95637551471113,22.16735613413436
50.79760746181407,22.4999136376418
53.24230658963219,19.41977860664462
52.95081475497177,23.67846883030316
51.96835607451724,18.61497319794409
53.59599479872931,23.20211708183588
51.78448261439516,18.98022713447541
52.34820372265182,22.96955521909649
53.83996318026269,18.86919354923752
53.61406775967204,22.32224918516125
52.95686820732214,17.35527137619717
52.50748937728483,18.05880469204423
50.9003794924981,16.75830755624748
51.7101831706718,17.52205837687153
50.75639017329633,22.97073875035602
52.85574574635553,17.86227869273329
51.14921649545425,15.7681475789887
50.51531743628409,23.73244741218129
49.59139536315207,19.25453115756264
52.96121981193653,15.64902177039826
53.09696133654598,19.57564419241913
50.72392692116979,16.88581921560054
53.77108101870163,16.11055105406716
52.99021594549507,17.41816346657352
53.31031963553433,21.17735195450152
53.73474735667318,19.0583035794777
50.97087982536492,17.56187644886558
52.18037549435466,16.00588189690759
51.96923006538202,16.66010470655268
53.7533544457628,23.39063359996021
51.00807876671318,16.24932776350282
51.70133746880855,18.94251765132618
52.0545543776287,16.14321418850365
53.60925859117516,19.61408661043999
51.07838014987036,22.42852668493591
52.35372894218149,15.81736701126125
50.71152317103327,21.04560461532076
51.79029320162215,19.14202534436505
52.60903802706113,22.37008738037055
51.18428663741989,18.25121875514132
51.91799868475628,16.05155444098644
51.56269375898458,21.54252538114863
52.86859082903476,18.91660929985974
53.6948175865919,15.08115018278079
51.56642626180912,19.87981049554154
52.87010178688103,22.64192560355047
52.92013630895615,21.26202113158366
52.7879655175674,15.73971650785614
50.28741419478361,17.57959910882064
52.86831900700656,18.18118862480915
50.66495952137442,18.70285206101835
52.54349276482662,19.27039528241904
49.97539187166406,21.65251441535674
51.08172440264837,17.28163125077291
51.11795469782279,20.72914506980719
50.96965282857666,16.39148581509009
51.19241168320467,19.18999299641722
51.6362392420425,22.92963723394099
51.00393055834179,20.50110073532037
51.04448447870963,23.25541749817095
50.70445097549821,23.11663191110877
53.34591035993768,20.4456341598244
54.17351272856151,20.82088248487036
51.81637554161891,22.51491369297205
53.40821388573312,19.62149480169845
52.29487888569371,18.50384961614994
50.76501862373603,15.88178272762893
53.07576854647891,16.20980451986557
51.86142323588206,19.6265701474079
51.15071947622509,16.68905278388966
53.82306054202275,18.58352746073554
51.45349671051364,16.34529342750471
52.76492870636067,19.37177730559507
53.01154046947432,19.23547843678196
51.16536902212449,21.06923379673318
52.73767885867871,19.85159397984528
49.41717461772995,21.96420394888359
51.97400778243679,20.36284952881472
51.49004755290088,14.89606971444633
50.42569888288902,23.62671978967699
51.92509815434841,22.87190276630039
53.43043758305808,22.34003328643795
51.23023607769508,21.29836793427016
51.84198537780086,19.90721781307863
52.40538333728038,21.04928927626981
50.88246321062086,20.61369795340264
52.13730856828331,23.21698376410703
53.14689041364962,20.45303380337057
50.06091287288174,18.79374734903224
49.99169176073018,19.23563101575526
53.39031538571581,17.0195520579863
50.6551264242616,20.84859806577519
51.37712903723403,23.6599787467078
53.62326115792069,20.34094114740649
50.55803610314784,17.41808232627929
51.61013279430927,15.07998955446697
51.83951692481903,23.21298964047577
53.5271172546646,17.98324907970271
52.63007159461277,16.64470204086977
51.85337354705551,18.80791610357501
51.52241377447171,16.7136641424737
53.32421775177445,23.5323950324523
50.04503345056193,20.01180462875785
51.29197517613137,20.29038499108566
50.35839010405414,23.60613841679781
51.85909531026117,21.69676409972842
51.36727008629269,18.62003616414254
52.50347859332484,21.04507886086012
53.87119108971521,23.49984268417397
52.53023494675588,20.22772003080948
53.75953676651041,17.60653207633026
53.66162639541516,16.1432039944724
51.02788255103583,15.94979518809792
50.10972569859544,17.87728748364869
52.66802006765322,17.03251867550302
53.67449019351947,19.23384148620124
53.78856580661328,17.17308068167694
49.75412058971681,20.05285355219021
52.06331288140493,17.76969812232902
51.78845813183731,20.44568216029247
51.0762758518837,18.71052662233843
52.38554672216569,19.31088485220266
51.91050121951655,16.42502101607774
52.72375542369151,23.81009037951822
50.39476418476294,20.77276181992394
50.58621025486045,18.30609931983514
52.48712278096803,16.75248654250926
51.34697616592177,18.55697245466197
52.20702672088824,20.70375448224386
49.72702417443637,18.76174196755333
52.27671707490499,21.44711058657339
53.5843576555718,23.36350081113497
52.53061315681212,17.76847060729802
52.40703314796684,15.75888763207442
51.46815415047772,17.6508422858229
49.5121047811902,21.68581251689406
52.46608847654148,17.87718397768688
52.42546522702964,20.64942564141307
53.52687095874383,19.78739811731882
51.49958118581419,19.55248466966281
52.4843625390864,22.12892316997499
52.53670070287102,17.53314029881416
50.47980391960965,19.55770254042186
50.44945182420321,23.14357694472922
51.2746324598597,18.62650366522088
53.81360562901136,14.84677103609929
52.2168094555127,20.0164577554854
52.82591380685129,20.2315422038324
53.61637597943575,21.07484680391194
54.25547168805512,20.61059318265265
52.54172775876862,14.81434018722977
51.03283906283129,21.339687917977
53.71212039511504,23.45968655826949
53.59176141649895,19.9074709245455
52.01432061578347,23.65542161111796
50.56864399394958,20.71206881040847
53.26134855003428,15.13860583051362
49.95546748821014,19.9105841182925
52.85181830224914,14.87249427098797
50.57401241507946,22.05184258293412
50.42577629927346,16.58409447788207
52.46818638266608,15.44227828192597
52.51624580716455,22.82791062488541
51.99380403855696,15.00425200784305
52.19097349873621,22.10242798213288
51.48972074970742,21.19537876465105
52.55812223370388,17.70573323340567
50.34718643602786,16.71717167084735
51.98164269913277,19.06947089732085
49.34374381604578,20.14107362528148
52.72783007864006,20.32300164940551
51.99248890324815,20.72915475942482
51.13553800466821,16.10531380936745
51.73529079671824,22.44539446985236
53.23249517909646,22.73692060310047
53.32724162442503,19.68438505693254
51.7947221677784,22.10485794323421
51.61474831475041,18.9977980983544
52.14952188389234,15.09378191880915
53.51922824157236,18.94421997195493
51.77666878493839,19.24278591339353
53.95956742657273,19.30800301677889
52.80098675485254,20.9891802597858
52.23237056784666,19.0395784100947
52.84112582830591,20.81185893459467
53.49537850327242,23.22354529991542
53.43666755667391,18.57559397209237
52.3098248316504,18.48616577312382
51.28608313416695,19.30042953213305
53.07966613488273,15.78015188080851
52.64980160266864,23.60296381728334
51.80960855380062,21.53619719918419
50.20918838048933,21.67791670779406
49.89322431667149,21.39542501816195
52.36475325730908,21.13802690479281
52.40990378537609,20.91816634088855
52.51108252725865,23.38229650347349
51.32734664741567,16.76990774565724
52.399626773713,16.30317666752824
50.98603737313247,19.48247984841142
52.80784390664388,17.7502763637402
50.82831875444526,20.9634429434137
51.78159294851757,17.3101864115852
52.97578615769427,17.80781714278745
52.43750438999712,15.42572903822363
53.58003168122089,17.17766242696553
52.4169482453013,15.01757953047625
51.3813920639108,18.90085567186789
52.64647696965458,16.14677580197481
53.27183180823755,15.6931869561645
52.98210460727108,18.6705360629491
53.96795607157433,17.08561986222927
52.53529615636545,16.6555550780485
53.37502347645372,22.06698217670331
50.1344467055513,19.58423177521659
51.17368894304134,16.44468002000572
52.55843080164917,21.58191879400976
53.87145243099017,14.86820446392667
52.09133548454407,16.57568576867927
51.6947444915204,16.7892692114719
52.49195941375938,16.62139520060439
52.95385892273407,14.77557202451743
49.95926414419093,19.12270767391916
54.30483805750547,21.69596435478682
51.38834436580157,23.40872940945663
53.93094571403111,17.91316815000129
52.97501226698532,18.57334606835473
53.31205265551979,23.52874026838186
50.168585805038,19.10705311930478
51.73096318969696,17.49511290607237
52.872679080708,16.31359874949489
51.5918070310962,15.44495605581377
51.7046283456522,16.15373006924853
50.54394732379352,20.73504700749172
53.49046830456716,21.11624009837336
53.12824080394176,20.20610679388132
51.53332782296807,17.0705323877561
50.23216937135361,22.14053805425523
50.66122620557643,17.93274195883541
52.22836215934795,23.04533426379814
52.19897627988363,22.33703020585351
52.11848839383519,21.62186224089248
50.57553354189461,21.36024903377642
50.92929934361005,21.63239472821028
52.16084953755428,21.87734480980921
50.16777199419717,20.15508639491422
53.49599286055803,15.69516001738646
53.90148449773008,14.82841314229382
51.45487685659619,21.4992887471466
51.10312413129711,20.26587493590501
51.66672644512444,22.67894409938939
50.80434532748671,17.08362349975306
50.03124148604039,19.2982406858214
50.76929620268329,20.67210045811434
50.43382410081167,20.706080631722
53.80681263068259,18.67744708987131
52.76982135298197,15.96745028313167
52.7074721065912,20.91147060243769
50.24008152509142,20.62730145334491
50.23406462421875,22.92358401321962
51.49944168946728,23.24998238032924
52.08922777861495,16.95876472878149
50.84939040329478,22.96758594332793
52.5406790618963,18.14572109251113
51.0349257285955,19.86066793263412
51.36790018274049,22.73087390714551
52.83026359319967,22.67647386567694
50.72137437251696,19.60043246819052
54.29806257789307,23.00806674417188
52.65181527666925,16.12467074936539
53.32075621096588,17.49930200775313
50.51691509357344,16.93669930001993
51.5133612960357,15.38631735945732
49.66020958769757,22.5780303695931
50.19833656929435,21.80834763245157
52.51873266553979,21.70793970054394
52.77553405650113,18.77098795982149
52.6130741776285,23.21482251115874
53.95780310970091,21.12005785161414
50.43674897156785,23.57752604289679
51.56356890337706,15.42915661288158
51.84007840739933,16.28470945909784
50.40034295261341,23.22097281566734
51.63076019138799,19.8744765871268
51.74745746450109,22.68802374329014
54.13521891551341,17.22412524306379
53.45007577296634,15.82856349348799
53.94414196331353,21.5150853823541
53.18578194613991,21.57794423356129
52.65212980665341,16.84166792405538
53.32314237313548,15.25767164417717
52.31889147384828,16.97328646211459
50.50411470496439,17.07360757238607
51.63137034969508,19.93455680757136
53.47007217159332,15.69621116737886
50.13641812731242,18.07599275577639
51.59651435026809,15.66787890946007
51.5313288513577,21.23584996847933
52.65751923549105,19.02625296050513
50.92323732157973,15.28469807778518
52.23877931146286,19.81859496790988
54.02979630263241,18.42330310370186
52.48814288844206,21.40176793560997
53.37186883871047,21.29126342649222
50.90732325344454,24.01950769426558
50.51489686266431,23.12367101052986
52.64248283271154,20.93213524874851
52.06064104131743,17.42606336876808
52.96281790831082,18.0824896494934
51.82750208958476,20.83354971403749
54.35203880247119,19.29111006738657
49.78117077944968,18.60952616195016
50.27652160831448,22.76004598298253
54.21963890692696,16.76598111812286
51.36039773110872,17.34010519886762
50.78144810036358,18.62898477173008
50.69651029743403,16.47733342968971
51.5008541663238,22.68985858930624
52.85063056457782,19.0475304072079
53.07495646881863,20.21072389155209
51.61733692985707,22.04581017151477
52.37417865461784,17.10519112663296
51.01046006937514,22.60377834155776
50.81399365990656,22.60981087197904
53.2747317481613,17.88566162655766
50.17926169061965,20.92852720107042
52.42582989876061,19.22254886058013
53.78763005839484,15.71043996962083
50.39805897493652,18.62021044071588
51.47249378324445,18.85222904856797
50.63690893446363,20.79080726225239
52.36768614403597,17.31698607915025
51.27245350953044,19.80160106139016
53.11273092999264,19.05790229854927
53.12741425088621,22.01345162356591
51.89268177754771,16.72256993494735
51.85024224891761,23.58317361686095
52.31246930740637,17.80332875178345
51.76330088998342,16.89875700860782
50.91869348196137,22.85905451553798
50.66086584758401,17.17066275509259
52.47547420016655,15.99146420120166
50.62773832332633,20.62567976780624
51.22097325891163,16.06398337788905
53.43719769833741,14.87734302206119
50.20185030966257,17.98090915335262
52.8739237557652,22.37873946876585
52.19867222233871,17.24581457388435
52.4166186886113,14.66419658079485
51.87087060753408,18.03093875417435
52.82724070741292,23.01062747015596
51.23048381874895,17.47417470383131
52.18114004237655,19.48947579781264
52.33875128538952,17.59140922960292
53.33538083752116,22.39247817434875
52.44231820561309,18.0870605048109
50.47268249055974,23.63849484422818
52.1176120540761,15.05903552561878
51.21871825191395,20.03501356381981
51.79134869499688,15.56403889577249
50.05098061210215,20.44625834587186
53.43708200642538,20.03625855216973
51.86794495727645,18.24134921855649
52.06607457641392,15.31671210888021
49.90183197306158,19.66901728983352
52.46822334826587,19.74018372916264
53.78263114591775,19.4488003342296
50.7116661686085,22.70583985762647
49.37260727510238,22.57067462329636
51.4975146189436,16.83201010950643
51.25660360548051,17.78011978358074
52.47987603119791,17.48990886669031
53.02549502393477,21.62829828079118
51.71111624557027,17.17288372567615
52.1625810576651,19.94075157132917
53.53709641037942,23.64019058902077
53.02069029909995,16.86405647314263
52.12371845652104,21.25686276827217
50.23594377546479,22.47097184173749
53.64395636407261,17.88638829334726
53.99198852821201,15.95210419879175
51.15159174237303,19.35724820572141
51.80412580291647,15.69150202330326
53.78389430558225,20.44711666728901
50.8689779765937,17.8661705933809
51.03907809557334,20.37123790479646
50.83919990530448,17.16089807989207
49.75886056804593,22.23795866539075
51.13551332630434,18.85303157341415
51.88723814584715,15.30861096321494
52.38949430499749,18.84590907553599
51.76443972902322,15.43764068479907
52.99703425993903,15.16437882741716
51.34224583878351,23.01728877782686
52.2079994921874,15.88973938097321
50.32335882300443,21.25832822967421
51.20736424868027,17.68299227299743
52.34308391704583,22.05878191166805
51.74024204459446,16.0633326161817
49.99168915976833,23.11767065822318
52.17359502565164,15.57915305131631
50.8557114059653,19.64109271705144
51.58876120422094,22.03551067063151
52.50461593383323,16.37776347389484
52.91766282506305,19.97351484206936
51.22948545160331,16.29853746344561
50.51721539186987,23.04185701651591
52.8057282345606,18.57334505504588
51.78171793289273,23.15383049625594
52.60587331396447,22.58231676773138
50.55477754511634,22.20453456880687
50.5808222136078,19.15476413877018
51.7613303053868,16.40289942008209
50.77843552693768,20.71084749491716
51.85764040933407,14.72934531305826
51.13168421176666,21.39803055906587
51.25428147895693,15.38960708762814
49.78546535029506,18.69129406501187
52.69164427303137,20.15770376212023
53.88851168260735,16.13367690659123
52.91401818900883,21.48315816754754
51.07972461406408,15.34309658922419
53.63290037685098,18.75981016073252
50.96548398758911,20.06482421678473
52.49310857874318,20.87451871086244
52.60249016145459,16.32233091435812
49.54956028149776,18.99820147173501
53.96466395681401,16.93652255692
51.47630403636506,16.73738020632656
49.56917392017839,18.95207840679562
53.5036978571483,20.72843519421481
51.37067871817504,16.00279013852202
51.65538880368602,22.56578895265471
53.35753220163467,14.72695744603554
51.62425023002743,15.43110520513107
53.80292764589377,20.69391721105042
52.24889144583083,21.7827171685827
50.57888389692771,18.04204847220383
52.90538259734763,17.35942046737858
51.36314101140305,18.19639292658311
50.08413050852431,22.45405480363655
51.16621633688145,21.98585026913029
51.65412921482442,18.78642588123456
51.48738946873812,15.12719263297827
52.21103500781339,22.54857865978703
52.58441069384634,23.42670134430183
51.9814357935358,20.31123070301076
50.23509788308495,17.83078634168388
52.22882270636308,22.98148813157895
51.59421552204915,22.3955611155992
53.80341319862197,15.2665817785934
50.58202614369592,20.75036638953868
52.76409984824624,20.55169687100536
52.62775460893059,21.80566728672865
51.44147120121247,19.06923307639322
52.4196893076542,17.26673738048093
53.72398726920574,15.41218475275468
53.28268912326579,23.19578401851822
53.23545240370174,19.47752270446474
52.15565772781122,19.34550880833601
52.27038769773228,15.50486507644246
51.66110071506056,19.46128627370784
52.70064127713565,23.7821386564698
51.33563540636835,16.37390597319786
51.30400011281175,16.15753565824534
51.39551871554518,18.63011322057018
49.29777952092026,22.59555074610565
50.83561335717415,22.12400275233339
53.10875510691645,18.41298534621607
50.91416905987784,16.85799432373459
52.03188714969609,23.22458432348894
51.19487735399351,20.18774199421362
49.66376717080078,21.32884576899372
52.14484769469375,21.41889900774139
52.43003259144977,16.1652775048129
49.98790343432974,19.58157029114927
51.17112694603089,18.04139358105556
51.82581528623253,21.95120597835085
54.24065017539635,21.63370566860495
52.248011685756,17.13812353914732
50.8021418367106,22.64205776672927
53.86903566118222,21.33959958206237
52.92423401482947,14.54518871037316
51.49477319589335,21.53109027633921
52.01115013340153,22.56067765000081
52.15964407325619,14.95438315128606
53.09130237487955,18.08985395637498
51.38499082839839,17.90482290330917
53.63423108588402,20.54285018015422
53.33499921361243,14.66424635910824
53.20595561877399,14.67537986668055
52.02733896595942,18.15957174663377
51.70693482780814,17.47957127233996
52.49315705711211,22.11398574414673
51.10522670171793,20.19517793984335
53.30071463375334,23.65969269941942
52.04789715361819,17.31966761507974
51.98005244765766,20.65897970987051
52.76937548768444,21.27262946063232
51.87188481293106,23.59553411909308
52.62053023095321,23.23438039815376
52.2114890043689,15.98987676137727
52.85864769459114,21.35112242344924
51.02241686744675,19.10213321685123
54.00472920162201,15.46504633335964
54.16014428450041,16.32925895148395
53.67591537548746,15.04832764531325
53.14498940349134,15.66824697000394
53.0564550214394,19.97900270079116
53.4235976697925,14.91529893101504
51.32336869029533,15.86264368088751
50.29041776002318,22.31020563215378
52.32215526939314,16.07483923909476
53.14268998791552,14.64887100770006
52.11168719719804,17.28518920920044
50.94362255590061,23.96917696768712
50.61335608362372,17.84764537392471
53.09879180823246,21.94904896203429
51.33338107089553,23.06500964579932
51.53238980285114,18.18445604198601
53.12793575333774,16.39024738538544
51.40139492530865,17.75009786422855
51.56220841765565,15.05857530675853
54.36169623365137,16.6598474967851
53.2944456388119,21.13174442055252
52.28358266905116,16.10842332524008
51.07090975691322,17.33288310405818
51.11275410018409,16.26631182776155
51.06819006084131,19.32932885844771
52.53259821754604,15.51310364191073
51.26915851395613,18.73968836643496
51.41583718053263,16.93193891735989
50.63615950548957,18.08300212495344
51.28732364631977,21.40448692868555
50.78501363096037,19.85050140010259
53.5619544128944,19.99254572070746
51.93267591392653,17.0876688021107
53.12632579510527,23.26439548437573
53.61294321536089,23.36944350958179
54.17151326029056,22.05314877393765
51.67263840812544,23.52127468404379
50.00573155304465,18.28349437587619
49.83289014720437,19.58028552218571
49.76548055850638,22.48826985418615
52.0841574922634,16.93045119960404
51.25375949004786,19.212664188075
50.92219313867836,18.62030048034655
51.97667664682458,14.85445951110647
53.38282153737516,21.11193992751597
53.58767072292033,23.45481760312509
51.78844541190183,15.36212561652755
51.72046069601111,17.8046593577127
51.05164038132641,19.9303035353137
52.99091389425256,20.29266704724724
50.98275998109338,15.86687031135799
51.59090826845431,19.10989624591367
51.04825800125916,16.84611396381875
53.03417119046951,16.16351924158232
50.21025241753579,20.21629767096528
51.65738766104438,22.23947179772648
51.20936239226294,22.93275665740678
53.06000895912912,20.83699147896242
53.58212617681673,18.56278534483804
49.94610292919742,18.50226670262632
53.9467545485814,16.23141176421303
51.45250205204144,18.91355862634575
53.20550902931149,18.85057136673732
51.73931980041123,21.13952716837986
52.14645307008744,23.26020615858414
50.81062434064484,15.9422282887538
53.54435899836511,16.34666058536361
52.49083311847123,21.99606716016381
53.12950090223796,16.24826385768133
53.06889003119451,23.82232477250671
51.87759934124599,14.9196107124222
53.087382754008,18.52415818034519
53.22138669883487,23.78445854094222
51.18174095020363,20.61819291596865
53.90720234595647,21.81801276097043
51.03662000469083,20.25560412819542
50.94229431040946,22.2306979467199
50.38477144581191,17.68169752255251
53.20664174369786,22.33252549334728
53.78461751233705,19.54313396647878
52.30788512925114,23.14441266039271
52.5370912549413,21.26273291696359
52.95982055441284,16.53153851849699
51.67230121391569,17.19819639565275
53.26151192701231,14.78434386934427
53.70926280281294,14.99090660733666
52.81750503188523,15.89561890302868
52.25387753081642,23.19060110049177
53.32880526438296,16.04055365188569
53.54562379253763,16.00073427527474
51.66767207503255,20.28223703242713
53.93150862093243,16.27691749852521
52.12905096440139,19.41967711254879
50.25826787427942,19.75411025838307
51.05049185317556,18.04831689497881
54.04741340588337,20.19865569940729
51.12007782680639,22.08652896558171
53.59186069296819,19.49114634177267
50.87610523235335,23.37554674261128
50.97265407757611,18.54970764307026
53.44559681762257,22.05272032377806
50.95412766001103,15.57892486890466
53.6612934729612,20.04653055032976
51.81985124946223,19.49735969789102
53.14868357365733,15.24188630215275
53.0588845238947,14.96981052178357
50.88431362321999,21.39122438458382
54.01971586507762,17.60446118698277
53.20488201687294,20.23908157863051
52.54844292358167,20.51987126129858
52.82325601902435,16.28201492557233
50.92641527211923,23.43272203315157
51.76728910429426,21.59728161069282
52.00639762031017,20.53602605846654
51.75647488653749,19.74027599556353
52.408313215048,19.79750153875826
51.85606435288867,15.80158440576297
53.16331432229092,15.27543335772426
50.24834188885624,21.12785845952452
52.14061298265758,19.9837518642657
54.32313223894647,16.63158269930753
53.9881647827526,20.81092009492537
52.26739465300331,15.74402459887756
51.32544276157596,15.44033251021363
51.28027086820558,16.22841064349591
53.85966393352653,21.04924264846629
52.92132888983359,23.31358037807301
51.60003549467821,19.77459111245523
51.47518067534956,18.50522722120666
53.4445338044576,19.77706758394977
51.90511508520364,22.72286491396141
50.76271420124918,23.86518734507474
50.99971664083835,19.65624967596914
52.47194105906674,19.78125071197887
51.03054147463421,21.67591680735288
51.18568614274292,18.33300716016718
49.70130232489067,20.88877731616349
50.77457980179111,20.19210413964952
50.66936615757773,19.68535950827314
53.47455330145038,22.20798356628337
52.26279648626495,22.79744582792236
52.8021585511957,16.39275947050182
50.62457523476154,17.57953699013238
50.6161260153931,19.56335982106338
52.92434071853855,15.74793776215825
52.23347062980375,21.80618722107657
52.24728178827604,21.51212850930494
53.35254210657924,20.62010449098835
52.01443894614104,18.6847247954241
52.65416895907771,18.59688174853737
50.82844646065808,18.81352031523164
52.83977363403988,15.53210030839631
52.70959182503958,15.14411535895896
53.87914171824777,19.62941673783244
50.82251253412593,16.48980730034496
51.7596296709707,19.66014351041309
51.41554971512468,18.13611780035053
50.2187484021374,16.76117851690282
52.99683241257035,19.77641810287945
52.47766014450282,21.31614599662489
51.48388676368799,20.68864405516928
51.21374074700537,17.57488887114336
53.32908765165464,16.71939367506105
52.38891287493302,22.31744416697055
51.86778875088412,19.01386011179291
52.23876259784112,19.46842143960989
51.73287431557723,21.74984028336644
52.08613157621661,18.7397204495255
52.64104454116651,17.29853921152306
49.71111724156516,18.95382601301845
52.01801542644699,20.8577651971903
51.13729267841615,18.69684326060056
51.64318735078464,17.45925940189877
53.03748864491229,19.42870860998291
51.42990637560248,20.60892631525672
51.23836098561465,19.19811281434635
52.69020454055544,16.69850776908643
52.66266390531539,17.29671048350916
51.73474848132209,15.76240719266583
52.96556274553991,20.99885776027252
52.80604551501443,18.78820340479063
49.84533533486975,18.97639766889175
50.68434597986439,20.27249126554571
50.18574643171207,20.23707892867819
51.68815324865001,18.05389691155131
51.94360926379368,18.67611242611165
51.48729174700081,21.67505325990433
49.56171111409024,21.47125482096827
50.82507329980429,23.60605635313723
53.10748350257163,17.98987012569118
53.03957554410471,19.36929174066781
50.47798373183818,23.93075446834916
52.63152557390867,14.91924714676373
51.86624295824362,16.18730450190929
53.57375497599172,21.95905253238969
52.32968393621235,17.00273732990048
53.83982829757819,21.3700297640493
52.45327558064214,23.14225449442128
52.4315095839814,17.8456255493089
52.63735206117158,22.01113544596073
50.40761174040114,22.05685214654837
52.11014617229998,17.07310893977671
52.8637950813555,17.61166679094977
53.41439497938104,20.95396881924317
51.18215098085904,16.79185012888957
54.41100991582835,16.47244805125169
53.57168547624498,18.03229730453118
52.54690815785295,22.75443317532043
53.37178449010618,19.71006723555697
51.84125792304957,20.3366612844182
51.22045472553814,20.59441584200009
51.12180425417639,23.35887843118864
53.48430187653486,21.03567662321587
51.64031612837986,23.01350040643102
51.68876114127657,21.91789454212454
53.35406262579551,19.6721613907083
52.58210491159906,23.31723464072284
52.71950782801277,23.4335213721165
50.66515349133041,16.8964755374758
52.20194768377193,16.7012049176754
52.92100650423029,23.5347957670377
50.98719870947341,22.40679709738857
51.21875233321293,21.82958238550352
52.31658992744539,15.3803844062535
50.17744125632045,16.75392202259316
51.86890693227911,17.12347405355501
50.81973253085631,18.87599617527998
51.1999801035071,19.69081298667941
51.66747554074538,20.2845998156231
53.43094036747684,22.88111816017592
53.12741370045143,21.53685031625103
53.39118258327778,19.25797957600738
53.38991415926672,18.49671271191426
50.84987690367986,22.35582746189039
52.81970018893857,22.51075290155622
52.85544314700912,23.21378177874125
51.71654827890995,20.51880065420931
52.94247877618314,18.51852832047856
52.96189081374078,16.23576668619706
51.95788644903988,20.38281737805421
51.16955317733917,22.94054125080138
52.84940401646215,17.15734558473236
50.80458705745015,21.39634342877011
52.42703508327328,21.24411236803673
52.30533186837172,19.17650248995338
52.36492853258211,19.07132786386568
52.66280104283604,21.29297820564641
52.69457925600275,20.87292784983934
53.71280193232573,20.57309613773061
52.40578532533225,21.39599116102693
53.52328704855433,21.73155068021511
53.11092693404338,18.29187729330626
52.58999696533009,16.8779140909449
52.20925185000749,19.0266557632967
52.88142760922358,17.93980326260779
49.65610189665642,18.95740104229974
53.64649955482558,23.28646579283022
51.41548461879883,17.35814557300476
52.57393901462356,17.26857547016061
54.28668641194972,21.68665217685234
53.18047276335641,23.72635316793533
51.82978342896494,20.20619866672235
51.51420246924599,22.32399630790762
53.24105054643291,21.30083846080122
52.90188795198858,17.05830754826853
53.24337298586342,22.4822496157937
50.17348471834605,16.66979008606314
51.34853399311159,19.33048378981742
52.88199737311954,22.67159239417192
50.94368109761983,22.44523144410035
52.46763945681165,18.91810824372262
51.22699748429221,18.16947821827083
52.46951290157755,18.22686744771238
51.72609170905913,21.06576667791234
54.42461258623285,17.19284203651196
52.03506538595222,20.68699530308538
51.64765115247886,23.52643401802282
54.17281538546439,15.78368978743462
53.78365435563937,16.30001133898661
54.09201067343892,22.52186504742836
51.42854615238928,16.05797357009885
50.83292251403498,23.97294526080204
53.78373204205053,23.45589711349509
54.13201002566144,17.77923313223098
52.37913475114681,16.30558247372103
50.85540404787852,21.4527079745707
51.92146926899215,15.12037171439417
53.19918157160527,21.10156347494503
52.90779073874345,19.46409107449782
51.2526987860519,18.31088171846744
52.42350284623258,18.30976537212199
52.69697582335677,20.10517606646291
50.44380850534368,23.7334778714233
51.29442139783146,22.0484991932095
51.91845584781716,21.29846079850453
54.37692880123993,16.74711692736475
53.56417261436298,18.60874427331253
51.36558924876356,17.96053375367535
51.75578657513128,18.19677011202365
52.39058068188348,17.09275962509014
54.13160910862427,21.47631137422308
51.32547763389358,21.62578220250858
52.80117190166744,18.06442107521397
49.76859634710533,18.87296480909041
51.84639434675436,15.7878283871865
53.55022796018044,21.64660689147679
51.78599383679359,21.478530928768
51.26555878713175,20.5670534949061
50.06148811172764,21.98946559431293
52.64907814046041,15.3795420055085
53.32646995507507,19.95120757301934
52.47813320930483,19.64526699079929
51.64331867726182,22.18051547344674
50.17431014431622,20.36481485890149
51.31933516282064,16.22192525092243
53.89831929702145,20.8018469301096
50.4981061389127,21.67438703719451
53.64618886469059,19.61638799005453
52.59429182310717,17.66703747647538
52.21478735285105,18.62847501615301
52.83047825603616,23.75040192309239
53.76722602015578,16.94094347742271
53.25595513133407,22.84593326045331
51.75499847477975,22.49863782350423
50.57221438049837,22.0113717200629
51.16680755972708,17.61523851472483
52.12417596877769,18.00510307609122
53.32501579298989,22.44697369935388
52.90990693614186,16.19283847424507
50.46974160363186,21.06192115432209
52.48864900973574,15.64660880097826
52.24391059557552,17.52730495083364
53.98011523018197,16.54692321609705
51.37946454594339,22.34912476102082
51.59349290250586,16.26741359620551
52.80255653986622,22.06009931398742
51.1658178084383,19.51818423699001
51.8283243636274,16.74178843762072
52.91151585366939,21.56142948445555
51.05648493347999,17.99003887786176
52.73438686647267,22.35715141367585
50.6085682938377,21.29029652417508
54.14571633695132,17.92317008221941
52.53076342337491,15.99367862959059
50.42345794959757,16.24429317584437
49.64686621588999,19.15553983349782
50.90485549277795,22.69495354143004
51.88890441015648,20.88817240416008
52.39488406862012,22.90474691597703
50.76312048758346,22.77245059910864
53.03547504042987,16.10292220900208
52.97937881616818,23.18311168682239
50.57667465977523,19.21025181518018
53.77778624121645,15.5875813445659
52.44132898346862,20.48317076240297
51.94675002048138,21.25858996543883
53.70958038878211,18.00618909784396
53.5145959599169,23.54685121191234
50.49355474393444,16.87311384279649
53.17609398229168,14.96512842163316
51.36558715599826,20.85400540269751
52.35703497378525,15.39216638981543
50.88021229520487,19.15065497737252
51.70086303930856,23.25936144587182
54.3200518703542,16.96201383201928
52.06490409403062,23.49042666821862
50.41575932800401,19.15121969054337
50.78844221865563,20.93367613831431
52.59370257065669,17.44893441623471
52.17379462861322,16.83115307115242
51.72590298453981,17.33506144341246
50.64207967189928,22.41835293520339
52.25044195015271,22.55322745451565
52.77711618316157,21.16566244353626
52.37338686333796,18.93441159536674
52.08417318145142,23.29101147395492
51.47700796729786,16.48435338240111
51.59317592276998,15.70945775937862
52.10709174234001,20.97929227093629
50.79975626391001,21.59126516543764
50.00173800530644,21.3428053168977
53.52584687130138,20.28239160734457
51.78286599075285,23.12376406649634
52.91162392143411,14.81003624014131
51.98916749619278,19.48925585743434
53.05148967127089,15.0591592444588
52.34250176524846,15.44437132123311
51.7324013445108,22.76925000982029
52.3090729137765,16.59488491754712
51.65316478721138,19.73178388357215
52.73302680332701,18.59505610889706
54.15942917847107,19.76124412643808
52.5497121206454,17.19928020099571
51.42391307604423,20.96098019218782
54.38974852355894,20.27269424420358
50.38391876299112,18.12467070145718
51.96674196628889,23.55427420837697
51.80737903387892,18.70928605629232
51.02342559934749,17.55193094888597
51.46608144170618,20.42335515611693
54.19903166825052,19.17804094448497
52.69536636275915,23.85391891385477
50.65769109419255,19.66261839949911
53.62645782824981,14.54455220298222
51.75196310840337,22.76579347600037
52.14782670842665,22.53619816791764
52.39329504015617,20.53891282920918
52.40725050575253,23.29756525074729
52.72806735626158,23.78585503759209
52.93627911987458,22.06834325512967
50.17158379379109,19.58956004452378
51.80299355626592,20.63686908644378
51.83207494937743,20.99017387083838
50.61777552088918,24.07244545943212
50.44551930076229,22.74405132684137
53.13082187861688,20.41877804847371
51.19010138385583,17.35597751580148
51.50200064613044,15.37471424210735
51.25977556313836,18.64802660767749
51.37149580334331,17.68186218756236
51.57014954876054,16.33450265694367
54.03095210155168,19.89052930973441
51.76095325205971,17.36780562462796
51.78689861335061,21.35525629002343
51.34402813549856,21.70538852104508
54.12392456251707,16.23086371034245
51.09937208730815,22.94469412761278
52.06221372823528,17.21074488917194
53.04943279262182,21.35480470985574
50.44969585679746,23.74022043339892
52.30355493174827,23.1477375555705
52.30141602042787,16.35571502593464
52.94916375250801,16.71362684817567
50.37905724719756,21.29634367451694
52.39442797256368,17.5394610845872
50.90718517440617,23.68362804928709
51.20010316029153,18.58803392437618
52.02523524064826,22.11323012274479
51.32796359109183,18.43978969932218
53.3571158246271,21.76560827668481
53.89568415150871,14.35685348990699
51.49902106857389,23.04113734592738
52.1087767553761,20.41924249343302
51.16607536407673,22.25422647733942
51.53039266747409,16.79642031559212
51.08839085541914,22.8364960186503
54.37509359584875,22.9424469577289
52.10767626561769,23.56419497686129
52.07122531920115,17.79889992681821
53.80185866197382,19.02186857364129
51.53630458641322,18.2660731657733
49.80020190389273,18.77157037571702
52.54534747365957,23.04060250784253
53.05141034268915,19.7566428456745
52.79772517425511,18.27896280355889
52.98309476434067,14.30549831927577
51.22532199562345,18.35190678548684
51.07759754608589,22.69556169358678
52.5917502417595,21.07602929787222
52.52178353784018,19.7658460621005
51.45610763103112,17.31974773475572
50.09251235651273,22.28147702431448
52.77384195818464,22.5246739100764
50.20480555020265,19.07620365199033
50.72963877474741,19.56075750911299
50.44261837391282,22.48624081178663
51.25026655127084,15.19267910382821
53.07830271132879,14.86764973558033
51.05475959025477,15.9677435461784
51.16433731539495,19.72530134869994
52.59759491309516,20.59730885752362
52.76824674728849,16.38359799021507
51.87097523180237,22.41426147387321
50.1099409382695,21.64125721546223
50.83251339046853,16.31685183656398
54.08839677779098,15.9885079937318
52.95600133014406,19.02899877575996
50.61038654922618,22.96609739117491
52.61367399850948,21.81040100626196
50.52018946143865,18.73733688449109
53.78701728745503,23.23778625189778
51.00230227015535,23.3092080276279
54.06658289866922,16.71617295095443
52.68214720165662,22.56886222042732
52.83582059989487,20.39483663579011
50.92131038239,23.52801286109484
51.36045153909308,16.86545863311247
49.68437478538746,20.5884282239787
52.40542007776139,20.06903930833064
50.62772992599941,17.14344449038452
53.58712147964127,17.68180816113789
50.69486417136849,16.82197920329985
50.69016655842693,23.10527321170428
53.27511629034657,14.61844006859651
53.15753479957901,15.90681899854666
52.57699470021846,16.15530748357832
53.3833815529959,16.48978016177789
52.78711788485717,19.27638980749105
53.68092490909531,20.12810248313155
53.32614686397459,22.10764177589459
52.96870852520684,18.85198984428526
52.27478250004618,22.83402410927911
53.09906896180939,16.93172561821552
51.88489734722543,15.90897924647163
53.48225415530658,15.9818056875285
50.88458167606889,19.50240469125287
53.7448185052689,20.72908661195604
49.97461661798123,22.98099039479143
51.25289218725079,21.58055179608509
53.80703674181655,19.22146238501216
53.30081013805299,15.42970140356551
53.73569184345866,16.81970384555161
50.89243807971529,21.33330076830675
51.77386170632017,17.90417941607231
53.80200918605957,16.43728835747199
53.55983921448073,18.87593017293509
52.64610123616247,23.16735404960871
51.69579059914219,20.25088899704153
51.86442901965992,18.94244532263646
53.12442344839484,19.15102788866557
49.59355386085156,19.0617562142929
50.89122622280207,17.15994293292682
53.00015684027527,22.13245093720598
51.06652559885871,21.76858994244068
50.98334326648192,20.51655649077259
52.22186086472625,17.1151202058363
53.68305388713409,21.34845166257952
53.46545651582058,14.46307606727854
51.04221920568597,18.65332481910613
51.21295129397234,19.7280467960683
54.03597482006672,21.38809572426215
53.20491782140417,17.16493707121777
52.00997857252892,18.7273901051734
52.43045850266009,17.18783230582288
50.29704869891045,23.20923829695989
52.15664077318554,21.79727742360108
53.3936875298786,14.99391138339251
52.43896687320967,19.46725331242961
53.01092451936127,23.19522566998105
51.70588814957393,15.24185238245091
52.67333242111088,20.59743599589097
51.39405395019049,22.97833881015364
52.2650175835483,15.35414205254304
51.07666807575655,23.6105076654044
52.70061270560159,22.22567257175313
52.91559340838146,18.28447258420218
51.84387174174874,21.18744088518519
51.24260429317027,15.70371985447506
52.05548933558732,22.22841928056297
52.70832239618977,15.45482890576876
52.01355730229569,18.24827823421902
51.66618449427735,14.94705736908072
52.83466958114396,16.74200814728675
51.8665513628569,20.00582129043663
53.26932466538433,22.19284081479345
50.41085974033761,18.5644448257999
50.60036461181031,20.26948913801569
50.70031662483773,23.98578806232841
52.06866504174331,16.17161180067739
50.94712769874516,17.77540133514454
52.63379200805724,15.2494579277185
52.23415419538595,15.6978919560345
52.67181048261065,15.09533738786211
50.86419323475642,22.32048990701097
51.15293686476213,23.59981149402495
53.04499008126678,18.33121966625416
51.67314362522389,22.19543865307657
50.48664321564437,19.28586035024726
51.89385028224305,15.07117706784236
50.62612764127086,20.71650494276429
51.19827492220656,16.38876827418055
53.48283281648769,21.72641777397851
52.33725835419305,17.51224307699318
51.56605693387958,21.89886570457971
51.49936835439325,17.88148366809981
53.93786903477402,22.54777000184394
52.90188419618628,18.26587605230515
51.86187670521269,23.02432934685168
53.24391358450489,19.20697319288078
50.8008428605845,22.28368178922603
51.06471574994989,15.79019076315014
52.44683896286638,15.16054771005094
52.63410051715071,19.51914851592152
54.00603824443102,16.58408873160585
50.98075437144285,22.59621479470939
53.19276218616642,14.62693675628471
53.13544823834841,18.55859467148248
53.6036522694429,18.19599332384463
52.9563170827629,22.29797385935816
53.20336527025442,23.0226327349937
51.93422167922922,22.95908106146934
50.9040108374289,23.83066921801611
50.57742240428888,21.01487104957689
51.0038534039579,21.95924700899787
50.91722806636044,15.67750799137082
51.77608429414159,20.11972660294337
52.4137466590044,17.77844147999638
52.47259099513681,19.00425879022228
52.15549866480947,19.09288703873959
52.82627759979836,14.88609075672093
51.29811717510406,22.34717099249697
51.57561126688523,18.97876944810535
52.88644802759497,22.75705577268342
51.23541601549413,15.52988760839468
52.92440046559959,15.05352051567822
52.12701901574498,23.50860953263684
54.47246035517708,17.15602849073081
50.51223130033345,18.41640301784953
52.2322905849408,19.99407601589984
50.61105531637295,23.52053859178938
52.67144599151476,14.79360244930452
51.01958370892127,17.12373840470756
53.43785710769395,15.35962105520882
51.17192899761687,22.39203339251889
51.70228015551619,22.36102475466708
53.3401515898852,16.84485021123492
51.88695100993434,16.20820854788584
51.94583954580212,15.84911085912989
52.22619528758477,22.61781624952955
51.79545025341451,23.48511348040946
52.50331630768878,22.71055092128794
51.13482122972952,22.03839482167439
50.65589083320174,18.20094632432326
53.21872391061559,17.34434903897832
53.60621859863914,20.76124922535438
54.34008896580565,17.27157883397734
50.54039170058575,19.70909814142131
52.73375160981367,15.63034462588297
50.26840625896386,19.83456811189158
53.752677860279,21.02855047035876
50.98963566420149,17.70873837374078
51.09845400105114,15.50941369757674
50.05542358443088,19.53643024176903
50.76166689073018,19.34977821931083
51.94656046534804,15.80914754295419
51.17533926649801,17.88566949604578
52.61088271468113,17.03610454966185
51.50602179394163,21.91478126693579
52.62573560766341,21.95187446772756
50.28320446503753,22.49546595934504
52.04176036772945,22.95036628641892
51.91223360569292,20.17392101836599
50.84914904072371,21.91496376588671
51.8407864036503,21.20804702560882
50.36858915814754,22.93841042948223
52.55832121090601,18.82289924650159
52.52094345083855,22.68991084450995
50.96160300332706,17.39839989158642
51.18707330843564,19.79743079689083
50.86788617345931,18.00321949985096
53.41245159647083,18.81170134449077
51.19164509345827,20.27754512112498
52.16768124152355,23.46008915631984
52.62624903940699,14.62699622963753
53.75845054527856,23.18436477958594
51.06183796658851,18.05308282441615
53.32200710744966,20.43318171917884
51.73594008852886,23.2697365012663
51.54903428064262,20.66152872224756
54.20133795850637,19.73315453294089
51.42951301928561,19.63079806051092
52.26627950776562,21.63072883510624
52.17876934223364,18.37779016559401
54.36281619709681,16.53283123642071
53.62430491210637,22.26932740408705
53.72112609652842,20.903365863685
53.20214429615645,21.18333736259557
52.79044632463337,20.34571309858894
53.21006037613458,22.41675528342521
51.36006338199981,15.31777269743906
51.59319761149382,21.34832609901568
53.15547281738169,23.69605424672845
50.36972912923676,20.66344937982064
52.3899249563608,19.95268910972511
52.61508288528976,19.67781390682303
52.76212917536466,22.48272165577288
50.35191512714249,20.20179473622708
54.16548411920143,16.61122087082603
53.18796017364682,19.82231161708507
50.03700221482702,17.91913016578666
51.92130287006638,18.61823942562026
52.8948679949937,19.43339915719453
50.48945938451347,20.8316983810457
51.24371302002846,20.51354017809376
51.90113879714297,21.82176139043537
51.9267931451653,18.48158158942227
51.44455877506472,22.10777702363421
53.27504118229452,20.41481509250032
52.21860909830863,16.19647992013406
49.85948515947558,19.26167706247068
52.09280757267195,22.22576750113328
50.10257620183177,18.4382330041513
50.54418345376431,19.06267097111782
51.67383246181181,19.99815769209127
52.82566771069452,17.30499193613135
53.28252838811634,23.04007341585776
51.76814987863462,22.56968723439904
51.67994284584607,17.41960200127444
52.97868528514363,17.64164691301216
50.33193568216314,19.00520465208088
50.30865199152404,22.88987728638367
52.29242628867837,16.96140296727839
51.95329213654365,23.35580486392676
52.36714768205446,19.76321584222634
50.44455011267439,17.80947342997603
52.45001369214215,19.36684472430054
50.17491115694454,16.71579660566508
52.07152436679496,19.57276218419051
52.45560873032656,16.17910390424596
53.62311605014231,18.78581745093719
50.53129586369091,20.57383669936754
52.37197196429821,17.04042918353407
50.37375591799999,22.12294627482795
53.6589241438389,23.53070144693366
51.91241539181053,18.50012675984247
51.84780475148158,15.04550545130952
50.4666605564767,23.42892494642419
51.59491893592511,14.7553953339187
49.94549275391554,18.61161394158708
52.06775225772626,23.15270235956976
53.04289482635986,22.303785355457
53.82234535516545,23.43646378784438
51.2948386803095,15.4278771597456
54.07902514471836,18.27366907225227
53.54558595034717,15.9510419001518
52.27310983538018,23.0007168814414
51.23052078686086,23.18395679099076
51.28388077472119,18.19254732366146
52.3037957383139,16.86320234440607
50.89593042175258,22.31978638763161
50.87775641835673,19.06986281089477
52.30999531512774,14.98564294063309
51.99587873764523,23.35070388337573
51.81851755467169,20.06227407242456
50.46897294190083,18.56034526554123
51.90540428802954,17.73712367103515
53.52258856260239,19.58378981986189
51.77305295154716,21.44926273364124
53.05403215197076,19.62269019640062
51.43835083471694,18.32636678424486
51.34935021223504,22.85105855449442
51.28741256472575,22.6823754685092
53.40813582704179,16.14454952881213
52.53295808712562,15.94007772350132
53.18514464310262,21.39849948238331
50.89227021410112,21.59520630180144
51.43122082720619,18.03700386750484
52.79456740135599,16.68723870846471
51.76039421666974,18.83993576897272
52.26056170522546,21.94705342715097
51.04169091969396,19.56046058142593
51.33132681792395,22.96555809278093
51.80216956094908,18.61656612175343
51.95739134069765,17.45815916931062
51.79539394570813,22.96965861652344
49.80955620617939,20.6607304650975
53.15855588544824,20.13655912940942
51.10264508781772,18.98553324711074
50.84079697298269,18.41237333876996
49.29623136566595,19.84125997461779
53.3097437336862,20.26191609956604
52.88070511389294,15.01430988990183
51.66464051426885,18.21006057651421
51.5749854984604,23.23363397348394
53.66868392342285,17.33606194092652
50.46393458435286,23.56482291947164
53.0363825030235,14.76403998743196
52.49610222063065,22.55130687148547
51.02889612481631,17.42169933664227
50.98550247031082,21.76793716452189
50.73200922172683,19.7565001272585
51.99253979756818,21.1166536172853
50.0147276501058,22.05595329209969
51.82694635124744,20.70154431697116
53.58525044251853,17.61796045017306
52.66060384486397,15.39439021848382
52.91305655916202,23.71806486218029
50.61964605598521,21.10790685064676
52.47631128616283,22.56437902541698
50.87271979463972,16.06601523674693
51.78316890027084,16.87850048043433
51.06362007277382,20.91872924182372
53.26806605239785,15.35292340085207
53.24903152802742,15.83490973900229
53.67903808088994,17.97472062423306
50.18036921389056,22.45271446719962
51.37308681977965,15.75939521182697
54.22442337453418,17.49146217610621
53.12892004700152,18.45453388203213
51.07192529204128,20.25840416657654
52.29139445439204,19.41257173400047
51.10051855552299,20.49244122289765
50.97733588930746,18.39563684126253
50.83584399968865,21.72890031184595
51.11893327494366,21.76303774304627
50.81005514984123,15.98401889096914
52.78367567791992,19.59212250709
51.46179916528794,22.6418145822813
54.13689705476902,19.10936730342771
52.85461803137162,18.34877605813086
52.22175447004596,16.69514758829368
49.7484342383928,22.88413514454614
53.22621723613646,14.79458208827696
54.12554014147565,16.09043552564497
50.96934247548279,21.65813624405383
51.42500851808234,17.65860850442148
51.8098297051982,21.41760422686705
52.89027377817486,20.24985434989325
53.5135323992047,15.57408982856374
53.59489813929873,15.84063621490519
52.79412287147585,14.96631924712135
53.1514594941818,19.06648180703078
52.08923822403229,18.34891912544767
52.34172104620492,21.47114565713321
50.50700121476758,18.28280434786155
52.06543877719984,15.61640773727647
49.65866276346336,21.40610863496064
51.79940207734554,15.26426553973729
53.87252080140528,18.9716747455156
52.86130580480772,23.71766459729897
52.97161656694891,21.77035607164366
51.14420118921025,15.66968325647939
52.20662227834909,15.75838591067779
51.7212577957248,16.99484494347149
52.9017010031629,14.67583779954663
52.89420302589359,21.23986077819472
52.96837439227403,22.09709049820153
52.67854887494033,20.04306543221474
51.79748682141806,21.80471498057601
50.60616342271832,23.78904082693915
52.28588334841015,16.87167558523091
52.32684187011753,17.69456564833746
51.86226598656848,20.18356193342486
50.70069887736263,23.4429333744654
52.13083843546075,22.8975351666207
52.07758482647059,15.08845293241967
50.62566973192342,17.99868612911439
51.67840515278079,15.10772193550332
53.87610146979375,22.67173338765189
49.99910007605381,18.97092456575418
52.98909417566338,19.73278217603031
51.14735456977325,21.29702981264841
50.02236313655891,18.86901771422955
50.4133352106542,19.20611468309328
52.33547707699278,22.16691796036593
51.7888591340999,19.28074015213485
50.04010522502953,21.95820831397686
54.07738645732014,19.31423973254565
51.2905774128066,20.44353499023032
51.41933853431541,20.63344360238742
53.24063703676448,16.14655355537986
52.62349707709311,15.46841334747038
53.19872781867474,14.45898082936251
50.46508900910217,19.38379022908208
53.34315106728604,14.65160270124773
52.20191736764997,23.25097293002258
51.76382125218298,20.69725818185718
51.4455152855987,22.6661748792115
53.47299487586317,19.62543013360433
53.23461401482083,20.73721338671018
51.52793506898471,14.88450969013551
54.0516788474612,19.70722266510037
52.46431097759828,17.7188675984499
53.7885407674185,22.0949703845108
51.20520908955874,15.18696733985044
53.11300777091171,16.12497510903962
50.74346729446162,23.655638092329
53.73788357931691,17.03594062975503
53.14840750150168,14.79243717175219
51.6731275195208,23.52304149634479
54.10053188330587,22.82077193616437
50.86901259448202,21.6221023268033
52.34730794095866,18.44601185435597
52.11836494498331,20.18281480674734
53.26742865595853,23.65584698657452
52.18643733298731,17.63457247561544
52.11989338910877,19.81049700478106
53.83022988257816,16.2598340920512
51.12466816095357,20.33732852215942
53.30156135788192,18.30009239699061
52.10075129423942,17.38901591978479
50.86862446310587,18.34801638835578
51.77813599376909,16.18469601786606
51.83424784133947,16.72140804120051
53.23993134110822,23.78983387252211
50.69991999065618,23.87395700485933
53.59412795543619,16.70175376279148
51.13794661440677,23.80965924387
51.38559502205177,18.98890324271099
52.27982775978057,20.75763632559297
50.50102395826225,17.72868148046714
51.90295063618887,22.45816722117926
53.66362235140186,17.47696387449375
51.37879337916712,20.75006496667852
53.2230688856278,17.03161332960084
53.5713638062941,18.12683387926271
51.61418266262447,21.5525203210004
51.42708460801764,19.41569813376919
53.41175120772766,17.05333497338019
50.18478303984102,23.08123136407927
50.29062210869822,22.75317192872003
51.18606092252683,16.09780671740645
52.29128842402994,23.16447262258772
51.184832138768,21.81455333026781
50.94300376357474,21.78193222525864
53.64704716329204,19.23588106358887
51.90983472768608,16.35892389738721
53.09904767990312,23.2043087247901
51.68905926975314,23.50751557265117
50.54319157856086,21.55981486794106
51.2999318865379,19.89475371877758
50.90672295476737,19.69465965870286
50.49109021070902,23.33148198433752
52.19245568787328,22.72958147806903
50.72534419951143,16.97344432087592
54.0592782801958,14.95573069662479
53.98138140492638,20.51373778932428
53.34699821767018,21.43551373861051
52.4533024156547,22.02709510515225
51.65360905528032,19.64571258720063
52.81493214218303,14.7849277255869
53.49154487697706,17.06424844479516
50.83928219237441,19.47977847215556
52.00746694180366,18.31034620074284
51.83017882824169,21.68549262904081
51.72256935994307,15.18084823779218
49.67871026102922,19.75172358538578
50.61203099805797,16.69252855788116
51.15343757408768,21.94104273903291
49.60926680773517,22.63022562451981
52.44518563959158,15.45018115086676
52.95512912539566,21.09672936767518
50.9988241532672,18.39671984747815
52.09320278492842,21.68107800182978
51.26014061050101,15.67921009541629
51.65555059024636,20.76002028752084
50.48906266908405,19.36506957835117
50.96960781300324,17.78459195892355
51.23245175318803,21.03617043063261
53.10154026166151,19.9299214066649
54.09893379259633,17.17238502993838
52.14422517955437,16.26228168498562
49.57690972284094,19.1621100861748
49.71496328998296,21.17463181873746
52.59615317627043,19.57796067261437
50.88071521094297,16.12787523747444
51.0739880361355,18.53791084091202
52.15484197583252,17.75465546419021
50.714333467905,16.03677706075122
54.03958604218811,20.88552662839956
50.91181177981531,20.63870187270299
49.68517754388408,21.35631155567138
52.69666759635936,22.33613483514568
50.20225105356664,22.50190982003674
53.31010053670021,23.31978233171307
52.36579115771266,17.81347517634784
53.32126292816751,15.38727074068639
50.44525821979553,16.34734350042111
51.90257234053277,22.03103045596137
52.94296726393097,16.68243480688906
52.68371342234479,16.46187073207123
52.00160683853404,23.05269737321426
51.23976526653627,16.94712283519504
50.95790893926515,15.30371977020752
52.40015201040349,20.18813845209014
51.64813221701974,21.07465758126938
52.29336621824581,19.19433868112453
50.94927806176489,17.9212831477063
50.25852650009049,21.00129516884253
54.53729348915088,17.74146714433747
53.83886068766544,21.71401297053275
54.34079987642071,19.97734823277756
50.73117541713483,20.10786885300659
53.67064647870412,14.41086351117492
49.82355487061717,19.49340809648995
49.85052592455497,20.85873256101787
52.25089943590888,18.84893951843406
54.06985614629995,17.28807824271219
52.82831286323482,21.39761622810765
51.58454074184177,22.50759970994736
52.92634685632115,16.86148090414958
54.14012256769004,20.56800322307411
51.48605255389123,21.43141687867218
52.17721030665517,21.43047887501954
51.28837240438212,19.17083289541878
50.30371195909423,21.6330618014948
53.94093324857597,14.91474491326202
51.35029260937469,16.27615468577835
53.07438988451442,14.7006678724056
51.77011838737565,18.44891592999921
53.67125417330564,21.6606489716104
52.01209519790596,22.01084049599881
51.25623009766196,15.35426568494213
51.79410633096749,18.15683250311834
49.99239925406162,21.25158895134585
52.19400646704783,16.72477205446248
51.57001536964961,17.75604364630395
51.76017153503503,15.7584359892167
53.40871663143678,23.11793627281326
53.75944056567306,15.38427354218336
50.21272600375499,23.43439558715822
54.14697191944192,16.62247631234051
50.57165754726796,16.6263283254408
50.87134483413319,21.99435562981609
52.43191949271058,17.71343288483994
53.28980002865008,17.12165027017723
50.13475039109453,22.58935049035858
51.49478419372085,23.21933115473152
52.57820206188897,19.7898163427024
50.95271038810506,16.52421132990902
52.44670744570036,19.49929059880803
51.08091718610958,20.90711842298651
52.75129137370187,19.96860746320985
50.53991890799218,22.81725345647407
51.34028461158012,16.77424816669112
52.00901908382008,23.29944713407782
53.38662973732789,22.09328814613578
51.44740531885071,19.47729310128311
51.17402855712687,15.21453381845312
52.31853117250113,21.57371776000399
52.90603453370129,18.21669321740274
51.21256307261705,17.92939827775151
52.69902647279569,18.50831871168466
52.86371341875653,22.2128521854541
49.97859581633939,19.84392196835655
50.87730141685667,22.55263349254856
53.15046986449128,22.40927859914301
52.69067779525361,15.16228757461114
51.30186745214489,21.30538356765858
53.3998179976141,22.73463783695145
51.344854899797,21.95770975071714
51.41216512519328,22.38309144086632
52.68753995104667,18.47881432613121
50.89652465088648,21.54263895484602
51.24594936008185,17.80370294615402
50.87437981594311,20.79512573494495
52.15486383280193,23.35677953968564
52.60465376886056,23.32720330219997
53.96328984877179,23.0812607299553
54.64316468787315,17.26284145739531
51.16642207084068,22.66299817066346
49.75666867686101,22.48993624068893
51.43153945122153,22.41762214173529
50.85323993922922,20.72818284793656
51.96375984841853,15.99268224307105
51.90958652538435,20.60600069952113
53.62981202660949,17.75273782730717
51.182083495507,20.8148327009316
51.9949224948011,16.94157275100804
51.28736568302805,21.53939379960289
53.05666801138693,14.71125704446498
52.06350999833881,23.61448368475687
52.69363373063818,21.27385488255035
52.24367596574414,16.27579535469681
52.53358482931604,16.0703851935315
52.75195018885785,20.60168176532378
52.28327371507016,16.66629996664917
51.27663974338959,17.81231348900396
53.41137604656589,18.93964261186787
53.43077724547425,22.44963318056863
52.44450412353129,18.71991155711455
51.57168795574655,21.62615489600025
52.89754190590644,18.39425094966775
49.72589246869034,22.82043684246775
51.94088504457175,20.61228719902329
51.30050509946125,17.18742122255593
51.85173396362556,19.38296478078663
49.24267662836788,22.68329137490469
49.70835325315146,20.40565802834315
52.56676212761674,15.96524051688871
50.38417328738335,20.26763034065002
51.33297037311488,22.09714892789111
52.1921051815022,23.35854035257358
53.53693218736905,21.90117210201712
51.09381053495258,16.48424720886807
51.86809155265916,16.08924042738948
50.93257044861665,22.97252166216433
53.83181494929915,21.96207670350555
50.86534586599539,18.30219308270105
53.04830139056281,22.56269043505165
49.85026715241866,19.18010997496015
52.48910862085718,22.27726301333726
52.62435193318755,21.29890966254695
53.00512186218021,21.52960821738309
49.9136687905744,19.40846894241199
52.44398320459961,18.29932671583799
52.29310756122575,22.31426772719358
50.59079155758936,18.12273706385281
51.74769122138186,15.88258060116151
53.01582988270866,18.22778338010583
51.68357291254495,20.07308896932799
52.0436087616893,17.67107759014102
53.80521438332754,16.52450819339542
52.13977462344776,15.47895175671781
53.30649122288142,14.91310050031118
50.53196995148716,19.79386130709863
51.14900281386169,15.4161100607926
52.25456706858755,20.47334762614436
54.26289043655004,17.0473715388307
52.61563631917691,16.8349417339077
52.93075539538724,18.40743828984986
52.55706751316867,16.24621740889752
50.22271275413002,20.72414088822214
52.99471037769748,15.08324790344684
51.94259400418245,21.78642384074232
51.68728858835819,21.96813342039605
50.77129967567826,22.67415166247506
50.66800820680278,21.96415297992066
51.90934105631943,23.57730971427051
51.96443451024508,20.71449064768215
52.88522969148423,14.52800191051724
53.53294067128317,20.86690925586744
53.62956495641064,14.79868476758514
52.82035574518601,20.98588507173146
52.8210265190752,14.85826907383346
51.68117278911116,20.08433662292211
52.32062868222586,19.2084714690535
52.21302109917372,17.98713198745698
50.82398444371374,17.61651850620956
53.04133114609545,19.8606135149052
51.35222376598038,17.60302217406988
52.83559263117327,22.76121750760126
51.69706126199139,21.57514279148234
51.96064389491792,16.12665375749373
51.98695575780805,23.01725274083158
50.37214675328204,21.91760984998003
54.02450236085003,22.58666606098023
52.8570778144442,23.81012835586351
53.80818168801372,20.48092503983248
52.00255577242945,16.75776598089429
52.94672265694379,17.83030380797112
51.41734028010202,16.45873169726732
50.20469007319546,16.64976092295501
51.19949991070783,18.37238554844631
51.63342631408569,19.79426922481115
52.50389170077426,22.01532296132519
51.41665392193917,23.50186742221344
50.01835815894861,22.17712046696628
51.70491668291962,19.62871816161906
53.95672294441891,17.36889106622525
50.1239271056433,20.48704677407725
51.84576688982174,23.4139547759132
53.03572652128509,22.35459570451581
50.95867017324625,21.3596160197874
52.65894875412895,21.81507686273533
50.46426220078286,18.68776674242939
53.51099300070433,22.85615773138811
51.67361714872759,14.7571173517681
51.22692306181714,16.21529119981918
49.96417581718837,22.60382368638866
52.96602846904981,19.20418318886411
52.32828219183094,19.36879129008572
50.48412536312573,19.01975470154092
50.08963787556095,22.65640899453842
52.66133726041854,21.25485424456638
51.10414853506616,16.60434467822601
51.90242929009621,21.37764915003725
49.78404171207409,20.07197939606247
50.99087971060707,16.17225927123537
50.8188195053548,18.08658896532474
53.8227182519238,22.43116812055274
49.73528394707989,19.74374751975567
52.14745139714773,20.17136654019889
50.61209960155104,23.65313075209239
50.64457473435434,18.93578973255053
51.62412642820046,16.63300253210799
51.5158211922077,21.12699614272783
51.89471772196123,18.52004568636554
50.39253536814292,22.41620238113856
51.17659802445626,19.63850308908943
52.50483309692532,20.99051328702715
53.24818569509722,19.1580901508481
53.38090782726984,19.99035282503644
51.22740820317015,17.95297362780752
51.59657904556995,16.25561928151679
52.67391154940008,23.03312978029953
51.73643582300385,18.37994652913535
51.51990043982134,18.49597781549799
50.77339885554072,20.83785512288849
53.28495383462723,19.38184954723109
50.02405760987796,23.17709223136128
51.99234819743847,15.34865445082445
53.79158834104025,22.89688311791176
52.82409633208928,23.01740529188078
50.92235437744058,17.64192798348446
50.22469292052557,20.03671755709015
50.92247079523988,23.51100129973533
52.96140287506473,16.31746671027263
53.65668582788314,23.31529832426158
53.02511023278392,18.22699513929647
53.05055425097566,20.4368734915565
52.61234476422334,15.01910910084338
50.49023075671946,21.93375173197152
53.7724617348731,19.05166768848915
51.73823813641199,16.63316502717266
51.87655510480278,18.4811681190263
53.80511491506459,17.3359313244891
51.26804994403423,21.81968443475153
51.78390206386201,19.11362203856037
54.10239674133716,20.57811680762247
51.5377493489828,19.09367834834693
50.54354317897122,24.01049952462043
50.73734387550173,20.36702738085098
53.89157562278066,18.72240068826361
52.34148558762464,22.87582520700159
52.23379927114338,17.7845085760052
50.90929199973762,21.36874558282212
52.08473060173014,14.85403660362442
50.36011899186823,17.90548517817078
49.6192603798235,21.65019948150487
50.95442147158839,23.76636628320628
51.46077035699679,18.60399467937811
52.56618845105216,19.67660427771858
51.93944151822351,22.55653339558407
51.21134806724866,17.06017747938118
52.71293603949891,16.95805491942385
50.20776383705203,22.57968051646525
51.32956855472644,21.71929760663915
53.94422995938049,21.03518628384463
49.69335304130777,22.42829076907458
51.10668065871855,18.89347813600635
51.08840520224496,16.7553006684022
53.02442427251042,19.13620544420144
54.4169022341627,18.36963133487226
51.47056060833372,17.45044391327568
51.26587671917228,15.37149151288055
52.28946809653067,22.58528201335763
53.141163765216,22.18836189644381
52.32862096440737,20.62070307972725
51.8465361485912,15.28089895177636
50.51716223283952,18.65497227354051
54.32333427658308,18.00720480216355
51.33367694944801,23.62933469143714
53.50477976246881,15.65793650890478
53.18664271245265,23.84689468294134
51.45024655906428,15.60416326147714
51.80910589454108,21.83991369552708
50.27768233830783,19.30331820335676
50.43235638312174,18.89750169058587
49.97086371025888,21.57117147631481
53.26979871163931,18.57876374537574
50.20841369218176,23.09856020704245
53.99047449671803,22.35180114439994
51.5129651473726,17.56764762720362
53.73212276612161,22.71837984010832
54.10697257045524,20.66981513589784
52.17919238055577,19.57254228748204
53.17338228904484,22.97687570076678
53.937168403114,19.28034316919235
50.63281705030218,22.94514577943774
51.42789087075908,21.64946764126794
53.16440861540369,15.79214496676254
51.37162537363806,18.96665452754
49.42908733729169,21.170619024025
51.40325045483637,17.72101099582792
53.38872820241913,14.44320696031666
54.20006712991493,16.95538953653483
50.83592935201176,18.11235849434403
51.73527579539424,21.99159946058509
53.76055074306196,17.77208657118454
50.71146458225349,19.99516811832472
51.7933642979177,18.93121885342454
52.20102748822422,19.76682953020696
53.58144415030947,19.41573658008786
50.3286367088556,18.4177503304014
52.12080325614644,17.66132121128097
51.15120182513435,21.10731495899696
52.47334450161477,15.25622890607314
50.3879821899899,18.6766057960516
50.56942917813907,19.12454291001684
53.07498471430848,18.90859091938185
53.38559552261155,22.46058032783677
50.8759491143124,22.12103230615432
50.10288034684299,22.48741788879695
52.91933570934497,23.68597600516393
51.24683041209236,21.1496555835097
51.16891762894757,20.2891412737704
52.94855249076948,20.2533115189246
53.33738830886339,23.7541832889083
53.31858162054657,16.87646374028552
51.16655984857661,23.6456210538693
51.763528076271,21.62997187912462
53.41537382302504,17.21027547402557
52.08642983528,15.50306341401137
52.56177122014408,21.94983396682397
52.35040697486323,15.63087045635353
50.74447265798415,19.58053024530111
53.0307629838242,21.49940191510084
53.49022373436324,23.26746876593348
52.33907070433899,17.45843865408269
50.72371838903207,20.03356400913622
51.86123104150288,19.61506127479538
53.47073967160735,19.4561787830833
51.8366766768499,22.89161349663727
52.66017946500536,18.82009140925337
49.53574732168889,21.50008544872054
51.72836299377429,15.81906974384642
51.562263802239,23.27556740681781
53.90444632261028,23.26298706042105
53.88600925557422,16.15612996461635
51.44400408520515,16.21661066429599
53.42960977834112,17.37813578518946
50.2507981593963,18.68584904997629
49.28826120832522,22.43205306016404
53.6567783424664,19.8904122048403
51.20690812552591,16.93383214657291
53.24466991488728,15.10560366744801
53.39896160810474,20.45520611538421
50.59763252478721,20.38781042899371
50.16955070403616,20.49762899404341
51.34970954396137,20.02582962249319
51.60546468128985,19.60036477021726
53.13230215214132,20.15559150351236
52.53326057076537,19.58457800467331
51.83864960502876,17.56983702772751
53.5302807841583,22.25729558447988
51.4661176807043,20.39918611458059
51.08161416106523,15.12484104984889
52.36346570148609,19.11724341606379
53.97882182129693,15.4359412760079
53.48832388326003,15.22898967826328
54.06304447096291,20.88997343515013
53.862333954583,22.63670678569073
53.21968026826597,17.4251912427931
52.22003049255319,15.56793368394662
51.05325125499436,22.2973886187635
52.54696995158023,22.52955820474062
52.93857695939725,15.43213807733792
53.59558790221385,15.95703110155506
52.04487172769513,14.87239494137862
50.81020237598079,16.11927815470929
53.1936536511109,17.22370687364796
52.92480860532117,23.75720272067328
50.69379038599524,19.19311551745137
52.22458143172106,21.16867940184317
51.83928385912608,17.88243638046743
51.18501439789294,16.24314843346325
51.97001374735389,14.99316037252163
53.55038062232689,20.95813848014991
51.14473378975342,21.9879731971366
52.69294433236659,19.67564130134786
50.07691781098485,17.76602426941494
52.43262109359386,20.55613492870069
50.67048493518426,16.97612138690888
51.89040563181068,17.05750879983945
52.47112002320662,23.178570712528
50.17064710144234,19.16782684717645
52.03474178834828,21.0282925233933
53.59937576355381,16.30649730642953
51.88149775438581,15.67402261114536
51.41320020818289,19.64276112606444
51.19393782530604,20.82274967490521
52.29034512657645,16.61098514841794
53.86250920411514,18.88974939822953
51.93401269480666,16.71476532906178
54.0120140305531,20.63328358844077
50.59238443119718,23.75759117424369
53.32719868334346,21.62234246913331
53.86193157429838,20.3716546758324
51.88514876389565,15.59923780260527
52.36450726719166,17.72817220674646
51.70476747268767,18.5492847325002
52.31384863174355,18.00814954007506
53.92425401505007,21.705124271394
53.43164030435243,14.84279988799279
52.08375416253153,16.45370188337861
53.1397905472074,20.02374910409675
53.38856261447251,15.57609592921878
52.28529529965293,17.49227128380572
52.42141345116308,19.2738266466086
53.83501791276284,20.03775776416525
52.68598470171715,20.54780053230412
51.39046037342766,23.67042024986128
53.28550202953719,22.70434485185538
51.77528398502034,22.99136037104441
50.62369254730149,16.80205111680933
53.67905621235703,17.2933668127932
50.13196946344181,20.34863885878588
52.3581308936967,17.01215698876118
51.10606610572489,22.34096051672577
51.72359835333582,19.14297497749176
51.75217562428163,21.04070512228665
50.10815452203543,22.13530767704324
52.87639750619719,22.03127560638734
52.08397785914912,20.71162583941891
51.21597529627689,19.85737522797385
53.9501785804271,22.84749068121076
51.75976676019393,16.33545522153241
51.66606060736522,21.27797390547973
51.41431573918263,18.61261854271588
51.19785431855087,16.90561819908941
50.90714765820185,22.13459874105537
53.1891384520974,17.64882032768532
53.10929455779603,17.18144939298242
51.75827225991996,22.74558380513134
53.79839159622806,17.87484733967351
53.11588020031444,18.58443980076832
50.65557874848553,21.55148881988896
51.20874196707363,17.62501870533647
51.71021077610835,22.24709900700771
51.63939621748412,18.11833322636837
51.25949253527003,20.9696151925109
53.01257722393267,22.5878359743719
52.38334133602758,16.59993538523547
52.8841823558886,23.82080124989799
53.81268742116235,15.18838081895555
51.69960146325086,18.17236020415823
50.74421762200199,15.85649864436507
51.48227312562306,21.91274905373893
53.16032711034337,17.29236227875422
51.0815847190596,17.59682182139533
51.45290705444584,21.23433508148751
52.33902093260241,20.53625203187126
52.36252543527177,22.73273364594272
50.79315516034922,16.23243989195934
51.96295239694575,17.9659267618729
51.56839069459993,17.23991305626756
52.60454014595923,16.31484789495472
51.69735683478753,17.74095351571343
52.1246302034241,21.40178845304532
50.16712490582062,20.97709271218299
51.0779250077139,22.98256226959084
53.57632682425862,15.84657462343695
50.39225529116572,17.36981426598579
52.44079500974598,19.89285070042944
50.55716757998138,17.97699421864476
52.26157317014329,22.2369272936668
50.0815905493824,20.81925676183662
53.51186847167625,23.44372417069168
52.32784438770774,18.94335913556034
51.81381227335421,21.14776106005208
50.85300797259117,21.72310353997177
53.37337338576676,14.40225235912604
51.75291679254754,22.09195630920006
50.38635502073708,23.48620893262622
52.62275218380476,19.62027933620159
49.92948677963103,21.02877115177936
49.91501149608008,22.54451429540289
51.93520085828418,15.58898154805044
52.7512221374584,18.71186689502559
51.92298760991225,21.11293635551269
51.71154767213423,22.91881604373327
51.42991804154855,21.99307390707448
51.59984190840321,16.21676958771794
52.71667143533672,17.20682019218138
52.93532374802141,14.93484268413217
52.57246923634093,21.01709339916465
50.8951856424839,16.25997411359901
53.98500555711332,21.29991526912603
51.79096326004916,16.35092286393308
51.50701740138702,22.93627578907514
52.71896031681241,19.61063385446149
50.81444197279327,20.59675572954069
51.85082512887745,17.35706206766998
50.53577411913023,16.60383215175241
50.16972661749976,21.39312014232379
51.70047142421238,17.82949142978945
52.07761384863488,15.86285001559214
52.88814295391769,20.94474831981872
53.49333308912848,16.37310831108696
51.02261561974306,15.40461687913151
52.87237111653103,17.98461524973033
50.9194841626212,17.00894378456589
51.8334603573411,22.33082515591577
52.69097471227484,23.29067320744492
52.89772471812013,17.14935796025542
54.10202961138025,20.32529427732284
52.11218784872542,18.02236066511451
51.98575981505923,16.64200703002434
51.97213973210857,16.32776058186305
51.38572179357354,23.49438826799559
52.11454430957237,19.77895653618713
50.16645011873603,17.70359490400104
51.59427209183744,17.94415148375073
52.99119428567997,22.5346576828426
53.00546022049119,15.40426319100464
52.18753948200563,19.73704886951049
52.54830701564791,16.08357119636807
53.34940494210503,16.57845206970004
51.49844568776469,23.25624675794055
50.65587699300845,22.0936186619799
52.11993285402642,19.47031977414971
50.79724306869637,22.16350543847905
52.98600418689058,21.74867429069573
52.03129121628295,15.38047463235587
53.35962979701637,17.86170221443569
52.75770999998571,15.8638983730083
53.7411898350554,18.02476924385985
53.19076927881288,15.34278522496234
54.27542083109908,20.9088304244564
52.36461606239132,21.91442196184189
54.16540067908258,22.75190459112158
52.76946519959976,18.90979557780201
52.64696934396982,22.74510910140006
51.22788962286112,16.27161283247348
50.48796879427247,16.78723725017305
52.00919778128392,17.27022318203474
52.50850661060242,15.24855781876168
53.36547345429162,17.60085596444857
53.94088305224176,16.43127131946461
53.42445109254462,23.70550000293814
50.79215598799998,17.40549887060883
52.34179415770445,20.64509367915347
53.87314979432041,15.72809507975462
51.84952530374217,22.56554475654522
53.20164173537721,19.40727281205614
53.83882905438414,15.94453698204416
52.88549099334436,16.74370518579257
51.95421215563395,23.22035125242089
52.12651902533315,23.03195919919512
52.29478301398278,14.88996343467726
52.26585599970709,18.83593382517777
52.61483362547874,17.52185316949091
51.88925968419468,15.38204373262828
51.77409637595778,17.05106137328352
51.48180772219467,19.14489350899253
53.2948404031741,20.36351322654652
51.13459206349516,21.9573057547384
52.8185784368566,17.0391520870388
52.97506124701831,19.9192225020649
51.61192149512279,20.37322746524439
51.81879642321599,19.93081336664175
51.7412860864553,17.60701398682081
53.22355884664722,20.49501524884134
52.48188589434552,15.42999744281367
51.31900542613072,22.87976716823394
51.61963748449649,20.79888756897526
52.30699194564929,15.09952936504654
53.05303575579573,20.15474579682298
53.04542978237551,15.20684844526425
53.37773850209821,18.12609632917325
51.8842987221089,20.94110452460786
53.86191155763817,16.44804520626137
52.62247734024702,18.45270586159848
50.45425905983029,17.75955194434116
50.74619228446363,20.9107897661027
53.20361218247674,19.94825214609843
51.52628286410737,19.69791042294864
52.15203248840911,18.01918320693185
53.87690917408958,17.72971758266781
52.35517929456544,18.40636829916301
52.58893544796999,22.10643770314383
53.30937561299276,15.31499606719152
53.70922053062764,23.11141741912851
53.86071004557681,20.14416800118788
51.22320154764095,19.20107359880127
53.80070659105416,16.57478475402373
52.72148247488088,19.26645373066198
52.16485790584801,23.19716462609136
52.71082478670786,14.7103217908214
49.95468703604952,18.34971370368359
53.19732496900281,23.73278016259038
52.67403244208468,15.12403511873988
50.42166324824027,23.93668785385831
52.63966229088089,20.08425541953935
53.62225416658588,19.45528794351885
51.1519037275299,23.02113909734573
51.65391674445767,21.74158207615481
52.54994132798249,19.21976266921741
51.72642540563324,15.73385648095621
52.56271571391605,14.98587472745035
52.88270529055417,21.22252098429341
51.49354019353593,22.72761549806009
52.69362465226115,14.74826771271823
50.16342939041992,22.88756668977916
52.95523020156661,21.39279488036182
50.6951918340709,18.09829690351124
52.13948071740883,19.7995679600326
51.91325082192483,23.52832519463775
52.81792576331766,20.2812894601278
52.83237126049544,19.62121854556762
53.4621917371097,17.09671593092255
50.98270939715415,20.77526450761463
51.16574090174757,23.68076776334533
51.04981264666026,19.86317344543197
51.69517846456124,16.02342039655463
53.18773395751101,18.73743108523085
52.18223061008199,19.23491427295866
54.16896307245311,20.38302429230492
53.0719285496057,22.57529148473657
50.56746459266294,23.51365405014459
52.62629391454852,22.35869389601563
52.48497276253204,18.22185151817233
53.61609745857886,18.01090748246472
51.36451094267854,17.03070911030417
50.63449123778798,19.07510983824099
51.10282114740777,19.8351949327581
52.62633312210144,15.0929396129205
50.25581503607814,20.4437134650374
52.46245511559426,16.43806599852389
53.49197762143595,21.55137548496035
51.39432821523672,19.02440390441835
49.98530996647749,20.26953094325705
53.48309585782389,23.39550888902881
52.18648231008569,21.46304318372405
51.14219018238556,21.00200430734319
50.23864269822009,19.73531438017389
50.42147044240703,23.84060666104334
50.65839381786395,19.39246942241086
52.17212599263915,22.17316991837844
51.80580319233142,22.92021173107739
53.23388789431773,19.94915511296297
53.05289700023067,18.99981821822006
51.46672040174938,20.98095946621251
50.8637107251953,18.82555789352136
51.3580129628855,17.53517274930084
50.31435829639152,22.21981323899461
52.62333272085671,22.15196016168865
54.33533162296874,22.9140733148367
50.94506255518265,20.98217280614442
53.27577516644511,19.00377554546016
52.80914523908601,16.06727960821418
52.10722028796443,22.06760190520857
53.92701024675095,16.48422094885034
50.99053497940808,18.36754152174696
53.35113335299517,22.84068569027025
49.90866930898123,20.44037124324788
51.16340007468779,22.22655293747849
51.94506575392892,19.18633292542221
51.26359332062453,18.46500331777377
50.55067759381306,19.14516927272933
50.71451905061895,20.64788977168226
52.77322948189204,16.32579645028547
51.57165640577087,19.60843665473887
49.7956575967483,21.6076231647965
51.93140557308992,15.16585982427847
52.42527508054767,21.59217534346596
50.92951035597262,15.36658322758923
52.75078795166649,18.79696238636162
53.10042570834139,23.85666737491095
53.0145898872908,19.10120846870679
53.33833969249318,17.21506770502705
52.38417152645921,23.22039446393745
51.28831695233186,21.15178644841736
51.95284787348058,21.20484443786949
52.99434851148436,14.5806345260567
54.11109319262611,15.26536226582419
53.71979072810853,22.5094713790171
50.48535323780795,21.17240626014753
52.34470779023776,17.67817403814384
51.5835316781927,18.94658413741558
50.21719923726349,16.68172943567529
51.58168102606154,14.83086097815634
50.42223946455753,23.9387673249353
53.18605155657177,17.7668705377786
51.46263625186474,16.79257460831243
51.93280079738167,20.10720262155467
52.50093309906384,17.77234571721313
53.00480269402025,15.79611831244946
53.29877867193726,21.35140575833581
53.04553021066658,21.95600743910991
53.56254636054502,15.33541081531947
51.06117615952571,20.0492932871559
51.4385837948228,15.60067372886474
51.65547841354302,20.48859057541083
50.41632923161342,18.04192187937813
52.24450981445754,21.3845884636421
53.5992692394719,20.12657795147502
50.34633310431241,20.79600302052639
51.01461199133379,23.36548036892258
51.75790074403135,18.97128148565156
51.58835162888296,23.01581925465644
53.34491200097062,16.64209441577741
53.0309605831117,19.96974279739661
53.59167076801297,16.78600496880222
52.49640512689807,21.18003196905051
52.54204129499122,17.59491089294141
50.8691728589435,16.88464849229286
52.37115473558931,16.78115797828722
51.01353866410994,20.2348762719396
51.29589633575591,22.02186583659569
52.33827557118047,17.16486831326328
52.78886591420569,18.59699115663174
52.86516162504292,22.07725488326611
53.28235994615605,22.45269725175939
51.80541834440365,22.89741797112801
51.9925500698,20.55545246108587
51.04829106094727,17.48738183373753
51.20010345642088,21.86432306130096
53.26765536104052,16.68487182163167
53.10859035365664,15.01091067872825
53.80472385233912,21.93928502124606
52.18950939645399,16.17329845903198
52.49512825928062,17.81382799030138
51.68736794800628,21.54218794848594
52.19582617491789,19.34470280678071
50.83016478259016,15.67459088296368
50.79066019152344,21.74361818142051
54.08875481981378,22.61499359132018
51.8740921314829,23.13493335051978
50.60247050161682,23.8627786856584
50.61230622299398,23.72741118306897
51.7952189496191,15.65100120601878
53.1186656240971,20.0508921330162
52.63202753828802,20.97682877435994
52.50966821649535,15.9116422384736
52.98544768509856,16.52024640039303
53.43627952461864,17.45890808168374
51.01959390174785,18.58970514411471
51.5815919900796,20.56212982803546
52.36520991810168,21.69280567732676
51.71058642183854,23.12634382916587
52.03762583863777,23.26044807070982
51.98665855572626,17.54959834396968
52.72279960927256,20.29714582718682
53.74527472373132,17.24280436994324
50.34103998160052,20.72829936746172
50.59405321548396,17.23109288919452
54.42351932038179,16.51393241333229
53.78785999199399,23.36096900059088
53.72178238314125,20.14155478694104
52.28817570164599,14.82416163329261
51.24691740175518,17.79233685259769
50.75411418149115,17.94266242063471
50.55855583295602,18.19261510156463
52.2639473027504,18.059929402458
51.20126279103101,16.29880381050709
53.82214773532717,17.4733146307789
53.37606108759533,16.20719505754449
51.84836786404648,18.39977915628307
50.53458898686729,20.70412050175901
52.32120338760645,22.39847580374877
52.90804281124876,17.656609822585
54.24453609550864,20.5203105518254
50.89741407291827,21.07806977551324
52.45595160599056,20.48766467687972
50.72400571804945,23.30327400806864
52.62377097061188,15.18390149317448
52.80921972607253,21.57996378117145
53.90601905341322,14.79882248678192
50.36278485681541,18.76855826427635
54.1339476167859,20.7029475646412
50.65479665639759,17.63681715923322
51.4836343963774,18.32507274173614
51.33565545314485,21.17381734644979
52.72640857219312,22.7744818698418
52.99695823491454,16.71502190441585
50.6979924132202,20.15620566765828
52.99168435985364,20.67715147780792
52.45486591263617,17.98667850978776
52.26812775080648,23.09426113782559
53.47657226966744,15.11152858404473
50.71799357615265,19.46611184006141
52.23839040660626,19.74759115406156
51.56660369782085,17.28236431388388
52.66142594688473,17.64296895775041
51.58839904045151,21.61001152920216
52.9260798401461,20.02217178029066
51.18125247226951,21.87203590006862
53.56409186822848,21.2325059591311
50.93563024085636,20.3928235814735
52.8387976361787,19.70320208288063
51.94215852824858,16.51837571018786
52.9033821927066,20.28688122394008
51.14983143439004,15.14749514843499
53.65799411259593,15.6818279527272
52.16156872613745,18.05214669473465
51.19132699918888,15.69864460436788
52.68568388994461,15.84125647535939
50.37652328725729,17.89261723669461
52.73783095886505,17.13972456642677
51.30124443382306,16.74686524534708
50.49448473945493,18.58872101013712
53.19869423668235,17.09659023075475
50.76949889914179,17.06232581867846
51.15124515992733,21.92666508669134
51.07536272933827,16.29591389747466
50.88193912130665,17.42553127317158
50.30810376533316,19.84382338351185
51.58942626420859,23.01418738268368
52.01000534074387,22.28826805890227
52.42041480511872,23.27457733112946
54.03572286459234,19.19096358208894
53.51263923269574,21.9955578495533
51.96373053600725,23.38038466659615
50.70528494529886,23.7474325672661
50.84813856304523,20.17226680249614
51.32267105349943,19.96168556143423
51.83827349467736,21.28596570229683
53.72253457908816,19.21173714973105
52.89521016978577,20.41407393623737
51.19776055137996,21.34590731804474
53.51778996598632,21.30522237952718
53.81833320468595,17.71495948405112
52.68634704850098,16.67715322495582
50.33519173128009,20.51489194546561
51.43291556833313,14.98329054711884
50.24514648674668,19.9322467398473
51.43351631999112,15.88226903814074
52.10914771269012,18.65955300473779
52.44432557412004,15.18914722665921
53.06072465639726,18.24454643979388
52.06366590200234,16.73266232075665
52.32517944814644,17.2597911136157
51.12665136277598,18.86806506726919
50.7931627948034,22.51568194154368
50.56627725854373,20.03095530788608
52.9285112026593,19.56865562422126
52.94066663855875,17.02335346517849
53.1959247411443,17.43865527789811
53.81219457738962,22.71403714394702
52.24785000503926,17.04879372777475
51.95168134039492,19.74123977778828
51.42640288698322,21.69778075260379
53.60584341407936,21.36744989252304
49.65958004916104,22.77508564410018
51.53727087438626,20.63052062790081
53.08375970096247,21.4456678470331
50.43831021994799,17.73205417545898
52.60784711512863,21.87131581729011
53.01085639981615,20.27496294458517
51.37202320307014,21.41318494925517
52.50484647871567,22.15252603182139
51.51665448926213,17.89180170478851
53.62726535849708,21.25769031965974
52.8433494737709,16.17583609204765
53.26238367865421,20.20992266641974
54.04316002991003,17.42133724940363
52.21478583856426,20.22715414610702
52.83794271483838,21.25140437717084
53.76405841518624,21.27569554439424
51.37136465863505,18.69602519081571
52.64316425911831,16.75790233768592
51.39146247204803,21.81307885756086
50.76943707857558,17.29756765890209
54.06922790385619,20.07962831135707
52.43767143701587,15.29328903913895
50.78151398694057,21.48724505271241
51.50314169039347,20.66495784512535
51.11478226436212,17.37804696553599
54.25279646373373,18.58893827919587
51.33752781876797,21.10538292596732
52.33182945720865,21.04518967945076
50.97334671910582,23.94955925644782
52.19368556724159,20.38395773301752
51.34309691297652,18.34472974017061
52.98147571279613,14.6195278733042
51.00877529962742,18.14615709607479
52.44289871189456,17.30606091472122
53.64748373717915,21.60928805027151
52.48730061451396,14.93919022467163
53.99716176402996,19.83887550407577
53.72172196427461,16.52425128101374
53.54020308764866,21.00311863319077
52.7477541807812,18.15514882831125
50.76259657780376,23.37532682753199
50.79780842214566,23.4138700664314
51.49636837624406,18.27584399168138
53.98568053659719,19.55731461181637
53.54547514337627,22.19524961398426
50.9795481460421,20.33142854201846
53.32013655943469,21.11896293655015
50.7185867139231,23.90084002610365
54.31924083126391,21.14826870326584
51.13820835365897,22.49662707533687
52.54839974550751,16.6413376556593
53.63241494914166,23.46940542050115
53.37407813189795,15.14039846668785
53.88114819155076,23.22606777439847
50.91639015373683,19.52003686350144
49.73166154849473,19.31440344390462
50.83101478177596,15.88634577983841
51.67229112963478,18.16113071120084
54.0304403190538,20.7409505296889
52.09920676709519,15.8445857384022
52.70469058452783,16.10093077843728
50.66479609735464,18.56841035915973
52.36816001043781,19.67566082462795
53.68345177063776,22.70668398452671
50.83801452585973,23.30718009952762
52.99388233270309,17.17487378101244
50.32292534235248,21.34369058917409
52.75199194022441,16.00197954993775
52.07097848023337,22.94668203915121
49.89924376308798,20.71017723258649
53.30565747936228,19.96100915010535
51.69823371864564,16.49437491711828
52.81682335428842,20.83836723484496
53.15545786581409,19.14891301352538
50.90851350068402,15.94344102067456
49.57237944274747,19.29077029384782
53.69273678356465,19.25781434068866
51.88322560338616,16.55004700548378
51.65489912937144,17.83525906813109
51.36463736269892,22.38263913521219
53.33342550968676,18.76747214900373
50.64092882250758,18.29489285120239
53.0388487148516,18.86092441343525
52.40163212827284,18.81556884316402
52.49993258197549,19.22418601191603
52.67444339532452,19.77483529086674
51.05976751234869,20.42684075153231
52.08365395183209,20.88892373657707
54.07262517365468,18.05850583576184
51.06948028940108,22.54884000557463
50.71118845556278,17.75534108245899
52.16667859589454,16.53840727530461
50.65432882169136,19.44546959852566
51.26840155090954,19.67063956329301
52.08696761525304,20.05105677348464
51.85456726471369,17.83679068105307
49.72322521264874,20.6295017053216
53.00616270311333,14.51419419590478
51.10888096049307,20.91087495347531
51.79364970443361,17.75914942113182
51.85346196638829,19.43065124462561
50.97247008238721,17.55374977378331
52.49326047983193,14.93266036005184
50.95893471229561,22.60383610583547
52.68901868223733,19.55143090123242
53.65642106646762,20.57177028630545
52.38548266974559,14.66080210756828
50.92333015201773,21.76822955865453
53.01180436231751,17.00071690649091
52.72169711998843,15.85477953542245
51.60049125400886,23.14025395066231
52.69981639864626,22.66072844953325
52.21509951528665,17.16706882248081
53.61701112735678,20.16758656890145
52.84210826309128,17.07603376630457
52.31912498870019,21.35077408945034
50.38444349444303,18.32763203261313
52.74615201499613,17.85820469754662
49.63386478027218,22.42424354161875
51.24445406081514,23.4321489840268
53.09698643961669,15.46792829842349
51.54016096008569,15.76602098784858
53.91884399017231,22.97879669290917
49.71806872763482,21.04334551220155
50.6802471138432,20.83524242705542
52.64321141108939,21.70444601036902
51.50647391071853,17.8257976890091
50.88465568873622,22.90471993092002
49.9473693008628,21.74932909927209
51.67454590841118,22.15208932262524
52.59866278347526,20.11713159691584
52.99395291800109,22.74006896022211
52.55551474354627,21.45588315043442
53.0986167691004,18.30857406030368
51.92416248581588,17.71622503600531
52.24916835291501,16.14584349974123
53.28419753020862,14.75350596954957
52.0282835360664,22.53953530688986
53.09328230956405,21.79131837430945
51.99427016408536,22.44778250148852
53.48836973006826,21.46353796376185
51.13289636535841,20.62725568480682
51.42703137502352,19.04563376332767
51.45905722510777,16.02578894102356
51.70651242190129,15.75161729096362
52.65131322205472,21.43726213032197
50.01417480289572,20.40381514222529
50.73077619818795,23.45958656553976
51.85753930094962,19.11845000015447
51.12215900859946,18.58911863485267
50.56061018451262,21.67617764424206
52.70007538251483,21.91403598540237
53.24330102771962,17.61202318004581
51.3354283568044,20.33613917363012
51.31790246868134,15.77971537380549
51.01915694418243,19.43284878555149
52.72533557283904,19.89244218931284
53.22059571709154,22.15299931370188
51.29727627292071,20.75429679271015
52.19003186846435,20.42680758325528
50.91751167969318,21.72942056995117
51.2637692708216,23.66319987815265
50.47353668980945,21.62037808700624
51.84440037541553,15.13577532321373
50.0749858421391,22.49916042908361
51.79627389771353,15.85614457892496
54.0897719930109,17.44892845274287
51.6987990693797,23.26082842320535
53.51745988018754,15.4612864557927
51.80197828446114,17.28443325591334
53.99535207396131,23.0946659186224
53.16080418553439,23.83012330823233
51.20013819313071,16.00779842668598
50.94076019309144,19.80144398683264
53.57236620378004,16.89575485006807
52.65012863496116,18.85315107377645
51.37743114366964,16.63085112724669
50.9598511505983,19.34049026546946
52.20599071555187,20.61937667732841
52.65106480245145,19.63303011207987
51.82904238752273,18.8928410808334
53.35781666674941,22.93720628130054
52.3875744625423,17.86841839887899
50.00499821362837,18.62770611142146
53.00006592028453,17.60884479686021
51.82242533660953,20.88157988822536
54.24839604881432,22.20435863092747
51.58065949670129,22.00368809151013
52.67627901481765,18.57287480442059
52.87748111602129,23.28343028997398
51.40809854645691,21.73085768548167
51.86161040671545,18.47778099940551
52.07853185017316,21.71011539047207
52.13800173498195,20.39599070508936
52.3156652313201,16.88251326452975
50.83674830645111,17.90047361282243
53.48242830343224,15.13862669259833
50.41262998333929,19.12946658757561
50.68576552485349,21.05592914099882
50.8796934100192,20.52014353778438
49.72722744325074,22.85227560460675
50.0953096041096,19.04886319733988
51.29943298345265,15.93455513373322
52.01658980212539,18.11120570816049
52.65479252632184,21.52100506949902
52.78765993860623,22.29009637264637
53.3705659515507,15.31294836961629
52.63427374374007,19.64416163154337
53.88033296603937,20.52015944323239
51.69798009634138,16.84689998673523
53.53371236534976,21.48863356074282
51.24583722860974,21.9904144922341
52.79261905157534,19.10207287174045
52.80446680447041,22.39738036020278
49.69019483384062,21.5776880077251
51.04043870500962,17.88002682061234
54.2308370418498,18.64095663778943
52.16472263168918,22.72744616274638
51.31520325995491,21.25597509060907
52.12173353352397,15.26971502227189
51.84935532850352,16.30017215798394
50.65253719782189,16.52220305839796
53.41125124105325,15.11034276546984
53.83417227143449,15.08747289178662
54.01881154702845,22.16951050067209
50.67601258425169,21.79099963305238
53.01840273042541,15.78722887712207
53.47854664011567,16.02288602264912
52.25430765070232,17.20660741117798
50.24892838775465,16.66761327770645
52.83741984016257,18.0220599711304
51.57507197949238,23.03772303156882
51.91896891963179,16.91055503300382
53.6982152356973,20.03194256504199
51.00907610015796,23.705770759963
53.34978729097264,16.15544909366057
51.59887980213615,22.47282109295721
50.27356777916267,18.10752529823631
51.10576531417168,19.79335204955804
50.69685892416886,21.55653067066472
54.18438148439801,21.01525684573214
52.65090042527024,23.60107669580151
51.5351458881177,16.59119068863522
52.55833247494193,21.90760544872964
53.97369169982578,16.45103091526639
51.9945605331058,23.13698723187709
51.73900708091281,19.67824633933832
52.12489837651864,18.08142271717136
51.59175600687998,23.18139235583723
52.1985378549268,16.41838718881782
53.68639819896575,20.07574528881392
51.60634136578832,16.03099721761218
53.80597986185001,21.03468798395085
51.22473015325672,17.81298448145847
51.73020631559921,22.9347416678904
52.33515589539015,15.96653988631797
54.28458168836019,17.62998155217069
53.68662954142381,16.80943590003884
53.84547452317017,20.60265385879691
51.98980873540985,23.26639432854691
53.80446739453484,19.64056931434683
51.03680673073636,19.38902262148623
50.87864512754254,19.70879931703427
51.39266964570189,17.09215234497137
52.43404206461453,18.82793483589458
52.298534663881,21.85686187117761
52.15376481781195,21.18372236044403
53.68845297172501,20.21304806935618
50.61645451830036,20.20016876810753
50.9189565609971,15.47103259483466
51.48294547907096,16.08798487294488
53.71809471477421,15.92569709142754
50.87436563287908,22.47073928839121
50.62720807607789,22.04165430364837
51.41770203341442,17.01937804235056
51.91420116413267,22.84656310463136
53.16765547605848,14.45003221889223
51.44526820616931,21.3349847314724
52.73041441617555,18.29975160591618
52.84405751955079,15.74417913436178
50.74936616218588,18.41448187888799
51.26271753632602,23.66658131074231
51.03677787107405,15.56055437352877
52.79849063511534,18.83815599522985
52.48681464506188,19.67560543375532
52.8264724765598,19.67401756555961
54.20030301127667,22.78590592996364
52.71248064288614,16.30694188529414
50.11408936811003,21.09776869191125
53.00762049099762,21.8181930512371
54.05371994069979,18.10469588776321
52.68108029836154,19.22195113629353
50.75230828946592,20.53978266295285
52.534121071573,21.81599546710495
51.62307622079283,20.94170061424284
51.81162583433577,23.51148203917097
53.1419281724991,18.98682801623244
51.23002723423729,21.8618102566551
53.04447153287769,19.03463873382088
51.38578278610816,17.24811796050127
50.8962813308675,17.85154638246709
53.65160489118642,16.1147174664516
54.05535558480363,21.26342997359383
53.39177303857386,16.33210131818024
51.59427069722307,14.75216717017048
52.29961428875085,17.60462560147388
51.93440468351587,17.7414209996834
53.43636111803422,15.51684916645075
52.7576427351089,18.05645087141986
49.90154464217423,20.56693090264933
52.52049992589514,18.30423382261887
51.69156030495878,19.26061740832672
50.4293971225603,18.3331964454367
51.44882389383456,16.12873052420909
53.49473396399083,21.18066611789526
51.76678468309231,18.47957911799148
51.73284203339946,16.79795382961679
51.4259043120175,16.71894776675489
51.14468767646426,22.81118091612148
51.06358553685842,23.88107720292092
53.28276019391533,23.04415493296176
51.73675055296444,17.52738639894701
50.98358981030125,22.53816906527582
52.17995097636576,19.00969773607415
49.84176295779779,18.75327331461923
51.24658699266011,23.43288693541682
52.01183286154012,17.48765059811475
52.97598430930151,14.40884083766161
53.40516960361062,14.77300365710781
51.4111382353824,17.49043388108471
53.81507269759831,17.86138234210165
52.8007267120971,17.03449133567073
50.95706970837183,20.71505797113645
49.50550452734425,20.89426871701431
52.17030068536705,22.25274568256622
51.30585054595078,16.78682054602964
52.59019512841257,17.88202557823906
52.75942026877384,22.36206074949237
52.53607694598123,20.7004881838821
53.35974020541586,18.32682791570167
51.22617632206825,17.34623840998123
52.80239476615799,18.41257136911203
52.51923231812418,20.54256896489938
51.91549841605352,20.8016264279987
51.26917948829082,20.39293232712063
50.22328061842681,20.99600058230781
52.24212905351143,17.65841707361469
53.06056258814011,17.76912005164508
51.65207904692389,19.08444655693262
51.47180724536716,16.3008336865778
52.04348158223234,22.22581399546544
52.51180957977409,22.41326079251155
53.46796656985678,23.58828830176911
51.52202668139902,21.42228802658069
52.43565415406092,21.415182529803
50.90946949506762,21.44538508645968
53.36946177228416,16.01206708506117
50.48594454847913,18.65805998589546
53.53393046704184,17.51599146575659
52.07125197296217,21.20299249810899
53.41883211088175,23.05603557686162
52.59254196949262,21.62927527271469
51.17680275254845,22.24264464446797
49.98961473291795,18.8922864547568
51.56684125195924,19.39024669402155
51.78461491735754,18.12060895233018
52.91106713026377,14.4677161884538
51.33628597875884,16.41359276145361
52.95809120684269,21.82562997307691
52.35179134241526,14.98576244184181
52.56939633531908,18.93379486841544
53.64162051867301,17.48854776315979
51.95243876745811,17.02720514159652
53.56285635445087,17.86221625569408
50.70887974452554,19.91565911525117
50.66765229597907,21.99493892437848
51.45164491091981,18.91636892913374
52.05517436929156,17.81413375017026
51.28252575865346,15.22854292433725
51.65538300363348,14.7755391374393
53.63227321198,16.72194734607037
53.21272539395834,20.97264559129502
52.19715561092401,17.66626904593307
50.75648570082009,22.38721960037405
50.84294697532186,19.54715587640144
50.86071492799034,16.45839927070109
51.61197646468359,15.55394051278512
52.27858995252047,22.06106489347978
52.42815523136677,23.2915874514895
50.80428015571741,18.06582382298072
53.01937840019875,19.30882716776475
51.06910207274081,15.62300077025728
50.83346381704227,16.65676675238842
51.66828342496473,17.27879713156587
53.98676082068146,21.15293382832208
50.64027694903042,19.79337848084221
52.3290723222273,14.63770457173844
52.93965820062961,21.97044039256475
52.54127789287659,18.49951144846704
50.49250993804982,17.9265145609245
50.54676621879755,23.52652093527949
53.25837663212786,18.62840740832715
51.72650102752244,19.4330484814984
53.54487418231763,19.60982403957926
51.52688426772379,22.06214090832568
50.38736362332495,17.97882372805936
51.20047642056613,19.13415170441485
50.97638524924049,22.18919062843708
51.10123975127573,17.70464523999708
51.01492983192143,16.89356286225136
51.23935722835814,20.90970761171951
54.43653693941235,17.54826684946161
54.20824917143713,20.40692887139087
54.0934928269445,16.0620908592091
50.2576884854001,22.59844153954044
51.86644408951394,16.70218834203164
51.301179308881,20.95633651384706
52.63797832039911,19.60006679779963
50.70289337147673,19.70148837368459
52.78872355325354,21.72943492830858
50.14366342133179,17.95046920819123
52.06477358621346,17.72778214481468
50.7751598941821,16.87323718411239
51.91404314607056,17.28772221029782
50.95500115953718,16.76120507825959
52.34268224830105,17.25573424875444
53.61213890746745,19.74260700494129
50.33130609458371,23.01285634670958
51.50352971243527,23.37513261261962
53.03938626140867,17.82898887198251
51.75684247273266,15.70338498471619
51.97017743182167,19.99051238441933
51.03457333624438,15.21845494652186
52.11304198097432,18.91403407240747
52.09781395029193,18.97455015022448
53.42127390491274,14.92615650693956
50.05835376055759,21.43160297413833
52.87525338433861,18.62926002165617
52.79687179594367,22.18773397994273
50.8500867912209,17.67279497083643
51.45196438582096,22.27511498553941
53.98346370041914,20.64578936206237
51.51692462270829,23.10011750220296
51.02152101233768,15.31760044927348
50.11873261605564,19.00247889933693
51.52573980087886,16.82579254921367
50.90147806461165,19.82291619618725
51.46225369744161,20.41153211023357
50.66515526500243,20.16629318877406
50.00614905811179,20.77875039897794
53.18327817413427,18.6600197236231
49.98928874995813,18.27738451606267
51.87477307831428,22.29824220124127
50.44344697418216,23.79776931855427
53.41285501106766,15.88270878392358
54.4259134093541,17.46768035906252
50.46192584195874,22.53586733329894
51.56918685156249,20.08177867521043
53.01016293542153,17.5589567041364
53.29627888907682,18.98243826623337
54.13564392724489,20.00809075490102
50.4821843363845,23.01383713517762
52.69723933909036,19.96979139560317
53.09194810600992,14.50470080507682
53.18380324891238,19.55458176537491
52.86551373494647,17.09940619207259
52.48580053632178,22.17971063466228
52.0228735395921,19.31502354097901
52.68096210361678,16.71872724931965
53.76283033750114,21.90075589843997
53.64230331960847,17.0407012587253
50.9009936850542,19.39619547359399
53.35396095545392,19.24193568669621
53.19423807222836,20.93595810970066
53.60823453453265,20.3664207205616
51.23666466530275,15.96167084454544
52.97385964722805,22.75729596439066
52.24738211419229,17.47944880111533
52.1829222191536,22.50035992607018
54.18456138852734,21.24537449952714
52.28053669389367,21.74427825320851
50.79356967767782,16.56712586842295
51.82641956878261,15.20336251895779
52.46897266500962,15.65099749001997
50.45923077947587,21.3199451434782
53.91832033014856,14.86356573822582
50.96237410515779,21.2261000465178
51.27976087806318,19.8331192027243
52.71318788554657,16.88263091573725
50.92242388880036,20.0252771904908
52.18034918369118,20.39654265825944
51.08838665904118,19.68656787353191
54.01461138520816,22.86124443107241
53.78256043568391,16.18984058597889
51.70432255553148,15.56869992492395
53.05129937866862,19.59295793119855
50.99473242698603,17.62385225748232
49.91738654992412,21.07489263946049
52.66905959142836,15.01106773272861
53.41436418521868,22.8481081754934
50.47777107374597,22.79868812078249
52.55894790245511,21.18734266591575
53.43280712638781,20.13449535073122
53.23062842007999,17.49408619534449
51.22111432359751,20.37623453947705
51.96208299859479,23.08250520316288
51.4171287629733,21.28025089787744
51.07225861800573,21.7206519248856
53.4414065633481,21.3704378622148
52.8462888614408,15.5531049789246
52.97666973160714,14.22456990397719
51.75614949481821,16.62870298945806
51.85579716508324,18.56116593479983
53.9749382916876,15.70096530636082
51.49787504709816,17.66038277032592
51.76587683955589,18.91880134632895
54.22777085164491,19.45654679453124
52.58993736927341,15.30326319296051
51.02366033670585,22.8483903210147
51.09664854148816,20.04059049303666
52.16863123889955,22.94432651730175
52.55670125332745,16.85850189290959
54.04993261344407,17.21097734234568
50.77870488861622,20.5842585309055
52.57152695819636,18.09178278437392
53.39317762489877,20.21736251184159
50.59360207637945,17.00491837462608
51.99570169866526,21.88765764803129
51.99261083709431,18.53630853448031
53.97362583910169,18.36665369935515
50.8120736496873,17.78414044856887
52.42152443343126,19.48705563266499
52.43305414317087,16.05279365239167
51.68727418142087,18.68872160552832
52.58206281910621,16.30855454959489
52.51575421535619,22.53626514236485
51.96771296512522,21.66120743895977
53.00549426881055,21.30667692587993
51.66326167206448,18.49478040659318
51.14978928244391,18.3746215691417
51.40352072102045,20.5254558688531
51.47394706231471,23.31315849697512
52.58039086668731,20.13636883185274
53.22008999831584,21.53197962275118
52.18854354404789,17.48499397264269
53.87890337574919,14.44679553348634
51.97768083041485,23.66088005621975
51.92725684990571,19.94397920832338
51.82109987881449,19.36902842946695
52.27092578930572,22.14068877999634
53.36799804346768,14.69445528906459
52.152717479564,20.81196221213862
50.88381324911618,20.82660529499677
51.56851915694136,17.13847809997201
51.66867904445981,19.195438124719
50.15153474183087,21.71810189699857
51.05186019058054,16.27742737403139
51.28807084399202,21.08602837385917
53.08636255310424,22.26620644568449
51.19185050783756,16.26819253594884
52.58565684626354,18.27455428474318
51.98703385941332,20.60904701379805
50.17006624017655,21.75986149763601
53.08411430524096,18.22365488470312
51.26577909360903,22.93930379946473
51.14149524887369,16.4038425981918
52.37756698006653,18.67057461316459
50.77920510327827,22.2277395475349
50.56547306618232,20.67534717881178
50.77338328523056,16.80246671975891
52.83610982180474,21.85427847068115
50.77772924932344,15.76383937029326
51.21195330039242,15.43079158955117
50.04914708885805,22.25607153853029
52.01201185136682,19.01588078022225
52.87575081441057,23.83767739249782
51.78426625536684,22.38119357629638
53.88659244674664,19.7024564086763
52.65555624700904,23.19777335008609
50.72509894276714,15.98884654374468
53.4622141026188,22.4964434280772
53.6301016551624,16.50135671113143
53.12474069436263,14.92565233908246
49.92138144547404,19.98224756956607
53.50530888126544,23.50556088769452
51.02248640997623,14.9649261188504
53.51815765076017,18.1878542991448
51.83976949540575,23.22868422724295
53.41124751837728,15.16975315741987
51.59925059706069,15.27297247945535
53.67962835995497,18.19437512740047
52.52048828002649,23.11468897212348
52.14010441264712,16.9522945068131
51.39973908937876,15.39947003170601
53.60664914086396,14.80243796338623
50.8912854283532,21.68106212002876
50.53559514852481,23.84044510750001
52.19813833621102,15.88215204293668
52.34193292354827,23.09785063545067
51.96570736838469,20.67528382970668
52.37747584273101,21.60263081150821
51.89299449211602,19.0794982886327
51.07567030790762,17.8839354988084
52.00751494700034,16.30492674356036
50.21475034818002,22.10756686110284
53.39963209462319,18.99327699647136
51.89110746655502,14.73389605481698
51.88348234221834,20.2713764399017
52.18414630318426,22.15026413975186
51.71405299336007,17.31869374654076
51.42232443753981,22.26185162785807
51.06444900121467,19.10434286356381
50.16252607155039,20.20506369509247
53.03969204395536,23.7771969752192
50.89563907699075,22.87458482047743
51.74013103010319,16.19332759138339
53.08403852523949,21.28074692612562
53.21646699821843,19.00923018606098
52.65695540038337,23.39517707858158
53.84720342831537,19.28539240751725
52.08919413969489,17.92186944608157
50.43137170108158,21.75977056302577
51.40288194709954,16.42382041509309
52.60156265954873,15.692841969414
52.49473074944239,20.66745896908484
51.46463139767221,17.00855072337293
49.55303144187215,21.92516279648076
52.98358219886212,18.96063635305674
53.03306052678925,14.84681815729622
50.77076634480114,15.90072218118224
51.00088617308627,16.11148303698816
49.83813730563949,21.251094991043
52.14900594532998,22.61365668067818
51.64173623390259,17.03094190812998
50.41008954584065,23.25055381672276
50.88009658400456,22.15687737188789
52.62569300765462,22.97694260970048
53.50483662013546,14.74112444003733
51.193155266137,17.85368319722735
51.42713419168152,15.93231058871814
53.37825199778394,14.92055915062491
51.33679392508633,23.52276001711933
52.32678076984735,21.65473423476477
50.49385487529133,22.15856499078363
52.78020670258471,23.11981728955232
53.61793378500178,23.23402753267097
52.40610484588051,21.79604147471161
52.71842187168952,19.04808622742297
53.7273890597981,17.87026384612934
52.37063962422717,16.43442773792517
52.95923417525179,21.60484421085692
50.66257918518905,23.91712407602546
50.8635065109854,23.25904039943697
53.0244647843662,20.17259195240428
52.40201956275267,20.96781648679258
54.31050384960666,22.51229767124024
53.99921720421305,21.45042760793684
51.20929427697806,20.76235384961879
50.74545845859076,23.58237340715133
52.59112475510307,20.16786778612931
50.46759571004326,21.13288842994037
52.23160805484795,20.68420970531027
54.06266636043583,21.0345806205431
53.64199869186102,18.72970916123078
50.00866820224275,20.85759613175333
50.94053016063557,22.01398331079366
50.09034214075825,22.58161106174973
54.32012310226555,22.26740686131856
50.04063000838144,21.40045474923413
50.93701050468334,21.16999215315978
52.73857159580681,23.20946343812598
51.90884184993154,20.15281628025179
51.46475114605186,21.93729093107569
51.35800966346775,17.69020040006157
52.7638347607353,18.32390135379716
51.17870987742192,20.19305741422823
53.13569204832972,21.05885417766273
53.51178066159589,18.32354690197551
50.65873403120463,24.07312250121809
51.27363760341124,16.20325659124354
52.80306558245469,20.73511815809914
52.33436297304284,21.26108487275593
50.15580045559226,16.66257982212851
50.44085056523063,19.40328311441516
50.96089301221631,17.06487685858526
51.04890380779999,16.53585140285086
53.5746454994965,16.07864061543385
52.77784930182898,17.52658139713492
52.26451265744691,18.2758204626209
51.10352542712946,16.44226256632934
50.90650392835193,23.91756280831421
53.35467693764078,21.38733769161207
53.50926581278643,21.2899164261892
53.06328202689728,21.16791301252342
53.82716857513538,22.99668913607728
52.54336949584169,15.99888940974019
53.25504017612312,17.36302983177093
50.96745545289211,23.7521878317418
53.22870079701055,14.65659947678545
52.77095467592684,23.08008188803609
52.05246470580008,15.08279227688552
50.55033204739674,19.73432379507486
49.6406879485438,22.32331859437571
53.26931394167367,16.63923967751181
52.13241495934496,22.8139355917223
53.52982936552495,19.45385955256855
51.83623389910556,16.11891941439713
51.08431837115459,19.51006295332682
53.17602386321661,14.66370496711013
51.52426142457955,14.9181157043183
52.98059948017277,19.78252844395711
52.67539031317416,20.25094834125736
53.43415431895934,19.04847779001829
50.40404229203517,22.70543099395467
50.55859354452156,23.73907495199124
51.29610404045064,16.54396379333382
50.13192404217079,19.95148644267043
51.39901281601381,19.05108854410835
50.14965910473779,22.40964138553028
52.82259883563288,16.40537673845026
50.72450090557373,17.52424576815365
50.94758849268472,23.12599036849227
54.22144853332389,22.95762661221872
51.92541678532111,15.8988375687827
52.67443051183255,21.15669845228055
52.71301106273133,23.55838646022455
51.65898558294594,18.0022803017499
51.1332839924874,18.2654474109521
52.73014363384875,18.17507107412679
51.94185711172049,17.56219065424889
52.0911482198613,23.06614462408624
52.69976132923659,20.31949457858795
51.77882809298169,15.97418306106515
51.13452409046171,15.49694491601874
52.57830135643738,19.49782025645966
53.0227002604194,19.47478991776809
54.11640076791561,15.80539456699761
50.8398221452515,22.75256070672756
53.0790316314265,16.35488273652107
51.09788685520505,19.63010460570757
49.33631486117726,22.23606218485358
52.87219619002178,21.81826495181296
51.57283140970972,20.93777862845785
51.68918316619927,20.85798823386191
51.78979778483263,15.56233327703259
53.799292709307,17.19908089918437
51.32062937102148,15.17210415912575
54.03538838019666,23.28405766764537
53.60716389318613,18.95585438375564
52.71855917819574,22.52994536772729
52.53711234308093,21.21240957649736
51.1126835761117,22.31829969158786
50.98966815265545,20.57442580422717
53.11922499019015,22.42016625751234
52.24593578449061,21.45978651112611
51.78063467931226,16.43877355785269
52.66096796308653,20.43754847193288
49.97122859746887,21.22791836268661
51.2900263025919,22.22568019084974
52.20458952896338,20.06320397322503
52.69888838293073,21.43241878098782
53.73683944826006,23.22525097137196
50.38612568063132,19.33987850016765
53.15425521803332,15.56959249741356
50.80604660786948,16.94018630078468
51.91153508374808,17.41133273491523
52.12262085902548,21.15040420336562
52.51101029020595,21.94899710707498
50.4941732525664,22.23919010466489
52.10210397180884,22.6769935780142
51.181848859722,19.84772181042501
50.96493636354572,18.94493322238351
52.90205199246638,16.29346473563243
52.7923638748124,15.67164534067605
51.68570778313368,15.18150462782003
50.83130665057882,20.68630377529385
51.74573179530459,16.48955731957438
52.81513022839514,21.64816805092068
53.24568140712145,19.92024283500118
53.16813221302624,18.27535575898135
53.02196583759808,18.76521321332469
52.41277829863842,22.6004509782666
51.10154099785185,19.501160371986
52.88996826946597,23.00337549588809
51.17914455028709,19.55927064381207
51.18975952148804,17.16981841629149
52.95985030093557,22.38200186008803
52.20359903588815,16.62651524391628
50.97001215714119,23.04769733551682
51.83595641557466,14.95734527580879
52.36895900545129,17.14616630369278
52.38874796387339,22.87945294013751
50.95629066243083,22.33758204849357
52.49041637082208,23.36876926355847
54.21081344935163,17.23498114924062
52.31262265501363,18.1850830674622
51.53929941758783,22.30679176137353
51.27548176085357,21.86196163224635
53.87679565777641,22.05472738471415
53.70903840658351,19.80457887689309
51.19918543506083,16.9842752291512
51.46397475119215,20.7183141537747
51.89667547338681,22.61149952760213
51.56428401995767,20.21859144298716
49.57326529879048,22.00750515465802
51.37439578308322,22.47709109138953
51.81630990923942,20.88395228273984
50.13803075605171,18.84430976688096
52.40796442049412,18.02322291855755
54.39232037949352,17.16668376924985
52.52029992823918,21.24196150986987
53.63580466729633,20.07079513770852
50.01985775144099,21.36842949207903
51.91943651893551,22.57374683620437
53.07063639664673,15.48969231678685
52.6793623107035,23.10819347217987
51.60398300425052,22.19292150242665
51.37228146000915,15.90726465692245
53.31379357816645,17.64006522960967
53.30779886908142,18.93466589980049
51.67727716738171,22.4297927698541
52.35500561141539,20.81316145775379
51.55908485795207,18.32685354973761
51.00118318493104,21.5350598635736
52.51850838358315,15.42720674849175
51.11723075042121,15.44362128841488
50.60727546681466,20.68327121522084
51.79407553427126,15.31700251447335
51.65026922411376,19.3461088140959
53.26707631684806,17.03896684947118
53.71387932195794,20.03438654391545
50.58299997151833,17.05775842763782
52.33521752145878,14.76871022368885
53.45301305395166,21.21397174966858
52.17284267471197,21.52389819527093
52.09291805271766,14.83315073592475
54.13954569925028,18.20215238330623
52.68883830486167,21.61499707344903
50.73455906541881,17.95448693611464
51.02160805947374,16.85779669116415
51.52059296834956,17.46303287699239
53.00813461712777,17.89740227612813
52.6444878710912,19.81895533340439
52.90674644798206,14.94674623851601
51.06593331447319,22.17245967251334
53.53648327998844,14.46086036960782
53.57892281676107,23.07785124761955
51.27653358824662,16.84057589971145
51.4867799956159,20.54578332906214
51.50300042614189,18.87277315204644
53.17001756597121,18.71304274041323
50.08725600870398,18.62065302623273
51.7160203810324,17.85831961097886
52.00845138802995,20.19962946722045
52.02031807436642,20.62873343006975
50.89925645266166,19.13861467873652
52.05617771183954,16.10393044821539
51.83338827363015,20.87195039166108
50.76518941327146,22.78173067032782
53.05067521400615,14.34594754022116
52.75529531985572,21.36940894420098
50.95522832958736,22.18020431112722
52.69549111237799,19.89272256282525
51.39879262591312,19.94825102863138
52.98613473846437,14.48022955084536
53.84440492621471,19.6359415138345
51.96666552157748,17.89084803754445
52.89422654664111,20.07834062041704
51.94427866929509,22.07738977647614
52.13472409200013,19.90121094088546
51.0552329769012,19.66909204176805
51.00606583352292,20.36636514231646
52.85865414716493,19.76595961352377
52.32696896125,19.28645954153603
52.2854869342597,22.63057533017227
50.496465772224,21.67477809760324
52.21309048690487,21.00676831424013
51.55934158390877,19.31036343881705
50.14176371220628,22.33139777591729
53.13429497203919,20.29306296667611
52.4479996071931,20.18885450936099
51.71425249034388,18.28554718232203
51.97322739419956,19.25263933706366
52.83069508959606,23.33083105732232
51.8226780243583,15.93892388361988
52.82604563015181,22.04524294792412
53.04425796279172,20.63272282668689
52.90110349915788,17.28185911934207
50.41733905447057,20.54133463885755
52.25433100076368,14.84282826595293
53.08433459825437,17.77055238841553
51.59374608424758,15.62911064537381
51.04332911797267,21.70732264256592
53.4648156130403,17.17865923337872
52.17636093362759,20.31741504988898
51.51483009622375,22.55033224509054
53.0075335034005,16.21848907461933
51.86845621642718,19.56810131922525
51.1142182845342,17.33184861073055
50.82762586362455,21.87002301049735
51.40104768399156,21.44327255956987
51.09008459453315,19.59853361564259
51.35215776332713,17.3308540598054
50.793225989695,16.23463548140595
52.17951473872765,20.60917137283869
51.75061444385494,16.34735150410634
53.58596482685964,21.14277160883058
52.80385151943479,21.15566594783617
50.18754972488731,22.42063007250767
52.67771277577307,19.15222711597449
51.5888600642823,23.46343798647873
50.64919612453437,20.90481164273077
50.4313031816061,23.12602816057988
53.09257378307574,14.82682487229449
53.45381593700427,20.84072793732864
53.19408348497416,19.72907462103699
53.42635951314646,20.21222004502327
51.1187219490787,17.71531196029367
51.6630899624708,20.66829678401165
49.60949361416318,21.90455783375746
53.31329444379346,21.38111774625234
53.13380161405514,19.38411438908298
51.35117920077266,19.97861015888637
51.28429044293441,16.72755670205646
51.88841151321318,21.01728491105664
53.41292573693439,20.05819461738362
51.37024630196735,16.81138124924649
51.46293712991843,20.78310046598911
50.80222034131418,19.09647503202079
52.30797788356082,19.6536454573167
49.83084613786821,21.93695178942553
50.39513762031105,17.63567207584802
51.62884460124091,18.5989894365296
51.83586535516062,17.2360020030907
53.05122052139913,22.55494934241362
53.33788407499978,15.24580236240092
52.91606738172548,22.884076751242
51.24294278948216,18.97153413741179
51.75446390106047,16.09883024289244
52.58848625409004,16.07101233708995
53.79274574776618,20.80491363207244
52.1649776376503,19.58781345724545
52.51932285440254,20.88393720825675
50.69048935148603,18.20546735487184
52.6596844786068,21.38452380377288
51.69223375270058,23.4028767041678
51.17590319787705,16.31129908044678
50.57411192003147,18.90754246664557
51.76065258941713,16.60922677377296
53.20734421521752,18.93056086940204
51.2422390466056,21.54497344274829
51.1515773482624,23.02086605763345
51.43217635417298,16.23805219322504
53.08400544018905,17.94641164399939
53.57335665392394,21.27147911657493
51.81263864448673,22.94967442294708
51.57780193462339,21.65576829155328
51.54859656361014,18.77546481388746
53.43462475586813,19.47685262481361
51.93754566382343,17.96707090167202
52.24632462918934,18.04375969939671
51.16532960085216,15.00265952163461
52.41617447984806,16.47975997114869
51.55192031695532,22.28706729129483
51.24206258852013,17.08093660440848
52.641146318079,15.08344045397839
51.58519528452566,18.04504733897648
50.4325008302438,18.46587676592425
49.76007796918211,22.8288193813913
51.06456924870628,22.14062935292816
52.82663237678694,15.25277583140129
51.16727630509889,17.10288498329305
53.35487908439357,20.27548126610679
49.96309919446478,18.9892902556766
53.89332810171002,22.83681891891074
52.23650656838455,18.95216580051018
52.12569214560067,21.83889048369796
51.21070947122485,18.87548120855871
51.31078003979712,17.63340352369078
52.97591545430016,20.81654186962563
50.43144782520623,16.8499731290071
52.15718231806006,21.45085034281191
53.15370491833851,15.88815707060053
51.86000502059808,16.96597911804995
53.88341449105995,19.40396605375909
52.13180617496884,17.47985415031461
49.63963729259679,21.38537271365357
51.78342662934455,17.99617606128595
51.83697405758842,16.34355243923477
50.68575461026968,15.88536253628716
51.55817733584544,22.50056212480433
52.26181623725571,15.56630329794993
51.9068515152697,18.62889719897486
51.9865136871087,15.23185869266334
50.17885754760354,16.56558138178125
52.82381460429622,16.17457765269195
53.65015118576348,23.15512197479671
51.66689452972963,18.09102735594985
52.45194549953906,21.44027865056318
51.30211793236994,22.97606507329975
53.30671521279423,19.08413674902272
51.28444175305707,20.0070425577523
51.66305230263487,15.29238531789136
50.67609424904956,22.63944335897738
50.7144943871551,22.937044809193
50.25024337859367,21.82215526111743
53.00062921101447,16.00064654778742
53.98448144982035,17.32050214552945
52.94924945821502,16.84242918544456
50.76245128879219,16.98266967885318
52.2343330321778,19.30614592425029
50.37915784661809,19.83824405944495
52.14816174250403,19.8267976257127
53.77597947506572,19.24706180291869
51.82990882664297,18.75996519643721
51.57102833353539,17.37300626934575
51.237824636705,21.60458556684122
51.56153149966298,23.37270208682014
52.21246898858523,19.80270987264107
51.35652954220378,18.24163972263455
51.50896462002017,17.13742530838621
52.71517023145476,19.31635125325072
51.29871603550296,16.96951174198887
53.4350064522399,18.9197318616314
52.10800186300369,16.01444637156846
50.85192152116299,15.87053064884456
50.83602345405881,21.2140880565479
53.31107020906448,18.25229468977747
52.34610603005648,16.64095659258267
51.74389447856984,19.94301432758953
52.5348964638793,18.20805340315479
51.10698060327886,22.15925109445522
52.56490159418964,17.53194191452844
51.06467828383616,15.53085029306568
51.52065492445441,15.22594452050713
52.35928347881532,17.56717304037032
50.64803932093394,16.64552195840868
52.62681918464262,15.96218191664472
50.69240555873792,20.57401095846156
51.42911018758851,20.53354222964752
49.92544914407982,21.71545810839631
52.97162194166175,19.26152789158196
54.22177894875332,22.26134772685323
51.48827461158938,16.33014577808234
53.2968806369982,22.3856936737727
51.11832457234745,20.93892321854388
51.00307136310951,16.11888925394032
50.97476915960734,19.87453909887246
52.93509275080969,18.25990077765407
52.45841504798936,21.21977413611745
53.29091536450817,19.72349033971497
52.19193627135572,17.71393692038236
50.79247149403617,22.35019377646575
51.24741376614509,20.3771004403163
53.05321177856583,22.67934445036534
51.63263448966536,19.03350371330773
52.95823464962718,23.41945245979591
50.85749750491198,19.52076868891826
53.52339535891586,23.4148870009916
54.26445076301068,20.12446777663654
53.2656819534554,18.49734866079868
53.85934299308925,20.70527710513085
53.37985260705572,14.69951599842765
51.65416763523407,18.86793549354649
52.98116269066302,18.58717091761427
52.36528005721338,18.56677726961114
50.80346392590927,15.8220761155192
52.28483491789334,17.70668031164474
53.22438364543778,16.54724091795959
52.23002534966258,21.2431470224912
51.59849792592578,14.96874012068561
51.34561640855382,21.85691243247804
50.65325163654586,18.96242803759035
52.55478883297332,17.368206338518
52.67652523065882,19.34101927614949
53.93354778054408,16.11084311439769
53.08339867747836,22.95942231071548
52.7405831645718,14.61503412005508
51.81803765595519,23.40080588276777
53.48205808475561,14.76583639803965
53.43582728187736,16.38569617911244
50.74451550747918,23.09350637644121
52.36347117710899,16.53562056513567
52.06226268963142,22.267599275143
52.82656567224313,21.21944852968507
50.42162484135941,23.83785623663197
53.42489570877228,16.3098437336435
50.80509057961829,21.6759762339579
52.86233330606068,17.39887846928078
51.11507477407424,16.472331277752
53.68815497866699,21.07223445404389
50.00625236694232,19.61290583319686
53.04872567419712,23.12847821028673
51.27796430264995,21.50801292310233
51.4756198014488,17.99088495603077
52.5039097287184,19.53986312606851
51.34817421832113,17.38965626241982
52.86497479075032,23.11653867415457
51.15100204271966,19.23010806118415
53.73814545985243,15.01571604431408
53.09830488150061,20.4817828074612
54.03012605713803,17.49960594527522
51.66139570075079,18.68677887086223
52.10748221812752,14.98855324656132
52.96567081771502,18.12700999808774
53.38650759763804,19.52243171600923
50.38308936471125,21.72172549829043
53.58184810438537,18.64266898229734
54.26153187354286,19.58819277278462
52.17286154845828,16.5783341819645
52.28698667290097,22.12108306634674
53.56098043231365,23.63129936014722
51.90170971645414,15.41007793902835
52.43950451835358,22.8171207870141
52.40014630771329,21.31585204429783
53.17439997684316,19.26914518929766
51.99877327340921,19.38992117620459
53.01217268223434,16.17006640416999
51.66028048901718,17.78434258887031
52.52278740255967,20.24339209728151
51.97341209393984,18.98407434469522
51.06647775323695,17.68072229260628
51.91591807435536,22.61668319022747
54.03111520060036,15.1544298894257
52.88938292535352,17.23833427766397
53.57440723556638,22.60234931685624
50.93904318368195,19.69644338340352
52.37400117493443,19.91823237765136
51.93639998080113,20.8726922794061
51.12207344433779,19.75269984868284
51.87779775451581,21.54496335094759
49.88994450142807,19.93523309174392
51.70193615672341,21.32417138045524
50.72007192106258,19.37599118662907
54.49753954408656,17.77335373890334
50.83828159899821,18.01515744975901
52.58724436669132,16.25673592946798
52.58182946093854,22.93042587570767
52.28164766708784,18.81952921585436
53.10442083731392,19.24308746869028
52.30105092059095,16.21911294002607
53.67397357733125,22.80280054504132
52.3952372893942,20.1142062599954
51.32977836061163,21.36741835815365
49.74991794484519,20.17222800734104
51.21340315716937,18.13416248786919
51.4529192595114,18.86800728971451
51.96773557927863,16.02846686038265
51.37554501540281,17.58302095011544
52.76529263254641,20.62744276343144
53.71766332900924,20.82725410552621
52.70370349900343,18.12624984050992
52.99485956312181,19.59332605576454
53.01017384341221,17.77508680171443
50.94036712946223,18.45507893978013
53.52217366995831,21.67552116141368
51.90776354588661,15.70002984626706
51.63250356646392,18.25090454185253
52.82141602329962,16.82620453176087
50.03660546672079,21.05488074123781
51.28504284791734,16.00260825668735
53.71076158672613,20.45756067106961
52.19237627909193,23.22034022048447
51.1670265480936,18.69993880472954
51.02932277941948,18.07075733173611
50.51506457195746,19.00462786874045
53.3712789072299,15.35741103429853
53.10933013811876,17.21677772042835
53.0693351548375,19.66154488237241
52.4455168193487,15.57599894402308
50.72127326443448,16.37349253432152
50.42401489800363,17.81043785856873
50.92367288828511,23.17940048994889
50.58770700581947,16.78649081795838
50.77552608053394,19.37957149909846
52.7524327295944,17.3917477774243
51.24921745448822,23.09127157098381
52.97986135633077,22.57589698764275
52.43124283072262,22.78866627936031
53.45490199096881,21.04427121499597
51.85717538907731,16.26674574382853
53.34379641670927,21.51434621101585
53.02404179380682,20.04125652868477
52.71026347094159,17.85028450785622
52.86513090936641,14.55678379415282
51.71011125902201,20.68894371741757
53.95249969599507,21.72908650736623
51.71808956206725,21.51659586768454
52.16287241115865,17.96507484244538
51.09658350666472,15.02321568714678
50.23651211248806,16.71581435208207
52.16980790755153,15.50061376587969
50.90635363305163,20.16085617461112
53.06419279609415,20.26346341616672
50.51121083829926,18.35164246938341
50.93960791768004,19.35682304672381
49.84493470639208,20.77105313014494
53.79254160007657,19.83570574129681
51.25945779775231,15.89451659536955
50.86562544352838,22.93995319646042
52.13052718046892,20.19065050913997
50.43093564980696,21.60913997439306
51.12552877760329,21.15478611875741
51.50636035108707,21.43196425242017
51.37462343154314,20.93571323693513
53.2812697045922,22.6973687283661
53.19016945171191,22.63943089409007
53.46443528713736,21.26118810116878
53.28888325081657,23.72398750807939
51.88531059390738,21.3444399779694
54.05023649937571,18.36430700363654
51.38462448260366,19.15191566158346
53.45523045426417,15.33958791470306
51.99281137253522,20.63402943603877
53.10738905941223,19.88780292266037
52.56541946595876,19.59930498521555
50.52198359663925,22.00390387762897
52.0199174370543,22.14686853776023
50.8104413106701,21.41247934934079
52.02209957393512,15.67678766644108
52.17380206376986,16.12710223709896
51.25403254491308,23.31318386809843
52.35252517607606,14.99855176785413
53.0380359108453,22.05643505544932
50.98004483514201,14.95647208529894
49.8360234374827,20.89936013507193
51.2120901257183,23.3437565630361
50.50638419139398,20.08731925915559
50.67582526445772,20.19394095563925
52.92784595136474,22.79421934951068
49.70198512335752,20.75271105717911
52.71834566722109,14.65943989381235
52.91180509334801,16.7511733016937
52.73594945005512,19.71749360927281
50.04618148316242,22.81311210783996
52.52198443444049,21.86879629069795
52.50014420822871,15.95080201055626
50.77886077404723,19.81328554256027
52.31318764046667,22.31298301987816
53.48723151244202,15.25970484692643
51.12123128412156,18.29566411613785
51.95423339531248,16.60342984918572
50.91542668368338,18.81882982547582
50.20320009377382,23.28882313416353
51.25139147420818,19.34140821174283
50.75568464933875,17.17773647635151
53.03396060998369,20.12409150763922
53.43909813613005,21.49980505438714
52.8694775205359,18.61622058251335
53.38612914073079,20.42124032891326
53.86503791368107,22.16293108469389
53.77775628338231,19.81089012924391
52.75534577500564,15.44303974750091
53.5974158458836,18.6784348910167
52.57953258917418,17.55496316574179
53.82182361470374,20.29539149362984
50.67151030916056,22.61449873254796
52.89636798653167,23.12643808985011
52.87365631594139,21.25233363840869
51.87488116521691,17.4254569644424
51.75984916622655,21.06232664391498
51.98790894749894,21.80307503438246
52.52485023402991,15.1342286792685
50.76900240414193,21.45082952166382
52.86860519370703,22.9829872581631
49.47186856500553,22.42534329456929
52.38915977156588,21.67505041563892
52.15522011639521,17.32770381770708
51.32886646151806,16.29377467424119
49.74669811121538,20.51902523470357
50.37634508607611,17.26409291041022
52.1754166728176,21.23527560676617
51.83411595465218,15.01532634084275
52.66147570262833,20.78000031209174
51.14438883962448,19.54289391170754
52.20463462114091,22.78050399381334
50.9789890095079,17.49244490284702
51.07456389752039,16.45546897059236
53.13737245501007,18.90397427352765
51.10624075968814,18.01280886757564
51.01052397296885,15.37118374548136
50.62449923541183,21.66017626058845
51.36917416596187,22.31588834564213
50.04052360355428,22.60771713883516
50.9153095598943,15.89171890221278
53.09197403722383,18.94188441478309
51.38884701982561,20.19792473335119
51.79460684933483,20.75789749733529
50.42227118352209,23.81673265674974
53.85578396025748,20.52875281788171
53.82853088982201,16.75710496721176
50.91225640438066,19.01540192016508
52.99041886307186,14.86675757166818
53.39209812699934,16.57516980808451
54.15534237022752,17.8134888048207
51.77691914990622,23.5493476838949
51.97433104239857,14.72793655802748
51.16525831463183,22.62813631080841
52.56718824581255,22.86755925841802
53.15031638717365,19.50040855059798
49.67204907245749,20.15910339942532
52.23504612621747,20.36892571783112
53.91277954576525,21.19220225334799
52.02504625168859,23.36675706304341
53.84497536528298,18.51832981035308
51.74414020657495,16.57303367843149
53.36092728198113,20.69167577446547
53.52703634942426,18.68123688099454
50.69330481957034,19.80351093655156
51.62534453916033,19.41794398734746
51.36148816833364,15.14713559059673
51.57350710895508,16.33676598522655
52.68016439308788,21.0246955393513
51.97751528590664,16.83313638927298
51.07107784416375,18.92818194513596
50.69115448047171,17.85677878458342
51.59355438689161,16.8264172867435
50.13867333719833,19.87665958576897
51.67204774498552,19.36480254817785
50.83507565544431,19.93943856757882
52.84747709737076,19.38401792677648
52.78260174003092,18.03957662842097
52.48055541013134,21.5312490929718
52.72052719102538,15.43154563596604
53.45512845988544,14.45094324664444
49.98070599707487,20.61678696840321
52.0428705521457,22.10006213602643
54.27417455981613,18.3539900154332
53.22761390349071,15.34275380173913
53.3015233268916,16.0391392036876
51.24262885667018,17.43932121731941
51.15223300387188,18.45647717201403
53.84741947893575,17.82565053314809
52.04059123189293,17.27793366540081
50.72813601615501,17.26669487954477
52.39459584289872,21.24574414197992
50.80249970650895,20.55450466538685
50.78672677360358,16.0558009047192
52.61515729034877,23.39559531532186
52.54505754371183,20.59697393482034
53.35689877981947,15.1309760383632
50.4476261959834,20.47440835512295
51.37902960800322,22.49627960918992
52.83157078400503,15.37663784350907
49.57110267204821,19.16893820588486
52.13397535319371,16.87360389042813
49.94413089826113,22.42477868812231
53.53147239222265,14.37248736654855
52.7026635262681,15.84562809908351
51.12264028443772,20.25842059204168
52.52580622571291,18.73002464092072
51.0536113867241,22.64261659585067
50.61114643454765,16.42562558194595
52.63152704073388,15.39858585105948
50.80911519304762,18.40307957877253
50.43329075669857,23.35648637108653
50.87249066900142,17.22746967268319
53.33140714981047,17.45395362106908
53.30651311842848,17.73746992975312
50.93160577769076,17.70748248478053
51.70280114260215,18.25437556839105
53.21257985160212,18.66674045008645
52.09765634042857,17.5168354348339
53.45288078207807,14.78972935006316
52.65208280205198,17.04636452308293
51.88142686452785,15.03997291478531
50.7575401330943,16.6079565999407
52.38371613090003,20.86608351683021
53.85141702265819,21.25964827394027
53.46408665644691,23.32248045219491
53.88301378815851,19.31127050077426
54.16432934055429,19.26920498669313
53.03201071488198,15.53825613382691
51.8836178658612,22.40491022095105
52.37305405878439,21.94297428340339
52.90442518644866,18.00262829622904
51.36111195698827,21.16664369888106
50.50236464516696,23.14060209926751
51.0193936914889,18.02869731249524
52.70125663809096,14.60710086360668
51.93235892456627,22.12398139675658
54.02550925900885,20.23957144841179
53.77706187052593,16.41187740692902
53.20810328732997,18.37686816858379
53.05710610578925,21.93779507837785
52.19440616409831,23.08843404727409
53.29031367178735,20.23690029986525
51.44037205892018,20.2239328173265
52.4194837730236,17.25586803085919
51.42985769725534,22.15052106748939
52.86842721398487,16.58118369905678
54.22106966554946,19.69545786741123
51.15859433980945,19.09874047606976
50.9994588963538,18.95707920831479
51.59017994684493,22.37625135191581
53.43160262864164,20.8645969564368
52.22714119275744,18.87626808150957
51.83598716583337,15.96384129973778
53.05396971802574,18.16773197657778
51.59630739402857,23.15816126937976
52.56967019093834,17.03009869366514
53.56552245706143,17.36876818565193
53.37086961802056,20.06218909523568
51.05883978583608,15.28252805258096
52.08948400347335,21.31414944913021
53.54234708995654,17.37475043855237
52.88200528471794,18.50166406979158
54.55085191013787,18.51399376467508
50.89174239834225,14.92791658879509
49.45101451083197,22.66432723372459
52.76108222437939,22.14778457096519
52.60649547733555,15.95595527002723
52.30272241198443,18.87629122191024
52.50989261465149,14.9119612868808
53.46448917199417,15.96581336901723
51.45439170242653,17.40505171472736
52.71982152671947,21.28184522374844
52.13686166239513,22.42357725272832
53.44394846823443,23.04331243630567
51.31407134621544,20.91954700439849
50.91363631993147,20.4170151350506
51.6887235156051,15.76572885395073
50.61800535272386,16.71899674327615
53.89747480063325,15.9400446141674
52.92714594325311,15.33537568937453
53.16942949085325,14.79359302205765
52.40241696059617,22.77556497376469
52.07219851036276,22.05954455133699
51.13773047140681,21.52907875853524
51.21849260394664,20.45575219308499
53.0565157373761,20.87292604292417
50.34415192818968,22.26641966929993
52.80063382487419,15.53228980657709
51.1672118079301,15.7751310145974
51.8002503604567,17.62515752774958
53.21860792353468,21.12468180278201
51.66971249758218,23.2576027682643
50.50634371043548,20.5099984875863
52.49178458387253,20.02878642126536
52.21657139394911,16.82269499007876
52.47020310646325,18.55427146614562
51.16701258439211,22.76133089245802
51.06300233831121,19.96328615526659
50.86165113031557,15.34491092734559
50.14139457370294,20.94843425459325
52.75462588859774,21.50709012572226
50.78838141209847,17.04829184583641
53.92178072896522,14.66402826297788
53.57628029786791,19.32965263114239
50.18853421247958,18.9980008410926
53.15819609679799,18.67784173098677
50.78469111871227,23.49979482125218
53.10977108276185,19.53523360036936
53.34361713463768,20.95763363047798
51.58610710644794,23.20520829668148
54.16896281285073,23.322278210152
53.08392120814527,23.17213853552858
51.33002763372544,21.29228222340071
50.80288787232526,20.68862401113042
52.24259108546226,15.02526876070678
52.64746018703683,21.22740761103666
51.81893294943467,22.86108544843502
52.63291336339922,14.78289363607171
51.78204096567855,16.37944979741128
51.51256483865317,20.70086195223487
51.88123125429344,22.23973363642953
54.38145739992547,19.80512430664907
50.55983374861913,22.92381931350053
52.83906338824875,16.35612993752229
51.79901658289391,22.41280057665541
52.04802706283984,21.48249651296505
51.11940927635779,15.63923660480264
52.46975472730396,22.87053056406069
51.86836712860757,22.64611772713974
51.2990143785501,17.8745776484194
51.88565527882967,16.75979817955617
52.16644852954776,17.99790588129368
51.94053015888764,17.21212280331819
51.89904285683958,20.22189037276685
51.13176019792083,18.05655625392489
50.42739192605164,18.1243903452966
53.97535638599863,17.24211431205056
53.27695982407035,17.32058159999777
52.32600110369069,15.32340798580165
53.2155707129894,23.73989929259219
52.72178261329263,22.26063758697584
52.43649092638925,14.78589030301717
50.58811675688697,23.94139479565064
50.5456475216103,18.58997709285754
53.79306527512502,22.75888719476495
52.87448825721071,15.56791178362723
51.43497869898166,23.38072416997183
53.25099961092731,22.98787121355327
53.84994211883863,18.38554939158011
52.96574353205887,21.43191923940362
52.00914601289812,23.34300654688221
54.35925919953317,17.90817771548805
53.14138143035881,17.31363826033162
50.17174556187404,20.85437372172431
53.05048227066568,22.58879848231995
52.77830566088561,17.4477175664344
51.57721938808591,16.76255693338489
51.53813213194898,22.83135792795284
52.13219441211514,18.72428074966189
53.00590154837123,23.67130359800791
52.69368739437908,15.84255760108927
50.87103209378576,21.14200714386459
52.33753854965506,21.06414547698146
54.04413058714314,17.77174014182241
53.14560736340393,15.63814922848418
53.11930691793491,21.08932588404615
51.7357802950558,20.50684639134822
51.03913683957096,19.13411015814005
51.93260682804507,15.70891934904486
51.20539048015014,15.69933148438846
52.923949191098,23.39523674516606
51.92962195750867,20.92643332561976
51.97972367563217,17.38560155586898
50.3012513092843,16.97161477565422
51.46782678371574,20.65630953842087
50.79496996520136,16.34283393882087
49.87856140653506,21.91135439248083
50.35257926594714,21.70830742812968
53.9955485286351,21.92431491734057
50.7708827750324,16.93240284110478
52.11906458418355,15.03155454481933
52.37892386072633,15.12931241268235
53.36781555697898,17.8109231215538
51.54120073219431,15.79474070901629
52.73278506704176,19.93284516960187
52.15787591288213,18.8712420552855
53.21071796980497,17.58981944664558
51.96131974499355,21.92623117574252
52.3723701999539,18.43025683842907
50.67160624898368,21.92223022825981
53.30151380870814,16.41045326524122
50.02220697113273,19.13701833474227
52.30852127625956,20.76989927041024
52.919861725229,16.14737417405793
52.10920657822561,16.02520560127505
51.37219668560044,19.17370366776009
54.17035488155927,15.86824405305684
53.25097157522838,15.54227311157574
53.92104516460537,16.44023229868804
52.43582967287848,20.21222040931552
50.80564249070735,19.52170788172518
52.96248940726698,21.13151807366467
52.07789615108386,15.19755087880429
51.93881061929432,17.82599534768993
51.18356385947078,23.41056355160133
52.40370705195845,19.85061194649793
52.03141427013124,21.19196612336192
52.18006830465276,19.91189323266709
51.88928916200665,22.25632802843761
50.41765760551353,21.1102626673191
51.20052067848941,21.2850852747462
51.94895616824498,20.64533989708455
52.52019152904021,16.27974268192046
52.68979669871441,17.7830324858136
51.53335986748372,16.94087688149538
50.97455665022419,16.13727295846782
51.41377350450673,19.93420659593481
50.69707382619416,23.14803275477481
53.19919785609511,14.80667662006147
51.7432018361416,21.09370234112037
52.87282258598958,14.85272725283871
52.84106037863408,21.03276571696631
53.84153028681953,23.41668931046059
51.35767694403091,20.04498835557554
51.25186366839706,20.45751342254629
53.07505774849878,22.7947781264308
53.10274199594662,19.45161995765455
51.59287117995196,19.53746472354167
50.42845007595924,23.28751953623245
51.00820145035978,15.84499053025763
52.58236381523859,19.44438949706496
53.90690798370311,21.23500918259381
54.01906962614144,18.69239888008278
53.99795054243931,15.14917384591443
53.39041028248599,22.31303005501483
49.94779958882827,18.822758108692
51.21182626581962,19.17178009345734
51.91210161875141,21.90301910204861
54.16044375551704,20.87733463474688
52.49991938281093,21.51407798120032
52.35382720747873,18.7422917786775
51.38831466243109,22.16521851873051
53.74618851418874,15.86421225874004
52.51254788816244,14.65874108560013
52.18206078968613,23.19677080562543
52.40769698848917,18.33928120013889
52.55670046457323,19.03442255608249
50.80911076537204,19.73459791289419
52.74013392988378,16.85751984324518
52.43514941834793,22.86933598946176
51.86036240307773,21.47976903304664
51.35106587713097,18.85307302194838
51.37446970280474,15.55940374978056
53.33000986081564,15.30110748363379
53.48314841945976,15.18495473168776
52.68661638577674,17.44933310925527
53.80670347283314,18.80299390547999
52.66713825635389,18.41747368166346
52.0158940488239,18.80841615855574
52.30532963457502,20.80859416123815
53.92567735986846,19.20390122320156
52.07889177137213,16.76346532245575
51.72297231599861,18.36336311764546
52.81622179013009,23.33900917030609
50.88342892361364,22.82851057850891
50.73892507441371,21.86837158013534
52.22765065071089,19.91182076634847
52.93255368518157,16.99296275484492
51.5441005198928,16.51926684643583
51.31224403473129,15.67731833012458
53.69262751889917,17.09856174846241
52.05656723532896,17.26083153921717
51.46851332630381,20.01843610393768
53.31757632768656,17.42366073939284
52.9235282541554,14.84154567097369
52.36892424001011,18.85411877064458
52.51152027403801,15.55484562848123
53.4108812909976,19.49897358713859
50.63468716451139,19.15509305514388
50.37374121273997,19.62138283606387
51.10234201816462,15.42205193958974
51.99555309485429,19.43760026582154
54.01660552452895,22.81364321930261
52.2467193384084,15.3716476133612
51.60711432175601,16.50229776164865
50.57582531837384,22.35133075936667
52.13557785647491,15.06524018468445
51.0207800687381,23.69269394198312
53.7757195649499,15.50644585928228
50.60462127181909,16.48001729121442
52.41191898974129,19.32281051844103
49.82332007326053,22.41850754001575
53.51767102507973,21.09979208597168
51.34784949103136,21.35042323477868
50.85915539823265,17.27514307989262
51.60215265586805,17.54703519930691
50.75987082531439,20.25150819964809
49.96452411922029,22.26841744789474
50.83380952213863,18.95898391470933
51.54942006040118,17.05467976827972
53.54304366837353,21.06732632237228
52.50087020376378,22.87051012174826
50.71159908447729,18.3163314645538
52.53143885229481,16.31132466272819
51.5059925770645,18.59736716946519
49.75873414941737,22.06356364198716
51.63525097142897,19.11150558188073
51.64318790255123,22.88093617203409
51.62782033027432,20.06179751591377
53.30439278412254,15.76578764306744
52.77748093152682,20.67045313648396
50.8405686271211,23.24074667953004
50.19275795096371,19.49908302788661
52.66238095604568,16.16857613636808
53.00449298990658,18.46565675854589
53.93140980888973,18.64356670309132
53.31926644677969,21.33307452143897
53.54244387211882,17.16931054432825
51.95360947607787,18.27301653036779
51.72002488373879,23.09726170958229
53.65649089733915,20.44564045097468
50.42670904860369,18.51929025142105
52.04336362648132,19.8602487893086
52.93934025711999,20.03518674763882
50.82845473296987,15.7466617139435
53.21801700437597,16.50137200707632
51.30252511344482,18.30241701852234
52.2086276121691,15.33445132730255
50.23715903453945,17.86232949400105
51.59880207203194,21.45255249881414
51.25393489750967,17.29022057063743
53.06588237955155,17.89661027889864
50.89491049419308,20.99028521689463
53.41773606198164,23.19606637620371
52.4324342663373,15.24884211525312
52.05236927724525,18.85911952319109
52.38257659604814,16.2644337896842
51.66354541458838,16.7208795875356
52.83855067225036,16.08890262268943
53.12825330383814,15.72695877133953
51.99493612128708,19.78455625947099
52.13826342529018,23.39573482424933
52.64651801986284,17.52131313018803
52.48266814012638,18.04446984474473
52.3660489319989,14.77701179926579
50.41928752799285,18.17126479267441
51.30734259344462,19.7146420056829
53.02253069814958,20.86178979713691
52.45460838639963,16.09885461258967
53.95297932715784,15.89831178017044
52.73842280962976,19.06127634900773
51.6954249841871,16.97236606900284
52.56590672505701,15.70740242393325
52.86286683294608,23.2486317131701
51.04026760978336,23.41821358539172
53.75209269870007,17.11027629694777
53.27198681897558,21.16408853015458
50.3504904416484,19.08571663400532
52.30430206124976,15.40148089481741
50.2250125678919,18.48079221154112
51.45216398502377,17.81853089334526
50.49346690451608,17.77057005962174
51.42293937701945,18.7750559850812
50.70922755799509,20.85450289625796
51.04865308434825,21.44153548445569
52.46827007483761,21.42287863143481
52.72853287362663,19.381756603682
51.65697109813279,21.66636891037225
54.1028128094229,20.11105519115618
52.6502016510666,16.03717178363888
49.87646488611995,22.00543546362649
52.4764138341365,21.88255982600962
51.21150096602797,15.29248530163448
50.36751335383188,19.94281609968337
52.78772546810184,17.55818169682081
52.07940509659646,17.66698302601139
51.18112353614266,20.53087649497043
52.47476391782399,15.25508270991639
52.39640886288753,16.28592903916811
53.30438386491087,20.47234835854028
51.13242186190421,19.85959741735025
51.71887578517926,22.68978000545822
53.71932876043956,17.3615983369367
49.59688610771637,20.92138223778844
54.20368427934116,17.36656056027656
53.3584698094982,16.39529360102758
50.61748352117528,16.49639318286429
51.96164874260852,19.55980695572003
51.61689967186585,22.2293144976153
50.06517584204521,18.92689442591021
51.51306570156892,18.46206114486496
52.7752811243777,14.36349093775701
51.78625513147712,22.80603108452365
53.32753379580121,21.4142163581346
51.29835515944526,17.53240811369704
49.60042847421439,20.57693697232044
52.94339342478423,18.09862008836474
52.79246411661089,22.70726342425495
52.7784774201569,14.47037256449825
51.83428849420032,15.1428945183434
53.48107490001721,17.20278267178739
53.07144590231101,17.57935034176254
53.65633371059348,21.5595253018548
52.79291375326751,17.12444459055985
51.1336581920959,17.7857142498063
52.23011135076991,21.37293523784731
51.97803537637866,19.88400692753438
52.59082146535597,22.53290642733464
52.37387895019926,22.33173009996976
50.66863905686439,16.83577740855536
52.20025119956771,18.43920600707891
52.39556284729197,19.3370341671531
54.03938086271262,20.65362525637023
53.07474146978213,16.47894757345624
50.37025772195485,20.58396946666947
51.56383099955106,16.8154135632426
50.63994887339486,21.44127228821369
50.49608374954175,21.04480099146654
51.93880263900818,15.8825191588399
53.22427135658253,23.66877286870685
53.37797527066984,17.70129097717601
51.26515251309183,18.98099817138239
52.72603948685729,19.2065554840732
51.42486465634803,18.08680887927716
51.17568166811338,21.43143690876089
52.54587291525323,21.02760704588223
51.11289375469571,17.51253081093949
53.08826540618922,14.90062729976444
52.9003045018019,22.49033628014006
53.29563510546548,15.84739274046858
53.10513725345146,20.00127092227503
50.87657330006002,14.89891893192399
50.24901977292448,22.8260719858711
53.61412268926293,18.09587195933583
50.0170030176057,22.40513790817463
52.85141988091254,22.52904066007375
50.94254593017813,21.54538790005496
53.92647019350255,20.23792468545316
53.71022158417361,22.36590439155117
53.04527114207029,22.16399390335648
53.38821219886309,21.18515594193483
51.7545175259139,17.15273801136092
53.55083766909151,21.71768402594559
50.94670277850726,23.96943306674724
51.34746732343245,15.44070352587659
50.16203850269771,22.36394548828113
53.11630202547596,23.66044616534854
50.47077456199708,17.3163257003955
52.24804816343832,18.80915106188212
52.51500831106723,19.81725349002113
51.88030649827209,17.97923197924091
52.29894927438512,20.18329412448546
53.69210736388297,15.42129231911928
51.36985653283148,16.43697698140375
52.81351735788575,22.56329384581754
52.50842211217093,17.50112113958722
54.23411688590665,17.95719342089486
50.87986147911002,23.93694034249532
52.57450554930666,22.76485198461988
54.49020628880778,17.23659994438821
53.91479506625783,15.21061138736668
52.44977450802368,18.93507173311912
51.44841010362107,19.26488731027237
52.69292164225023,15.30498217092061
51.32516747878865,20.12571151072193
50.311569774463,22.42466509416687
51.76013003964218,15.5151795438268
53.34714499236394,19.98627445206282
51.18757838629871,18.89313088952712
51.53359824014196,23.47811404208836
50.97246210184218,17.214718503588
51.20501821707081,15.39151170929469
51.70671026216525,21.17883249156955
53.42600480192267,18.75946750985524
50.38202705894692,23.20198907471011
54.260626111368,22.76043760890386
52.74971543374237,23.36343585898443
52.50411787430812,19.14299910115855
54.33708812886771,18.82904336969585
51.75116402884427,22.97886373876014
51.66257352044675,23.00720559043481
51.44984042341156,22.18933265701173
50.84663517945356,18.01614344295926
50.57624717401579,16.83803220230964
52.32781587117731,21.19791918896804
52.79721751536599,17.37419180431701
53.66865373234971,20.42518215505486
52.33756413172924,23.06548241142973
52.37948531034279,14.83814362702398
53.77130114618625,20.14392414953631
52.48515075123488,22.22470488823472
51.3227671112749,17.67270116490495
50.005448513708,19.39831877314727
52.60773385753224,19.8464774275944
52.2466021813884,20.70618091824511
51.29157815308833,17.35569299560151
54.13775938600605,22.93108014067035
51.16799446351084,20.72026759981233
52.62849621551297,20.82093885588815
52.99638642576184,20.79887375696847
50.91693501356114,21.91087745291194
50.89040811301561,18.80540033342297
52.82359664660996,23.91495638616509
53.72120159008531,16.65682163167177
51.78628827730331,14.85763089845114
52.22682010688791,23.1848902730533
52.96856487760212,21.90617134922601
50.82588000851887,19.290725762021
50.7318877151444,15.93470028218568
52.9183800801089,17.47710882958699
51.58046632029404,20.96883289173417
52.62176802210175,21.4505952722865
51.40070680611141,15.5191282546917
53.41316405302864,23.5412736767432
51.40257040043921,17.44395914529062
51.7324392127079,22.65258863597366
52.98735995051737,22.3137544815606
50.42808554162242,19.58741509902547
51.38980010001887,22.412494731195
53.62356563092703,18.57892269060896
53.46294340221301,14.38738697685937
50.91135772848105,18.52387878538584
52.42370542178884,16.08516811721923
52.97385553499146,18.1596672896075
52.73522187205228,17.69432887981179
52.05268128988307,22.89604346725938
52.22561027278216,22.06518887617916
52.72187014017251,22.18390655674797
51.36365510374767,23.62128997545991
52.88487812233836,21.93196244230421
53.77300445442211,23.15459098395054
53.50204867475686,20.93479604349243
51.87774060309881,14.79215473554658
52.84902514363002,17.71274417709495
50.87352737412746,22.24819741724811
50.85170802362384,18.28875992590674
53.26374949818136,20.39507574266835
50.63249104462627,20.37104327728238
49.60398208908305,19.32670478763781
51.22941036548512,20.294410320162
54.09055146942504,20.54594740650071
51.98815930886565,23.2100703814916
51.48810407903876,20.77012753970016
51.95399686983585,15.39203393319693
51.06284095288662,18.00735288389304
51.18928518187833,19.45065532648384
51.43375816513629,16.45893892165012
51.16604130789324,22.18287988055932
51.00594401775985,18.21245777294219
51.94635592415118,20.67036065980253
52.07877938242054,16.72096627099868
51.55715701172659,21.04350219630517
50.87094413878565,18.21725982498437
49.95973114902075,21.27133502147288
51.5489639970417,19.8942927897482
50.93005945579947,22.92203982762522
51.92271898366891,16.92665292924088
49.92988307460035,23.05319919449077
51.77319005783004,22.77466937622377
53.44951585237722,17.28189572799311
53.31566488708405,18.03041142901084
51.46357005788806,20.44722812948805
51.72771268169751,18.61406116487308
50.41914141023753,20.35273803148401
51.97816949033777,22.80802587392167
49.75249112443582,18.79842426153342
50.51548358952093,17.49518262660603
53.21075751497989,19.84180550157744
53.02992154373153,21.25452915901446
49.89379481575191,22.8605680100979
53.94378841961469,16.57242335544955
51.56578169726215,16.03774149681764
53.25222898957561,21.5288086431724
50.13750115479905,19.18767239194798
51.62718504534821,18.37794970303852
52.30367455565722,19.14691836682019
52.32834964456455,21.44188320974886
51.7187487333215,16.81649744208497
51.75639812446575,17.084378866027
50.87943097446258,16.22653250369752
50.76180257554194,21.83566075697959
53.94101152740363,18.58880231076487
52.00913880212219,21.17962069361615
50.79805181229297,19.48245775683738
52.50301374971809,16.09150161764106
52.45860035932653,14.65870395602163
53.33808221703492,16.07163573272533
50.4251356362397,20.83791930026208
52.66063884340199,15.06211430446216
52.21248195880167,22.7227662107556
52.23113679493083,19.77885715733979
50.31879136786986,22.63677129769785
49.8963118379361,20.14817003094811
52.25787951653794,18.31937659766918
52.23089729236269,21.93812993890516
51.44387161063103,23.26999520923604
50.34660602897405,17.8883062826024
52.17413334146566,17.0450975940323
50.51565370947534,21.9259797074111
50.43248461748649,22.09419042910001
53.2947511363448,16.53353881912107
51.22206530571594,16.9666997670851
50.89171079531706,16.73474472370521
52.48249818553111,21.96450267180903
53.60475809063733,19.44386418758569
51.53448318818239,20.97280325658668
50.79560349731326,16.07827742880942
52.89788412776312,19.29862476160536
49.80723525242189,20.10224191511072
53.48110348114552,16.72181460161283
53.22752389033072,15.26933065275098
51.06622988866761,22.19290347828044
50.6451263883727,21.51674755489129
52.04231266682266,17.70692848449958
50.31729250098827,23.3470858092837
53.89976532483058,19.91461710938233
54.00621634921196,21.3172003070102
50.72983262013459,17.73762389190923
50.63916528134511,17.38231663370308
53.65465630560779,23.11024163454142
51.78956529870347,18.71743573795123
52.6923648345247,18.42732212790507
51.58826996880116,21.27469680299425
52.82284823663128,23.9159911394103
51.54202090794494,17.78886338348415
51.85301108337371,15.55987688194013
51.88752370874101,18.65819458620243
52.31783079198274,17.87666575878314
53.58415493966908,22.54434409190074
53.44859736973191,17.83680896114404
51.34461608857023,15.71674386294936
52.19736264382176,22.05225674026076
52.5078472872475,23.35127002096377
51.15069183649861,17.58801434918917
52.2082209563453,16.95104349000944
50.90590460716125,19.33942895182805
52.93784966521742,14.91449001323529
50.06232541506566,18.72337513667419
53.31535161370105,19.85162262338222
51.72276065823926,14.87824959287989
53.59445243340801,19.02141320805645
52.54919070789892,22.02249408557465
51.82655766373392,21.33230841176785
51.33271832574416,22.26335167423111
52.18331275584288,18.06841968244436
51.92458911807219,21.48867379707441
53.89212906194949,20.6039671037819
49.88847200954859,21.78932619072438
53.40872061318363,20.88919242564294
52.30086554081083,16.43299256544638
51.56093334239668,23.34040819867317
51.44758834702568,18.48868728681578
52.68597476399997,22.9257977219028
51.67526355021536,19.8277443593108
53.83303059162735,15.29755770958983
53.12895180288947,17.28346523976154
54.06318056261376,17.97537425563551
52.31255310343788,18.5602701107518
53.85650242650004,14.75686238254969
51.08098815234508,19.35616528656357
53.87976459772992,21.07828487210255
51.6626536345989,19.55596406467175
51.21662383121915,19.25493412773645
49.58650573895092,21.2669488512287
53.9254819268921,22.04914410866321
51.37537120595021,20.24818855187455
52.23574169418681,22.23100149764011
51.2993493765554,21.51859387888413
50.5752902398993,21.14567154937446
52.00772150320785,16.50226704500175
51.68679416859633,19.52806814179323
49.65246220768514,19.87684394518948
52.77936917439245,22.61321205545551
53.86101627852209,16.3112927110374
52.42525482363296,20.70487402247593
51.00190491458999,17.61735364092548
52.8169776992057,15.96468266374777
52.55089542751625,22.15411558303285
52.37851683519818,19.86716533460147
52.31564354170362,18.77571309645792
51.6405564060984,20.64054810256881
50.27916543805661,17.50429790535546
53.66106218262293,19.59135568616764
52.51066426276034,15.21500071816829
51.44726617304968,16.89204827305227
51.31516020477579,19.57427503247017
52.57506469198869,17.68864583298557
53.18060341887015,20.18949057532083
52.1185366949881,15.57531449119086
51.21015634749986,15.89420844698571
52.31582014116612,17.21710792046472
50.69292863526712,22.49307742968357
52.84458548706736,22.87657303239063
51.95505313754726,18.14669197251612
51.98996958664937,19.56854007560268
52.10026213046022,15.58176673882693
50.50752490913844,17.01773508028574
49.63661060948493,20.0565994955029
49.53171310703054,18.92145157121972
51.4344460926826,20.56206118144066
53.71460378309471,16.57574870142776
52.37166932781173,20.13299331956013
52.61268219353807,20.78682537268211
50.61283378744979,23.57420519077913
51.95795653990134,18.49596409840484
51.80783823578717,21.58257276686922
51.74361995765066,21.24410350347643
53.40898937113395,16.79371298949994
52.16697457183144,20.28428102731565
50.07300301213836,22.84756727363746
53.22364421855811,20.65115537747428
51.38783292869448,18.61495918788465
52.37499527046745,20.37158939836844
50.60910511399384,17.67425205881051
51.93702418701115,23.61613900790515
51.0658168129422,16.34939404237758
50.28576188463067,18.27643224267575
52.28995261386796,16.40171570487413
51.72600251772058,16.65040947414607
51.14325665756959,20.97199136770033
51.20073984672282,18.77464239136767
50.86263029240936,23.87966809875676
52.95815268261103,16.74805905464357
50.99349331702447,23.27978736491919
54.05529634300344,22.28826953664551
53.40726227468644,18.51604400841027
51.91141694759488,21.77402826626065
54.18616997043606,23.04693629748968
53.89888777306994,22.27561326338939
53.6331249163172,18.09383400871006
50.55374928601393,17.20881534701022
50.42968187716377,17.86859273249324
51.34703402734025,15.3676466513588
52.86730169403319,18.25459298458828
50.77321057125857,22.99123664353239
53.76419870771909,22.02295570913627
53.56261885902517,15.12934299701853
51.79964036848973,15.87843957333652
53.20049005029848,17.91282761885454
53.52698503793999,21.04690938654156
51.15051214256626,22.44010937713325
50.30599011953901,17.90832589169136
53.91138665790179,22.41954473404071
51.60198002862511,16.66709269207576
52.61989411916856,19.17437587685444
51.00383651751956,23.29009823678648
53.86074145092353,22.72342208033056
51.70654122283823,17.69637798957282
50.77564984301286,21.27084961179439
52.21008935852292,22.50967726129492
51.54386745945627,20.02184502130589
53.67968543250629,20.55501731297786
51.90154228408923,15.27529777767699
50.55151159354041,19.22678879824794
51.51152314538768,19.9233564050093
52.54766869053372,18.93887276297238
52.07227340089023,15.91225625915002
52.57576926810622,22.68098874681577
52.74346844857413,18.76432399881519
52.4066634239787,17.21950462306954
52.83143165459567,22.95533114228386
50.35648724332947,17.70439384095053
53.00099316382805,17.05130400011644
51.5767753553731,22.1370162534441
52.03929504649559,21.75124559073208
54.19806567106644,17.48743743226362
51.52542535638655,21.84937822140932
51.96351794084752,16.37950011183899
51.15022727962578,23.58043201510056
53.39300694593089,21.62000840672734
52.92626697377604,18.88884109913851
53.70813288952083,22.67083215850634
52.273686852476,18.66041631015383
52.07157282852435,23.01836135063694
51.53707342179491,22.83041392544647
53.98756786630278,19.00119294773987
51.97091550360371,19.64781453970513
53.01307203780728,20.82104298466075
50.04249362951292,19.59146347358307
52.61717220795064,21.55963022501478
52.40261629981713,17.69824544887178
52.850859627948,20.29109135943408
52.53715868602008,19.88054019476115
52.12409902320979,20.91014014431499
53.45438395484771,17.44659798089242
51.50073104914934,23.14525666443909
51.46896287355465,16.18266122131879
52.04009933028068,15.59311917601654
52.77166118189561,16.78154162008717
51.83963765252527,19.40030497448913
53.16884084590712,23.81001133748523
52.14577554690408,18.15423297260304
51.82191072004056,21.81192919261434
50.19203305535505,16.74096509254897
50.23389476718991,20.20653946994267
51.08464426951646,15.72456197008359
53.5983244192387,22.27879507919056
50.90181473089103,18.99743821379345
52.64332076264046,16.19969730965038
51.5594517856704,16.90014822220221
52.51353850261421,21.44987389335478
50.08558057355658,21.11699592321566
52.36794974756252,16.48904617797074
52.74982313213395,14.88888618907814
51.60325608795291,22.0662104751967
51.60069452845742,19.82148256233946
53.02119553292911,22.62068080424194
52.40814418439481,16.2399153296247
53.11254185517148,23.03098954545028
49.43510684278874,20.02254647655647
53.32463729051788,17.7173287822801
53.7139776782608,16.85105827381466
51.81958079679046,17.34613510503743
53.36270329320774,18.5418397090446
52.42290678092996,15.71363373981132
52.42021233879852,16.77297005600909
53.63751700236187,21.09943435249543
52.01743544816963,16.95011914041461
49.62495993046563,21.98027344077159
54.09845191724294,18.99886200001875
51.9249726151266,20.28343952637146
52.65035037938054,18.51844209757073
51.80286144712045,16.93813396649683
53.89738727271398,20.33591188258165
49.85835281973478,20.92706146384347
51.47404879331295,19.88633454814757
51.79556037946585,20.95128446708047
50.85332879449717,23.77332011041051
51.56591407124223,19.74670381022011
52.51358329234053,20.34059676567052
49.77081841951723,19.99253212935189
53.06951109965972,21.67245821454961
51.7006129239797,22.21557325006598
52.58034314561782,17.42401194108983
50.42758937004832,20.56391119876633
52.30274899436407,21.76274431671073
53.03015750829925,21.15689370973578
54.03441150430859,17.93960499991608
52.61068888349567,17.9058687542381
50.75486527353249,21.75697619407162
53.73888897616137,20.98462528640878
51.0938697320912,20.66565586293566
53.64528333581907,14.62976310868144
52.48192421989368,15.55098555159045
50.30099625265925,20.66572203620883
50.41408403720914,22.92210853954884
50.95862039021424,20.24874514372293
49.79064640528318,20.83960240854778
51.92129703116269,19.30392547468403
52.50824649537087,21.41085161847954
52.18600743820291,22.58454532191616
52.97897564432217,19.9927506821579
54.09087612925342,19.51489298229432
52.10218356684786,21.77098244062206
53.33158775875594,15.4363662691072
50.32841780784944,23.34516337060679
52.63990607875132,21.62251983993496
51.24946909106347,17.66746575383983
50.33276221313387,22.85685349240686
52.74785810026185,18.63540791843445
52.76961606893811,18.34902710020708
51.69824260617331,22.34617042767249
53.5914404975459,18.03259375468411
50.6829833309027,21.1822918662647
50.85895439153948,20.03885128576884
51.72186253616096,15.37689338143738
53.61698753602533,22.0577629887617
51.78320994082042,23.07048564905848
51.99570476685258,17.69943573300251
50.80350751931101,17.89871332920206
53.00258893215437,22.95955963508338
50.95118222258576,18.48326268176701
53.08434015470279,21.36255381369921
50.85097354135218,18.44996341233445
52.45656762013547,18.81250628096791
50.1085747624395,19.30972562977505
52.06859195358336,23.55926220912326
54.28130014034553,18.49747068406134
53.71314027713346,18.24586316653607
51.36698946418328,20.44027819537417
52.72300952681807,18.49383836785946
52.40242039425651,16.66860855083167
51.1698784510716,23.32314224569148
51.64364929679245,19.82602038956161
51.77425191143923,22.29547572829257
53.28078520347756,19.21826202620602
49.54006861418103,19.83232402729839
51.90735407255455,20.65339912336272
52.59035279815709,15.31612003356872
49.77296139333823,20.55398788067858
53.03691569486099,17.69794335101034
52.34618738661534,15.2641601170306
51.92215736905238,17.62888159142516
52.10265830626663,19.66004991607545
51.96958955446469,19.11255699348881
52.3464262685987,22.82952457490359
54.13998875311053,15.27701910233112
52.13988599750707,21.25884366788718
50.5995126248041,20.86270949754596
52.52530284433004,21.38115842622002
51.56472210028777,19.52598263928758
54.05309591076989,22.62755247706664
51.2144868963204,15.56776232120838
50.48967131503828,23.22650389680053
53.63867218732026,22.70589426613216
52.52193152324825,15.24323560112237
53.0217878168839,20.99251170355512
50.89438540442464,19.27238992415689
51.80554280718201,21.19448794103983
50.98224557752017,21.08250009011265
51.94044133961123,20.26421075885538
51.27309706380654,19.40645613279165
52.94332439351536,20.79631952825329
50.87774488666653,16.35799769776494
51.58831497401656,17.64682115228672
51.6218110919264,23.33904902730062
52.35230027942249,17.83665276590404
54.16071887796394,18.70974138256669
50.77647758802776,17.36007871056061
51.9123083729826,15.04686107009474
50.35839244051903,16.88982980012924
50.55571359444455,16.64996085032438
52.26011938539492,19.79076686637206
51.02325524866416,23.68994792613255
51.96395596775176,14.99196657818982
51.7199487583264,21.51332051305515
51.94323433677232,22.72640292821904
53.11872685895542,16.77261862078125
50.74397606227987,18.85542835920332
51.96913778175363,20.41570341667211
49.76580618634444,21.0378767621716
52.02384201870788,21.41906385240632
51.41651527770642,22.70994648746439
51.36305777568561,16.31524401713856
51.63519180495506,20.53541280468179
50.58691314055346,21.30760501640035
49.8324580188563,20.69534858685475
53.52452070689882,20.96626805337451
53.7851633917774,17.07046673983891
52.98750253882456,21.88423921301259
53.33214824834541,21.1965827611959
51.66714579323877,21.83191612537421
51.39093707930295,21.26221073167134
50.94938891005646,21.76324666150887
54.08948556153054,20.36519168739964
52.29368157659047,20.79978543028045
51.51776530261765,17.16544331988307
52.55207171657544,21.59219283659909
50.93697765368591,23.31811093902841
50.84958795591503,16.54880638316437
49.53251415769076,19.61940677357832
50.15340713304943,20.25330675792675
51.33391100887332,19.0816221614153
52.94899393364419,23.5904656510969
51.03209948631604,23.26865944505993
50.20568705297711,19.30396682041495
52.82860873689626,16.97652152305773
52.13351548105049,18.25088692829881
50.60420699970867,22.36027876671614
51.81554171780422,16.70808547181624
52.25476302669671,21.17231187909994
51.07145326018848,19.26618995027803
52.22897611088936,21.95556756187123
51.7594370821093,17.93075540540636
52.97510171854776,22.54267598562748
50.97154643626317,16.31167607052463
53.61739469677359,14.5306749875041
52.2745672293217,18.73433175182554
51.42336393211789,15.45228408594344
53.20503574640156,22.05049902848142
53.28012910247135,19.43301603114647
52.57506706218569,17.74995509993004
50.55510699091668,19.57238822617125
51.39135655657039,15.96533538294812
53.9155060740034,15.00659617234226
52.17957755576239,19.36257040068704
51.79789338511693,14.83888120084766
50.88193306189115,24.07756911015444
52.1219133442284,20.37529957071149
51.74308181786608,23.37633176411961
51.56304940774685,16.94522919756669
53.20022529435936,14.51220912349908
52.23485889206577,18.05355339796733
50.17422843422652,18.9488132913657
52.02209027164464,20.4394649381016
52.43135581658413,15.4391892494905
51.02758241330758,18.40778595686026
53.44528910248069,16.84151923305453
52.71231298341706,19.50308095625383
53.51107703277324,15.03721473528976
53.6927536011829,19.70511484554932
52.56753016619142,20.58481860857908
52.71178362753268,17.37370365909733
49.88447957771186,20.96414338022244
53.07382158552304,15.44269348946142
52.34941978036021,19.13062501765344
50.32106190081919,22.7271578178252
51.45444076110837,18.31155865861778
50.48164923427711,20.96092161329072
50.47566971001906,19.2069608606894
54.31362779599925,20.93399528081775
53.34292599221161,14.47865311420473
50.87379167380801,22.34960163102738
51.09714912895586,18.90378198713981
53.48032256719738,18.93653808131256
52.14920631777716,20.37692975776187
50.8844812945882,20.08834742506601
53.10969886587131,23.75871973641607
52.59599996839912,15.5161443640216
53.18903923122059,20.48428263432752
53.20408655795573,15.70260923220364
51.88915009407517,19.21685835810901
50.32396033482653,18.20590868979677
53.39964522960848,18.64839737218742
50.85623944277343,16.50113409329943
51.12014074228485,17.16212775089799
54.13194432693926,15.41055477030101
53.64798695213517,17.77271932848021
52.17620667992053,19.27697461362187
53.17269600489062,15.30972548775679
52.78767450773998,17.29399585431918
53.84216188189553,18.30126730696009
51.62254848335022,18.29912278929076
53.04959098636491,17.25687854123521
53.54993758130813,18.23296762611947
52.46794299381106,18.01445254526326
51.95759820618053,21.15161792617872
51.10099462029196,17.34396923803143
52.99952027486503,15.94515096453088
51.12198029963929,17.88007863547129
53.47754948809465,19.06970010733846
52.31050685299561,16.24743192852599
49.80888143746658,19.19935861259235
51.42999551032708,23.389817843614
51.82497751909172,17.77525810030482
53.03317454396604,15.82773876984171
51.49171082789464,18.5703532765717
53.08329154470313,17.30829926447369
52.13867006762784,21.80684409457758
52.12503629202239,23.37390376680763
53.5833245754618,21.84847694551251
53.35911809336666,17.30203083859652
53.96734655891318,20.98304806187493
51.97010793471409,21.31659867363538
53.93842921558971,19.41215491416475
52.21089800654239,17.85714546009576
52.97331909035407,15.42579953840938
52.98629374108635,20.75507026723573
52.5856212949646,16.60135635513013
53.07002754760575,21.24599213524252
54.21403598522603,22.17456494139785
51.42254145399954,20.58659004143997
51.90060233455787,20.78701747643004
49.80755749301559,20.43123880838358
50.57280117754423,23.17047524949764
53.09829324936783,16.04289131834487
51.78314954564501,18.82319004237524
54.16498330768286,20.74763909807909
50.42743360615574,23.46680329350054
50.01684067315254,21.15616036403685
53.27725071514673,22.83209299429511
51.77549071220307,20.97043443671411
50.23359880254799,22.96885890980888
51.25712002917895,18.10331949924135
52.49401507400844,18.16006327582167
51.73161442856127,19.68654657463813
51.59269803378702,17.0347506310029
52.39485122856876,22.26736061935157
52.43262545864956,16.80583379265102
53.60536063767456,22.92613433380621
49.98673177278393,22.54673036947318
50.96066105868538,19.20622232438293
53.53269477932132,23.63340102010953
53.16488940640399,17.50817057983573
53.49902137659156,21.96290861366882
49.91000657149404,20.65639862770168
51.61839673685706,21.62344874883995
53.05923954386201,17.17617239381618
51.94102231746275,16.66798269297481
52.80786352790854,18.02359661228872
50.81141520036184,21.54436403137238
51.17704228541445,17.05567630742597
52.86495597401471,19.84915337714394
52.23075749736137,22.40827597427614
51.18749424398072,17.4319828972654
51.66301391947599,20.13025064485824
50.87402852296991,17.57480147034685
52.28766957657866,18.48091177570492
49.72347636536824,21.82125724619594
52.57925827246048,21.6795674524691
51.27864152419345,15.69395101548209
51.9206877744993,15.88540256047393
53.74283644399948,23.09574450337981
50.6220003144106,20.85353870626115
52.19900780294147,23.16940384733267
52.15864755848676,14.90415579377432
53.12565391669456,23.82549759224081
52.3136544000275,16.73768029658328
52.30396287749734,19.57178765225983
52.69702353822556,22.81370803149498
50.9985490267908,18.74309120494502
50.86598171962657,18.13507212734611
51.96191128248233,15.44446460411922
52.18169811217908,21.93988978308515
51.4793957133626,15.62055594030008
51.47017666500915,17.5099688320005
49.73015720018339,20.35855466573973
52.98303861525692,23.21470379584292
52.74377185884529,20.22184233088737
52.66683131269217,21.93051255071944
50.76995551185337,18.31493418506452
53.23619129976688,21.38567705406071
52.54310279112524,19.0586518872974
50.97470505183207,20.73545401558927
52.48931888986999,15.67283356399452
52.34853584204929,20.72720365112241
51.57916051911241,17.06165848029686
53.15566642282707,17.68897389954752
53.60977126537455,21.36911683387743
52.77733823190364,18.00232387980627
51.12193091031791,16.56249438250061
51.63804228404489,23.40842390883864
51.73095713585995,20.28440632967897
50.3481194480084,21.71311566298975
52.07168269568898,22.10620409702783
54.30908036670134,22.39931655298228
53.06106812364824,14.36181215444974
50.05698472717075,20.73768524186896
52.209085426027,18.33129533198354
53.23903306725509,19.8681765132111
52.30276897539456,16.0864160314883
51.55218589939161,18.63740645894029
50.41831334356034,23.59303439007275
51.68021933783791,14.97040659858179
51.58619479492843,20.36063023991772
52.87340047024264,14.50603522217159
50.92484282018475,23.99684063028174
52.43141780388919,16.59494967843576
53.92041132667035,19.81446060883172
52.8660241942282,18.03897956693261
51.7986943342057,17.68108831704935
53.11883645648111,19.92276378359133
50.8240791456816,22.77505198514799
51.33611438588112,19.71472520471059
53.06993462162436,15.85385458960595
51.31962986273957,16.60187887099266
50.55568015118197,22.36396930362561
53.19139793509635,17.14344858939087
51.68858000397216,22.74180497446876
52.84141071508127,18.67107080307465
51.02394709899551,23.68917606850903
53.39419257348632,21.7526324704176
51.81805222907138,18.03802547121813
51.74494976805351,23.01277914404105
53.15758283147471,19.42715108634252
52.2687378039729,18.57530081018709
50.17771229054951,17.99949865415545
50.00236464534755,20.43549255224037
51.19215355807421,17.11553858453296
50.01942218006211,22.27267917106159
50.92136455956683,16.7558759684092
51.98944545045573,17.40787852697401
52.00139927089611,20.71307572287751
53.65786136679507,23.01394923884399
52.8933341038861,23.82755831763203
51.03527594404922,18.22827416066936
50.17369560449287,18.69095690047122
51.12742649543345,19.34507103896136
52.03066920630331,23.31165290634555
52.48361234690118,19.93765281646345
52.86387497858993,16.0986208231307
50.0957486433804,21.62900546268398
50.42583027679229,21.73916855708293
53.3697622880625,16.89995599092462
51.15953043269275,15.13763179299961
51.61536153602823,21.35278001209945
54.01415942120027,14.85644125039429
50.31732165431475,19.92731663591637
51.80087120211927,18.32522768050132
52.16247252980206,18.7429571601366
51.3635870284746,19.13454295462378
51.65976591448381,15.3310013165872
53.22555262873413,18.75243642598984
52.87796231412772,20.23755545992642
52.04320679406543,21.08129332122505
53.78562874288178,16.76227550631324
52.76220141585651,19.09100475079918
52.50673327546516,21.45852235802306
52.27100384220005,17.45535718285382
51.11752317593523,17.8033019705506
52.66969904054107,14.46119489388094
49.94768291544436,20.63383371880306
50.87572610761153,21.91360684776883
52.09846214858577,15.11699918018341
51.48977427603214,18.62022347653097
51.31394021613912,23.62317575579623
52.46215385310294,17.85464888980518
51.26063203356368,18.60294019286945
53.04758015098708,20.28222113984816
50.77607147537377,17.78913898287768
53.1717217458861,18.78228828151171
50.57290138894302,21.49331836944
53.31365884495553,16.43402891549487
51.6359793889233,21.12089402790438
50.31813208665665,17.9755524906836
52.25668098744936,20.00516205446675
53.06405598332602,17.34679393081827
52.16480364472557,17.91810014028342
53.35923480913718,20.48743733209782
50.73501301169748,19.63097883045492
51.0985501604507,18.85438741592047
52.70059818518243,17.07296071935151
51.92968545095088,20.02763678280938
52.98759213382947,20.3875335180164
51.11504774083094,20.04556962885871
51.14103713935998,23.80849276004355
52.84668665171531,14.78650389796406
51.4240385486068,18.91032449658214
51.61290603892959,21.19200534390649
54.09868930223085,18.43691901105075
50.947205526467,16.99365365836741
50.62240502523371,22.955168261496
53.75758617234408,23.12817206150392
51.67778445510399,15.74101797884413
50.90788623364985,18.44226632934498
50.10961983078892,19.6360790898054
51.78552120786047,21.55986091332745
49.86306695271055,19.12837520078265
50.87137638460976,18.77940762495882
50.12029049600145,20.97215895814604
53.43930448018506,23.6013205286556
53.04156272195839,20.74598576909219
54.3372609659355,20.88326188898026
50.0664222326998,22.63426876196816
50.89122166314209,16.17490693245912
52.07915277292517,18.30734041356848
51.67472585656395,22.03287497713054
52.56414924373222,22.6021331690681
50.9069120396363,19.56013182853646
51.55765875061409,14.7185035142052
54.0182075481952,22.51159289535362
54.17308133086441,17.88770395273921
49.96065578242489,20.58478167861678
53.3278493669926,15.2190275317671
52.37692930947671,19.71023778939739
52.9800976257611,15.17715043524146
51.99110483883027,15.0542585608391
51.33734387495737,23.50813032519795
52.88026264378011,16.95596258130712
53.44140061884219,19.90624790082906
50.86832726540186,23.77266783327678
51.11928711706386,16.11929216338193
50.91288789033525,16.58491058647525
51.87817228228916,18.41525439926749
51.04500025015127,23.04056280408181
53.31243461518357,20.75242734412739
51.79309841364542,16.90808953075331
53.24215505024934,21.39447972820737
51.53193059598183,17.96955225711099
51.64830891959294,22.79311318266476
51.65234164505504,21.29778117036883
53.20986785914862,19.57620656482981
50.8866931668032,22.29039938185576
52.5909992181262,15.64471451946325
50.7202139117386,17.17394171792295
52.22712300855695,22.28024308824984
52.89771402073112,20.97912345817038
52.84727766422591,14.57550066916854
51.45283606657061,23.50773554718414
54.05930323305297,18.67161075739785
53.08414169907935,21.84557555601203
52.35743141297944,19.38150293115437
52.63150216669612,15.73953893048086
50.24044147076759,22.6422291588396
52.84282154370199,15.82807126008511
52.90506374844111,14.50946604360925
52.82520894412856,21.0033541254516
51.53254637962345,18.52857352536028
52.84847499697266,19.07564929597286
52.1392989992523,18.94578384717971
51.05913879567996,20.96731875979203
50.6808793491079,16.87417968285769
51.90314881596505,21.35491656442472
52.82548675791922,20.78886479806815
51.02606575255444,20.35292677396291
52.18845066630688,15.32164788672403
51.12661114415673,15.601934762745
52.74073229122286,20.43618597807874
51.37704738439312,23.65991028903395
52.86195482481401,22.48215846578647
51.31509465101153,20.57838003519025
52.92826811865217,23.68538118900695
51.22681927443515,18.59147810474844
52.04655040764187,19.25052293082305
51.76112528148131,20.85308180827588
53.75964745037192,21.38163300209441
52.88524780924322,15.18675760426616
50.52289207734261,17.26852711154097
51.96827105416176,15.71468990091512
52.38669185544082,21.30047643694012
53.19875412215234,18.20904062160471
51.64971314615117,20.46265687526299
52.09717573867085,18.41934180928621
51.76857064751011,16.73052618258136
52.93087287923399,20.63369701745181
52.62802167445467,15.46389942591403
51.11131330308554,23.82899687533978
53.80116565011885,15.53584512975431
52.11806174626644,18.60997103622887
53.03390123927802,20.89103145599835
52.86258771036242,22.8865374252125
52.71583519402949,20.63753065650281
53.35183904364221,20.70341133313493
53.62649053772343,16.97385422223872
53.32965331897758,18.70066765285141
52.67108483861799,19.61351068641436
53.23023376179922,19.6003845081096
52.92203789864686,19.92149973050713
50.90093829965618,21.78793700214376
51.51820459629578,18.97290800519449
50.90120591274145,19.47667938061138
51.49760969240607,23.16688593046343
53.01332018056722,19.79366730967923
53.28433277505071,18.95417226658855
52.77945441345277,15.58769383422086
53.37466352396611,20.18032588160133
51.59954804498732,21.29472009913627
51.33648221333263,18.05868110932889
51.34708468618658,18.89790276316067
51.99112003631348,21.24725280838321
50.65678153377144,17.43828503966092
50.11297752374144,19.0720576925445
50.46101832508653,19.98983485796129
53.48960144629864,19.31301582327435
49.7188455889931,20.47102713542735
50.27124477663962,21.16467969684416
51.79324702577883,20.39300137948688
50.91274876721809,17.83419305840427
51.88839964046706,19.00606634948548
52.02157036725711,15.86121569837207
52.15570651414394,17.35972718504772
54.08796345339799,23.30156294297498
52.83050359795944,16.17501820149322
51.07062250661663,16.1177368880306
51.59969670278441,15.53787542649305
53.62035906999846,21.25614391605901
50.45942548009561,21.66923980156235
53.33366860543538,22.7751141066095
52.34831636712296,20.59626896225236
52.79255211688024,23.33117625410003
52.52491144939131,21.01659967343333
51.80317007028763,18.82810232537299
53.1727607329355,18.37516145390414
50.47238967770075,18.22973162694314
52.1020416386604,16.85821489724722
53.51842980030732,22.85273620562808
50.02185844415436,23.0413496235869
53.85124373742202,21.23625149217371
52.6002206491767,20.06427484976931
52.33100897074986,18.12009905746904
52.17144146192006,15.20857227962749
51.27239443463845,20.10967266433415
53.85394616016755,19.72047330100939
53.38134428964946,22.84430852026415
52.44655348486884,22.37030915387291
54.25693687236851,22.66496726028748
53.48611251719927,19.99141890383425
53.54008884880556,17.38122724078461
52.01359266726641,22.09414302212635
50.44120005206101,18.28872743708774
52.29198322909526,19.88347878226772
51.1666968267972,21.62284309007658
51.53577444822922,18.39648667348917
52.24757424668322,18.38147879074938
52.77724335115098,17.78715604794596
53.93520330051794,15.44531133124788
51.30406716002429,18.59599986227578
53.11151521072983,20.99405899801382
53.1275129533787,15.05149682357025
51.83124056272666,18.41464790387558
52.35014103957508,18.66169189548032
53.13625710914633,23.54316651777103
52.46247134752718,17.37829906882496
51.5914825029051,23.19689283985915
52.7765377489016,22.81509591300117
54.24433058176404,16.70559632948913
54.12586359094291,17.00672975807633
53.12241190203905,23.04660984059301
51.12051388989396,22.98597115959095
52.85901533617234,16.93153190187655
51.73218887036465,17.35135487943618
51.86402194161154,22.33875074264171
51.83968063124538,16.8990440751627
53.0631217103988,22.28547564975158
51.23594662915424,22.9214969748127
53.41415454336399,23.67084393450144
50.74349483760845,18.67639175055259
52.02271474861944,21.55974197603658
50.70708570514976,17.85450105418624
51.65078664025474,15.42984443542002
52.94659379374116,23.26870011487152
50.7903969830112,17.7538067752264
51.05608478612618,16.73640390906144
54.15257709224761,17.04211961146452
53.33117627210218,19.81749841564307
50.42453665087005,21.9083873648793
52.4322787850546,16.24780465903451
53.90640378998324,18.95855761122004
51.1489722450715,22.42137115187026
53.17590934189153,19.18253185282194
50.76292377068912,16.77153750067765
51.84508346326291,19.29170096884008
52.03366227094126,21.93163369906379
52.81513028646881,19.55651540998483
50.76189520617879,22.96581196895502
52.37356677351355,20.36161315858606
50.32635593816629,19.31907756600637
53.58447149864701,20.05045445018585
51.10473484617255,15.19329638419166
51.71839325266664,21.63687103035668
53.08284290252092,19.13158292936259
49.79687703616295,20.36646425823997
54.03219702199124,17.38171174996037
52.01831134948301,20.59241476024373
52.4838499213317,22.01696868000005
53.81215054954944,20.91655395608831
51.9893670355579,15.97078098193766
51.7425548366385,17.02024820454039
51.46450214181293,20.83770233995695
50.66620101498075,22.85352065676497
51.34800526406423,22.04501436848404
52.63889809813786,20.50680917653047
53.38379956279395,22.58415137202799
50.98819355578764,21.67884517888472
49.59323967950794,19.24579595479792
53.45175965894565,22.43074515094322
52.90437406379778,15.76785117902766
51.42545352303096,16.30294214688783
51.51419032804095,19.83153745114985
51.45546384163939,20.38387537711051
53.28172720150052,20.62795634128557
51.60360871226885,21.58808233081623
50.93497911008325,17.68113790491634
51.03960421111204,18.16792030686592
49.92685751475848,21.93128920240843
51.95827206156103,20.00851873577114
52.61640534862807,14.80198742128857
52.11902703673001,20.07852656776283
51.92111171344216,14.91499821316944
50.50741910180807,18.76205404092724
51.49840062838653,14.94726960835287
52.88644966832444,20.7383387858144
54.17298348380982,19.019129513451
52.31939666563286,16.67629415894758
50.80840680551285,23.69464444666681
51.55159367652872,20.1845026476988
50.45764282512578,17.20938385179621
52.33827698318736,19.87519167861845
52.95778463518599,23.63060966961495
53.36702073638961,14.82710159984824
54.21288246422943,17.30826336692224
50.96291077313538,22.59952065264049
53.61304779734935,17.11737765968753
54.2121862001733,17.53592903889595
52.04569188583801,20.2933237991048
52.24261733078644,15.5691840081617
52.7669353843721,15.77177264870431
52.85043686810336,14.70767569207848
51.84349837145591,23.59607139857586
52.71249848211198,16.51602020820287
51.73922351361951,19.6740439401734
52.20911032885357,15.33413219629498
50.33101394091182,17.81450335843358
51.18522502089111,22.29445385371547
52.67412255532344,18.23214972646495
50.26681643536144,21.64173306696618
51.35897975293707,20.5675299275793
51.95259726184223,20.21464494736729
52.84988146888139,22.66010692102089
51.13630387531911,20.01088090755064
52.65059870177289,19.76037552767939
51.795275084631,22.03305662302027
53.71311988076043,15.26171910522331
50.4434275152287,19.05713266733679
51.79826640882282,14.75160580878694
51.92516821835214,22.44651909040141
51.03167275105478,21.54611726033777
49.31900043603232,22.31972652450842
50.94256295169293,17.07047654290413
51.5468742573667,21.00448833625247
52.56915297612582,20.10803903479058
52.78280424129467,23.53754432260953
52.20971609246423,16.19356220358095
52.97713167814611,23.40769498029158
53.40054104051115,16.65964289739616
51.48911425056343,19.72874583179384
50.83905843941508,17.29787971957925
53.00549709614674,23.22709409629783
52.89835215910587,19.21718309544986
51.4135679176774,22.20249154609834
51.25720417586911,15.59950887475934
52.01919533428823,16.52686651366509
53.72114395737274,17.07748692721973
52.62546719332374,18.09567814102704
52.14498915445269,15.57094048427715
50.51321864797571,19.77387179421587
54.09432856301801,21.73145063166345
52.62553533594446,17.55230002797537
53.5516282719492,18.28543541373046
52.25871070938781,16.87188199662924
54.27343769318949,19.30090742870423
50.37950835483174,20.95494393444395
52.98176291620248,15.82238013421913
52.09065946874096,22.85963855781576
50.92279729919466,15.97173360318437
52.71475291091477,16.82948303999788
54.00875058713898,14.80292614062974
52.31209245533145,22.65842524145994
52.84470614729987,22.10066836505212
52.98335411772642,15.47798945046359
53.36219249274222,21.68954868511473
53.22137675295176,19.4365664972865
50.82068815320643,16.84300583865964
52.64091966282623,15.80076374300259
53.0983516363065,19.03486946595712
52.55061422204533,20.80896006045295
52.5238589454211,22.21201360067007
51.21047565307911,15.96898804683986
54.11261193976317,16.50502649825512
52.93573727251071,22.23079776446592
53.02279763387348,15.66360014993752
51.28421380316846,16.0339846204005
51.2402712624427,16.17735102581056
52.51685382367974,18.7784226719914
50.82401998266555,18.17698679243592
53.33413516181803,21.49839761701334
52.30609096115839,17.97792677386216
51.22839725156183,18.37565663982774
53.81726881724973,19.17906042810697
51.51897157827539,20.65179381801311
53.60764538304742,16.73460607423426
51.4304022929182,17.82076134000257
52.44586884756178,18.51332052918627
53.91917928297747,22.17536754690306
51.6522346407856,19.42765723511515
51.86728548159088,15.83577535843996
53.16434077968146,18.06027721644641
54.75177863100344,18.53199558092946
49.57300721380236,21.8740272795571
49.57001414756776,20.75535772105137
50.20799915145276,18.5327001025837
50.56307767765473,22.10220275377098
50.39959916240706,22.09794301359465
53.81671413362125,17.11037519994674
52.40745103807804,16.05873885258455
51.67334957859679,23.44250447656024
53.84425928300779,21.86145993431884
53.89672997949495,22.77161071292084
49.99128402503732,19.10953116990243
53.49901198553805,20.78943901226267
51.35516581210472,22.84835139662043
51.63330074221501,17.29314738638076
53.63480932422475,20.75605850010238
52.72324576324313,23.18002824245801
53.66834512116422,16.69465357514679
51.75125072550529,15.82091634318583
52.497156592182,20.3972407802978
50.08077041330782,21.80616052169976
51.26268541597405,23.25909145189919
52.30046751141077,21.33694035311894
52.06800668712408,19.44099857532159
53.17746482547419,17.66678233604778
50.91856525911075,20.49311636892502
53.59202076465547,14.99019569598528
52.93974227159144,21.71046340579855
52.35583478246852,17.99482072718464
52.57967583495118,18.88434029938481
51.79796947367075,18.11345801259142
53.41936084620556,19.57467523299262
53.41277652247071,20.26781575954288
53.99162908231858,18.09706564302478
51.24876998384499,21.49934758294774
52.2990591516068,21.51005467869053
51.12434214069768,18.65777692541307
52.40757649042031,18.54665273041196
52.44102458721123,15.21441015507672
52.05174030838808,21.9965031740855
52.28600179868945,22.72807452812349
52.9660060220276,15.71999117915382
51.50422759827578,18.24936186822815
53.0241646305366,22.95634390743675
52.66078806494483,17.98243468572445
50.9933520306576,16.64572800273767
50.05235285548006,21.0081421363507
52.70209303506495,21.52256825949828
51.46233673367189,22.51600789810155
52.73029221028196,14.68998866944922
52.10827048850818,22.36051744438736
52.73369984419256,18.65373627449177
51.89085027090049,14.69185867345015
53.58769527573578,23.59153826742623
52.26094192729905,20.77765102342221
49.92468074328569,18.92962209329496
53.7567469641066,15.5148673476517
51.2019785140908,22.75052998530725
49.62999298305684,19.82749029306363
52.71701930662924,17.80048403581923
52.91449391820217,15.02736553955701
52.37379034565908,21.9919724247851
51.90703842231864,22.50497691799295
51.20548900765427,22.14468255453218
51.19904354793562,20.72990965073792
54.15317232836841,22.3184359378555
51.2291765161487,18.99060758803027
49.80111270379867,19.32397994392526
53.53390037945717,22.31969803533731
51.41554337033721,22.99726322652972
53.6737972131619,18.11037250032603
53.78853014969693,18.73825311051235
51.96074080488464,19.12623730031084
51.55947041563976,21.97521804684073
51.7502746695493,17.20136461784611
51.92519823730969,16.67166874641425
51.14538066983482,19.32391773640737
51.413699650399,17.97282701670242
53.56511578913154,19.16842320331697
54.27635638603063,16.77988268136845
50.7583127548032,18.01880523050654
51.44289730963884,20.42175343685583
53.58863188946803,18.60138732035993
52.37007126147953,23.24114109889489
53.41002529666265,16.00722762627333
52.2287325762022,14.83944964257585
54.29851948587173,19.62555681981748
51.88249220994928,21.627585296686
53.21500565680598,23.06075410277477
52.22006641367104,23.09855296542197
50.60630379490672,21.98025039804007
52.2681032508771,23.16951671177485
52.71109106894072,19.99230049628965
53.21909812042932,18.53072441638865
52.90765034508846,21.34434055121686
53.20783946914491,19.26190658846333
54.17008069540517,18.86715034253608
52.68486310149815,17.22684242559476
50.01962671706289,17.84815345602306
53.83639979735115,20.00085696935208
52.67325318378976,22.61861569362336
54.31681655974537,19.77027664126679
52.22403290205052,22.7493987373423
53.05105260928135,18.77050375743357
51.8104986237953,16.75938864492263
50.99585244811584,22.22255004365666
51.77859055470009,18.46304978029525
53.53215687106443,19.31725899431045
51.42267179299467,17.59705310556005
51.44334944044307,17.89979861926855
53.1608279848666,19.02219619298065
52.55197966779559,15.82583489628092
52.30079231521517,15.56635091026006
51.81233870132903,22.04903568015961
52.55195322365159,23.25897801243372
51.18166400861355,16.70339308938837
52.42154541437538,19.61555121690644
52.28149522347847,18.6034702337453
52.57187072355833,16.48921417162842
53.12290783687375,21.59108097568003
53.27243212796658,23.73223992103257
51.68793683818012,18.48730891005691
52.43021460910528,20.29392375041693
53.12319045095344,17.96231331547722
52.78394743612476,17.8139421716038
50.78168558512567,21.05981847259477
50.092087619234,18.48401065963419
52.85170856274028,23.82345075358995
52.77884239155175,18.07541431422602
51.92985382864899,22.65377323172558
51.16265486087071,19.25000670896014
52.95001953124222,18.73456671193131
54.24180164318582,23.03656204743517
53.47744515650751,21.94086122529273
51.50209445866997,21.57059899836058
51.30890753396812,19.80881063010012
52.98368083262095,19.71338309546893
51.05485675545667,15.50097649738166
50.64165126880378,23.44688235879396
51.29835634109001,18.68455356852198
53.43291370356692,20.38387365020251
51.46173207831239,20.56489218697164
51.05819376444141,16.18548269050216
53.61129031389973,21.12768416658209
52.93930603682689,14.19933417414537
52.55264588398738,19.99262066053261
50.63548452862083,16.05424791096308
52.05349504913671,15.60043697614457
52.83069124534223,20.64931299756879
50.8370550067797,20.91625832574965
52.17502981251034,15.24225074683966
52.05206245435371,21.00757328082039
51.55031114327899,22.37404607308303
50.64334209126197,23.20109078964714
51.78273937507602,15.48942640951679
49.89563986490841,21.73621927177852
52.44256373746462,19.76038839346317
51.97566879856411,23.4957241398657
52.74847687249766,21.9104562478563
52.42727328868462,15.38686212229562
49.77324981603949,19.08829219506944
49.73619125796292,22.62053916585575
50.50775681223163,22.97324899239908
51.49457694841019,18.13999064967434
52.42443517825467,16.48888309385537
50.73589230185623,18.3812859177954
51.07729067660331,20.5516467070058
50.82452482163662,22.77301887882444
52.57850992778929,18.13878336328405
52.07258830259477,20.29807735420761
52.82332265487532,14.72643832305438
50.60411686976631,22.67711163107069
53.44417369060299,22.1409159503541
52.82880945087393,14.36849968900741
50.77644327978812,18.20563947265214
51.77929206452086,23.2047589807407
50.06973210698466,19.70502701843573
52.51240775666567,20.08331591966591
52.81867618060812,17.35845859321262
53.31267926619724,16.1682532684035
53.17756295286411,18.99622157811804
53.25336631118314,21.04474311975515
51.7629266440326,18.70473613264916
52.44316590692539,21.27856641510221
52.67819423620967,21.35322751945151
52.41879931890421,22.94230026161513
52.53109155175066,20.66896105485344
53.61329378035544,20.85691750584323
50.56289246646086,21.88689988560999
53.64385695923414,17.56028080704699
50.42793216706889,23.15161285866855
52.80050731215888,15.21881780008753
50.46936261016271,17.81720604499789
52.57736309050429,16.15470106318662
50.33124052932568,22.45910042033474
51.74548770317238,22.12787093884332
50.46416049421396,19.9476519686178
51.62259750483086,21.07484106927481
50.32911629823653,23.55625090837972
50.9432869856011,19.30744527313064
54.1216191090041,21.54325851705667
52.72502404324417,23.0878588270796
53.29338060225218,23.29264003810669
52.63574960924831,22.37521700747322
53.79947252633895,15.95591311998451
52.43975813629388,23.16330909910836
52.57366311392615,18.37977940654653
52.83348307885398,20.95259383380651
50.49073387456112,18.11983689778953
51.59357069769835,15.3554327019772
52.82595385497444,19.88562389149759
50.63604402545359,19.3311237172855
51.19425436590036,17.08389544377452
50.33780128044747,21.36920034563192
53.2048565948088,22.84035090021143
52.78496264622765,22.42393610100089
53.41416614729783,19.23874923004468
51.67095508763167,16.69527392522433
53.69074018164224,22.11453717935803
50.78537979079992,16.47018007056912
52.05252997738987,21.32736580703887
52.8927882523814,18.60535067629917
54.70247759077986,17.9429401494376
53.48677452365568,20.86919610888428
52.49249179862443,15.76902493546598
52.54066519362654,15.22924137808088
53.01111172067675,21.46860056892289
50.65619475890401,23.50831503012269
53.1168467140096,19.48319341894258
51.92307811002515,19.59383025113285
53.47684566184405,19.00585843275319
50.86618233296211,21.96341935102947
53.36973619545892,17.76768486814943
49.82493028389454,20.05309687801759
53.48772081922019,16.8675906422257
52.50644080369065,14.82806145716705
50.61692742521443,16.93580786901139
50.17627301197506,21.26254224695909
51.37061459325433,21.0693299249842
53.71578878259982,20.40581509885211
51.85699183129866,14.71660878087535
53.20010523623858,17.97824618682752
52.05303127665612,15.87097130790122
52.7617037055564,18.74278254969553
51.1485989207285,18.82804879882418
51.7444223642096,14.89815209114857
53.04454043203411,22.63895761377748
52.95955684906244,21.19415887575103
51.60042373915964,20.04558671061364
53.2965201081743,17.30187822336044
54.1721591357092,22.30515797769671
50.70487329410803,21.50915744938627
51.79967779525185,17.41097422790474
53.29884109633021,15.75797666398983
53.01392521172654,22.19054686044434
52.09559266911561,21.13171047965561
53.70171255234969,19.47819867367189
52.72416446690051,14.955643688504
49.8859930652206,20.4111321019496
51.95654627290505,19.27080839908468
52.03013819333337,22.19555841649666
51.09610174498766,18.29602285698828
50.5953418225954,23.28173352793718
52.80560672520309,17.41009099344663
52.93156387008305,15.28620777158842
53.10444196988571,22.02717018342582
51.92812756124029,16.19583673737693
52.28071140718595,16.20593227463791
51.78738061246497,19.96190465954134
53.18199755639285,14.83355001706425
53.60953213093543,19.66062584049245
49.82291018364914,22.76650464557621
51.23527358571286,19.9400776732616
53.69912618626417,19.1241155138699
53.16583608313439,17.81332402062014
50.73977530865966,19.70926276565289
52.66829648887025,16.81898173882213
50.99709275553229,19.07174257157358
52.79250347379971,15.61794728099192
54.26626119800935,17.21596633209957
52.35746856923266,15.83903741766082
52.15683919458239,15.14730171706124
51.24739926343702,16.96759726928023
52.25994632132782,15.82740392288996
52.24916622140577,19.49374958729188
51.77387359203998,22.49033873722375
51.72643778755075,22.83671478705971
49.80497285661773,22.81017791621273
52.88113447081178,17.03365046711415
52.2957462294027,21.64188277371652
51.21585135802457,18.4850312142075
53.13392963951809,15.84932895592669
52.65074435259633,17.20976802893292
53.23300032859846,17.36594259911893
54.10081404485878,20.45606971597081
51.00306720389975,22.17170180770924
50.96380213965074,21.73497206669574
50.368498435145,21.13528965958112
51.83624924121235,18.58714344148453
51.2952096207828,21.43907546363871
52.98748215820643,23.40694583132886
53.42406995452767,17.51859064836219
50.56745819736273,23.43118054697775
50.75329139391868,17.03948936017107
50.59670293827553,22.37544839914397
50.3575819347879,21.18876659300412
51.4549353594896,19.08226224544532
51.03662203322114,21.91408035353916
53.0355037465674,15.26001417312573
52.35011948217812,16.85327399861169
51.68742014074427,21.49781759531218
50.79762440407914,17.55248659264783
51.07381910980425,21.93760863802322
51.71812176116605,17.12158074667815
50.28087555986848,21.86744932220046
51.94852550448895,23.03514972027564
53.19910999596766,22.944424975445
50.81589402733904,17.58055654751555
51.25721981357729,17.57054258914085
51.93104170971804,16.53665962686992
51.86417949577509,20.52692324098383
54.60934276813366,17.23822639350389
54.24270657269776,21.51461496901937
50.72618379006423,17.65993809711845
53.08621684166874,20.45996518759052
50.50104580348491,18.92188345409621
51.95819886410901,20.59426943400027
50.31826478239905,18.42973795317668
53.55851271617868,17.2081323374904
53.85212070840685,16.07418120507618
53.41304516932063,21.51116055692598
52.0848678828396,23.60588170720591
52.81678665651671,23.49895752561051
54.30299905104187,19.71368622903451
50.86755537564296,16.12387220399084
51.09719159545839,18.05446585508919
53.18238497095953,18.5224156682668
53.65396026721587,16.95008693595161
52.8875860714534,21.08632641416367
52.82326625485405,16.25004657301062
51.91176092087854,17.25229821774291
52.52427598139236,22.30104449213784
53.84158686268458,17.4061696017069
51.02016665678021,15.58143287713809
53.87996516626676,15.97005489224154
52.03809611195108,23.2112485290406
50.71374699442631,17.28603611047726
51.10379542647244,22.16417449948629
52.25083610961426,22.88256635053997
50.70123923877499,22.49337508987582
54.07889419551214,15.00259238880336
52.67701106691579,22.27461182366101
50.12648374554039,20.70179005289676
51.63027785055996,21.17730038162459
53.85767418054913,20.50144517579305
52.24212364545251,18.53198602720685
53.32881313123321,23.45860829333049
52.55972177430184,16.80324501168734
53.31272583753841,20.12385774079052
54.19674307004853,16.02662490662077
52.2249174248371,20.12647941837094
51.53946172884451,20.50183944135548
53.84989885454078,22.89425853447903
50.3907309199747,17.85520542600052
52.71803880722653,17.57741566597317
53.51604483380884,17.74723839287316
50.13935804152454,19.07777235288132
52.6971567409873,20.66239928506343
52.84555898516251,17.27945835822254
50.76931080703828,19.77733947048405
52.84666431919932,21.46405156263315
53.40102837762617,22.81825244513586
54.09880639263012,15.51185049484595
50.61774016128694,22.78068034144105
51.96345219415159,22.39434205866093
52.25663866641698,17.906827087246
52.91593195119031,16.78529211613173
53.08803848814722,19.89904328339261
54.06010249250969,15.53451447408162
51.85782965983039,19.25462230439569
52.83646825169125,15.27670747494233
51.79372541638056,18.37102159679155
53.36626014748433,15.58672841075281
53.88880474884847,20.25092004164988
51.49957873186254,16.0686206368811
53.90895050764239,15.6917558745093
52.60171452066515,18.16850401694291
50.39507567652952,21.80333547523584
51.84688971686436,21.10574138467696
53.88642438110767,15.8734057161547
52.11411292803991,19.57197324635471
52.64950536658939,23.11587603550702
51.39156035514019,21.33083416848507
53.42143866882413,20.17456500927932
50.70362911319686,18.58356059033053
53.72049526092552,19.02234155757564
51.93849949313065,16.28742322604865
53.09347367891341,21.3854262014077
52.64465849284071,20.10915833950763
51.91903848561887,15.95604952904048
49.91822287339811,22.41458000388397
51.1757196257617,18.36202659157185
50.21009822577219,22.02424302259548
50.38278864121184,18.45198986454998
50.86871405817659,17.18462119057547
53.71473478573355,16.44207573316498
51.31705325733321,17.5582901927391
53.77639004629507,20.36548714990303
52.09315796391137,15.06945910924439
52.57472256354799,18.24591103293318
50.73120572036639,20.24129031657008
50.60919757136229,20.59904855612796
53.88139794609284,21.19707447443853
51.17427971778149,15.807154180105
51.71085431433463,18.21256873021452
53.77260217765967,21.53216032226831
53.49763991934525,22.88044053619441
51.51827312944361,21.16385892424549
52.24936538393581,18.17271711442527
53.02656695639436,16.9210738749842
52.01649697552397,15.07143650702509
51.06144035879853,16.83350264784608
50.59970814617499,17.85604863670747
52.62086544975201,21.77095586911361
52.62577613165754,22.9513620032783
53.52227973986857,17.77014488469645
50.99638437478437,22.83777392851197
51.33127758677934,15.82906756629142
52.5334364487897,17.91841243879671
53.09480373853342,19.6446860864352
50.3705334412187,17.53613726735996
50.54619765478677,21.44219235411978
51.67697324740761,20.95230039525701
51.36399749836664,16.04766509310962
53.46457711011853,18.54395636434883
51.67052300617117,20.0887037381621
52.53499531771556,15.9662440057171
52.80360045568711,23.30625715078285
51.97265266938744,21.10152285016774
50.38219066727446,19.14958022706708
53.3748844884077,21.72737697998708
50.10696318497139,22.67624681899032
52.6486078954961,23.03336872113736
51.09406876424035,19.20333377430459
51.90679494432185,18.84722313842632
51.57031221267039,21.4953892693687
52.45389607501152,19.02260130300472
52.46288510345619,22.7981353388391
50.86923050118178,17.94082846035814
52.79631043704801,18.62895442091034
53.66766415990341,16.33973938668807
49.71888040759199,19.99936400934206
52.30405418116651,19.30261199834396
50.97257662232105,17.87625429557795
52.03194202642139,15.73932664869087
52.792189491298,18.79799644138986
52.00596192876098,15.27325085440525
53.33840634145673,17.88289298010988
52.22580074432765,23.07199978295025
52.30501530229402,19.43864541294222
50.74268740370597,16.44450187182793
53.30703455801237,15.1058158898091
50.50981267948174,17.11212429727449
51.78335070540243,16.13712064430131
52.71406416614928,21.20001808289165
50.95836017797374,17.34019705615897
52.73248332379377,21.80802375260464
52.57890998313624,17.98490257138576
50.6836122212665,16.37706018654291
52.82529928574843,18.76860981511881
51.43892136815631,20.91079234344964
51.35705380963036,19.70785655506517
51.42167988320525,20.02387065806112
51.78740488537657,14.79627589601673
52.36212721136739,16.06546254701068
51.22635850935004,15.4565260475188
53.05216964807098,20.65995494770197
53.53010812805323,19.11075554271446
53.30428545667498,15.76480389609553
52.09227456573363,23.14583542517011
49.6926123519435,21.91912919527604
51.15971041070202,17.70617123436581
53.76640193891028,17.02016823250252
52.4771272916871,18.8740426994259
52.21090411477284,15.41131211752747
51.17892043626406,20.32853929000184
50.72266675136951,21.53923509950145
52.4677262327458,22.74931819134197
51.44718798327754,22.53161549631983
51.69067669091685,17.58531645681848
51.97631661675766,19.45895535802969
53.53687440533332,17.08786451805215
50.50414724785047,18.98834881463407
53.51734505946401,14.59326967714501
50.58821202683177,23.4704522178071
51.50369215600151,20.88363602013881
53.50676073237675,20.58468704763296
52.35045867367376,19.45577259222901
52.7025562651011,20.96561256474259
51.56638674493467,18.27767753021391
51.30399665745539,22.81813561094185
52.99855652635832,16.48778504829358
51.62632945246364,21.30651636787766
50.57751346417912,22.14663825241852
52.06699254836229,17.06954481067003
51.76574156274867,21.71527889041158
52.0411645107227,16.03855682766629
52.57763580031032,16.65407609441047
50.78379644811556,16.26037366925753
52.11183427069766,17.97435490103751
52.12288765991947,20.25561640124563
50.95957954049494,21.01154463250546
51.64268314676735,20.51513497970381
51.25834947041156,16.36424023680361
53.13112795361921,21.26970542717963
51.42959884629641,16.48880304135486
50.22131341585447,20.59092154582158
50.85557195449018,24.01884939007042
51.53224181456496,20.41566239697408
49.80863065009087,21.74853842105553
51.70730096450509,20.82884197813348
53.44698389330967,19.56678708625311
51.85906722695629,20.79381967348293
51.69025360604579,20.72107908589141
50.80212555818694,22.81667369764184
52.64346430921221,18.15152309051232
51.38131682876272,20.32961456361693
52.49788854164355,18.93331795082255
52.8443376344246,14.36241915209793
50.89348607968198,21.20507346158067
52.7983984890292,21.20357869408202
52.34729242147016,15.56362621290203
49.62940574278866,21.50068704880706
51.51909951146066,20.01092790046684
52.55382564034615,22.91116497599936
54.22684938864617,23.16146412269944
54.29806920017777,17.60399638448273
52.31556379823889,15.86707407152623
51.49921770689584,16.55722398773015
51.57294472145067,16.42220428473759
52.1270730325104,14.85980650887619
52.50947282954623,15.01290285049738
52.60415646939862,17.48647345703256
52.62165855852422,20.18045508805647
52.470258717423,15.39712578211802
51.5655141700229,20.4796360233244
51.77584864566418,18.26133207918707
52.36868629745537,23.15449839612709
53.79053994080842,19.56679729131255
50.97285065456636,22.40482838217249
50.28187935993589,21.45402231874782
52.10329926436085,18.5272630052367
51.86337742824589,19.89623159110525
52.52618299381496,16.37514288986531
53.18915721310476,21.53013105220484
52.09761946510724,18.89982242764406
51.50380862171566,23.37557477893736
51.04922900212336,20.40863126570016
51.50594469863258,17.5859515998601
51.94056816406976,18.51381041297894
52.55533547555829,19.65104649113312
51.11446570559634,19.57306365239443
53.39803083071206,16.4111918914592
50.17437318919483,22.94747071847048
52.29254683094302,17.64837235861263
52.77396808835465,17.10048115321244
51.73258058931315,20.75328183215053
52.75427219066663,17.33452842303761
50.28275339668271,22.62737880301582
51.92033145918118,21.11158802312762
52.33448675955024,18.54521662324848
51.86813101999676,20.6104770236011
52.77684077780072,18.98476045295001
54.12004860682924,16.00866869324908
50.44511526514747,17.44287098777961
51.68967448493918,15.42654655348573
50.20172527990114,20.127197901297
53.16291125128077,17.92097196061869
52.49168233075914,17.67865649095451
54.04979841906862,21.08859167473563
53.18255489617645,20.88916882156476
51.99453708323717,17.50258288131235
50.65954110668113,23.35546264868854
52.42882542425365,15.61265964764682
51.43614268220153,17.98178786086865
53.9970088015703,18.44645338782481
50.11003361332278,21.39716691299773
53.068850769839,16.19867509744892
50.59046089261396,21.39236365580362
50.70772320927423,16.11041830184579
52.75769607227788,19.70606023415305
51.4368141172991,15.0598913609234
50.87290236142103,19.27067526402878
51.54765975788452,21.492377177647
51.72695746163661,18.81471549391769
52.05320243003707,19.2022136415519
50.64620869331458,20.82536799902287
51.95619328176947,20.16834751269984
50.94826447238434,16.90813854054984
52.13098562986762,16.35873215075704
52.73419325646338,14.7729359509533
50.1141608310329,19.84761856564869
52.0361309261197,15.3362573189318
51.76745420848128,19.68864203121548
52.05184281603784,23.26784601183882
51.0655087918835,18.62886223313565
54.32924098249443,17.04211349421875
52.86934401618013,16.44687328249648
53.8850928594312,20.3914699689183
52.53064493278674,14.98815027341733
51.02733228236625,15.26970072461285
51.21053745719762,18.95663794131869
50.91333128344252,23.58477769830675
52.57027194418175,21.35378122562609
51.96702837686125,22.90850657467009
52.0987004050179,22.60128343135246
52.37525965137528,14.71766398411736
50.86850687180043,19.796594555089
51.24020811754807,21.1216201992396
51.63000414183861,16.91743398850751
53.1511475394792,19.93575077004935
51.99880193648136,23.21832897561719
53.17785486938408,20.21956363825873
53.17827882210663,22.48410577363707
51.88410413860149,19.47278503543395
51.16028670561538,20.98948071428848
51.65665207292079,15.12367346630738
53.81903269875249,22.79788454879278
54.16128998717537,18.15495873307875
51.72262163287781,19.01063085993148
50.94879131233611,19.17514895400779
52.69857770137487,23.86758413263891
50.89120943684979,19.96852727050915
50.20461761773875,18.3238848705467
52.68084846526816,14.69605710774736
52.47998334345802,20.61816441359134
50.94510547340433,16.59369120860367
50.57466015794983,17.87715011819976
51.60307535073841,17.86243286426265
53.10907476274915,15.14668363973761
49.89919266136946,22.90428916000726
52.65166999618604,16.71270285308539
53.12568609095712,23.39437187623811
50.76155330787575,19.91426095165149
51.64978472222514,18.09945956529815
51.71861382743594,15.32030208891922
53.68107166514059,16.2419710123407
51.58982876099353,16.74424204136571
52.0953612828217,19.59911107444715
52.90743473172027,14.22908654783318
50.88963485920785,16.94881943153141
50.64062230979187,21.78065375417088
50.86038969142389,15.35711512358171
50.01877588622458,19.35227551583557
49.97091687876414,20.88897605768964
50.80411730586676,18.8316850479656
52.71207928555467,16.95052158371904
51.52068925795778,22.67020069229839
49.93515444492364,18.3188153237936
53.86682458817032,15.06283345218079
49.88764545283163,19.16114762411503
52.45674875783918,22.24052846630016
52.89955843948477,21.87207795514157
51.82812249173338,23.48802937761113
52.43985123557555,21.14157846162018
53.29033199159466,15.71884153675805
52.44958091475877,15.67039347295271
52.95183016307169,18.94812629936078
51.9424040296901,20.05334626869341
52.63981667609745,20.37030828115109
50.31120628822227,20.53096758773699
50.88560387975198,17.68889067605946
50.28769881703549,22.34826785773701
53.34831188981107,15.544926923511
53.98359611326271,21.4208955087391
54.09643111572235,17.31619656811384
51.17317753382578,23.14485214953766
51.82150985106058,19.84468571726821
51.19663995166622,18.1483251380998
49.75896424358809,18.79870951761756
51.50153947021377,22.5210873904442
51.91136752942858,16.83697723296522
51.607668201973,17.86515912629619
51.8786504282966,14.66716667381985
52.11633397073822,23.15372193331428
51.35172888421462,22.94783185243729
52.79124114570338,20.9768543561065
53.00952887068054,16.57226042727253
50.45322502732433,19.7772488277354
50.36077675022405,20.5000971950755
53.42900933755404,19.74119971222703
52.87042916906785,14.28862290547561
53.1364512318831,21.97376173257622
51.7467573527512,23.00591541143197
53.80232183024717,21.72990232123739
51.48932637466275,17.43555567779714
52.53262629899021,21.61546826815245
51.19302013042526,22.66868048532876
51.2408162490148,16.73198102667786
51.44228721997323,15.35275818946808
53.15551589113464,17.55426267537236
50.36423509484688,21.70971814073064
50.21851365380572,18.00704179425021
52.39767469837084,18.22786457482053
52.00704628205455,22.33937819498373
52.91286160149046,15.71610491309285
53.48391007358582,19.34761133547739
52.18933674915569,21.54664071608536
52.4999529587793,21.5944749639411
52.33465253411751,19.5832846731584
51.76831818296048,16.07612940950636
53.52091034148215,17.48071238901482
51.12984101765556,21.87702665990651
51.96752043371275,20.75614321068869
52.66914354711119,23.85636945282406
52.14883467921162,18.30559354243969
51.54613136443296,18.90563348502993
51.69864089013651,16.49715244962353
51.02997977882276,17.37116952286718
52.47965571821506,19.16684687107477
54.05815432422813,17.90683395558649
52.93635414646469,15.22103870429925
51.76661799031054,15.20605296211177
53.6852421261956,21.84867191940461
51.94543891896449,23.62278133137486
53.24543790461865,17.26234437064899
51.13565039855227,19.1677371494833
53.99871463890724,16.50648776592747
51.55714781024005,22.20244791374025
52.41825631027151,20.30736347230525
52.11283587761884,15.76189952571704
53.23446368205336,20.10469785489355
53.42359636492042,21.11823361066759
50.86115955177544,21.88173309515151
53.31991460278512,15.56895646751315
52.63761346109803,15.24547740468819
53.25669765469232,18.4143964766227
51.57322905939991,21.01529115758409
51.24471943586985,22.76620130923043
53.03503479916424,16.77737620759937
52.90850065836158,17.9189599625447
50.99886374752165,18.0504009237049
52.61247147985699,17.09087245787802
51.9572307208046,21.28288848534046
53.77008019477928,17.37531412162233
52.79418810512653,21.81075463735828
53.29692151195163,20.96979696623378
50.39163793049288,21.33115622219017
53.69295642765461,22.52484719872823
51.76006734943667,20.97338632361738
50.55046501500409,21.8609664410702
50.4905271856486,22.71087553510095
51.43053704011587,20.31364252915267
52.60205792942843,15.69025311512136
53.59639435301755,17.00781662620594
52.41146213441288,17.72978213464847
53.20110651554395,20.43740638840668
49.84417781835759,22.23594723512738
52.06771349810499,15.47915973001042
51.43532903393429,15.03032246665713
51.80164260803735,20.21569418148529
51.99477321990512,18.61630868790762
49.91889402425129,19.82232255135692
52.78150507881229,22.55375115068363
49.86632308494154,22.42005851215387
52.8008181957516,19.18335324003117
53.6548516651257,22.93717902173961
53.55937862381993,23.26106848035911
51.85971080701847,19.19667394982725
50.98519729701685,18.01856681327311
52.7533431399422,20.73595949914299
50.80238065975757,19.64021574607144
52.08457801492923,14.90872875136409
52.23957007612047,21.62093575350741
53.03558081052238,17.41819848265146
52.03091712724508,18.02231385397563
51.91177494888901,17.66236061016538
51.86053172533264,22.73684502211283
51.73521040179178,20.37312980949845
53.16904604449984,14.58796308468811
50.73592200219284,21.78483257234048
50.56964285394889,16.67574320434708
50.42908053803982,19.34066478548203
51.43634020347377,22.85508890483863
51.4303210552979,21.16475264258956
51.81812271002347,23.46776332428513
53.5271937294691,19.65420572718447
52.89804631814833,14.37592439726415
51.13917769348453,18.55652548244824
53.25854181802917,20.15561130446745
54.03808321138546,15.4428900928632
52.50752367913195,17.27963202547064
51.27580497589704,15.50107784264111
52.43126241356706,21.67823376944941
52.52300061921705,21.80573174863014
50.78161201325895,19.11661887751739
51.5613341027449,14.86791564240667
52.43538727890039,19.04193908271648
53.67225825017179,15.53171742716647
51.07698133290581,15.32500716586061
51.64108143057759,16.66213380096267
52.20416493668193,23.30679890612985
51.25224761605315,17.88064841018384
52.61005344572166,16.66512417649222
53.49071273434687,16.10473034547368
53.94136993535685,21.93882821013377
51.39998474537633,22.85471013740244
53.73214449055244,15.59286728550688
50.86751808758898,19.68267163365048
51.24008723877742,22.23801285152064
49.97699703572774,19.50207485736101
50.52323195808415,22.61900977502903
53.61743387572327,15.33873925356363
53.00361518513121,18.38471673102643
52.39269281741781,21.49579537917875
51.0959474504814,20.67536725934226
52.7221969516952,22.30138412962421
51.94510465355676,18.76010927333217
52.18810904428498,20.21065620618138
51.84715375218221,18.74048431064151
51.32991791483098,23.5741226854933
51.91766650926517,22.14711295293416
53.39261048405628,23.26797212080952
52.39549651517078,21.15291683436902
52.70939044039155,22.15502079664314
51.88833314083569,20.03010788320258
51.30836748189318,17.8148182476266
51.27890965596767,22.11265195866799
52.06844974791534,17.85072062794691
50.86060747482151,23.35705807207145
50.6628197262446,19.60590013144404
52.8698983771713,21.78559814878995
51.02344826116484,17.68613238021442
50.8420642090712,22.45933514301759
54.19362753861942,20.71201226559282
50.77334749034672,20.49336695805362
51.9410404291044,15.66658165566806
51.32592269852455,16.67724018407406
50.66354377608885,21.41825988346101
50.39401379068417,18.75352178239805
53.11749544793275,16.55477091560291
54.20849161970929,22.0576895871637
51.65690287085513,22.44191488169063
50.95756098294574,23.1636777029853
51.58433303107686,20.27840779584214
53.06143530691129,18.93310902184411
53.60720286242023,23.10806862377954
50.51967807837237,20.89346781718295
52.29846371204976,17.47145799448741
53.87622222414198,20.65852177504356
52.34973728761776,14.83151482859843
51.34985403168434,21.65242757186547
51.6970338101402,21.2306459081079
52.0121679313473,23.11764380985424
51.99241612112804,16.46976543344047
53.25675768067305,17.43015789588589
50.82210952157255,23.00450618767667
52.74533848673008,18.07908080260759
52.9130059124414,17.7416995162956
50.41114302308431,21.83272818046635
51.19802123976542,21.08264975804092
52.39561006964166,19.00107970220013
52.3274783587008,14.9030168018824
50.68757016749717,22.51980323609731
50.40191546387708,22.70057976295715
52.93492718550232,15.01631348660025
52.87917845262281,16.82094616078009
53.20531448393898,15.70951919324134
51.28115144964527,21.7048611749449
51.97019402306358,19.15822568667535
53.77782823657466,22.72081399137334
52.3020651054209,19.78314078564134
51.86366082321142,18.08256169009635
53.6519047961143,16.12081737721616
52.09024652053944,16.20844243049562
52.10675018936058,18.88173069357707
50.53401265219119,19.25288059822106
54.23468592846721,16.2279126482799
52.47662238812677,17.27606136030368
52.05528846130903,16.8364891016388
53.36190970302503,16.26565128121817
51.70315025186353,20.06119303532747
52.77799654074909,18.56962456083474
51.33890410075054,17.26398679047921
49.86271423464136,18.71023966738034
53.39931131114306,22.13273229947902
51.80015087807938,16.48992935240864
51.59689764142297,19.96206058132666
52.36598333370823,18.08750970185657
52.40060906873667,17.36239717693331
52.6213099825922,22.18024399384617
52.83952566207737,23.74278301868445
52.89899524940449,15.46856970745368
52.35727068520966,23.1803245372267
52.82884434994039,22.60206646935305
53.5632455589666,23.51043604122971
51.8064809990735,17.92515881647306
53.46211766808933,22.49634127563312
50.93881314846793,21.37724269194881
52.43389236408244,22.51358080970168
52.79429150003075,21.54358502926124
51.78289677106675,23.1226928612624
51.98356479372801,15.80123876706781
53.30667178329193,22.81339231857507
52.63929024831978,18.91187684905628
53.46973713230322,18.37023890918977
53.1139126789295,21.63812637689459
52.97051521228904,20.09496637345712
50.51305068694318,19.1312368299036
53.02280783777687,19.18159050652629
53.09755439671938,21.53089361741502
52.71489664632455,23.35078770097779
51.64322992688469,18.2008079196181
53.3541043843094,21.46753459056282
52.42622964126553,15.95401675829955
51.51339012121858,16.77289463430478
53.07896029325438,19.73321842973001
51.59431067476061,21.69073949855595
52.8991571888929,19.7279156706977
52.54712840206405,21.16150067907441
51.94533163812232,22.3746801460459
53.1625583407562,20.01217701016264
53.27853388809302,16.12570750477543
51.08154852793989,23.85178438991488
51.97308595191576,21.12824848279758
52.78632479830009,20.61944859605563
53.39072534966404,14.78419215492114
51.85601213589127,18.34126710229162
53.14571390060053,23.83059351472667
53.57839231733079,17.86907838600184
51.5470335463785,18.98219669039316
50.89417529127527,23.16182422899652
52.04058886034599,15.65651073411678
50.85852898387894,18.75040364445698
52.83279437940386,17.73368541196932
51.82029138568241,18.3832877471026
52.5115558167519,22.41335779573941
52.01839294705783,17.08536287920229
50.78878116733336,19.27283128823279
51.5069130056254,21.87264962879939
51.19150261345877,20.43536806151446
50.49101994951739,20.13741134376208
51.28177205611428,19.35853575345577
51.03606647080277,20.80385772986995
52.73800399094931,19.34259538142583
50.93635022981561,21.29011234603918
52.9396860982795,15.87617520439879
50.68615390655038,19.0257732263052
53.77743375334243,19.68331866132901
52.22315262806088,20.17496485857092
51.27461225580133,22.33051490897069
50.38998388123898,21.89032786306105
53.06865787450046,18.48239774493138
50.73770660259193,18.45730787152518
52.30040579156118,15.31519073800257
53.2590489591173,23.01712000215736
54.18904554390678,21.44625295591081
52.62794045567819,19.91435552975543
51.42489115790281,21.08604008802294
53.18924876910425,20.62806233896621
51.57394273817692,15.27188057244993
50.87907833156966,15.5859391961931
53.19771942357401,15.66730580829588
51.43598035194461,19.22918468478705
52.22351919433037,15.44000397665705
50.41594098064834,22.34890756465774
50.53005401697634,18.68265112015509
51.67877374347334,20.54890103639453
49.75860560016591,21.15748470134191
51.81929846613595,23.10994495249037
53.42671119576605,18.4097704512708
52.62214638760133,21.96962060688457
52.77939765492597,16.51476918612422
51.93901671428065,20.45548095720108
50.93447804832957,17.94731401968114
51.86596430485962,17.68606558694047
51.50769525498389,16.43820274072202
50.63182662882334,17.3086219294092
51.64031592906165,17.16070485507948
51.89258965911606,17.83291575092484
53.24096495159218,18.51618812011037
53.09254540734195,22.00302956637803
50.28890437209046,17.93563195746725
50.818797673918,17.84731056218917
51.25190093000414,18.43844136848622
50.97703924320903,22.58885152144116
51.36673013211107,21.91480722174396
51.41966434764215,17.300305331519
51.59470186740952,19.19121697575618
51.9704862523715,23.41912416754409
52.0720017471666,19.39316242566597
52.85851211209774,15.72389464135735
50.37564480490965,21.4246293933206
51.94990842990326,23.20837710459299
52.52069290233266,23.16889370525263
52.2573368197578,14.73789191583645
50.89952823004986,20.94188491136937
51.88226451546578,19.26050648779194
51.40423361706983,19.69744439223736
52.44149494928039,20.79770938454192
51.79695120695799,20.81566558657836
51.48779103156265,18.53608771213891
53.9903933921377,15.73221261283629
53.69327638699734,16.93065878384969
52.05669712563618,22.63178767514487
52.90151391232725,22.78135920579295
50.69631709623314,22.06498034341119
50.74275495897905,21.38826082807256
51.84064882537331,16.28424279844424
52.16565828568795,20.49690992158387
50.53461822870012,23.6331811278498
50.80510958662846,16.51759697795451
52.26198726137827,15.96100890384265
53.59685971269455,19.71061407264456
52.11835355433007,19.86223565912304
52.28323920280319,17.01025129643705
52.21048348602105,18.68203585358261
53.22525357033991,16.27552871891921
52.37659415777646,17.89820373512185
50.314546010084,18.59750181412932
51.70078153166962,22.43259247375835
52.44851216406111,17.49251079380859
51.59137227430853,15.1554622547535
51.45167380557061,19.13291649686056
52.64750186951098,22.62245232601827
51.19232980286926,22.95005814994548
53.00212868372122,20.11516735254559
51.5869417281603,22.08738430868055
53.00782333081592,16.35875635917395
52.06405959282262,22.92309497272155
51.90246179291347,17.99163382769543
53.3386768404135,22.42492090566055
51.38726942966706,17.65031624860832
51.91735058129001,16.76881049361172
50.53943499426472,22.67917495443218
51.57476664619433,18.99815501214058
52.54371738783183,22.24716382491775
52.30430051321929,22.71147601449216
53.14249548281307,16.54740987883921
54.23961115754818,21.91789389623514
52.74173856180343,17.98649532355194
51.73771292074902,22.25902313747975
51.59480552312494,18.34734957679334
52.66357046067009,15.34607989898071
53.05007356210326,18.97845396132635
54.13969478811796,19.80128059888137
50.18077960070327,21.14498336678228
53.12369305479407,16.50721613582411
51.84202945636306,22.91090815622955
50.41265547952224,17.74584227574984
52.97536976975083,22.01307083058281
50.12549419331651,21.60607057155118
52.25931465767089,20.56389270490719
51.76891981237629,16.5016712488899
51.76057326102607,16.60917566002072
50.27233026816815,18.39675092413986
52.26982247020544,18.01822982011767
52.58537791948011,23.48854572117195
53.4913379373453,14.57510041446099
52.06383268203744,19.23022353957657
51.92357319368595,15.1586761917685
52.47885963474133,20.8903948435885
53.74036644169311,22.88239917171686
51.26455830046542,18.12579366232539
50.95399052619335,21.88080600015447
50.7749455887182,16.37018537589791
51.69640138324676,19.97943246806682
50.59561312751838,22.42866326130809
52.96867810929145,23.36518396847555
50.60869856976798,18.90067081731241
53.40792934612348,20.59212576470225
52.83387721432111,18.48231335869072
51.03377147290671,21.14863941614997
52.30478349543218,14.83978544383237
53.06500384255113,17.54087421862265
52.68012171872827,23.19293203278568
51.68131050558741,20.06442392537538
53.43763366330332,20.55651991618505
49.48171061793632,22.69507087949539
52.73224115793666,23.76281726614007
53.4448481547765,22.83689633751019
50.56638608340594,23.56497067225895
51.01293666730756,17.89049927013252
53.67439416133474,14.56753529641697
52.43597004787649,21.99206857423498
51.31355972798501,20.35120515149561
53.97128972947218,17.63305005883285
52.71382385219245,20.77287189898019
50.12415579921952,21.95670072707513
52.97184860390792,21.65411801954185
50.57851885177922,17.25730205391928
52.56673806759797,20.45032330150766
53.04805129256629,20.36152698464761
52.7974448978667,18.36421978928511
52.4769395990028,21.02437965094729
52.03574163345085,23.60906705338574
50.44271858119837,18.5044527587337
51.55997177301595,20.48067607161558
50.70875762313741,22.10667770201302
53.54050485328943,18.28919738597734
50.85696363112829,20.55412431586855
51.50793369047982,23.12001536495994
51.33010394664913,21.50554211525317
53.44863906259148,17.83431530426894
50.28064732529816,22.76503327859892
50.09607768773036,22.7427059129017
50.55227461649876,18.14852989483316
52.34528361519271,21.37355284037703
52.18801882744597,19.09531012327891
50.14430625068048,23.09909295446657
50.65923163877395,20.77586966503928
50.7464635353171,19.87203460103048
51.74511725648864,19.28335356854824
52.62690082881434,15.96225580970344
51.33379580448496,23.55672692873344
53.70900836373,22.28222467568626
52.47918713334163,19.85526417836563
51.81123366358717,15.71713302909264
51.47405455347379,17.48449202502857
50.40067847016079,22.21445245050325
52.41090175659978,16.46219517130328
52.21574677026587,15.62726474907094
52.02496647965067,15.22966419513584
51.39685870350357,21.90039943572669
50.12061992910991,17.83461440608855
51.4703419213126,18.34413427181724
53.16445016971225,21.88976643776554
50.49080292371209,19.92662965465816
50.21506492381445,20.30270657300574
51.70318191107838,19.35420579763013
53.14630036022175,20.18554138682292
51.56427263506065,19.47732941219292
50.56842311204882,20.30543064401469
52.89459414387208,18.45337049205416
52.75030776821556,18.44998573894884
51.24399609481008,15.56801772932313
50.84633711821535,18.92373591691906
53.56314789297004,20.83482473823606
53.59743689607672,16.91378236949542
51.23769788181439,18.32921061246934
51.96471727977079,17.70284135169572
51.50851939521887,14.83721415790253
53.41495426146894,20.13408172006157
52.08896315916621,17.81102451642043
52.9932287420238,14.83085027880034
51.53565187443878,18.60742565287993
50.8897729221822,18.96831555190405
51.62626831779701,21.29008853979201
51.82256621406149,16.61602878786505
52.86155855965936,16.70281497046884
52.90055986421953,18.74767544666036
51.95939302371863,23.04690962889885
53.89491699468438,18.64952344982725
51.09623963771725,23.82461075818826
51.00872528295982,19.67932715791253
50.28813103902633,18.48559630962329
52.7767251279972,18.50910784554245
51.97645316538118,18.34273707582726
51.01565651488165,17.76370899710252
52.76230238186906,15.6955450585485
50.6139975528522,19.90731261967981
52.1829619884064,21.89141496321274
54.03367871268877,18.77026923863251
51.07724900696737,21.58907052493584
51.60980741390496,17.76557431913211
52.01006955692609,17.1845225727351
53.87516116887856,19.74675901117063
52.04863007108803,19.67033646798295
53.97623245147219,22.31028494440854
53.64040551823404,15.27754989071405
52.7783543694387,20.40806732961513
50.15649919723624,22.50236473676495
50.94148452604219,17.85784081862453
52.38463438516069,18.75790298754787
52.35608058736771,20.20359852331944
52.88174938362405,21.90067009961567
51.77961577139457,20.14582295143432
51.93583476308397,20.18193121330513
51.80609205148765,17.70587927056422
52.93503895666602,17.2409069050789
53.11558072818278,23.44692050322731
53.67946602097324,14.35904881402815
54.20576832560048,23.20938647898764
52.12659989686707,21.22505304969524
53.64829017180383,18.20569430920001
51.94372513044241,16.31042677729931
53.41142961000928,21.64560812068769
50.53588013443594,20.22926457515985
53.66247709160242,15.80033646095966
51.01193152022633,22.80379786169311
52.6397499705987,17.36439110575904
51.82035382650405,20.17714500677721
50.40059738831971,22.63160315249436
52.65475550383623,16.78883227061248
52.76674936396603,19.17334875717887
51.47436755970124,15.12095335402971
52.18747838718152,18.75182225357887
52.04790282344503,20.71190319006836
51.69917729366382,18.03322701613182
51.2798871662097,18.53521102820211
52.62359225850881,17.12244063093127
54.27917221136121,22.3821127056013
52.0696818410449,14.92531510006065
52.06392958208209,18.45973105994628
51.15191051224794,17.68289177219135
49.4410939389071,19.00284480530984
53.27083431647026,17.36203246411538
51.90065740064176,16.04977039730133
52.5972460016749,14.61413504806626
51.37516346126291,20.03098520656962
51.37733557531745,18.3019380591902
50.36290408061399,22.09586076717895
53.05572094696443,21.85786812157619
51.42175290795446,18.64436604578331
52.85378304629047,18.57012364221177
54.26245061788173,18.99279341301536
52.31602922309571,20.35420613299149
53.34018865506002,21.23212090847946
52.26779022780043,20.38454201061847
51.53242375824823,19.90519604034208
51.60387430056114,16.50700208735865
52.72415725488695,15.59477132802818
51.75732619474935,23.44322707345945
50.18402904094606,18.08351781332701
49.72918275740052,19.10874445131028
51.29768631062488,16.70625273741504
49.83334241395363,22.15236288723284
50.65448849731312,18.76320761911497
52.14340970303515,17.11996117141892
53.52748676645454,16.49420435025026
50.46564928811002,22.89316949835586
51.71731711097232,19.40811537778864
52.18371682981434,18.82973197226246
51.45703489420111,22.06586126413827
53.53383157522389,16.46803632921546
50.14919032115282,22.0674880809217
53.00708756810842,22.63746086192878
54.14669341354542,20.43385476420573
53.51505947788751,16.28892169200218
53.57871524862943,15.08729444055215
50.49638191984549,20.91513095835708
52.79919955953837,22.74671646145877
53.00006261062155,19.68280669056871
50.82528160878654,20.56449315102884
50.91063131575822,15.77076678665693
54.08858751679303,18.90784164242318
52.66135919320585,22.98751169068159
52.93645553095174,21.76399674154905
52.07388974806281,15.77593879257286
50.41308250273124,20.4605641786599
51.43288546385709,19.36016259949826
51.57294307353818,17.5078789781217
50.91924636003291,15.76159356645562
53.700924410356,17.64452210132765
51.00463248819653,16.88485824410811
53.48898745876209,19.09442678018747
53.77377144472243,17.08864152103135
52.12501568455674,18.99208608741199
50.6670841003593,21.11956310820787
51.00715938678684,17.60257493458043
53.02804496199435,20.96140982159698
51.31737869425331,22.59551043958189
51.24250463921017,19.61480632485383
54.4732075066372,17.48786288248153
52.09053906637247,16.66414783638975
53.5245607045448,21.61201852008912
51.03598432435351,16.34824720573296
51.78893416383355,15.83681829675496
52.35073543830801,20.89218193834161
50.90963057984288,19.6342327826169
51.26003739337441,19.27535822373179
53.45051206075726,15.468842412035
52.12965707107337,23.3276316915448
51.51532443536545,17.29690261390047
53.76406794567285,22.22291939455046
53.09623721652645,18.04130751967545
50.50528170764611,23.78667298037517
52.49038598052056,23.20254488584937
50.41451056557039,16.44816566919105
50.95732755235091,17.70983095055984
50.1608538553973,22.57443568113357
51.58328017929239,16.74926505257952
50.04428451509534,18.13523230032466
50.81875106883889,17.09557976462539
51.41682224178185,22.60648921204062
50.27910197232442,18.88252930620444
52.4889181431294,22.38821164800714
53.23781192957927,14.96008799085302
50.02561133814321,20.12165470804537
51.24143100304195,20.5702116307069
52.1527201543317,22.27407460386235
51.14672963407806,18.50743301973696
52.40404526862165,22.08503941773872
53.82793819221249,21.30603127346528
52.42133611584701,18.5831487621306
53.21686253041692,16.86317381166423
50.1784836035924,19.46649544442399
49.84094475884284,19.65017466472233
53.6208059244791,21.49719689634679
51.88176974553206,21.06874317069539
51.36794517804132,15.24892931732028
52.27871334244601,16.98593052835933
52.68403966216246,22.14296627153051
52.33069314842896,16.58372095447353
52.3900973043794,14.79721504276116
51.85231644222931,17.74232175936879
53.2075230645104,19.06102795542608
52.19112658517266,16.80830062750201
52.84769629155897,19.09512107200053
50.41267450096147,21.79092764925398
50.47720166062798,18.4520777964242
51.72571092211112,15.95373330568602
51.62980210090082,15.88409040210083
52.92285065433639,14.76183333816246
52.87842742816319,14.58460885373642
52.43863171457436,16.27958727774538
53.96386772020497,15.61964947834713
51.29055348666229,16.44780941793051
51.40289991054164,17.54377958004607
50.72195071842305,16.33105805037655
52.91922379574527,18.93597025957774
50.60679101752277,19.26689091040951
51.80341913125177,23.0989184151374
50.86938901686756,17.71827266287089
53.3576468050201,20.21604558841497
52.72948081691219,20.67627595652207
50.98025043120641,19.53401117495885
50.37846409149112,23.66942373915539
50.50791082759498,21.07311407055963
52.13304332057442,20.962767995473
50.26082399304116,17.73519647203413
50.959042184013,21.91764665267374
53.49352121534833,17.28913552629505
52.83338191224513,18.28958228082363
53.97554039036417,21.41765373548784
49.64582077540383,19.78410482168188
50.95736774830051,16.07090540711778
52.52679739550769,19.98328901938723
50.75932382907802,23.69671951866455
50.62382722999634,23.55540918826124
52.20748668384204,21.52475173079632
50.45752347333537,23.82154169162953
51.93791285170047,22.34157842994357
50.45668529673447,20.55131323510193
51.13796218971446,19.9208087358188
51.70728827860557,19.23600701135841
53.19889249555218,21.82446992661734
52.99946668326006,17.74187347247187
52.41766760011217,22.68504412759954
50.13066756071554,19.1887562361775
50.60349579581288,18.43649329592391
52.98704305496601,20.6357313774122
52.76003184243848,18.2381339601885
50.96918223995461,21.95757933791
54.24941642835194,18.93108922221931
52.42290122534411,18.79674194734508
51.33764470576063,22.77916730237995
54.14474235975872,20.23047140167019
51.55072164253718,19.27452162157433
51.61459883460758,19.30776697670803
52.85345207025215,23.78324015560936
52.65455006322612,14.97833040126642
52.93858094835102,22.18586218092279
53.95656788616166,15.04319059880778
52.4635886017904,21.07593171754526
51.80142299905974,21.11335731892917
51.40312647614937,20.47936894889319
52.87482434823743,15.40686564916365
51.36392316360037,22.95237007675688
52.10559470560509,22.70135341966802
49.99888633827312,22.32696126770796
53.04121297556227,14.64906261232963
50.70303793597232,17.46437325055658
53.9943236523016,22.13234865284197
52.62245494144312,16.34726891234123
51.33228327325341,15.61015430886623
54.17096847468656,17.34982634558475
51.92518081801615,18.34353579817038
51.95958841707353,14.74930263347594
52.30537595894961,14.92482240333342
54.22977881294908,18.9060609670325
50.00554235859726,21.76414176169897
50.02408182780223,18.31242285753864
51.30612173403745,19.18319965880125
53.62226469792134,18.22693611642861
51.88741940848838,17.53518505872529
52.84685614110457,20.64081836815425
52.51261323915362,18.3462859846147
52.72489891616964,15.56324342192431
52.77395165057231,22.04580237077154
53.21327005088213,15.0479448684292
52.21927847469651,20.34959988948505
53.45268627301595,21.80350726539489
50.86569459239045,18.59837818922627
50.28024182552742,20.55110157226287
50.84886932190444,20.5234111712316
52.15467743989455,23.35377666877622
51.27544765823387,15.79152599768115
52.59794683540163,17.9614185136868
52.73682855007163,22.42898025196622
51.16306759257928,15.26785649883282
53.6207625761834,22.49389800880113
51.72502962994536,18.18773221562569
53.12058806408082,17.42925669407968
51.87250441271441,21.7270090815207
50.58488866756123,21.096189172184
53.00918339005734,18.94403235397779
50.9086284966567,19.2122844509506
50.3143251077176,21.18316938630148
50.03730852934339,21.54411998950349
54.20799430799853,18.00940170158577
52.27039163086894,22.46150641914988
53.47147260674269,20.32030697628238
52.97727801026797,21.93352760256796
51.98391357150973,21.32863273927344
52.07135671107548,20.35827136758514
50.71644510920013,16.80465602749505
50.66535856091959,21.6330004074406
53.06426234926985,14.62638583761688
52.08790833601969,23.50357326128798
51.21747394786939,23.72950124688019
52.48419736831323,21.36943228481328
51.22058097869214,21.58001776936238
52.22569540921297,16.43725529988411
51.45987078551823,18.81856013601134
50.75916103141891,16.90249212514298
50.98146438359367,23.93738021423945
50.59204107369906,22.50856906613353
51.63055087279033,22.16810564404028
52.32595881944509,18.38460779329824
52.04401244348809,20.97560736464224
54.03214424461424,22.46459705445133
50.90280001795576,21.97282909426955
51.61875191313878,18.35312583053745
51.89398583048509,15.6800428427693
53.79812098677013,19.1534038589992
50.89625358027146,22.78346012757288
50.53761404912935,19.20020652016412
52.85229390539018,20.72749079706176
52.88885927950454,22.6292817469077
51.08691010550709,15.4264556625828
50.68333511895373,19.73312411707156
52.2323518675161,17.28177457439486
52.03561572290987,16.98310938407105
50.93702244750171,22.62719834622485
52.71784677569596,20.42056481222401
52.33752079738066,15.40095757788166
52.63580056988944,18.00069173794848
51.59170490312646,21.94405630907532
52.20038778255491,18.99735307870459
52.9730808788086,21.56029010112628
51.80933017903499,22.60028467919876
51.10856821266476,22.5892429757372
52.44045448267487,14.8671365020674
51.00115963441288,18.26417991056164
52.93687645767768,22.52740871618445
51.19594221654816,18.9226969017362
53.55568504577074,19.00098407255827
52.06780205206417,17.06318446728367
51.56020675713643,23.40503043839215
53.32665215218148,15.57602206040445
52.56726588207318,18.27020066772766
50.64703219188711,22.76648174531556
50.86700361561277,17.02392346567001
52.46624970402588,23.04346439625809
53.69362491139935,22.39740887556451
51.70591022395487,19.02845578655073
52.8555668815626,19.81775340522536
51.69260849394878,18.22271816848529
52.81993127862914,19.46183369653197
51.22006344684019,16.14259696044454
51.70007013944431,21.58545315567356
50.250147445495,22.30870817250278
52.07166057196042,15.35794967662471
53.3091271299248,16.70498731667331
51.41448644293718,15.86029138621471
52.74189275292954,18.34665084773808
49.76209283901886,19.35230438730515
49.5634958457279,20.54276594984809
51.46454349482902,22.91498955355646
52.16389584903846,21.20807257210725
51.22216900437403,19.35558146431503
52.37229608561516,20.66499282547403
49.70789253172583,22.78076721101546
53.91140073282669,22.34691676708352
53.06012627362636,18.08215038450326
52.30842572208376,14.65096573078493
53.5976669089286,16.62901773430317
53.00658803687127,14.63544739867665
51.27994682686521,18.79584218172089
51.75224349041779,15.91270215923388
53.4238698428268,17.28382959842424
52.3556946381319,15.27140070888326
50.52814756103302,23.41899970896982
53.02524790820721,19.61497723479999
51.72495244712945,16.93953749516921
51.27988412642353,16.21868915795976
51.33608680207654,17.83436444204412
50.89021578951137,19.95917339339427
52.07007461169365,15.17851801977698
49.99963726072077,19.3076188176116
50.77806031607937,22.90608041977863
50.0582285441501,20.17827989708013
52.27082724449368,22.53622744884855
52.16794058196202,22.5715038824686
50.83717924692152,23.78074811700907
52.64076862828642,20.72353590838009
51.9183293671521,19.64953633888795
50.5078358488634,21.33171436332259
51.28455214496891,18.45337904234874
52.32965794105585,15.91802552229863
52.57836068138059,20.48082681793194
50.76743944969189,23.17683537510657
51.31943347200448,17.82280459069679
50.54509116809275,21.0850839864758
50.50282530373025,20.05385286471268
50.86820896710145,17.96116110429523
53.69875858312462,20.37019422920385
50.71699069036546,22.21488136507461
49.85686534278513,20.0362327690952
51.27608139206571,15.49901563078964
50.47931200788511,18.7183084215671
52.72058051117644,15.21865869008556
51.15408128408869,16.78482862784099
54.19526506575149,16.58174459761917
52.0457327588889,22.13077618841455
53.47076034143908,18.29895778562124
49.57101176769109,22.21924532999482
51.69288187085313,18.57358625413721
52.7395783599124,15.41054240246465
54.06817838121769,22.92307270729118
51.84688450112836,15.34220950264865
51.89434605099079,21.93201135958724
51.38468093558286,18.9452677443505
51.8574028148922,17.86911179640023
50.36518705979625,22.17490746914728
52.96694159931707,17.72869323789522
51.73367566088361,20.54068764362162
52.13798103942462,18.8753367820391
50.33583202492365,23.48710870620459
51.28981255249811,21.06218303690756
53.48943202528635,21.87683506661451
51.25460255940752,21.98974671922995
51.73650993905918,21.99270268378972
51.4520959204773,22.35453684007525
54.22321620435648,21.48909175252094
51.68897997461491,21.6238523200296
51.23511246020936,16.87544758267168
50.42697300344754,17.00826225569876
52.53608580065341,20.01469580077127
52.0246151755106,15.48508788270768
50.44450217809219,20.73365135528909
53.08080975635863,16.93936238796964
53.05774201222049,17.96198254015303
53.70842625407309,17.87461657324312
53.76525541948254,14.61927756886052
50.56069469572983,19.53044856006562
53.60651517105571,15.83450767452366
52.63820399635868,17.09649661253894
50.08376210578245,18.40641752214305
54.34037902959955,16.36525073187373
52.32701880213015,22.50375837161105
50.40319093800489,16.26721352048563
51.61705776233524,23.41156515209164
53.2571572040036,23.14143245103579
52.9690701908923,23.86203051712657
53.87391878037085,20.10490865079309
51.01929824513544,16.56658870846131
53.36979047856379,17.0030188997344
52.88699577155969,22.40869235541784
52.4390855304155,15.99607925643634
53.68147932457607,19.87855553795378
52.60181304149704,15.69251648248486
52.30181216859729,17.54679834228691
51.49245529471025,17.02515929403694
50.71453964095954,20.42137837329119
52.32391526214487,15.81849203902931
52.02268128784598,22.58133942661368
50.42125448168606,23.84629420633371
50.22583946260387,18.78831339835118
53.49236140835168,16.09953915788109
51.41781221800714,20.22086933034353
52.13245223489056,16.01736288277322
51.85803573122335,17.3979428767327
52.40431302815456,22.97883769892328
52.82462251334848,21.48116560589501
53.63558320861924,17.35394380898887
50.02544143579942,22.69884819106861
51.46302460553877,21.06116382241314
50.66898007148952,23.43319875361248
50.81942449194862,22.05668637424945
53.45835485732471,19.25021051427141
52.29433426682225,15.28433532845833
53.75065441136015,21.14819643959251
50.12814706771467,19.66651670147303
53.82583266293376,19.43573652698413
53.30013435512974,14.81182958231717
53.70213516161105,20.52142888323381
51.33272890184995,22.7003502556957
51.86372508819898,16.75502335447698
52.81146665145757,22.21885101182438
53.74511722526591,16.34283266583876
52.20350844966777,21.61082482840638
51.46856014145624,16.43602607539086
53.53003991376652,16.08172970287522
54.05093049195275,15.58528840514029
52.47822343899195,21.93770299975
50.99531245863335,19.30072354959392
52.09001123690169,15.74618525518974
53.05734705206873,14.42328412566864
50.15805245592124,20.34067854549129
51.99864580947242,22.69239331177026
53.882027588532,22.88318974000734
53.11448045157913,21.42728367464386
51.17915436670017,23.07990200087883
54.03334901543047,16.61662811308081
51.59276791572653,19.67157332598833
52.22851527513427,17.33355403764167
51.43624036854429,18.38640452482691
52.61492572458109,20.657851136562
49.82653122205315,18.80231912849369
51.06957172803718,20.32111558439135
52.48542566927064,17.43386216841244
51.89759553055261,19.71949979790929
53.45387080154745,21.32046695807659
52.47934955032401,14.90510397346227
52.90063999190475,16.58897121188446
53.15057106698772,16.23120388765992
51.34516679584257,19.11624317353965
52.98884587849705,14.60220791079132
53.63471784644523,15.81651103613282
52.34157591816923,18.36602184281008
49.95873308954131,22.39216340523694
52.40807756660587,16.63291948199785
51.87946290561142,22.66114372922437
51.09984767939747,23.55586490225679
50.84297470860551,16.47969797839738
53.24512754083902,16.36300495628078
52.89157978620339,16.85193083816763
51.2058132482351,19.56468601629429
52.6439916441179,18.43812873415907
53.76538296826514,20.98446947962623
53.70416381086927,16.52760239198638
53.13584238723671,16.93726817183748
52.32192451364911,18.62028062771189
51.44506091741859,17.59316975806292
51.46320586882993,19.24448249864537
52.82609730742125,18.0784395755675
51.82627688846082,15.96581344506881
53.43195542718074,21.41646928107913
53.17527773059113,22.40201214046248
52.83387227552113,14.19952949440997
53.87316930310528,14.58201426120319
53.67801297245035,18.74830530618306
51.30305119705783,17.43386694678754
52.04052717183246,23.50925707157645
53.92743847367458,14.60767235490573
53.21422063349388,21.72407602969439
52.74281419341202,22.30035295457255
53.94594647306225,20.39572575301976
52.54365918231193,18.22763833575697
51.33720800582824,15.65044840907359
51.08084450119593,23.85373780567071
53.01638556086071,23.50182003673287
53.04921207412311,19.72645095989165
50.64922312116622,18.59997268619185
53.35629621444309,14.44287781307093
50.59394230528385,22.79946853117695
51.51276789721829,22.29768266244725
50.56475265417835,18.61311165741976
53.65148697708193,16.61528144376389
52.815460417824,14.6768208580715
50.6000356588517,21.12978465312135
54.03282964344501,20.77956527968189
50.51544603895874,17.32680984465994
52.74796560928904,20.30848845554883
53.65354863795888,18.584735350753
53.25796583784453,20.0168053585109
52.80323215189175,21.91485491616503
51.90614603439029,21.55527667644381
51.85961667562601,15.23840208718401
50.44921525093019,21.59755688933194
50.74992909153133,15.83453443030903
51.56897490363979,17.01557325179038
51.87781401303226,20.30486301741832
51.55711531405446,23.04974858692099
54.03074214246827,22.65001531922641
51.27137113436395,16.51839136954349
52.12407826213636,23.52652078738995
53.95289657986587,22.07638520873399
50.84165099374337,17.72754713179901
52.21630355992964,17.0400079856234
53.28302429282738,14.76510483983682
53.41680348415361,18.25907467439475
49.76327636539092,21.92820747155777
50.74094001733378,22.63514193935814
51.75015357921288,22.1926023364969
52.56873674846535,20.66379844162689
52.70395369533362,20.73597481053282
52.36756636272526,17.06888699909308
53.69745098146733,18.81514639769307
50.92546173373734,21.14212319904636
52.94125957933536,19.6886520310004
50.47344101132852,22.84502540152823
53.14516980645274,23.58627143058014
52.38257140644064,16.38567647190249
51.97603838360507,19.32238736938077
52.31777853508365,15.38651875062259
52.61504023555369,20.22948113848608
51.79350646353351,16.010250966148
51.23813371168247,15.61829798438358
53.09407548074851,15.11027433285808
51.07673773875225,22.06263645805269
52.7700109362988,21.66658718204684
51.39349962222312,21.96753188140603
51.95908309019915,19.59442800428405
51.10112430602958,15.66290960970398
51.58713011861441,21.18149597640812
53.25215038010298,16.44658684842557
50.44359686688001,20.65998072570354
51.66378283683825,15.00292434820177
50.97370493734194,22.16418032591094
52.0801928385798,23.38765613058892
51.70725468666983,15.06122396932867
52.2288750714436,17.46396787788256
51.09788964738674,21.27594961042832
52.2682536321594,15.86270912950593
53.40110134828563,19.10657143414164
53.52964377905055,15.53997051635579
51.88111925575041,20.16471755431774
53.35068905646079,15.46253966746735
51.17361066204296,17.92449304793757
52.60077220909054,15.04488549797646
50.29512139926899,21.91963429389745
53.09874637819392,22.85202688459419
50.93450496328603,16.16874825186588
52.66023228635835,21.94839371117884
52.02321113453117,18.06500362590965
52.9597760003449,18.68764632934631
53.75540924385972,17.75761626263364
49.91660729180064,18.707043237787
52.72168740169881,23.30173262092777
50.25090764230693,18.69740148577326
52.0376345946824,14.86640518855779
51.09088165686756,15.29204932393459
51.18013795322223,17.32009281488089
51.70815770093302,22.27635573145915
51.83235375947641,20.38273729932498
53.3159943183549,20.56300685066131
52.95474018924791,22.43430897269825
52.91692153891179,20.52995901123793
53.54886299710013,18.37587954780568
51.38722623971684,18.81402709002364
52.28686477881381,20.60656602514606
52.06544035056029,16.99974276768387
53.81408538737685,16.03236955158629
50.97532892435161,17.38220635635934
53.51307783971638,22.90358096730328
50.91978207022984,18.42730298340323
49.93594020380151,20.68332395900095
50.48834185690819,23.53781487231453
51.91157302787401,21.79740902957418
52.07379541570531,20.21487484306213
51.65210047103579,22.05452455723578
51.31904763516724,21.76485691793233
52.3307818688755,17.13620326412443
52.1454608910995,16.04551609916959
51.72244394977028,18.23493816528731
53.00408839374991,17.81347050865281
53.58784660895555,16.77856348307874
53.5179903010355,14.7494577141974
51.25287553284741,17.95811009887532
52.70921787858095,16.12589085681211
51.73374860695774,23.5200969672924
53.79333832080007,14.7631427392296
49.50317450037326,19.88481544549571
51.38033101097877,22.40203084582742
53.35357468196139,16.31717841484307
50.77665156558574,23.76712461945629
49.51271334073141,21.2032161516764
50.39706157610018,17.50869155617376
50.90575918348859,22.35269477683726
50.96643626914579,19.23740926687077
53.81372381023886,21.4683624003483
53.41992093796569,21.18894366992917
53.25890453857376,16.31572966825075
51.9536260038111,18.62255130713766
51.30846079249545,18.54744848443439
50.79095173657273,21.64415022330196
53.6558961983547,21.00074323666889
54.07455594020007,17.4952945289674
51.63658313855225,16.26792002626964
52.82143327489526,21.82943673527838
52.12155915007238,15.26991966034801
52.2423973242218,17.45517692795149
50.84955688503177,23.52244619776281
53.23770338826093,16.18156266452502
52.19901121083498,18.01250746791905
52.32597985082244,19.84760460728412
51.76858130999066,21.92139111459792
51.06043813530031,16.27059570094123
52.62326645001163,20.94622831530231
53.50517983948164,20.67287118086494
51.38665523918239,20.49291767667395
50.42857505027349,19.71887806214973
52.74877200954641,23.31087624860251
53.89978136689691,19.09514709574969
52.20130629497405,15.64538358945666
50.14135583144374,16.74160018336007
50.61044214218154,21.7658759751764
51.69447084727107,21.61043546689936
51.15840672443401,23.50709294080997
50.68912102668781,20.99350223111568
51.54193660692057,15.5596496594505
50.95532704090913,20.93086673542644
51.16781832827031,23.68933052246144
51.91264608950656,15.27427537881976
51.38830402505942,15.60418973271195
51.70858542228311,16.41957076535221
52.95350004986933,16.2974006296427
50.46651240279729,22.43994065366119
51.34828713075407,16.9534766747779
50.70788403438556,16.98945475052068
51.7988480586598,22.58151126014685
53.81065269108036,15.41996653682301
52.40571565288624,23.07512706941493
53.12201467448271,17.60240000183984
52.17980446210451,18.23929072436119
53.79349633534351,16.9104727398625
50.29896329662148,21.8248444043015
53.35427822167252,15.970226776798
53.62399016416583,15.09021866856759
51.1999041088031,20.68586885924396
53.36184465316859,18.08188688410882
52.22886903442448,22.67486817774155
52.72969534159471,21.96294915112472
52.2518620017441,20.39912975358335
54.20005086503755,21.52266728124688
51.08828605612931,16.88934071592353
53.74807801173449,14.90245700474743
53.54516738140373,17.04275739598857
53.62417222377704,18.25881697736964
51.86065569147035,18.38741088220199
51.89336751913128,18.94994102812063
50.73024933971065,21.01085836802656
50.88118069791975,21.5172830233518
50.87265548543063,22.92969403427078
50.03006865546959,22.56626037476989
52.59527804697115,19.90116006935336
51.29867474767214,16.83747121766095
52.68659532670133,19.58725731370178
52.56167241142136,17.30969982028619
52.36935598508418,21.22251796819983
51.80277223842267,14.65088299876528
53.03533223074827,17.06360466337892
51.74592354813395,17.12864696339322
53.29978525697528,21.08486013911108
53.37730643346045,17.28529403992136
52.00198393482512,22.52631163373099
51.46013869356343,19.38158038763343
50.87219762600026,19.55525880383317
52.11691108026791,19.04428809357232
52.80513841041803,15.09782507992661
53.98763808373077,20.24771597021864
52.61434970980962,19.53809008082101
52.17966138008079,22.07147540202686
52.66766367410452,17.85091361653822
50.83555571572536,21.40205965251985
52.81713638150674,22.86717958735425
50.49888992344108,23.0639520871342
52.06563435613325,16.39421561830417
54.01511699521135,19.03051327577306
50.86716900018629,17.90153300465814
50.91488024453741,17.34821967980498
51.07359188481593,18.78750580616212
52.16691796362269,19.24895953463217
50.73423755159181,21.43872008438794
53.66737845089121,23.26275430285056
51.41924326162411,22.17700183963008
52.88311553394499,20.1654360005884
53.91725811840325,22.95406283731267
51.81385873250574,19.89660782050086
53.24074883277622,15.50518573451235
51.96386146668717,19.0715406480702
52.81059578521795,22.91250006997863
53.74537395809133,20.16067502552913
52.04396510446993,16.81027362163095
50.92631795564596,19.96619119180821
50.20491024213484,20.00438977444038
51.45604516069987,21.79330312321064
52.16263229275552,16.67227444774183
52.13717652558806,21.9521958238123
50.03151708515311,18.39327897861282
51.05481358314172,17.56623518831638
52.34485816212296,18.57981058764583
52.72101147143572,17.52279665935648
53.1943774977311,18.68798509517106
50.90977640832207,22.1587727177292
49.82123177682126,19.83926196220913
49.75598336589975,19.48093162752577
49.39305795500125,19.95804130826008
50.90451473523777,14.9583564122059
53.53567704341832,19.19387677693683
52.82524830140364,15.25130615818295
51.18835296742747,17.99114054928418
51.61140355716388,18.61427760113452
54.13737406854716,19.45164869118454
52.29620516703465,17.81909662458073
52.29297874425476,22.67756437677393
51.53754537756599,15.00214078885424
52.08927780939964,17.00754679738812
52.18861046091548,17.16515676325243
50.86809133342063,20.95400687060984
51.11745804996671,20.17387834401217
51.91763353747641,17.55147683033532
52.84648528845023,16.03815283489082
52.35861450109272,20.62867527542161
52.51355082537062,21.28023254562596
52.05899528122818,18.32004124806695
51.08019332986785,20.09335431782432
50.90649366140013,23.38485315385372
52.97497238987989,15.78801751167159
52.38008957571287,17.64369327732906
52.28713879064126,20.09368733580843
52.66378782021969,18.76006510249409
51.46212068321434,22.08844649943385
50.76357627976174,16.67170715242143
52.01515680270582,18.95032743307016
51.32036414799792,22.06292104308479
50.74522418662471,19.02106311976918
50.41651017848356,20.11598612892737
53.4803792187934,18.45410533530718
51.43929565293654,19.31626662135476
51.88771810316346,22.91416708962614
54.45331323191667,17.07061132698111
51.51030702199981,20.8281374305646
49.63555435059768,21.16483038816779
53.13424070248077,16.20494006991325
51.72312558440377,18.58304814777074
52.90291986604192,18.13478927526882
52.10979333213589,18.58400887884546
53.174495890963,20.16260045942032
52.90372710032393,16.67077239439325
53.36055871745985,20.65221742949258
52.94398276623934,19.2498651272088
53.99393420557475,15.51971449111959
53.22233246766858,20.65082682864448
50.83584556632623,15.97341590284223
52.68430689789512,16.24224609524542
53.66184945868356,21.93703455424132
52.06670255571939,19.65961060187948
53.84134972009188,15.23629018104941
52.99666221444975,18.36058198909131
51.5465838744717,15.25215130923337
52.33346284797246,21.34374906067839
53.52208922051395,22.94808938809783
50.05357831878316,20.3156550826817
53.74497377886937,20.93886241694847
49.85504456454019,22.66299333209985
49.89902014555568,22.72551165595277
50.55339924892805,19.36120241890798
50.32715769799534,22.87982690736478
50.7621681297636,22.82174178645704
49.90329325487554,22.59352849147838
51.58859052032981,14.75258161884483
50.94926543771763,22.40348927121012
53.91453621958577,22.65703104453791
52.31171958398155,15.34762869716093
50.34247492227886,21.71847792094255
52.05733530931695,19.0940548049725
51.45400511710684,18.79299620863255
50.54425003126482,16.40252330229841
51.49561044905048,21.49747173241412
50.8145740456794,18.14773379733895
52.93421850985334,16.06087248290545
52.82993657967155,18.00708487875219
51.59237001011121,20.90536361190689
51.1041501251931,22.07198704643286
51.55653403899444,23.53584412454364
51.73585479940751,15.42244213027526
53.52250742383416,15.61890912838164
52.79384816267355,23.47799048730701
50.58228773110608,16.92332637626265
51.60025249546207,22.97826517847733
50.58056125054144,21.85849499403106
51.71606184110018,19.62317467884775
51.85850691951995,18.42536857460084
53.44035221893311,19.34574178673493
50.75352587793982,18.82509730199266
52.04461851236857,23.55736918481603
53.05848254563293,15.51388967690092
53.7401862846161,14.95597168132768
51.10473620940623,15.31030150131556
50.27150105589379,18.24367753724092
50.29125986584986,21.75622435872775
53.4435700794156,15.17960764265971
50.63438235360358,17.52223230861359
51.54003032709193,15.13015467410285
50.73163338810581,20.17614451432297
51.21937260078159,17.49463835922726
49.84633188431859,21.33004059366503
52.73647250401686,17.91111966510233
54.34757609489582,20.4123280847645
51.46698993886655,23.63881828097389
50.77790342271486,21.82523452777255
53.57464274066892,22.17342975822188
51.95705545081234,21.50085229978697
52.74282151740545,20.657388001754
51.00437538682884,17.25203211530461
53.82990045018218,16.6877662428758
51.76162996521872,22.46532659577887
52.48604634847932,23.10830522550706
53.04151675844441,14.92054819961231
51.70844431941165,17.43294700951101
51.40256103853369,18.92317948089392
51.56488722540575,17.71935951806389
50.97390214794344,17.13518847779662
51.39291469904432,17.30179313941241
52.70802677650593,18.67001496681578
52.8427478487993,16.51470309856299
53.12180903899709,20.82172183436856
53.56772443369335,16.45313113506606
50.79050861951622,20.60547827809331
51.00007800601578,23.34143691760609
52.58514998924767,15.11544319734056
52.65396963448528,21.02084764583891
53.71029722354492,18.16982409210673
51.16449881227864,17.29237148241407
51.22699675962109,16.39031837887289
51.98101448209987,22.12170062378547
51.24203354102001,19.39385693430933
53.52827516886758,18.54941909648224
51.34913010175991,20.79425159982188
50.58587779566197,17.48123747782291
51.56920032731485,19.94932771954214
51.850960764615,18.26323626100352
49.90321810798591,22.93965395312147
53.58649831710413,16.48946113637831
52.95163004079427,21.7850474695736
52.41277814252034,18.21147780695277
52.65656102209365,22.50139485602541
53.60773557088643,15.9175340299782
51.77278085658602,22.43830217331703
52.16268928635796,18.77146489616915
53.80107884511265,23.41364513043066
51.75123725800391,18.03338711192034
51.04422797683041,18.28902169299634
53.37207864820521,19.13847358375389
51.65361630240276,15.64588172383898
54.22961716725779,20.99430521698299
52.08995901171496,21.81874242260498
51.63148913743313,15.54181782151961
51.38505086218087,16.23452056920932
53.53898655150612,20.78087520327412
51.18431788872768,19.9296437867573
50.50767522234474,19.26475440984376
52.38739111216416,19.13434126241707
50.97771812849057,18.27167065092602
50.181163259254,18.71642533207289
52.08806093925618,17.26978720735713
52.64278152626725,14.71549689174189
52.70857185089408,22.01255720363375
53.22147481833461,20.00357952379595
50.45682436245374,18.5316497921614
53.82089734045459,23.12179297497034
49.6459900061647,21.25405321329097
50.98230050251326,20.86255060256226
52.03159074954943,18.35808028132294
52.7320123734448,14.56134092066682
53.99316629576003,20.32335860672623
52.24893832488279,19.97710742317124
54.08709196465527,19.25885148959533
51.99569252285401,16.25504232418789
51.19036693895314,19.58187394979752
53.59425293549078,23.39578497941671
50.6484948389339,23.27536976842347
52.97481638919919,14.27885634456415
52.88395128085914,20.04463791189458
52.36069870023944,15.06762455302828
54.29768792619215,18.13821079000789
51.43886223872889,17.84194634150886
52.45869837131161,22.10561725303963
50.79445481666959,22.05990407616609
52.51523309917731,20.79739930147043
53.02436016739647,21.28362414845003
50.54989135420644,20.60777662198796
50.44463017648777,23.92870898435016
52.81993293065598,22.73232457199396
53.8602396282804,16.44292800896306
52.71359256887821,21.81730633555589
51.46530151197345,20.36116738615411
52.93996520057695,17.10720754292132
50.33724332339887,20.94325887828793
52.15329064934073,19.98679947748921
51.64864374596674,22.27460531008016
49.99259570906297,20.91533289359558
53.58735805960505,16.83717886485449
52.79624649449062,22.02320028906515
52.70688960500016,20.34113635194837
49.69952397643563,22.34499005236982
49.99323695982393,22.51045582726947
50.75356262550854,18.49462413522736
53.00971368657766,22.29201866479455
52.00593120829079,23.37415217330771
52.78071122775577,19.97498161943087
52.31431278255467,15.60062211198545
50.60543524284184,18.21593613555225
52.01362083832601,20.23608706122217
51.21046010251516,16.03077749606921
52.37087977588903,22.59090249199799
52.47513329036877,16.1591006238797
50.80965035366016,21.20103615591918
52.35675710552946,23.23506269340778
51.06418043459272,21.55808159430661
52.71165871838115,18.19394471983099
50.78164148730926,20.93025135696369
51.45784446837394,23.34432002863775
53.50695768078494,20.9051756947232
52.36038516457007,19.81011829980068
53.582077591156,17.26448674188777
53.22899311415549,23.01092894719498
52.43781429336212,15.51926609598906
51.6318522979882,19.58047955585796
52.69912867830045,16.45191201096716
53.44507597509181,16.15741436267164
52.67509499922831,23.85922117477138
51.89805532624936,16.66305055139947
51.23008410946242,22.3467235488218
50.04267320024183,19.24904994967392
53.34078691135102,15.38119341835548
50.9476407491614,17.67595989317752
52.27568472265427,19.00189531227744
51.745048789399,19.62733756999755
53.82857250497192,18.69385675853456
52.02149948435362,15.13218334828027
49.76090184678893,20.80436393955101
52.17914114641267,18.9368490445457
52.80132784894486,17.58985052371153
50.67285559396473,16.8095342673889
52.08898374256564,18.8163501248919
52.98320043225192,23.31830641859879
53.36312434426195,18.97310357020177
52.04057637281009,22.7477722204368
51.37970941242412,20.97330118222559
53.00617794971294,14.34528871056446
51.21597638843596,18.91214171303368
53.47854377625332,17.11382791727457
50.610877186354,22.28171415202009
52.00411327396873,16.12140882492766
52.35436695280211,21.87587138092125
51.18284194343372,17.04591626333086
52.63866331772635,20.58773299045125
50.97007313568748,23.04781540268727
53.90021950438548,19.65096274272025
54.12274842618849,16.94334403714173
52.77816025139023,22.1314801523377
52.5146339956403,19.20400785552971
51.76062731514892,15.01053758394616
50.46023587662122,20.63299688006461
52.75642120135998,22.27833579002992
50.5297404350886,23.07510651953502
51.77760110119711,21.74030603954333
52.18105975650246,22.28480225609605
53.25961907318503,20.61913297051709
52.14761529918505,16.5534488818514
52.09330060487477,21.26336657992672
51.90243631352715,17.99266173495351
52.80361367820797,16.171905631972
53.831057665236,22.53101620694247
52.24289516874214,19.24869768546366
54.48051187970523,17.32562139838753
50.16599769871667,18.67846151718335
50.75870801747812,18.44318870800128
51.74181124832337,16.27681061961643
51.51929905031866,17.09027280270925
51.26063950216879,23.09380679484948
51.36505267103981,20.21766716008781
53.27341312626795,15.12140940311676
53.37032538988076,23.32858770523306
53.16010297752953,16.45824675396145
50.24018030816456,18.88918212274167
52.83202443129501,22.89094272247826
49.96266361045662,21.34939256597603
50.14955377957148,19.1384432032694
53.65221704131216,21.98938627701711
50.34508409785653,21.85387227535654
51.51712570218805,18.54674467829359
52.05566738311538,17.04914039282325
53.60271580166786,14.73956319441607
51.08641976991333,20.38574046850565
51.86221146574447,21.42900635372632
53.6836311953631,17.62712572729159
51.2669887640971,15.8436162625514
51.6978080020268,22.903723354116
52.09421203136854,20.36373704653448
52.84657349711675,21.97075642879217
50.40149819067685,22.56606530913663
53.24124751883498,23.24797541510283
52.78773854493858,20.89814774717939
50.88456213815395,16.99535867010025
54.36076705655476,19.93433084012606
50.88351061268174,20.26749196548673
51.63163577430958,19.14682032341346
50.06523243892623,18.5885097937734
49.83103037557868,20.96796524422002
51.90308113874544,20.91974188702228
52.95194555420048,15.18402840146535
52.60713314782274,17.06177209176997
52.27295495621044,18.30751408892085
52.56994369704649,18.592235638428
52.67490801157214,22.83255539787268
51.43569368760787,22.24169947714908
53.35789593999593,17.56845123122621
52.9814509086512,22.23471699426053
52.71909959677426,22.44149731886461
51.93511339029094,20.79201253623248
50.00801312474135,18.36836492305473
50.52821760983375,17.40399953083065
53.42842757156082,16.81789941260969
50.55172464681599,22.06977482426531
50.67905992068327,19.90803108320042
51.3507804476712,17.05574809414734
53.47032608228686,21.98844278999018
50.8156891686766,17.24252491066114
52.74058058339167,18.88788740773846
52.67237965632007,14.83710742632207
51.80140741889334,17.85162044459718
51.20007626393728,16.47734477318896
52.46627990800695,21.97826093404901
51.24441493807359,20.8593891316095
53.65052827044382,21.47792541857629
51.51870902476189,15.76642675380487
51.77068313640135,14.80442741598421
50.01808634997884,18.44879896155637
52.60708204567901,18.82457237823627
50.7205951995374,16.67713579150376
51.69491197458844,16.86050937818716
50.54670377771457,17.03871396399415
51.4959194433228,21.83850823156997
52.84051238376217,16.00341053945123
52.84623954309932,22.5809608237693
51.65643464640537,22.86051616950657
50.62808358681977,24.08390422330964
53.75736225185743,17.11539425623139
50.48682539258971,23.23744047106964
51.66789737188859,21.00429571342942
51.8560188898973,16.40607311580973
51.36329543176389,15.72358748270065
51.13079149624531,16.68130215905964
52.64935562328747,19.68751907273707
50.6988314590923,23.79497537449875
51.21515936120549,15.20899550143726
52.87848896639844,21.12707128772821
49.9676959777266,21.91451397744556
51.95774114712354,18.57641220973402
52.38252062937998,15.05414054534621
52.7568188765758,20.25526368763292
50.20024711240524,19.92266013934069
53.1643125357613,19.09680024689894
50.57068300582057,16.88130912208099
53.33783364447099,18.42979467349943
50.27769102503208,18.31710986470875
52.02671641961494,19.00623733147349
50.25086065380339,16.74486488715979
50.44721768869797,19.13787502338834
51.83079529369007,23.35010238701189
51.9403492228408,16.014660896292
52.13177825800746,16.30772300074583
51.83504672458635,20.60424436024259
52.24245245072706,17.51963749253138
51.70282100196231,20.31560786299659
51.08029141812433,16.03456355285578
50.97913350191794,23.3578489180792
51.20005008520681,22.56826677784754
51.24375528295472,20.29731996889254
51.17036430268728,21.36577850586171
51.45618053118991,17.27351024812842
50.73015567269486,18.20915758970614
51.16885419495801,18.00929064295015
52.81899142367001,18.47420463805338
52.20201796117283,20.20583939675403
50.71596369281488,16.59028116576761
52.24259061057784,19.89312525856983
50.90728996763013,23.70248915727257
52.62112993327299,23.31934993327818
52.86315429688144,19.99995359846274
50.56661310162337,22.87347303349589
53.34430758553466,20.75115856586031
51.43137513244255,20.18557318249209
51.00680996441375,15.63476761854542
52.28284081999008,17.35702121692904
50.39798331510578,22.66068041623399
53.12960153208185,17.47020707188044
50.45659607581411,17.9514136098842
52.49316620766228,15.87584756972699
51.66224209806969,20.84086178567164
51.5277335723957,20.68062408866173
53.05245382717428,17.32085759162272
51.37782693130006,16.01756490570245
50.87501710152566,19.89063516789398
52.92887993421931,23.00515063380729
50.74465466713768,17.98926676486999
52.60810841897332,22.90503042938567
53.70631517313591,14.66787354069043
53.40529601860239,14.68357803797176
51.9994408969495,17.15114146415902
53.89949128439814,17.06770493144738
51.41566802707641,15.90151379799446
51.07497740111561,17.97057118603905
50.93804614268425,23.29545458773773
50.4875873832116,22.19434464857181
52.113915773757,16.16818264507467
53.07889556307059,20.50822633342514
50.93026202301861,19.14237444215057
52.19000701016881,22.31110880497688
52.19261055446334,16.11363755349932
54.16804083626863,22.10688660656652
51.79457702953872,20.6058628456682
51.08268733310575,23.43192630371306
53.26831499407486,20.24869013115945
52.07203533009561,18.49070096357196
51.11215017038724,19.30436348695575
52.09138293028124,20.31781188796884
52.34913375355828,21.77067053522295
50.54124388019455,17.09724314426675
51.96715036035682,17.36374780964088
50.678550793821,17.1914536693153
51.0585708330284,20.22679928381092
52.73314038030119,18.81797217563982
50.86394793402094,17.99074534732413
52.13966965467488,16.79332834142631
52.6771665521434,20.20141292359488
53.09220598808187,18.99406390286863
51.5090166111934,19.16129361302272
52.82722871626652,21.34835785622031
49.98805646479578,20.6986812295998
52.53486208439221,19.10469904568764
52.92857563665449,20.70021795698252
50.43338510362341,19.10486348567647
50.24773887765841,16.8851711329929
50.8368217187739,21.68924548983259
51.80551822872191,20.33011505164055
52.74136318120815,22.37708797513246
50.88526681648253,21.17405714894922
52.75179764993207,15.10195146032398
53.31141086866115,17.89989743491603
51.12180930384393,23.3585725193815
52.23218533692953,16.5964908578568
51.61196663715315,20.15640900361555
51.97582931922268,22.60188757579074
50.85720640063222,20.46416576464502
50.38603893752115,22.94734041317473
53.16421270667828,22.92946336002278
53.53162281678084,19.37338547079645
52.38978654178091,17.23966374337832
52.93077129789842,14.58168584079818
50.04677169841352,20.92194395958941
52.22281572781855,20.65034033005725
52.26194181135897,18.74350412594155
50.83699953048601,16.51611900472275
51.42991645235245,17.48727376334609
51.00790754051761,15.24563972853707
52.50259229987167,18.88067189509832
51.07763193322275,19.22408488990496
52.09390609375779,18.55276707660202
51.46429631676512,15.20049088992763
51.96863755119713,18.73621025810988
52.82581902774844,20.56980780499334
52.15919609711434,15.51761375887521
52.08207953719202,21.23433141506593
52.08303757649099,23.30586829056649
49.61258695709096,22.24777048665191
51.86735865940062,17.77213639004558
52.91167006984697,17.43809191743239
51.28972264315057,23.14921485381979
50.58699579565429,18.54749177346375
52.61289985362368,21.4780880145902
51.98562847208037,17.12214224576335
52.84087756584758,19.04824982100071
49.58698382042392,21.9576174466127
51.6174018159177,21.22731556453522
52.27654916623232,18.86906566073719
51.19358546841357,21.64319320508208
54.03000838025187,16.26643604802507
52.43472840189234,19.66446984954055
54.0596094313703,16.30090787961802
53.26354355099454,23.22953488131631
51.63519937679629,17.2430753155911
50.85782355993965,20.90402959621415
49.76064293170441,21.71533706894024
51.10329383211396,20.53221914748126
50.6152378398635,23.63219097749887
51.60206623182518,21.93458073966366
53.09629572477737,22.43033748183445
51.14677710985841,17.21354439701279
53.7712870962836,19.16594935742165
51.70537038710315,20.66057683851128
52.51517110668966,17.53017559181278
52.01175363881081,16.36356349357257
50.84999184225312,19.88140170084645
51.00905257567367,17.38337815414664
49.95738557124696,18.81309118431254
51.23368877737126,17.21409416038647
54.23680577162921,18.29396224242808
53.77356102713614,18.92454516169127
51.9166676128409,21.72582594739636
51.56530177349504,17.76720965777017
52.42775216758498,18.6677871892687
53.293765770551,16.6368133774074
51.45799549957746,20.26167652161639
53.99420329121068,21.71063432790773
51.80735258589391,22.65975137946035
49.8667508068796,19.6887866387426
52.90369369627911,16.25657165471534
53.0053264400166,22.21211003387477
52.4287179247297,20.47124085045303
51.1313341909084,16.73946470577566
53.09013457168276,17.41659197827401
50.59449372526174,22.60620280183126
52.07171222346311,19.31262062932494
53.64797090743472,21.61798802315062
54.19226255655028,17.10584098134154
53.13254802075808,21.38265134939098
52.47944047682802,20.06834655721514
52.63192358831486,18.41087137899786
53.72037233292756,22.29515510626601
49.6211674971457,20.52188785196126
51.56219349317935,19.78839292667172
50.57419759879536,23.85569176488512
53.38187661512253,22.01751965579876
52.12438464667747,20.99835103409967
52.76414106217971,15.08697507145624
50.57236889653932,21.94193286859014
52.92833307739291,17.07161456531391
52.65874255951602,21.59718611266944
52.91115539098666,18.90319056054431
54.01938021385583,19.80169825197311
49.77519123857011,20.77390844910389
52.89048501621068,17.66615457013295
51.28782290937912,22.92917111066283
52.91915209732273,18.4976355398168
50.60856131946576,22.01310865183369
50.92485112282788,22.25041186754677
51.6793214820304,17.76582344340651
51.83409466785456,20.9400244382627
50.91518051913842,15.43428309044371
53.15448072269781,18.58639829384962
52.96681184530973,16.83880115576858
53.23569298937583,19.75008196125633
51.60670376681917,19.32237907446881
53.54564409123023,19.91191579919581
51.68102646672656,18.94432324058447
52.58644393184242,21.19900069639152
52.44150174909427,18.56615542260775
51.91942782865142,19.99422581162986
49.94160594144498,21.67422639342184
50.60875413968167,20.73196326433004
49.50293143937596,20.00371459782096
50.95071325878322,20.80303174628734
51.42754917702303,15.42832098961655
50.70204014972813,21.90935325559226
51.6548228065958,22.93140223445628
51.84389583322491,18.3149592067754
51.6360339339577,16.03582807989336
50.98100419010196,19.39415707322113
50.53533208593387,22.5091764626216
53.43834553567663,17.6215911165167
53.70016312529294,16.82293540704431
53.63351661491819,16.15238836275723
52.19794960832985,17.98518227579697
52.91652758378953,23.68664366779
52.42608843626211,15.27337090132729
53.00081198576702,21.78539812344905
54.04077280770294,20.96995983806709
49.79200015824023,20.71047197310337
53.56056555803632,15.57182770961477
51.17400428858545,17.18702002852601
50.49924228039708,22.07019648846195
53.01788915348265,21.68303540950526
53.14599693619413,23.90340374657971
53.92017011380389,17.72238078496054
52.60983412632747,19.39929501945281
53.06376254791837,19.00927791466484
54.72091647085652,18.13798767599486
51.3842732687223,20.45228531904111
52.33550359800583,19.19879899452631
52.58104255399716,21.33053900205726
51.50198680013047,17.3232039080204
50.16913681271613,18.39977219510084
50.81039612684776,21.91857709383595
51.18152185572506,22.68950130971887
52.06037949431936,23.56151893137942
53.46004113427965,22.98930013009541
52.94335508138886,21.92526032501573
52.5169569207843,17.71182685602677
50.9237234734419,23.96831356613052
51.56475394114776,18.0584553645423
51.69538555941086,16.42917548290328
52.34207491915858,16.42941169530673
53.47229772782922,19.96831332486586
51.72304119394271,21.30714943246028
51.35426812922675,15.893680367427
50.85146791919703,16.6490391265577
52.73014809990125,14.76733360456888
52.26076688189409,20.50510943989353
52.07750652107873,17.32312516824951
53.41832777289334,23.43295997373222
51.33231414235166,18.10703880138831
51.5277317368165,15.47125630687974
50.26528005026396,23.54321628671396
52.20664710161969,22.44288246381404
53.17955112506942,15.65579626770456
50.0901569767159,22.8739816902538
51.83055577536614,21.04514376955114
52.61390948136614,19.80096623949023
51.47642930746466,17.81371321516268
50.38554845545655,22.55001539520704
53.39150612309315,19.03967087940431
50.28120429974265,20.4218042350237
52.75294630893085,17.89137870649658
51.19819382738962,16.42545290601443
51.73964268592766,18.85589442920902
51.20708595733985,20.71325992055933
50.33941124946455,19.9051567199258
53.13271045566632,17.37818853603043
51.05878215516157,23.09019188578628
51.51787613250539,22.82273572311698
52.57652582496326,20.82247327582538
52.31010382254081,22.09943229972172
54.06119065418965,20.68865431365835
50.56742251888112,20.41423473359103
52.65034269036317,20.32433465705606
52.9623229755529,17.30461980689866
53.1937396244257,22.16820236855238
52.01909244687248,15.03022208895577
54.3154234743299,21.85734056232893
51.10762581111048,21.51050126441207
51.96908309874416,18.47510789573785
51.43276214606395,18.46315841208733
52.73522608003825,14.63990701195609
51.52679163667545,18.44683014783223
52.63825048144915,17.01364745049605
52.07849878913808,16.9750664005174
50.92799534547726,20.44030296907556
53.37695138774216,23.04825671086548
52.52873660838985,15.91643798378116
51.73725199933548,16.18447417409301
50.76856612557961,19.08389389047195
53.04689317130042,17.55620215438142
54.31703864251581,16.41761324181632
52.58798408431296,15.68561969375244
50.27491555869111,19.20058176600727
53.09451617101275,23.11583173745005
51.03395000981131,21.20159220077651
52.78831382330908,20.14450838126077
54.28633542197069,20.98569126131905
50.74694252249232,17.7775559311424
54.30800477713204,20.37863259659315
53.31783509966605,21.80512704428745
52.42288566244126,19.00590708366302
53.20888683862679,20.46107706271265
54.05955254185017,19.09893776153824
50.06363227074087,18.37488291148237
52.07950631019786,19.0509986254579
50.16926002633443,22.91373986711207
51.50578876616138,17.40679466105875
51.55611561914382,21.51398959551714
50.83269877891452,20.14318829269017
52.9697099772125,18.71990075843656
54.00918853521568,23.12149315337635
51.31010500065501,15.19524551301543
51.6160327362897,19.46666311586464
50.75804255830982,17.16445995305029
52.93195853955386,17.79856543989798
53.34393086246963,14.77145085056739
52.97057078831675,18.18335201680786
50.74122794341305,23.19608358900027
50.06404030867834,19.62311958209194
49.7836969754791,20.63019058991576
52.05905735497064,15.97006981757845
52.26529648466919,20.08685689590582
53.46410721924067,19.67684460802999
52.60464174768437,23.53557652857154
50.38418603236317,18.45567501235863
52.39035476106831,16.12157141781326
52.98440568339417,14.35857859925515
52.7434582245704,16.80031094081442
53.46918869328428,23.42634395919335
52.06474088013412,19.01877197128552
53.13336919648693,18.18283047094353
52.18920626795818,23.29576526326599
51.68559004890705,21.19984561391284
52.8530940141926,23.3066182987573
51.07544056902875,18.31844422239698
50.94140078724222,22.49497179719534
52.87060970343413,23.20374784753622
53.63972669414779,20.62658841345851
54.18570473696307,22.70221093268029
51.02133554580819,17.8999211920848
53.22064743161741,20.89223927807029
52.3337688557414,20.3547599826846
50.85693819597545,22.14612442576401
53.00241924540654,22.33914671140735
52.31798616796883,18.22563047216053
53.19346285885904,22.50432877299792
53.50587972130873,14.77636542676927
51.60223082604043,20.47189999329461
53.68035872312033,17.69195675771544
50.82532506508931,22.23130256516092
52.74156858545339,17.77960516801352
52.9938577970343,23.36133076369689
50.19994826091948,19.44279246146219
52.01603910581301,18.89468372368212
51.27953512614194,17.54505541057408
51.48713229570512,20.51996024201613
50.1346340934168,20.4378954182948
50.62916562160738,16.75993482651634
54.3853422093114,17.85814096859077
51.78433078973891,17.18198815964632
50.65427474058465,22.83912453155519
50.81650888805407,19.12775432066316
52.44666050388666,16.14732740472833
51.21527125775873,20.48994391785964
50.26709906778709,22.54863727440335
50.84430100975042,22.76006625120121
50.64854147935032,18.10772439657735
53.19022690824426,16.18468833464258
53.63425889856575,15.59461433410282
52.04617455782091,17.22803390548087
51.49497711354343,19.67756138886735
51.14930479413345,18.71839562288987
51.55931606129506,22.01706689133069
51.20613161503108,17.41262781661575
50.59109250107064,23.06502495199694
53.64305117658362,22.29316585547467
50.6737838754715,21.24412939254455
51.17598979329342,23.72989352910881
52.051756830942,17.52526955732278
52.13285782003543,17.33864806415706
51.88237632906389,16.89476039498023
53.44735901904289,19.39158813095269
53.49993202194337,15.08454576979031
52.93861585676043,19.90077077299337
52.95468056498185,14.55318568967188
50.70032840967008,19.49648755511928
52.88179609641129,18.83483683707161
51.88054650939122,22.18095185385148
50.59303575029854,22.08187810172575
54.00754161587622,18.0333612038052
52.97089625124612,18.9267423143997
51.19493864271613,17.5987871194611
53.03027129928138,14.87753728886949
52.33165923655618,16.46793152505387
52.23356649348349,17.57916817742477
51.38051747475428,16.38024530344563
53.02235430951627,14.6760715877592
51.54456493572383,23.50567245770851
50.3243644115141,23.27631886909272
51.12313466909061,17.24342866354827
51.28153173478821,18.67081447852529
52.14953741513649,19.13597019487564
50.66883636978967,18.22860185740971
53.67661938090032,22.62435513348841
54.10997074125082,15.71919467660889
52.10240668437958,21.43191984511629
52.03707041889682,18.25066146163834
53.36413324936322,20.10496039444828
51.40197830430802,18.37082119340781
53.75039892581081,23.46556749793298
52.84561394392276,14.56136091250961
52.05787099838607,17.68330769171255
50.0852698567869,19.52161608426524
53.34445814185206,14.56149705593677
52.33281877958176,17.42431634205414
51.67124221759175,21.98997254585849
52.29810169361694,21.10516158924787
51.16743406314023,16.89060656378921
52.84915413372785,23.35187311310707
53.1120122217375,14.67424923855958
50.9951793245282,23.14733730480891
51.21562747003608,19.50669443246282
51.89316511746911,23.39400420305877
51.64803247435627,16.98090205409234
52.52408554133891,21.99954141465562
51.45343206768234,22.95514148988072
51.94098642412393,16.78365702744121
50.78765868336533,17.16905873324825
53.29728017264517,18.21840738671134
50.53398828958538,19.45921500542131
51.36447040332358,17.2889907664191
50.4098434316585,20.03630344851303
52.40288906978166,20.41000216451866
52.39033346783928,22.74268020281735
50.4764077007022,21.35858794189337
54.32096177601528,21.3833845648086
51.57249494699066,19.13122229904718
52.99075662881044,18.43317265416998
52.23530344196515,16.16913138079167
53.57553516513501,18.48989990185154
52.96586130641899,19.31838408078966
52.69065350899274,16.32178929618588
52.74862127219713,15.69763721577904
53.26466665715323,22.44977700991661
52.81583374107881,14.59039294725817
53.17132270603138,18.14675931702189
53.22896930692475,22.11107214709181
53.36308615099295,23.65322754811474
49.68620123503187,21.7025586172451
54.23032952003581,17.40339272495059
51.8065807173768,15.55979727833581
51.79970585700545,15.10316695667056
51.08396249235671,18.69208291677595
53.02251386226428,16.00212555745028
51.26600837787375,20.91431182343603
52.22726189869438,21.72052163273515
51.84528699573501,21.58213682795753
52.34763134556265,14.96243711411559
51.33005911367381,16.9717156186338
50.97677612241968,23.1476513042412
51.11361749489825,19.53556006604355
51.57570413577778,20.11393734162046
52.70671588905084,21.38179664059505
51.01848032947588,22.42632653917615
52.70774502056298,17.0567124892212
51.06364279335337,18.28916060291074
53.25030321936618,18.46604982010217
50.22884288376062,22.18391685011985
51.18860088419287,17.12424969543233
50.92173276746279,20.9736589445223
51.01910436190546,23.11132325869151
51.03458612274027,16.03977424306459
53.26336783093362,19.63691597664395
52.47634215972823,20.9152968917392
51.84402428917522,15.68979264008632
49.83632459331531,18.67094817944663
52.13920993590665,20.35196714239573
51.83127029718822,19.79267960815799
52.32179069896439,19.76261329006705
51.73019225934472,16.59022836494088
53.59149776595,15.3276912656137
50.48052812251323,22.59564700180453
51.96510540087798,20.89095439503178
51.20258887985944,18.44905510930269
51.5644580993977,19.44478108309835
52.36528775646919,23.07804320439709
51.5769898413586,22.43229876456237
52.75557828504591,18.18603477591111
49.76372941457721,20.46744467320707
51.08986268770117,23.2945123010247
51.08197610930392,17.3671370558629
50.98205013377319,18.22785765362393
52.84627758980706,17.03369937640878
52.35354062285034,19.77144195333324
52.41113120485834,19.1111336404375
50.43560321544881,22.24801599063531
52.85147236066522,18.13217047122257
52.93437206985003,19.73837987657585
51.91666024343983,22.01539347150294
51.91252326891928,15.03586456023823
53.06123020430381,19.57151673815412
53.52649999513331,15.76004482784136
50.40088960926841,22.61151071363968
49.70030245174772,19.51771499945391
54.09980052652625,19.1138756695393
52.78239971085402,18.37366535412626
53.97039903835599,20.43537272892985
53.34113379484894,21.36082963692879
50.98064426559009,20.17437544989544
50.78985662570419,23.88271371123093
53.93347971979593,16.14495479868866
51.39918892644134,20.8509290098153
50.24778868848853,20.49516936756638
52.35977850818373,18.6938609099972
52.91534319830751,16.80400273615484
51.82845033061553,15.41008611369586
50.3285271661259,19.74690860272847
53.16624529146291,14.96502183978353
50.43194088065442,19.24366452058248
53.15557282341124,17.97429190533915
49.88391453222988,21.44821405370593
52.77033091249164,14.8636104287788
51.54090207172695,22.51994243412161
53.09645273326125,14.55986738691206
51.20328272300471,23.17770495853113
50.84395793083262,16.68934094366994
50.14052121164039,18.03332053031351
52.44379055655772,17.18507103965905
51.20210266316389,17.80322873144357
52.74704285658779,18.01101752054045
53.42914869628369,20.64691510124952
52.38095686592116,14.72743040910045
53.68251599878101,15.97602738776351
54.14622277698009,18.97314494724614
52.5214108067039,20.19202437074426
49.86307756746571,20.72389963479173
52.64059081280451,19.46834055835339
53.49758092931587,22.09455741069896
51.60307629750051,15.18017428941278
50.59026952585271,22.29621693748173
53.51802489954383,22.48650140889265
52.25888089037917,21.67907964467063
53.51770323570003,23.59478010401271
51.01988548466986,20.61194325251833
53.48408032509664,22.50892611528423
51.93541824274297,19.28004664776003
51.67182153042997,18.02707056548151
52.73699419285724,20.83546177143235
50.34740783358313,21.46226333672059
53.59763371382989,15.61661562988689
52.03767522120662,17.75321488592354
52.84211290131124,19.57247779922688
52.13569106967643,18.4632801542827
52.18716321204787,19.31113215709309
50.82319164846346,21.443494249023
53.06008900807319,23.09998108591995
51.94018533499882,15.92405811906998
53.03556353382753,14.55481541015358
51.96349246101444,18.24143707879656
53.28625063920833,18.40177822743374
52.15009989802492,14.74938283929528
50.82087690105641,22.11769463537242
50.23592318391128,22.3504779163265
51.69506859324664,20.81120864128433
53.0976374421555,17.71999094614301
51.06874103224719,23.51595086804148
52.65051278609869,15.94344866551887
53.29598850515162,19.11325426005994
50.40876818955804,22.82448300016621
52.02985330529125,17.80577497257028
49.76011106261221,20.25370691694448
51.86141895996765,23.31054654845249
51.405762039762,15.50867785288884
53.01576056216745,14.93372535585655
51.8916642424612,17.35017628383373
51.71921717478505,17.77526597196396
50.32190809077609,18.89263081545066
51.66628866979521,22.28763303677463
53.12844721716341,23.33766415757425
50.30988657054757,21.08947338997263
51.39027393013184,23.6701038543013
52.47830631905163,16.93153916274768
53.2248625762381,17.10599810636081
52.77694998961109,19.54601386187134
53.89415027245941,21.02831796063997
51.26695920921767,18.0780202746523
49.90182632735287,19.45323638469746
52.41827375577918,20.86831816304959
53.88803774165021,15.32006732147879
53.23739986843439,18.43434381018942
54.03503029907843,18.63769666405458
51.72890609040059,22.35845792285414
52.9717072705684,18.1719291991523
50.00257311140064,21.89351122564625
51.54755516660849,18.0725395951407
53.15769417372447,21.01564374907396
53.40585003295696,17.26791842794653
52.37154918672974,22.83866411476409
52.91361925332684,14.45468673247567
54.09513239729237,15.85578064912742
53.6458590929514,22.37802314196579
50.60181384543294,17.42853345169522
52.46079671299709,21.25450114911628
53.27990159096733,19.65220194901479
51.3974753432225,21.21473873593998
53.16484206667228,19.52445074281998
50.97166446566972,20.14366345836124
49.9635824154349,22.05139198080818
51.50155898182139,21.19339304544308
53.29173773768112,16.6629662079872
53.30023215420321,17.44844846792952
53.77721197930759,22.26797038144425
51.07542898729427,22.14817357922434
52.48469632702754,20.79609097150404
50.91875868341562,23.44702187482105
52.0779890670722,15.19797548084657
51.41409882139626,21.67114596599212
52.2474353287656,15.93226528654744
53.1082751658976,14.69255243197604
53.00524000917841,17.47684321956152
52.91993104325736,22.41959356257763
50.46230661515869,20.16831387243739
52.18501161860858,20.56431747473428
52.74372963150274,20.41671944714332
49.98545634041002,21.7346934003112
53.98766835731152,22.74497653052342
52.51701965893376,20.4566010278272
50.54433584933109,22.5596406953607
52.1357113167538,15.7539588230866
50.71867454640158,18.27296993676376
52.67051265571222,22.60300847138753
52.56483929608876,16.96638559789825
52.61970725563076,22.46120719430936
52.66728002314146,17.41038408789597
52.43906359318519,17.44689556714202
52.80493659902231,17.11766134648526
53.2758184143719,16.94538767886454
51.44657339261466,16.17817951971669
51.9778829241486,16.74687495453838
50.06386857785872,18.1855170819163
51.24395223466593,18.49363458063597
51.79492874909251,23.09255708840316
51.91744304271936,19.56787136602413
53.45798236631899,16.2172174749613
54.41902243176744,20.03511344946031
52.10642299131814,20.04770865340742
53.1964649606147,19.02457851458733
50.66621101482725,17.79584857581786
53.61995767636039,21.83928970539473
51.06070897755245,17.8625372864725
53.92447877314289,18.21323875065543
54.12155355318034,21.85092681876248
52.99350724594424,19.81325494555663
54.07405517994393,17.7235823718615
52.19066655186209,17.27281744391903
51.24866131015977,18.70242362648029
53.11108217659377,18.76180481849661
51.02342659417447,19.57384600875783
52.98553486501812,22.44381059554492
51.85243612746428,16.50986345189857
52.1398146916338,23.22158504675636
50.50531746944232,22.53375316208487
51.87776380405292,18.61999753494037
51.46986343554989,23.33465969050664
50.24477980719452,23.52191473204217
52.63079125105662,16.72483075138984
52.27949060783278,18.40669844272518
50.45323138367324,23.52772262333775
52.34376404353127,20.90377631869537
50.24277570950368,23.33422090727049
52.50716654371513,22.57934663581606
52.76974024456053,16.59296030569492
52.79972963215734,23.34399633375038
51.59371936503941,19.05970494703262
52.18642912561873,19.44503260488133
51.31655231951516,19.45036320224911
52.06452495203321,23.06725667244251
52.79039033454251,18.88763694427499
52.0295410646344,23.52717456649109
51.51715046302786,19.10689203936282
51.31546611054265,17.55525237024358
51.40558360401447,21.16140756340871
52.02868623524861,20.94939678550806
53.32946710866697,18.91629282856729
50.37077685751883,18.08169907998494
52.37078345739758,17.3913152494456
52.36296268547828,21.34652612914106
52.61931707902292,21.42598791199159
51.1532851903251,16.35192345058806
52.02813984994238,21.16305335699305
53.48598138908329,22.15869982706766
52.76074952428589,20.89740693554033
52.15264308918402,18.44467601509593
52.73600001486435,19.31940588589681
53.97256957834523,16.65487473717559
53.11930996573271,15.80766524416419
52.25461514153514,22.84897605937245
51.20370954460305,21.03037643751693
52.18695214261003,23.29446058353029
53.43193982972743,22.74631863866626
51.43305177705505,19.01995817214455
53.39757259186583,15.36552474400203
52.51452352202543,21.5393620753595
51.78746504092179,15.13060901696832
52.62310719509848,15.38248566371823
52.70074009072518,15.11052904296012
50.98981144897738,21.71543926564949
51.54427941937188,18.34838586970945
53.26301388530045,20.42875829135712
51.6144833035134,20.50345887641101
52.53490323967225,17.64543269165848
52.81493706892859,21.10432970364782
50.92819228432897,22.04157447449137
52.76586630746495,18.82552890496479
51.51456981436124,19.23655049943495
52.67050458263684,23.85236171897713
53.64750881113437,21.04820054988253
52.58950738930204,19.9474225783571
51.53943558299182,19.79456309160864
53.50736941790982,19.33550550147821
52.35075333990059,15.62718106994106
53.37827891347851,16.50220653470273
52.86867441931481,17.6930507355107
52.43773644337099,22.69770622201461
49.69011679975504,19.33665324790621
52.44974449390389,23.2390781184383
52.62901198914065,16.68478894709867
53.12764907818133,22.22697099739865
50.85580887445605,17.62505322638228
52.35986674411787,22.8694085248274
51.15614886590544,16.86113013101491
53.04059137455637,15.85285448208588
51.75943555113653,18.27815096292036
52.66918633314076,20.86152552597052
53.41555156358835,18.46245536186021
52.75300531744597,14.75461936870293
54.2723187671663,20.56210930039298
53.08467167786761,16.76149446326837
50.12471447840624,19.36678010130505
51.49676887717317,19.7548598510629
51.74835951389566,22.28262718561721
49.81105591276273,21.78310437535639
53.21271770066624,15.45208179523098
50.90312605619101,21.15072828659789
50.67685146279432,17.61749407906548
53.14585171907348,19.71070373563282
50.10105847579454,21.14646593638444
50.27103981492391,19.14300002358089
49.69948820512234,21.22986177137532
50.13140759741733,16.73531579384825
51.36764130887745,15.24144733353867
52.77726328784851,21.90469618853741
53.08760566612252,20.74315569988217
53.80045533701691,22.41629605960508
50.83781644210938,21.91151594588456
53.85070359690727,20.40872449835978
52.04221572113576,14.996298951054
51.23173781653523,20.26747059877522
53.82828337574965,21.41623621330691
51.5005735581735,17.74940763420182
53.03750707902967,19.21309692728933
51.76781143956525,18.08968256713261
53.55243113248562,22.27351914167153
52.63097890635855,15.53653625019507
51.86180691868855,22.12227115847567
52.20699002282493,15.03227164481847
54.13689669270119,23.41250245110487
49.8939956389306,22.29387807036889
52.05390920333603,19.15156454394807
53.67070794573689,18.67137717295268
50.97101250765089,18.25347414301626
52.1275514782599,22.1302115592851
52.12787826920807,16.76100084880608
52.14982704030237,19.05697232334797
54.04092915569043,19.06285908005151
51.63743192195743,18.27912812139417
50.13796955135354,23.02487864474845
52.64343929374276,19.96840036486432
53.3721658113488,21.02534270187022
52.43617320643391,16.67264089880896
52.98967484564053,17.59007602857889
54.04210526142776,23.45424756291819
52.15933164426521,17.08317710729856
52.96400556795984,16.87909238005979
51.05695733251489,20.47272548581322
50.69127801601322,19.11003448935569
52.54014317753086,21.1261839822241
51.58580362641418,16.52079585824772
52.90765655979636,23.21235225374305
51.55183458419572,15.25666408790868
53.10786559281296,14.6032404951741
51.75287708173942,17.7973798363662
51.43135184931486,21.5119977629338
51.38706182088895,20.27649517920551
50.39683883310386,19.18574746730328
52.95321970825063,21.73911970570607
53.84137829568609,16.9516403147862
52.14731555884633,19.61167693735942
50.90852885351989,23.73493375552203
51.95793458378638,16.89237937032236
52.59677320023861,22.4889572362738
53.74424390449832,16.55538574578635
52.80788981173244,19.13059549519457
52.62353140636613,19.96127988426044
50.91273339536178,23.59436904377268
53.43529958967084,19.26759825726885
53.45846970384196,21.61803808084509
50.36001860933099,17.57615164245934
51.12296514133892,22.27157480619159
52.52801109193307,21.94907854796454
53.37641270972493,21.58800242899333
52.44827300193473,19.15211284584239
51.93437168627042,23.14801792546039
51.50537119328801,17.2671724456082
53.38746844648011,17.14710525141183
49.78000725432753,19.51577612637069
54.12434989315247,22.5045476106404
52.68548041863466,23.55427052411023
52.21147955492572,16.82036859596807
54.20583824756851,21.74741822650703
53.31146338973098,15.5620544880295
52.05633663275358,23.45207714415089
52.04935875808949,19.89220625531772
50.74750578516561,15.70793146378077
51.49054463185072,19.05426224795731
50.80269744355373,21.03711513294535
50.10833946736295,21.22969495277444
50.50885060258246,22.41941709042134
51.80132792130063,15.65446532834941
49.373574996279,22.72818095887666
52.2626890486493,16.38183494694013
53.47569251228366,19.36283744503654
53.72269414551421,20.35647737959839
51.8767388331301,17.24033765486482
53.51795698633237,14.43259222501633
51.23336790715943,20.75217950235586
52.76989646946991,19.30788140593407
50.91523268021911,22.00049705445603
53.37076424107903,16.57196309149736
52.39222422740052,22.0607805284625
50.53559544440731,21.27044713221399
52.63079902776926,20.76963194106409
51.12174421533776,22.48410030063087
51.43466905188563,19.50059475202197
50.93455265950503,17.20971108860857
51.29130291136403,15.85273904541105
50.28828340069832,20.64679885707954
50.80521907138585,19.86959264367488
50.12845359286628,18.55056792086151
51.55296797505475,19.43061578471753
52.68258846605335,15.34257935694343
53.13093201214929,15.89778473518967
53.63098922117085,21.79178342849113
52.30965686862385,14.99500687554919
53.73825105470491,19.81779825422426
53.65662283443136,16.27171586604959
53.32139171892272,23.13984297207037
52.40599790489477,23.28515367852458
49.8459623590768,21.89149907862453
53.93622362820526,19.98350090263919
53.10133492880815,23.46554599206165
52.55232150293396,19.09234846268386
52.11166389898495,20.89965758736015
50.19662800634711,21.16739508840322
52.74933947235714,16.05542974929563
51.88608680421772,15.23816518431437
50.71073261667878,19.43681845028594
53.16813600580816,21.75873845314572
51.46640290374329,23.65201574330099
51.21234352617098,16.45829628328464
53.95111009100692,20.981883885436
49.9301009988708,21.3682509236628
53.48423558836706,15.06233033702332
53.08203662286343,20.58649439260675
53.1935135959768,19.07811307733157
51.93243902683033,21.14908612334856
52.77293084690874,21.70410063133105
53.51183039887052,20.0530120128039
52.5137435754464,18.83876239576627
53.82514377269156,20.85533313044674
51.21521181482824,20.7957000445093
52.27037555948773,23.06777669100887
51.41904588919521,16.53600163807991
52.02315340098912,18.41449774151041
52.55887789948952,18.74692130964664
51.06093628430338,18.34419215963953
52.32612798661221,17.82713338567056
50.09525380870107,23.08817707840753
53.56822996942374,20.79045962021143
53.33834121442474,17.57943294340738
50.59860356658264,21.68606589000667
54.09088040807925,22.73956860064423
51.47149912231783,18.47414238465748
50.83182992878133,18.67776322932269
51.54377563382737,21.48409964538197
50.84183400138482,21.35059005625353
50.48264360044294,23.45794338103551
52.72458169588493,20.45220503966429
52.44987470688295,22.08676243759743
52.31004973632681,15.05949982869114
51.33401779816148,22.00825570810647
50.95128171326373,18.27896746482333
51.05816376646533,17.33856764905331
49.72068844083868,21.95044662535064
53.28685799331232,15.33873626764701
51.2601435460257,20.03433224679912
54.22359516287427,18.50197248635252
51.99801186430859,19.46885131430601
52.58431174378796,20.42966670662955
51.38165539187121,22.22974084133797
52.08255451882874,17.40497825600043
52.64126702807496,16.28430051407008
54.03970810384143,22.11798673650265
53.32010622409621,17.15427980103299
51.71505099370793,20.30283197485488
54.1122540401772,17.39469075828944
54.15458052099607,15.65086557150692
53.30753870831074,17.38599766766868
51.79248555209882,17.12296555563014
52.86279598900178,22.43432863408061
51.65691333925324,23.26979232716769
50.84464819317056,21.2091873624805
53.74225721492775,18.65923815800913
50.98631362157413,20.94344744780679
50.54658338462397,16.5677382195861
53.78074172667382,22.94269540026395
49.51005076654963,21.89446874537225
52.06866038882081,21.89221747685899
52.63608968408292,19.94460869397301
50.32260914196991,18.16366092027308
49.53660521603146,22.51147967264089
53.36702149596701,19.05909168911913
49.90407947174715,18.89393507341187
50.54408453077129,17.1420721578634
52.96885455224808,16.6950449886633
53.09729981607801,20.17706308474705
50.7498854318447,15.99027754844471
51.63979738291527,17.72262433481518
52.79638525334105,16.12877255462315
51.32406762892153,19.26643768058577
52.74924921755539,19.75200813120944
51.53617583654511,17.14860510314087
52.38687060529206,17.71852216638765
50.63409965973285,19.71747792297168
50.00836342562932,20.51682670841467
50.71300557644067,17.97605469504431
53.8951468367632,14.72945811388729
54.16225710205153,23.08775919067523
50.47285959422899,17.31453746941418
52.43460444275868,18.48012956605593
53.8272158906207,20.86977214570291
52.96779974613649,17.59940286778161
51.93934829830076,17.12683833121286
53.24340175414833,15.24595994806621
52.89463714896799,23.39123145156645
52.0169616028924,20.62014385782264
52.89791693769308,22.55812028368994
52.12839957796668,22.3380024532883
51.91060781581677,17.46545367745972
52.51650831820427,23.38854881650016
49.47630310381072,22.07010091740284
53.24216425125827,21.40950079123337
50.91786270793733,15.34764123973546
52.06979445500809,15.133464242304
51.88000007487376,17.71862787943404
51.85492546893236,16.15568790749739
51.61072816520476,17.30625870092761
51.91825964440527,17.2006188049551
52.77318876151904,19.67896588947121
52.06505694223351,15.05789391589035
51.43694751695165,23.37477751259295
52.9192855814206,14.20517517578366
51.96164883046145,21.76230517935966
51.73405485422349,18.82463515696093
51.60318038892103,16.50783616813581
51.71708645811577,21.76735036414698
51.64301363586463,15.22358906097423
50.62016859549972,24.01604875222055
49.57340102790751,21.31791741865895
51.15292815856632,18.11036098842582
50.85382602787936,19.78376751284625
51.22673151983326,16.67012509305919
52.06151942501757,22.2929207179733
51.61852772892478,20.20605469888637
51.86402318670944,18.3338632102806
52.199061804751,16.0771115510214
51.9186987153922,18.75270742788882
52.24110890962319,17.35990333077454
53.34968603255296,18.72885458720465
50.94881606319649,16.1224901028015
53.04199264896016,22.09074604830674
53.32805167911849,14.44982327335632
53.13685638586978,14.94747420307358
52.75257074023428,21.4261174633615
50.54512985189204,16.82924363223934
53.4922216515686,17.0524546550414
51.15295606188059,15.45483051489685
54.26158249669054,20.30787972141029
51.91105504059489,20.94883800522326
50.7313887439348,20.80996489700028
53.79702803065639,20.61386298687241
54.00567984320396,18.0219698610008
51.92886253053102,14.8945320456033
53.56856309126056,18.39771223331827
53.87893292240462,18.89358206647416
53.75998804388616,18.04829289564396
53.42068883418856,19.02259800536513
51.537829419481,23.55538220070529
50.54552511270686,18.71808238035851
53.61364982290842,18.49168695260453
52.07251661825161,22.94709678155694
51.12707799437184,18.94878721982103
51.63841925997534,15.69617333480366
51.99230179492391,17.0741099176505
54.08419111910316,23.00679095763749
51.5147010647735,21.0489148262406
52.99486662628146,16.8491063733604
50.1342399608554,17.99870728013617
52.76894045632414,14.99523017495996
51.92006884836687,23.40388457898087
53.97294388672994,23.15387302883511
52.80621772564014,17.45193050810791
52.00792535154547,16.78055592403385
52.85903243120705,21.62532858449269
50.580530547878,16.98204134521753
51.49469683038484,23.03532361715267
53.08290283303796,15.27003248617745
52.83209035065881,21.64946289385132
53.14975962319635,14.71582462465921
52.95424143389553,23.21631932601519
54.21385185015075,23.2932734114868
49.79292513837487,21.53879700560367
52.69676317803731,19.0633868941166
51.29487280386603,15.19893936138737
52.93761509526479,19.60754598114605
50.75592545068628,19.05318558874895
50.84244864704309,20.65187180419772
53.4652315065393,21.01733596504907
52.62473159234974,18.58664991817938
53.61728925124348,17.45321633759577
53.24860980667366,18.94332633824864
50.48254133920729,21.99553525586433
53.52345629911437,16.15060250708594
53.67821834629735,16.08305866583078
52.4829665499572,17.51921025723948
52.26422606657552,22.10793096626239
52.0381983820528,18.39046754072476
51.06244176819771,19.08238063113157
52.60076604117074,16.79398002014563
52.62267883154482,21.85187982114105
51.49667001947071,16.51038346125782
52.81671921819197,17.71409711658998
50.287017322751,21.19628604376814
53.55796579844085,14.99407716020578
50.48013034717388,16.49143592393202
51.25469165732378,19.78511329302299
52.79784628187695,22.80066350578597
51.41827101099092,22.70924124985301
52.87280830074053,20.70029196869053
53.24600181330319,21.46604193404922
50.56673621911803,22.31412302200268
50.51116057165252,22.11553279208634
50.44150193153332,16.65594748589012
50.96957043012482,23.35978379740466
53.16644097108522,19.30945711436621
51.967159566041,20.70762853631085
51.72126857596975,21.93196284991718
54.04963913248585,17.10630578202986
50.28675615024394,19.1728407955978
50.70883061805284,22.19561820102341
50.69347409152193,17.51915638243965
53.90358482738207,22.35389120048328
52.4367227117086,19.33323084691921
53.64489723531389,22.20023558315964
52.52292919406117,20.11024075263654
53.89999890382387,19.5648423673381
53.63255922421459,21.55315610144741
50.7622112777354,20.93948201910347
54.21657073063125,16.11442298423579
50.83166698324836,23.41053375197587
51.11322731165297,18.0657116204593
53.22476055807578,19.52070954071106
53.14743953719141,22.12599920859068
52.84478625333454,21.50605342019316
51.22265075423602,19.88553282141581
52.451263030697,15.1350831737886
51.74278548154383,15.50162343367602
50.80373235520091,19.41933320191209
53.66192743373342,14.32737196783286
51.87010821428189,22.71342182495157
53.12960042659783,14.6901217871221
53.47234770053584,17.6005761205623
52.99829758024205,15.90526138030836
51.13444750388986,20.84119825419933
51.91116324563208,17.02723295131969
50.93126225389315,17.25646516122196
52.48224873830958,23.34944260995241
51.5623202625946,17.53563068206833
51.27919453027072,17.24707154447197
53.03752312315737,16.49087009229639
49.21856519830852,22.21576805716138
51.86627973995427,20.21135546206081
51.62918812706553,15.32536828024998
50.85656541198323,16.04520698345384
51.4550578161026,15.383594095394
52.37338278029114,20.62054532077675
53.69342466528094,15.51157822944347
52.56850981049913,19.8833354220069
51.5067553063668,21.26595450107405
52.18790634860265,22.23800800410679
53.20933856109914,22.19638980377092
51.52537799695293,15.38967234468566
54.16427877315083,22.48095734113265
52.74757327200719,23.57834424743229
51.60797618185634,19.24287282509418
52.4774881433565,18.62678059135849
51.70473051398923,21.8689162861702
53.37670774548909,22.74781446475468
50.31751569630369,20.14037618417581
49.62648020246827,20.26135716192187
53.61296914719499,19.39483317865637
52.18310138349861,20.56469446223311
51.52048554991153,21.56867449459198
51.82840070431627,19.95251561526904
50.96046216458419,23.75985461337982
52.17934423259177,21.37963667120617
49.97594907956189,21.16641333377845
54.27059724492575,18.88378629131616
52.74635863333662,18.98419737985893
49.66215668041086,20.08045936538795
49.94283211787909,18.39847042591768
54.28482169410709,20.17906072267635
52.53526945374982,20.43103217983706
50.88996978732619,16.38548963472756
49.93864323434327,19.64602022143825
50.66908235859697,24.06855787880115
50.32609852242113,20.22200013468503
52.79694458868947,14.53587593786553
53.02826043138145,16.64149807551955
53.23602063681805,19.28083805353771
51.57570583387797,21.76139413311063
53.09482299643289,17.30605973730997
50.70698076189943,17.25302212691667
53.07095357740236,18.89374647499979
50.63617112597781,22.44471885378163
51.90793436965102,16.61971429245114
53.87284393568073,18.62813129631965
53.00610966650861,22.61559410385978
52.12369453886902,22.25448470406865
51.26502537957774,19.24388423509112
51.63929544129858,16.37564588140336
54.15049875146901,17.72529675792206
49.97698081465735,19.89498521480651
53.71207102633281,14.89744684600623
52.68781327618464,18.90314228909227
52.55709965994566,22.17720478597
53.00228267031198,20.03528346673408
52.98962119595082,22.86966841377743
51.27782626742211,16.08759879934533
53.33349613464217,14.6739737035117
52.48411665923827,15.66804738918642
51.3914540567721,20.74352862342408
53.88908010553507,15.68095212205334
53.73305998420258,19.05274644084394
52.85769329864068,20.53835547730383
52.69077845338931,15.63283797660644
51.67577473094025,18.23585643520482
53.25645516825466,20.73104437764738
53.42227584691199,19.96110760104241
51.96123136526957,18.10526065228661
52.16737716432876,16.57162390251192
50.5289342193985,16.54039651204766
54.17370903438917,21.72662543943296
52.75703966655943,21.7490270885004
54.10593394394154,18.28971421210965
52.27803236486969,18.50639683985094
50.31623337424477,21.64908753363883
50.88614003886132,16.09962491724768
51.51147710480981,18.11860306535545
51.95787241011627,15.08542279012514
52.83678190502482,20.26522772021267
51.86291289560465,20.87336726883548
53.33988400379731,23.59714839153666
50.66918154500716,20.59365067880057
52.36314474193309,15.84993490106565
52.40729290094892,17.82987495737881
53.94869200100352,21.1726820448433
54.29403309765989,17.16029758996212
51.0997174421472,20.61434532948416
50.19047704858105,18.03524077058807
51.46365032634119,15.11543456261599
52.2190362720777,21.34230349593331
52.69609759974621,15.01037002036739
51.39118657811052,18.21078580440189
51.20031499027271,21.42136717144141
53.53523356672123,21.4880737621406
51.31798743848065,21.11844279074062
54.08144894937567,22.06032414739495
51.74779199679654,21.94468367734638
52.60475261704221,21.10849303192274
53.4168213685314,19.14332789860708
53.06264548995932,20.94760125949347
49.69192105498537,19.20468486993465
52.07008231858583,18.54514476613672
53.41902652779574,21.68164615584521
50.16617012828098,23.13095666635717
53.60591951086322,14.57157895962612
52.38545360284174,20.7720126743509
53.26375512347803,22.61415927336176
50.78776144331655,21.56482956401268
52.46736393049726,16.89933240287261
50.76437885676672,20.72656783792124
51.89413379038212,22.0930391526378
51.50079527375382,19.77277821620835
51.6556249656342,20.41426674383863
52.91454459595812,21.21571007023012
53.01538400465785,19.52395977952498
54.02314455793227,20.9216228012955
52.94453277065384,16.42493044624933
51.40814740016905,23.40100545260417
51.39839127778149,17.3791714511121
51.02941670014925,16.65368042924915
53.22446186469701,20.42217466884556
51.38606462117732,21.52562624657612
51.02791601160632,17.29352313848785
52.5592686526895,15.89722685806173
53.3068769806844,15.45429669976286
51.97070276479099,18.71056039556433
53.29837342130632,17.86759810923303
54.33028300361072,22.20239085429278
51.66370043776332,16.82106482868025
53.21829209974204,17.68197154875582
51.11768238928832,22.90059027725304
52.51007294246452,23.21829005228818
52.23674587720905,15.48445830756013
50.71864916916691,17.36603141531385
50.70629432068371,20.50427824339677
51.15317540905013,23.60168722182994
52.92278412080771,16.64881281975962
52.34641892001408,20.03877917677774
50.8062773509915,17.16456309051229
52.30909658613569,16.91015904646894
51.74978377926223,20.48585906088354
51.42458482573439,22.68420631842023
50.70748572456311,17.21086050330845
52.86633249434485,21.05131696359858
53.08365349385399,14.98359665914883
50.43930660542208,16.82334560901008
51.4432022859909,16.07350712420228
52.3457245955215,17.38604087926835
52.56664510094099,15.9306642047981
51.12901797053071,23.82285825287985
51.16848762903476,19.81723792357228
51.87787400264477,17.15881658383097
51.20443523209033,21.98992456263452
50.92795609591555,23.04069808561701
50.33782722921003,16.56798609450868
51.37261783836361,22.63343071956335
50.86501351863271,19.94162910810494
52.79782548381315,18.49288842896957
51.86570654238955,18.86186403560694
51.24180781201765,22.78055626629407
50.82523686684983,16.4535628360299
50.81766705861481,18.45683220766695
50.46834462715822,17.52779890588158
52.988842792047,23.84285563177827
52.60697123867583,20.28077832498294
52.11440647696813,21.32616949177759
54.21225642396015,16.89490910390678
50.64380214061065,23.80822551902001
51.06047173866666,18.89377307008946
53.19277940758279,18.81772246762167
52.45483609255645,21.11889948246591
52.83983806137019,17.4698797091611
53.72567166150175,19.78284562770893
53.88447385801764,19.47898303955213
51.71032381568056,21.04404414051978
51.97048022618866,17.91367343399859
52.22422489991037,15.65672130803124
52.61502593585028,23.02916280736706
52.9978627807353,14.87776516227451
51.60576904620534,22.70613158463883
52.84669156669603,21.89188202055543
51.97584036658979,21.69233026182707
51.18812782039905,19.10397324068362
51.08953095224378,23.21186382608818
49.44990493393737,21.00683998374633
53.04922481837566,21.54756389629209
52.66085819490493,18.68317361710992
51.08782782275576,22.17816450185546
51.83727758411534,17.46249563402157
52.31399979223406,18.69774753335889
50.29614881742844,21.7111160452389
50.48064523331365,18.95192112320929
51.45667585680463,19.90818856513422
52.21404934416075,20.57056561084057
53.60310788120703,17.63750501095794
53.38186351355005,23.6001446444832
53.33784426924619,17.82320905954754
52.84193474518347,15.15920907859193
52.54801618048759,21.37623633108472
51.17006138324516,16.27785775568594
52.65501427862372,17.12892803691596
51.12242948215471,20.9251481159833
50.72625222733893,17.44852932938057
51.16597998155851,23.6743159534407
51.95965965834726,16.06623990066748
51.9926689754675,16.16894378106541
52.15016002107731,18.56794624175249
51.0471028664386,20.90891410103251
51.52035711736464,21.47355365767988
50.61733100309583,23.28189553271732
52.57146414698354,19.22271048417123
50.30480976592828,21.39076050506186
53.50737441532496,17.61116801268121
50.84513818089831,21.85333034998855
51.08264248228151,22.09702521463225
50.0896568688252,18.26954228687375
51.53614759719814,19.22045234089538
51.27176441412261,16.47997261405031
53.24626129624826,22.08554964437309
53.01993386491771,22.4527276870064
51.07159795453531,15.86489904237936
49.52915523838413,21.97612236126968
51.42611740577794,21.92182444182337
52.37082730079946,18.64242780250425
49.72476101559898,19.92572046265223
52.37513285022955,18.03387324647085
53.66384975392794,19.98913605800507
49.86647690728039,21.70651574339277
53.73902476330922,22.40826334673006
51.85664473768556,22.38339702048788
51.34911744105803,20.10589992793932
50.07901323998873,20.43482718488789
51.00464904881945,20.79858279516464
53.06723375477291,20.34912962751746
53.61262201633359,20.29763470940568
53.09593118974385,21.87152442111899
52.39611869520363,19.37822946906268
51.34296254279586,18.120989447092
53.92653662172147,18.30130254535343
53.91279878277191,14.61405409073538
50.43675483021411,19.88276503796691
51.70006220398381,15.81135647617924
49.94369300361325,22.31594139037345
53.73976301238932,21.41901418593245
50.46267322391301,20.97923365915723
49.99740873210593,20.83219969705178
52.17018088725084,16.05689825577083
52.20133120338219,20.19777692098211
52.02435349483923,16.81397864070442
52.02584931047487,18.49582933148425
52.59354600835474,17.81136467344613
51.56063172438157,22.15512886643093
52.18758606791093,22.45132449154267
51.25376685110894,16.84374326679734
51.20212274892019,23.73716855091062
50.6318246319106,18.18212548162021
50.78452799438172,19.97859434607712
50.78629979102636,17.52318082593542
53.00398244884187,22.8408880877204
51.10014026781037,19.28505195084621
50.8883218813377,18.09846030749372
52.56765043847602,17.93894531334518
51.609389758695,21.25062195633511
51.40912187541511,20.33446293953007
53.44003199316224,19.22379761110596
52.89519549881349,19.08440736428851
52.82318314983375,20.70609439034067
50.2071270344027,19.51885628220079
51.30169219714157,16.52020092382589
53.96807553234534,22.66600271460642
52.80960920737348,19.44038023958507
53.39344586989519,18.83096837545694
54.03794016781419,21.4967110821227
52.25627059908749,16.73375865872923
52.34059836891687,15.10362893046295
54.17397433267072,17.23091236059839
53.07580422110851,20.9829785169492
51.49958626672988,15.54161955014554
53.72593633661716,17.63431723797113
52.08862438826744,18.61028284284735
52.08031166690453,19.07688112835318
50.42907591955193,23.13040181276923
54.11491458683583,18.16461328964738
50.67769487643935,17.41033705472591
51.35763968553051,15.79735755950842
52.18085792152055,22.7112850758532
53.71814786347552,15.33092097634126
52.86386325919968,23.80580932164982
52.00191154562165,18.1209829367256
52.72278173152188,19.13097515417144
52.99603497637394,23.88181448595965
50.00154637454328,22.09953603072068
50.23317269962178,18.30955251630093
50.60557958559081,22.64452697502719
52.17820225741963,22.12025949912843
51.08624920500664,21.40637546398777
50.80473108469261,17.39247941976472
52.27714640938493,20.54379858641376
51.92134143706426,16.24458235735514
51.78048880642456,22.17125045127064
53.9292156043661,15.68097427315451
53.28433021183784,17.07136228379365
50.28429248379543,21.66098785089529
53.54960492924202,18.93842111196956
53.36736203827868,19.74402602869155
50.86922783829124,15.76031101178166
52.40235006988458,15.12048871037222
51.67455886672045,15.30888149694016
53.26635239684185,14.96832689454436
53.55215083920262,14.40741907867237
53.02125741607092,23.07047921358874
52.15913663312809,19.80583735654107
51.55561869659895,23.42904431792826
52.83446851811816,23.87628071067345
51.41930804679032,22.17688048318344
51.03173586064339,16.46629130913743
54.57493785354393,18.03285546588885
52.16697050637865,23.32539836750517
52.97981165166193,21.59902347914618
52.36317090676085,17.65058223702697
51.25558802301995,18.84470716233746
54.22950996884515,22.3968770740314
51.40797919866223,19.34285211997192
51.43907739199445,18.070769777156
51.16558652756785,23.3790713035487
50.50503944829897,19.82469548772334
52.47098162295111,17.75210179896803
54.10304228070287,21.92572659494189
52.6045303681598,19.51469226717313
52.13360384726863,22.95641872249244
50.10254874539842,21.83769464699855
52.35814109453977,17.22757908353271
50.61375711713062,21.34975598861001
50.08224678254567,21.45818821730813
50.64130001399399,16.91466043098154
52.41269760327133,15.06222624520854
50.09633424349698,21.28388239523126
52.39982671948113,22.36567123850401
53.02188505212096,16.95594204371647
54.04971514903673,15.10358450454484
52.55998128276589,16.05847357798519
53.42425656502049,19.66257145462254
50.65258352941425,20.34102282739282
52.83625428278187,19.14307878837603
53.2027763422573,19.20064118765015
52.04394974102022,21.26555931962642
52.8140182080995,16.44465788063635
52.55191440076798,20.20506668036503
51.13264231438805,16.79954872947668
53.14637265360417,22.8154306654969
52.12601595416073,15.83532959798862
49.83861266117666,18.88556132640792
54.00106789461686,18.1779933639209
51.33419139517867,23.47366560240253
52.49154697432068,19.27345047730722
52.38936913252173,21.76520317519207
50.5998075967333,22.51559725210437
53.51284377178209,18.17904369096625
53.1534284039065,20.5233734008694
50.11284713916116,23.01841784125951
52.35202486677859,20.07057893909639
51.78304066794533,22.94599444285403
51.22764873817619,20.95670105858213
50.18678274745019,21.56211545153797
51.72271729569196,21.02740479171147
52.17316187312466,22.74073315430917
50.98107577719634,23.24289258688135
50.24343720447904,22.92742187716302
51.37681690958885,23.65966291440583
50.36194497695316,17.35726706101211
51.15129683082062,15.31689031188795
52.99106086596227,16.17933241674457
50.62539374128353,23.15920137779491
52.88820384418204,16.08549057449983
52.54624237366952,19.91809134305985
51.95482657040661,20.2942665631531
52.51179331502411,20.50413601989678
51.07668309798029,15.94620582290084
51.93298639784773,16.05930737043158
52.20426360771564,22.37342957980327
53.28360043775351,16.50165143900898
50.64485072230658,19.83536541152073
52.60768081757025,21.05121240711514
52.78637021232582,20.05799904106694
49.93746416523319,19.99498241658703
51.66654675057315,15.1575019672647
50.74330354151645,17.34374316004714
53.16474083360531,15.48908282551865
53.77242186080804,15.76543456565709
53.13839058147803,21.82714912439745
51.16476798372169,19.56343539270099
51.48003562305907,19.69569713816343
52.7227730429666,18.22807787034592
51.3105315275025,21.17741813921188
51.73106690553819,22.79319430608256
51.18737384203948,15.40999483385296
54.21961718030622,23.07003343177489
49.87525079212676,19.42035783475619
52.04461433686681,16.2118616060613
51.48246750257145,17.55081489717488
53.42685066928806,19.53372679393996
51.55960996823404,21.80964848228304
53.41765058555599,19.57618254134573
50.09061576122905,19.39104859298358
52.68835580811575,19.07593333175141
51.90130992084138,22.16792500157539
53.02821989209393,20.605258372404
49.82218442580396,18.58755205334491
54.19873344602943,20.96895159973465
53.5245316465836,22.19987223759986
53.69267912080429,23.30594439093425
51.5377047163615,19.03020065114445
51.6462534363032,17.39623335738897
50.01623986487436,18.60398081995937
53.61950715139228,17.33994898042112
51.30434992289833,16.62297155582088
52.31836789935709,15.17065348776323
51.80117085530163,18.40291390171862
51.66938076072797,20.01102776238045
51.20250325933636,19.642323090523
52.65854013937619,17.77526873347113
51.08818355237181,21.48888575332182
52.93956360788422,18.70337029142804
52.95146169395851,22.21909711524243
50.65483720187074,17.7666238995348
53.36337447920037,15.93459049444044
51.13556068717739,15.39204682547194
52.31567558507783,20.29145701048856
51.24811395604468,15.85636856250876
50.6999552214367,21.62903625428072
52.10606255332446,18.18978931388414
52.22573164013566,22.14434340485051
51.27932936258357,16.30173342338744
52.13572358323287,19.37568840586104
51.37438678567747,16.20294989647841
54.31820303832056,18.78573860005676
53.71768888300038,18.04643747185905
50.45614517180728,19.78248698477567
52.52802436893743,19.93042380726888
51.89253365040537,18.14001259132524
53.07510126298727,20.24091055908819
50.71393602854515,22.71388590504094
54.3592946348638,19.71797883271584
51.75782611842691,20.4295013562619
52.19606133677762,22.48256732609718
50.32195850282309,21.04252375699906
51.68603984303124,16.20177371214443
52.35488263154382,22.01240380317007
51.03590058115885,20.00438571542454
53.86437155204319,19.45576063441597
52.24644689112935,18.42653540039933
52.01904916152421,15.62878680417244
53.78494397981648,20.31606386881879
51.11085581671485,22.4512223927751
53.10446753951103,22.93264672311062
53.02040506986059,17.72330956772335
52.54568360002958,21.85135766378436
51.11649242088659,15.86657179879418
51.13983530275822,18.15832092744876
51.242867886885,18.5705958633763
52.72150258296094,18.91374026806135
52.85398566677546,21.49492815030691
51.25435032299893,19.9343969861817
53.28663880176374,17.8331227885383
53.50336017553688,20.10814343425456
51.35388373502985,18.11403940710447
51.3201171337456,17.72632411728444
52.25123015036348,16.36119859137074
53.08663949599161,17.66959296233928
52.71697624413886,18.83080826775407
49.51579055886395,20.98996214423607
52.420521438187,22.5432491095722
52.37734509084136,16.99443741234141
50.84406211354229,18.58647538072997
52.52304419305118,19.40928185527068
50.84148434754374,22.18825539067918
54.01358830118142,22.43026436273897
52.52122542319191,23.0982199778567
50.05191144481964,20.70960345292908
53.8767767956773,21.90986229534896
53.60385683668874,14.73941547260947
52.92468207710162,21.03698450511393
53.47316839319245,19.41174195490896
52.72402162597679,15.85535282027068
49.67373926974876,22.52687291370636
53.2482744323188,15.32872725263605
52.31181152736797,16.46663343516872
51.65911322555338,21.87548514708599
53.61514266072957,18.16240991274042
53.08063329362693,18.35762219346207
51.96594163235967,20.41770523137835
52.76843589269834,23.00363131889884
52.07221957237712,18.69808601737065
53.31922185600938,22.01955051694141
54.04384216226698,19.27659055973409
52.49207847592226,18.98224539723835
50.92996870419582,16.13772360319453
50.06334199081957,20.60551023418076
50.59651415545856,21.2303199893235
53.70392247187386,15.80243382443111
51.14021636839909,15.35825972315906
53.64085628246453,17.01020625937987
53.15793432959539,22.58425784230913
53.78096219327037,22.59957381236785
52.04512162528402,15.76182249678598
53.38432702285088,16.37415737965447
53.21798629264794,14.49348962419249
51.10244945172194,17.82358553075358
52.21665112272841,20.65277870802482
52.32487476998703,21.29201294543036
52.98619235611796,21.52559468490303
51.62462619462391,19.54881774869343
52.47924886229254,22.78102131395734
53.14651137750757,21.91168679156475
51.9246029798144,17.3640987354745
52.50139213443592,19.57128694088816
51.59079715902342,21.56416570475567
52.06127654395348,18.00165961255827
49.92380805255104,20.9487439651576
52.04769772272647,17.97143975639382
52.54041572019923,22.33231665864626
51.22438318975865,20.3697108410164
53.42314302542169,18.49567681945938
51.98509141006191,17.4861215259924
51.66187865563667,16.89402416493371
53.05045692185652,18.85184244289988
54.00036018822214,16.42387741742531
52.87963134811039,19.53399086326859
51.88542236707804,18.69422066818604
52.93701274476171,23.44027893792891
51.19490962071851,21.75878554633989
51.17026700588691,19.68491962493854
52.28030900607367,19.5132675115368
52.74472967318844,14.8035416065809
54.01884175677146,17.78062034213027
52.26846120001824,20.16832836771025
50.873778839156,16.96859194022175
52.74473959900217,14.46577717850289
52.55956250609264,20.7161243613683
52.44162035726183,21.35486009472353
51.29968725570622,17.95174509886434
52.2266725240348,17.25832706833013
50.90615903043256,23.92096886967986
51.52669523433492,15.44201452979266
52.87515759896107,21.48931305851386
52.94623715773596,18.30315084238332
49.60276676555117,22.46541969283354
52.74864476850511,15.99947735739311
51.39242097974917,23.49766928226554
53.09964987069866,23.46668273397953
51.96149654504286,23.25936694971566
51.23838341961189,18.19673768191448
51.4681769637973,16.75255402774324
52.05273452389394,22.20990096416046
50.78427271675203,17.86539514426191
51.28226871165874,19.06526983244688
52.78276554564342,20.32660911823407
53.43804662759548,16.20623398866688
49.71414404692786,20.82879307100987
52.7279054338093,21.57613555253269
52.94596776256876,15.81815796686153
51.74905854183857,18.80817240667301
52.30690751598109,22.01870508451852
51.69316271154176,15.21057560262475
51.4320954092404,18.8017632787159
51.96041674002849,16.63269981549761
51.08323671449817,16.58904842828852
51.59915797857943,20.38270665590174
53.25220024901405,23.50597084005089
51.47971781641017,21.87092966191369
54.28596578528319,17.28802917097746
50.98825068602952,16.83819509715007
52.38644729653805,15.90703180439924
52.99800637383125,19.20832666983819
53.54062666882987,16.26585408107806
53.3352613706133,20.24617188025887
49.29371094406105,22.49849355057816
49.85043889501654,20.98132038756309
51.88837567702468,16.84403407789139
51.51843399535046,17.93858314640668
51.67581890414968,23.52287529142517
52.94873705092749,14.83331203459707
50.38404407186032,18.12469966034565
51.21775854154311,22.73401216814637
50.56067035224397,22.14880751243386
52.80850189603595,21.36945355195344
51.73086727427825,22.13539415049264
52.1739482358395,18.55794593098863
52.98462801725773,23.6352721639874
51.63951260822302,23.30801322924636
52.42887621555436,18.18500169976649
50.06433187297295,18.93518812548263
53.09986790434061,19.79665758551883
52.98182906749591,19.35717471110949
51.85347853724784,16.44430153979329
54.00960126112032,19.16381226962678
53.45820669605735,21.68567103819476
52.81916143494045,15.47773087927328
52.92779976685483,17.2929566660437
49.91408418293216,20.30935134627929
51.63091881199546,18.94096524971199
53.52150256729147,20.72361738024291
51.08291733125795,17.92391362347082
51.33878672952286,19.03537821721159
52.7459641113479,14.85655697655974
52.81522807506859,21.18763256593949
53.34802294207228,17.13897688528626
50.58886920855458,17.65105212937907
49.84481512473432,22.79434194628932
52.88524215410418,17.87813571725077
49.63761509139902,22.2827560780762
51.6187684550058,21.15036118726721
53.17738948522312,22.77779295233615
50.77796083000472,20.81718181751859
53.77731809288805,20.01997015344084
50.05774633251227,20.87255251648564
50.872149171491,23.15032015721845
54.24857357952938,16.35520324261297
51.79443963084255,14.97008690355835
53.25352534869469,16.33947069291181
51.28495029639904,16.1561913682399
52.70136415562865,17.04076277271717
51.95188016385249,19.48165975821884
51.41378655536391,18.47833632038822
53.28275187799509,18.30988531674355
52.0887529266187,15.7480497208294
53.35753615493809,17.40599742708507
52.02509902686742,20.70731791491022
51.63653528780567,19.74131985358038
53.64929499305418,20.72002464622904
53.43403242959777,21.8459318617503
53.71838132831722,18.01968027126697
52.48121352530225,15.06037988211517
52.19980726850935,19.90282072152226
50.658300718506,17.85668513770026
51.64512181751724,21.9778547492229
52.84337971996462,17.76851330533549
50.30154168463924,16.62609971387499
53.15678462672707,20.82835827713211
54.07243617425961,22.79240653078625
52.20656674075665,18.94258236692977
52.10628199292449,21.16369320576983
52.05622170768438,16.87298136665948
54.06459119499866,21.60153688341432
52.48213167865902,15.96890842303112
51.57188833892604,19.33558143751241
52.5170251735339,16.84556765044967
51.43016626969414,21.30013778288393
51.263397823104,20.70689471896974
52.03906838152968,17.49108478701714
50.87272362482276,15.8924860327662
52.33034058528846,18.46288049439089
52.70030181279453,17.25287695112097
51.38934073403173,21.04841644285685
52.5499032885137,16.93823897246553
53.66569928799419,23.18064739659175
49.90121587656085,22.24298228117263
52.51442831936166,19.48445573827021
52.3762462110012,17.34168653290133
52.84531132259205,16.94177054723153
51.65849542546915,21.39177089621073
52.38196808299015,20.90694578278995
52.79089928863547,19.00456326010735
51.89468982120812,16.02376077891137
50.88971270999892,17.98004429614694
53.72897879261338,14.55816186379116
51.48854225270186,16.03689371687817
52.34603625808406,21.16342456106088
54.18667116142057,19.4320377480992
52.1230167150508,19.37820423465778
52.96568459998344,22.46227489533068
50.47514986375595,16.96770251769729
53.77061861149275,19.37537015823142
50.59103335953549,19.03010308460867
51.44588874552026,18.2732425073723
50.81251418071218,23.65400548243336
52.48743351169506,16.19506608593688
52.91989595682088,18.25178664501821
52.68028172585951,23.42968445502297
51.85007007946036,17.16510311118865
51.06053664954435,18.34496347644846
50.60028391065709,20.43785419268139
51.61127375655342,18.96026338797384
51.38568638555282,16.79297831757939
53.50671925804613,15.23949448169739
53.1716246894837,17.60405706172912
52.50914883559557,18.75829436442271
52.44889941375831,17.21123497708986
53.8444048765346,15.70789098371383
51.62657860165236,16.58145151942492
51.16552674350675,19.39052432851816
52.0329405548574,15.24939489067873
51.82253498624164,15.93873471676883
53.55850997383509,19.43288199799507
52.04589882783341,16.46142085441575
51.44694947405534,17.71462034354295
53.87193338864304,20.4376499625475
50.2917060356414,21.06804924221685
53.27087384028868,22.36104464487453
50.5819664999994,19.55996578840156
49.93518626538963,19.21442442201296
50.26824173620423,20.26916735896745
51.30756535200193,15.60175106793923
51.68903319367574,19.48159692700872
50.73312342487914,23.59709731658337
52.96650955407989,20.94799968387748
52.6589824232077,16.59343912114474
51.82080836092509,21.17820367114303
53.17293952499804,22.74684347391637
51.6364073325925,18.972019739451
52.07890634168728,17.73339389040906
54.26281986230049,22.63784442523846
50.19186963761342,22.33703100713292
53.47031115552738,22.42821884183001
50.839379036865,21.03990381487223
50.58804274943406,19.68030697356336
53.60182029947697,15.615346390659
50.26868938174709,21.85486554587389
50.25148368975057,20.05591606093581
50.7914414571014,16.47820434221336
53.80732422940014,20.34051790644283
52.72259619003037,22.58040767954758
50.9781277648456,16.0490336403064
51.35794944365301,22.28545926012302
50.21725329723501,20.85697904189118
52.88382702022491,21.42336164177694
51.0678942186633,19.6970530187186
50.03782437804865,22.99437215604367
51.79434268716616,16.0843450135205
51.85130817531893,14.99393547610741
52.03674523490269,23.4431947043903
51.79845724380999,19.69470097974879
51.56719368760159,21.20164751627573
51.25782372337304,16.33262140622356
51.63094664390308,15.03614505544022
51.73356069332877,19.34301790737501
50.78149491120097,20.78823232467173
54.24940912675533,16.48641823189447
50.23538815721506,19.70167273058991
51.98784097846642,15.34709798332499
53.22417887257499,21.32956775154592
49.63710316913304,21.72625576091616
49.89891042249889,21.13177102170323
50.30516551169714,16.49630916809628
51.97860810682347,20.43094126531874
50.77028571753502,18.60772423874758
51.96922488133071,23.49791942796849
52.34181737417258,16.17619624576167
50.6285817687699,17.78932131351967
51.5906054976486,21.09851248757555
53.39645235530782,22.04905634889049
51.49393138466041,22.30467841811479
52.77822630510809,15.0555224915514
54.10284030106246,21.01597947165398
51.12170598493172,16.20507532437695
52.97134816123554,14.2920586664762
51.42348839411368,19.25255210684648
50.72555031901062,22.82953300442269
53.4945325437998,17.1540095116193
54.1686029732708,20.60064316392143
52.23263256568981,16.37804072418533
51.77919057918339,15.64652017139082
51.88208210285111,15.14906479493768
52.24476439301143,22.38471639534854
50.97666621143173,20.90437534882046
51.51388742796178,18.76061344797066
50.23247003832426,20.67377510118244
49.65184688953383,21.67399209601058
53.53848078718212,19.48911045938232
51.96762450053761,22.78056359337439
51.87849977142807,16.2536978013278
51.3658676146982,17.00038166330245
53.46600521825481,16.96200767100492
53.88714878580626,15.5888723800627
52.58063519496363,22.1545775830445
53.48906204406224,18.32409486516486
52.67794414869667,16.63874288332572
51.78711493284359,21.25795147807921
51.67459834147789,19.71078139037076
50.89331318607635,21.89216623049823
52.88626535454854,19.13244771238484
51.36760247293131,15.23997046177929
52.07517776648054,22.52897634571656
49.41460688370299,22.30847761422785
51.88650137092525,20.67674379545356
51.93828192981412,15.10628414255197
50.20304416574674,21.2531842313752
51.39331842748278,17.77921792549138
53.6341607437808,20.63263595261256
51.92786336018973,22.73619667488524
51.06616511339876,15.05564044970108
52.45529483320295,18.59099986097
52.12539826237744,18.29805124353863
52.01013071401839,18.86226817553788
51.49212124957806,19.38910062839529
50.92226830460208,23.50780077138949
49.3134233631979,20.10904374222393
53.75156211966959,16.07744830795381
52.14065969028539,22.93157748525897
51.85549108559358,17.44213548571033
53.80705642759759,22.23883897112323
52.34697882055644,15.87521163174439
51.16087345752513,21.97667737881715
53.69891658021834,17.45628224624466
52.79452607442443,14.79761620005545
51.31195847088267,15.88481424504786
52.71693651610158,23.71670401098381
51.91586949425892,14.78658823607175
50.39236020842517,17.7651598471578
52.01894611449482,23.42828364665861
50.70125096462996,15.89027937763857
52.52032134963419,18.99055474388776
53.28841628200495,15.55200669089362
50.40361005453195,20.16424607046074
53.03138380781985,15.8157375355626
51.68264514492655,19.31709685530013
53.81939431332984,19.70682322655588
52.07335948556243,17.03237731372586
51.29067258097852,18.82959258041411
53.81946988952961,17.11730302362018
50.27136409682212,21.72789829399775
52.04299875655585,18.68894995137403
54.0662938377447,19.43602749631748
52.59161004957358,16.16861565105665
52.56078291741113,16.67214440749717
52.4184661845694,22.1450936961898
50.19606206239163,19.14917518878979
51.64234418773282,22.55216492142879
51.52830235296514,18.58245072288462
52.40760051945158,22.39320464382152
54.06687184235847,15.83516220300453
51.51527927345599,21.47067236912337
53.22767346772559,16.07022268927189
52.9866596274638,18.62637056482427
51.15689824595945,17.48553734557802
51.88247505487169,19.73993833876876
53.03391043207148,23.04479859365546
50.79822877467085,16.87095135204665
51.92275389922567,18.94938724678684
53.15718399632468,15.19122258719935
51.02652566624199,17.33882982324961
52.48919814552356,20.23143368694764
50.79362618461469,17.42335251086067
54.07398818872187,20.42093680343307
51.40595818228428,21.52828083945666
50.89927768122828,15.95675859000978
53.82767961792359,22.8721101653992
51.61750475828708,18.07858690586556
50.29875057274139,18.77873835554335
52.67695488665522,22.12252350107606
52.95088664503626,14.16385710300635
50.34839097901067,20.76505137248865
52.66917782864925,20.72840458215706
51.91008601253254,21.07700246131018
53.51734060366791,15.32110657430799
52.7768725418942,19.41421415221429
53.34614830740792,22.95902218302503
51.06940219091291,18.15140681823149
54.1247994973124,22.77886321387137
51.29126397321129,17.0221646240966
52.34703615386296,18.02181906795627
51.30259095663193,22.91852718048326
51.80478530227682,15.44422847415879
52.77756662905917,20.10640582864573
53.94199503456448,20.73815143561842
51.25175285048154,16.18104972679294
51.28154749838385,21.59858924403028
54.16192417918835,15.44046748539473
51.08393716853331,21.74729530348852
54.18967753196598,22.01801634136488
51.90458835076296,20.43826330611179
51.26960548765506,16.05129614635129
52.12966290365554,23.24863772645883
50.30446329553698,22.13026724642537
52.16411135133574,17.95104480676549
54.11298998813638,20.7458061482215
52.21936312244959,21.46682835437891
50.72363076057528,17.05309433640908
51.95421639919839,16.68553379775962
53.57633775559263,16.3954595592131
53.49518692778487,15.5751969544249
53.83848739809094,18.73122994046195
52.49647497435046,19.67611977940367
51.74292270882828,15.36387692386217
53.71272759464018,14.3464503340621
54.33551474375894,16.51277763307961
52.30089114352984,20.04550136715862
51.48626214382137,21.24874360268317
49.91305346448113,18.84730650981217
51.69542096862005,19.34229304229025
53.97911369999296,18.22514064371524
50.497246844941,21.12541501967903
51.11016532222853,17.48680936086921
52.19911324429263,20.51389974333832
52.55256715440485,17.62816718862603
52.29207640900947,16.01745970852092
50.47427299761397,23.92406054797008
50.92819657073161,17.56996630214167
54.15293624406768,15.35827780853842
51.82169464274797,20.49097521559901
53.54306456795565,14.53872880735847
52.06523640048214,16.51986499341706
50.538384117714,23.71512559298054
53.57433343440431,20.9404056209579
51.46037198200514,20.6308081258472
49.5857434898324,20.84210542370586
52.26177084541031,21.54859708585593
51.32168668944362,20.2009225509615
51.53887253895991,16.1747227377259
50.43843177456289,17.03327967544406
53.91288312468028,19.38402535811525
53.37329350207572,15.87078017982603
51.37735798296497,23.49027251801662
50.00852171387433,18.50054907180108
52.11784312818548,19.72383076481045
52.19628010347513,19.81943973282525
51.16743269234011,15.33939213483327
52.55732075396607,16.16866425768279
52.38535063634509,22.66172103115171
51.28688461156955,20.88576831321353
52.28862576372441,19.53787911202606
49.48357513165421,20.64265034678554
50.5110016076931,18.01949210903182
51.03102413694634,17.84680625915662
51.53616690928062,21.88073974373713
53.30683887286092,15.56221894968307
49.95276960599175,21.32826331696943
51.7187318939826,22.20217515366703
51.94945663828368,21.12081590694383
52.9224289758803,23.19513497678322
52.40944738696543,18.69529980797596
53.163674238644,23.00347077191197
53.31866111341566,18.66462722929517
54.20863696195913,18.82792767910169
53.54851371883201,15.3102530395793
51.01064936351963,18.42185611182846
54.12269226555501,15.75218903482364
51.3875634298105,19.79483306531669
50.3213558127923,18.96677477668867
50.35349209205347,20.86504385875032
50.12229546129031,20.61942630894942
52.0388723597957,17.62519059621598
51.19791976532712,16.56205421373975
51.86645578865986,17.81707769584711
51.52648069031121,18.2333757928873
52.53546680918311,21.77395028921816
50.59687137707566,20.56786444997048
52.69928890522765,23.79567325459935
50.55185726573017,18.3283730541941
49.97207268222438,22.12441873263566
52.01090780657451,19.29796287262942
50.95091500910038,19.74329015820576
50.70409618127422,19.23750235837928
50.87763929782789,19.91533250941534
52.24080158656881,16.47489231409067
53.0429796337709,16.79105049780995
50.50704156136344,23.90394909601688
51.85907169283071,16.06190750582558
50.51996199801876,20.68075637833804
50.38008703683035,18.93453050962713
51.88756832092023,18.90843179529638
51.77236624373855,21.09312466996469
52.69622607557694,14.67744408788787
52.89483427819957,16.16523180379161
50.2110354845671,18.19219993078215
52.8452441899403,17.20837732537384
53.33210870856199,23.66551595068943
50.86099414302753,15.68695577258424
49.70030472105235,20.1797511523713
50.25186551305628,18.55147954119668
51.86985417359419,19.15138351647872
50.57990988819667,19.86281998738426
52.32982837855857,15.18331431243076
51.99659798627336,20.98306511476975
53.07659379694758,19.52940788467605
50.2755803989761,20.00324599780222
53.60379919563752,17.29449035594545
52.88593742076656,15.3123418083471
51.79291045028755,21.087775406929
50.92275537598194,23.52307059431691
53.85435017439151,17.3511280263472
52.69264593289439,20.23352326264278
53.35423181964177,16.05350603093494
52.10451531801075,21.63749685968937
51.74160125618916,16.0463423008574
53.0655390027813,18.1121609089623
52.96635050185751,19.10374372153937
54.0212746260564,22.94345930184902
51.59500924559183,16.26099992833522
51.96259474980039,17.75173318535088
51.24018582810891,20.14126873824219
52.04179033193422,21.88212451607087
53.28935798895306,16.66916674858555
50.94375583102028,15.95364519396868
49.8809536179863,22.56273273749586
49.96679626993186,20.03455108001692
53.50059103996229,21.58141581394833
52.44871443048231,23.33612504956166
52.56279584372329,21.26977106391658
51.65232902716755,15.43260415732059
50.81697686054784,23.01487306410764
52.8411575044241,16.73370956859774
53.88331932051641,21.29356757492991
52.41278757674132,17.43464061293315
52.71555490925001,22.05097483581625
51.91905092763793,15.980569518748
53.29778759181507,17.78839676954276
51.44774767644599,21.20438421913746
52.1690825034036,20.03057186124226
51.65577166336566,19.24608274806937
52.51825439841459,17.74501950498158
53.02098234111848,16.47548006727409
52.53732015996549,16.40243842783626
52.77528831185594,22.39788454413292
52.12357150496741,17.78484756295541
53.01842719764523,22.01929383331179
53.31965857304841,18.40348391779574
52.54603181667388,21.71837883559104
50.60839873069018,21.63801500035242
50.86751471939586,24.11917462239081
54.41725157545341,16.4907805139047
50.95682388836259,15.854605304507
51.00114811030975,15.38703060807356
50.95434621297266,20.37389243973866
51.73978316666422,16.4160698856185
50.43201255254355,17.0885532705267
51.10475454326818,20.69736373872593
52.21397976948354,21.76930939724473
50.97742625221347,15.40191858821951
50.55547693431541,21.51485870562835
54.21072677990215,21.05755667707717
51.15934240464676,20.79595179704246
53.20990278878056,17.46829708286719
53.17437992373391,19.87397997670991
50.27821700103448,17.55375499118557
50.52606849100412,21.52795301057424
51.11351331339112,21.33756352008699
53.17011794921773,19.95399903845042
51.71058997867681,21.11230182806616
53.17562489197515,15.24624891336025
51.44737112121454,15.34198262865511
50.81433609476753,22.74279765916873
51.63114358923205,15.76036777956246
53.72217794632196,23.40707791736641
53.75772226667096,15.9325405785254
53.32853260808123,19.60479691435123
52.40025591063189,16.58018478337383
50.49637437980298,16.52496872828801
53.14365629068736,14.60866794607687
52.41763528457308,22.33631517804301
53.36537363952511,14.84735902021299
51.46234464282727,22.53459381435279
52.31201702141477,15.2145318404684
50.40647525001837,16.27695842476897
52.96053210205013,15.28143633747159
54.32231875454231,23.02732337926899
51.88523521525883,19.5197658845043
50.84414228032775,19.96286040779678
50.34932167446573,19.98817671934787
50.11109192861085,19.421676768663
54.0488029235628,17.26127899009423
52.11058587617958,21.58925053229063
51.46540885065429,20.21214460490958
50.5992521529583,17.33464505509534
52.93025436043241,15.13862808641209
52.40363187620564,21.09906610630204
53.1014426337611,22.51162792140618
51.50959296192755,22.98287668113864
51.45368222215657,16.37095928203631
53.92782736098114,18.74354265659601
54.1037295197379,15.93594538983115
51.72471228456084,18.3172965578655
50.66207744658846,20.51591778762884
50.0445262033482,22.43636903842511
51.60693659327719,15.68526440581429
52.31162396171087,18.0604438522558
53.43808342126476,15.49922669543722
51.88437209811809,21.840371714858
50.50374496613195,18.49037524571089
53.33084167692844,18.23037130917209
51.76709237152097,16.2477479340717
49.90081955441382,20.918277269626
51.1441665641835,20.10087636605772
50.90723426777765,17.1091588394487
51.99849171997423,20.29419350540255
53.7759997494709,15.97780409860259
51.19970114613881,15.09626411097868
53.06461993848031,23.8134054337646
50.36630156128921,18.60726112773997
51.70869241473615,17.9908175718263
52.05946024132639,16.7021828609529
52.16137534803988,20.0700546132484
53.63744999590017,21.79194701780768
52.40773326012388,16.19440251270694
52.77359200377687,23.37777570524423
53.61449353439009,19.94190826040539
53.02271961887887,16.39274679312034
53.50955583976546,20.32006467937711
52.0550496394039,21.51390141489743
51.17512725624552,23.16768215252003
51.63267996047857,17.69008620566229
53.28105127738068,15.03464806849608
52.75907761108112,23.61138980104688
53.09688943587025,19.50277152651526
52.27771118103166,15.80985670938266
51.8014811835162,18.58244377133233
53.82966391407906,21.06709278390254
53.21171663123193,20.0466544155225
51.6427676406868,15.3945037587677
53.87953534127742,16.69571870256314
52.35032059629169,21.49971025156371
50.65845958175625,17.43081764997297
53.29163895904811,15.72432060056098
53.01233804511536,15.34041938036916
52.68244609513267,17.62101405679329
53.01152741504171,15.12599185323235
50.87153478971175,17.41338637545713
51.12959857607454,21.24511117505
50.63039659053549,18.77612725794574
52.56453300302972,23.29365459450395
51.64844468425525,14.9661911658474
51.33951304179723,16.87908180886865
51.76241982935675,14.80670065953395
52.83072976546779,23.58542075339302
49.74972405587459,21.0788473332424
52.0335249601923,16.15331315087044
50.92115343402894,20.70759853316834
52.46868694923729,22.40725232424456
52.65444819431746,17.19795887268627
53.01375511739912,20.21251669733373
53.37309377481156,18.79431531346425
52.1118228369941,17.20782057618984
50.84887889923305,20.946246195484
51.63489828311398,15.06274307474814
52.83765033480492,15.28118381114875
50.9718904363808,19.02427721276684
50.4555863564681,18.61039567446695
50.31309131722151,19.15799504396942
50.28449713177114,18.61644903196393
51.45906169758363,20.30648637256411
49.93917120348495,20.55941778492909
53.58491490423831,17.64612001389741
53.70532779868625,19.07390436831807
52.08261706444139,21.49593327636431
52.77875896190528,19.0592771353642
50.44254831530304,23.97015416332527
50.17381637689581,17.79542859722199
51.40588543672011,19.2299560670407
52.57163583210158,23.22988319675886
50.8032444345145,23.7347715442618
51.38190627968076,19.41780883607395
53.8353284959403,21.15548544677379
51.63250877654125,16.9471765313343
52.07420289924212,23.08975442997626
51.59491551363507,16.30441252214407
54.19574299707005,18.39516453307163
51.0715073849537,16.21490401681958
53.57325924809995,19.94102442297794
51.42819110273883,18.16517160300211
52.08755547906119,17.47633516806215
51.0987096960724,21.56658175219328
50.96630333402162,21.30876206655997
51.33112947123323,21.44578139295042
51.00734983782452,18.07920822557654
53.48961813463266,19.18550322216848
53.65340969127541,15.48397084297713
51.24375080557584,18.14073882127145
52.20485372716859,14.80220347953897
51.64895867640291,16.07818448043599
51.16085675844061,19.86691768909184
53.47260776003847,22.43876020773379
51.43945056972598,17.49060703491256
50.98624376857502,17.04017727897827
50.32279165355346,20.00431685873446
51.0688921226265,22.28605690318415
50.20989711022446,22.37177596447647
51.01945278540666,23.89865656130306
51.02258409519857,15.53052075073271
53.09614967261389,20.56130114861074
52.70338804121312,16.8650926879124
50.79496358752331,23.47852733132641
52.41497983867623,19.19196217566594
53.06741208121542,15.18403363298108
53.30324097118881,21.4263715529768
52.97996916075564,17.63274229485936
53.88770063581719,18.93382301103103
52.43806987276702,21.31706775624261
52.32649549988476,20.52010414076148
53.40980585871699,22.02161331326765
50.30641192611807,16.70901790456077
50.94813420089248,15.48353776001676
50.56143824813553,21.39285008966516
50.67863548993782,23.80858297608634
50.29814640467708,20.37671866364625
51.89507676109594,19.14567711370898
51.372343543705,17.23683253489128
50.61134878950075,22.05938705012532
50.86080228034881,17.41737656113453
53.73405905794666,19.18916765241001
52.29290866787741,18.62738107190603
51.15942994569855,21.3202881999775
50.68903813077702,20.226338045723
51.88121650323883,17.79507966500596
53.48886327216905,22.57916261796267
53.19768656159061,15.63333030270113
52.21658499523252,18.7659021843005
51.83539500443595,19.61190032680111
51.9194443815952,22.35991816449128
51.53198225821382,22.35631998410179
52.2744254547902,22.34090717895209
52.46005407933018,17.59157055385477
52.92736524829043,18.11638750531629
54.05904406775031,16.07944919424101
52.03894241984909,20.89638735623837
51.31994422137765,22.32042104663177
53.19877529708162,17.78185461496963
51.19704893374446,18.50731646735769
51.71840134136501,16.31073133490451
51.21662786326164,20.49949076096845
50.84617901879861,22.33518808374442
50.83558954474334,21.82054532900756
50.16268612258143,20.76503369963866
51.00388947195562,23.71155022356769
53.55990084224108,21.50317692312304
50.2569051382263,20.789362532008
50.74497301234164,22.50619235007796
53.47298270987672,22.93136881841802
51.33509863377513,16.82275254102955
53.26452754586457,16.47126568857274
51.20608554684838,20.89678103969429
50.11347179990968,22.56114871766424
50.13978311586294,22.01772328834188
52.71803986477235,15.26557673548702
50.51713756668903,19.21669834159183
51.32003878359534,19.6947872944941
50.36875474740246,19.80734131932407
52.15581789714177,17.62581413291785
53.19328160933383,22.30055671952293
51.22931202452504,15.88214861739898
53.25693396111297,16.52493815244705
51.85868285203009,20.10712301050562
52.50464485534626,19.65288533675335
53.20894939629967,21.20764738693591
51.5331285673526,20.13308282475933
54.19884395353899,22.99499885818607
51.56159543249777,23.39203558682991
52.97279883372899,15.74256294389984
51.26282279836085,23.25694581753301
52.14653093794092,16.59998984593773
52.46303344549443,21.55729491738303
49.91994147555773,21.9799272723548
51.19264479081556,17.25008435861326
51.74791809387829,20.3516106682486
53.40985073595917,14.97068885725489
51.74053902827544,21.91373083531413
51.90954857818094,20.7358739269477
51.40672941370321,19.91295561167106
53.55012875936514,21.45331038548906
52.36008719266686,19.46103586652493
49.95380740015807,21.61783546742532
51.09248983813363,23.57334300625343
53.22625493742837,18.27391255098859
52.96734898136546,23.45407626983938
51.64504418347877,14.88704930863653
50.68996147408938,18.81218411204998
52.80765327855162,17.19349867358452
54.07751308357943,17.2182261430381
51.86547811585518,22.36448230090508
50.45198282716805,22.2857560620067
52.53770639019817,15.91343494973274
50.77735366655205,19.72401588301218
49.92767679145149,22.2772740579527
51.6030320649341,18.58221801915288
50.06302246667008,21.22482583709428
53.14068017808674,22.90662810784732
51.2233152084785,22.6788932923708
51.89789239651647,17.0073688886269
50.92885139343695,15.33029928192546
51.73853709207345,15.8501657688708
52.19286855364442,15.35133871931738
54.1587581256575,22.99611520792315
53.4532896448889,15.95673550052073
49.86116173979426,19.47540637357472
51.62455200403216,15.58203976654862
50.68614211070541,17.02060437600678
54.05812243059886,18.45918494723672
51.74299978580621,21.77747040553603
53.13767233211686,22.73451700912868
50.10309938432742,20.25097235983487
50.19937872127305,23.19251569128187
52.03940192118004,15.36887574660147
52.94381328581335,17.88076810060741
51.76063563463565,21.762031967926
50.69103844751241,23.1150348168247
53.65849306315582,17.38763031365762
52.13282814402862,19.95147943663915
53.68395568389881,23.35275297834284
53.91210163600538,15.77553377858443
52.91283194039954,19.19973145632592
52.37296961197479,20.18947185243855
53.74058176594927,16.18370737047167
50.57789145925173,22.90647486465404
52.66059768820753,15.27984018975924
51.58957140533943,19.8840331342331
53.6882708757938,22.73489448489685
51.71906864220902,22.62385115428046
50.45158597430435,19.01041269318831
53.451838460944,18.82439007978515
52.87837125494186,22.24463365068684
50.63402183032766,23.12347940147518
53.09160448351356,22.29911238254615
49.88522081006546,21.31360399117587
52.14096379107822,19.66287021362825
51.42715050461872,16.88821678693983
51.03562194277152,18.48965451265112
50.46190421665031,17.50153094228907
49.37549186931166,20.7806795186169
53.50892506318466,14.48538270212178
50.95409794495969,21.27766293490121
51.52297521602118,22.53908560589283
51.57459383023233,16.94691932682385
53.37853430593838,16.68291588541056
52.89624643938986,17.54521876297675
53.08348791908952,17.52439478303231
52.30700332561936,18.95919860374132
51.94105579350495,22.50793077486757
49.76440144785445,20.11986673442356
53.55998544377918,22.21653290463357
52.22726937197798,16.08255881030221
52.90217546019298,18.47163677112179
51.76759191424102,14.73843350186072
52.37608535063221,15.48124498829124
52.62859241121594,20.47522392269752
52.69363545134444,18.20940133918152
50.1946886755235,22.68129547112865
52.22647731264238,19.35292370023345
52.56462737261918,19.8077894525053
52.72425106620001,20.16352666714582
53.66200329611716,14.60141530036794
51.07189792609226,16.43018183685384
51.71166111170374,18.63186004346795
52.61864578423279,19.75593400253384
52.3661204691406,17.92131643146993
51.932282220372,16.61617683318126
52.20968925000544,22.85274604047757
49.50953395714295,20.55725159325571
50.86815989715647,22.17600294529372
52.07302484095931,19.60777554294266
50.65890952453591,21.89550292412683
53.23119237813554,14.52166748139844
53.63444666472306,22.13726671230916
50.59444922244026,19.10604333018463
52.80213745036784,14.85931041784011
51.28774211348959,15.42101316047743
51.58026463351133,23.48846756537988
53.45736162578406,21.94084511543716
49.93537884613316,18.73339776400569
53.48421233896536,18.18444966443707
50.74404004156244,21.90801377069419
51.99176463665668,20.90270490336281
50.600521998307,20.01803290984402
53.04136943626477,14.96175373911909
52.3809293213743,18.61366517593874
52.09463679655663,20.91992689961353
50.77746637430937,19.57458197318345
50.2584503179313,21.49694479463836
52.87702389239369,22.93454800358832
51.50774981071066,16.70430519498471
53.6990764049681,15.16328146784416
49.39463147601446,20.206223550847
51.03944280914391,16.76328507773997
50.16565966545718,21.19054724679346
52.76836078791769,15.43182662333454
51.04195262911336,16.63130341312829
49.43759775213232,20.7194569587074
52.97774716506147,21.80119991459619
50.66727324427301,18.47827840718898
50.81259430788748,15.6070384651525
51.5799497242831,20.00433437761871
51.25712682362499,17.05239730152763
53.02112769266638,16.81952844669393
53.9119212343275,18.2657167157294
53.51632336455489,18.73498309489669
51.98540134996955,14.93756453959006
51.31590939278336,16.07906862647102
52.76739811994007,17.0175971309149
53.16175164357728,22.73274331593591
53.318373022356,22.92633069905465
51.02586174391106,16.17203542752433
50.76281418362449,20.46380881923286
51.32384160176574,20.61388721213081
52.88309674926808,18.1489149038015
51.85906509679096,21.61438121992383
51.64131924941611,19.06310106523027
53.23593294045057,16.41735544006906
52.66351502950317,18.54706522839222
51.76402931965773,19.26330640431085
52.16857868771697,19.45607055699784
50.38685761647344,16.30065655878147
50.12665769334718,20.90794009057598
51.53411932443487,17.63552417459976
50.91387170141412,22.22278160015343
51.2596406364004,19.29407585149653
51.33034096221711,21.15397866204954
51.84584925107843,19.64615578907756
53.2604058636347,18.89574679101955
52.96518338205541,18.78011867777182
53.16459285740223,23.70402709495188
52.47759617906596,18.39112139984699
52.97538529283946,14.20220703144571
50.02636612043482,22.77457069482482
54.45919609947937,16.50549759439664
53.54966964687224,20.62350365511257
52.63986778334494,16.37579418121393
51.92685515834268,21.19429591310802
52.47153612693045,14.96544842404588
52.59851921188486,18.65557076114554
50.91824597017122,19.71435005556054
52.18316441478424,18.41266862672781
52.16264312622157,23.33293991148098
52.77440295095114,21.83596115521651
51.91523072309636,15.44020300864435
52.5284420650958,15.20797832720437
50.24919400237023,23.28405567273636
51.99324768170434,23.11214731557365
51.02617723072557,21.46579298571848
51.61668962779883,23.10736723407957
52.20589047757113,17.48329246144122
52.28364112139638,14.77017431145567
52.91197903946386,21.35267714128438
52.79229464082469,15.33228969263903
53.34374017970381,17.2767797383057
51.80787314182115,21.75453891504938
52.00642479172063,15.16582110026681
52.28333448977019,20.06114046950679
53.87669175423184,18.09865611964391
50.68709200534193,18.9412040054026
53.90176157819214,19.30531059488146
53.19734377509287,18.34286193326243
54.03116597245035,21.94299159935676
53.288547087008,19.9981531123181
50.39180974648823,20.20978669968884
53.61350800830354,23.30813077054293
51.14268497816515,17.17379334855884
52.019228485544,19.15290962232965
52.07772566370719,23.17235533053001
50.68454283725612,19.93859918219166
52.92397399981173,22.20615596226976
53.23042622417065,22.69147554639992
52.8659569085671,16.11383520593958
52.1571571392651,16.14401724735933
53.41813882766842,14.90766439607578
52.03657287046662,18.1852540847461
51.61111731102835,20.98103603513811
51.59311414483227,22.1158734295358
52.37598246100418,16.56811238249669
51.54725976091168,19.48847979600864
52.63226727780929,22.66090987211968
53.4567718268093,18.14542508303034
54.09334172796831,18.00642580579133
54.33289820713571,17.52782709922803
51.43143621957753,19.89084284374644
52.09663791164422,18.21956395741397
51.22410645743997,16.91920563301408
53.48392268607447,18.23808353006725
54.26544956490947,16.31157557596339
51.70849685377049,16.52193330871834
50.74732495130331,23.41055146366693
52.4291117073617,18.74961511747443
53.62718830205959,18.25002073754818
52.86010141714407,14.34317583735835
51.67982901416813,22.52008047003326
52.60940620558549,15.41441034219376
53.69122301775987,18.70377394196348
51.05140381052649,16.45852216815355
52.05361991712603,18.13155355305007
52.42424991767688,17.3356330186722
52.64637682258633,21.35449825895516
53.8051323321,17.41405949229013
51.60213474291339,19.7484496958642
51.6712052831832,15.79484797064707
51.57663235043676,19.2934160775967
51.57036155218962,23.24749064271515
52.76491289571689,17.06406595161657
50.97283452008284,16.99218121120435
50.5441556550723,22.33358863651732
51.02381993427772,21.6429401498495
51.05140237791295,21.53087014489425
51.82099921278798,16.79567546804892
52.13277939697706,19.92510783461021
53.33856428352382,17.30317410177565
49.93005404135633,18.46141134263373
52.28057051207346,17.18263784106837
51.34034838798831,22.85592988180204
52.63898338840557,23.0824706303401
52.0829027467832,21.36198072513346
52.83505720628027,14.7591004984387
49.91132344941714,21.6900087780746
51.57862576503968,18.96067217806378
49.93793593258893,22.60328305016003
50.55108681075271,23.27259370459555
50.68337935545361,20.92558575117405
50.49683985826582,23.12572196900841
51.98832821832061,18.16455462083824
49.72847677311329,21.68863668169596
54.27494903606127,18.73985232343744
52.30837348558148,18.61893425649788
53.22986664183161,18.13900450949373
53.44614299850226,17.96451755894646
52.85954254573738,15.26826593307922
52.26784709207838,18.9265802056069
52.3434532000453,16.69329893641311
52.3058872553874,17.07329702471941
52.08838782097249,20.91850356247702
51.59836522141092,18.64001930902813
50.42211850334337,21.89636929643917
51.07938505806516,22.36382580227677
52.55906089718706,15.46363703906883
53.77965917827428,16.99579431756999
50.28637731797965,17.85329483784486
49.47930147768115,19.71014593049619
52.65140566584581,20.53731230636903
52.51144015538491,18.22699217014516
50.11860644500315,16.7003968772739
52.85786974555258,17.31582286363552
51.38097045852648,16.0706221365129
53.72479546411024,16.30945122009267
53.12999576136249,14.91043257031772
52.94508054014145,17.95356704146226
50.79167858021361,23.51651534960766
51.47723311278892,18.9880635352839
51.52122627779219,21.21078948819835
50.48595713474693,22.38153870738619
52.90163842960636,23.5555403673295
51.30039466096495,23.62033042906748
51.75677651054153,16.66094636528553
51.31670891856852,16.09663763624395
53.00935182334123,15.19643705228687
53.50273423046646,19.68597224707502
51.36340008319446,18.88601441205176
52.40641325921926,21.6206520186138
50.83852521327967,17.62253094291531
50.41802827950534,20.88395257329917
51.52942718525225,17.81455978427585
50.34390861740066,20.46911879519103
53.18639521391697,23.84812384665744
51.56880398160926,18.36352209313029
50.20716216619851,16.73358456766845
52.71414960174672,21.8486600796278
51.17678400030947,22.58150632174517
52.74763345393279,15.01684463931281
51.44641747551541,22.03951961929648
50.59938660069555,22.51606497242961
51.91642020432869,21.93348967263166
53.98127653362517,17.45700030215325
51.28781483832192,15.81652803232255
51.34000186824805,16.53243031283566
52.29873246441158,18.41232089548121
50.58731280727849,21.18035894233682
50.50140327027505,23.04398381334477
51.32013430352961,22.06204833883233
51.22896903098736,17.61793361639363
53.22523759825664,20.33224072826276
53.00982858826587,15.96912551726238
51.64469895633734,18.35540999511147
52.38333196966657,22.02632806824398
52.26036544426855,22.02776348858744
54.6293126638042,17.14396255584061
50.11497358619731,21.31546770394341
53.03958681493769,18.95273036438502
52.29083100319598,21.55996269704781
51.90423091903327,16.13522999266324
51.9251576700886,20.20820068139344
51.66758113870309,17.220771031881
52.77684029899612,21.29353951497385
50.14308790611422,22.5428053706864
53.48392807088644,19.57418193791428
50.40895743516386,21.14962100289439
52.72962505883653,17.75182667380125
51.70786381206602,21.40194290454018
51.35286773853664,22.8685701466638
53.73096122453615,20.87853440623407
53.21734580632242,22.97096944415478
51.00830608770539,19.54962440091141
51.34304666893702,20.71066573026093
53.08814524562457,19.68664889806373
51.17411084613259,18.78492557880516
52.63345199797917,18.66278172577097
51.58671958203569,21.86433009481921
51.19147139020191,15.65227411760483
50.27757652816226,20.90540504691283
52.31051168154489,23.1364114638072
50.92953308589698,15.57976569731585
51.22131428953154,18.43045316530571
51.90995518133657,22.53983544342811
50.22558844950151,18.3555132894721
53.10317757814354,22.37621780179054
52.83632583226285,15.00934638888769
53.38978518759833,18.35363932814234
50.87905244594622,18.51070258885974
50.76297583502486,18.6592742670598
52.99825270354344,21.35009171093819
53.11447643363024,23.23092422488311
51.73532335543943,15.63727414612
53.30458723734583,22.00135822310012
52.31226381210352,23.0838787525043
53.44297836916581,22.27635349755658
53.02768006506328,17.75971371793282
51.33766486533334,23.4867782789337
51.68792034176734,22.82087835760149
51.8912192412114,14.73928643662445
51.16908521542755,22.62279810443368
49.66513450147397,22.50562728923303
52.159397205241,15.81708488551171
53.12399302706258,21.67148882771944
51.82017754382161,16.41595628731455
53.25721629041971,16.18654514609782
50.3502587388867,22.67923038413962
53.25247539532212,23.7545219674007
51.89630960917414,17.69855666912019
51.71371393143338,20.78585553592133
52.65843092624029,17.54895325451481
51.98657719512262,23.44331937469884
50.74819075820868,19.50062184050562
52.23724629039545,16.11940048011285
53.9080315518762,16.24468158955747
53.90108880243464,22.13033647645134
50.45034267966381,23.89269114970735
52.85729338134198,17.08776451719283
53.74527471467094,18.91930461091363
52.73555505769679,15.29734110669363
50.71070786095024,22.14908515836545
54.09823372364704,18.77660254620427
51.51677428246426,22.38449082501941
52.41440730008538,18.90059439613966
53.20170690182148,18.07277913743665
49.68968808049988,20.24134354557147
52.77840830395485,16.05635462014851
53.03489632094289,19.00582659934563
50.90732817646958,23.78694244531546
51.69245540536799,18.01177826696923
51.98637409107677,19.61852727180126
52.6825832111771,19.00852567236458
52.86428309126667,16.63238709498433
54.08762746589748,17.795414121594
50.94286379143009,22.14232632439716
50.87963857038825,18.0712728401801
50.64193726425461,17.58858641159285
53.59252281963955,17.12729226537416
53.06855773446807,18.36990453790311
52.01640266296008,18.46665614554124
53.47712399117528,23.18474391415189
49.69819924689148,19.75864187465186
50.45915280185388,20.34478699894235
52.52610678163082,19.84707162649963
51.47589032979723,22.90829572384131
50.50749935151464,16.47032819000827
51.46536288384062,20.92072744640352
51.52392925086869,16.58461988501764
52.41038914171705,21.95580046085158
51.39181501225398,16.18449436136796
51.2845613503513,19.56854447089665
49.65370213016965,20.2131794204583
52.70369202983544,16.22314768508152
54.06434027169238,23.46461120523674
51.65579346328746,22.70989413855995
51.94220856788592,18.80853149725721
53.62780976912181,14.67880904324091
50.10949762851796,18.51689924106019
51.39830700609638,21.47397581368985
51.3476008395574,17.44101281909736
51.18037045300129,17.18281961838853
50.30624224284179,19.76794544479069
53.81011256341161,22.10552585303341
51.51369708774988,18.8927970656627
50.63163450138853,18.62620648457982
51.52168204195011,15.78468763681945
50.56095870012383,19.26535000561494
52.10706133237387,21.37732702358441
53.61224388414341,15.0085856559676
52.63619070027669,20.15921372913652
52.74729824392908,22.81089248208237
51.53586123031441,15.62865139037624
51.70994452700943,17.34884419998146
51.38467909815853,16.0016963925074
53.44846525445556,22.21920283503129
51.10924075882252,23.31534668306541
50.73508111047833,19.4132073855919
49.86556415706642,21.49374030426374
50.40115351163254,17.23478212006818
52.87804265091594,16.39512337624632
51.56298234193455,18.96666666082648
50.94904829396273,19.38878145022252
51.29715520410464,16.93613236854544
51.38762667150093,20.70396470740195
51.45518585249927,19.77368124169224
54.56540463522731,17.4779530756457
49.37780852396791,21.00976151707993
50.34843399688681,21.02040485885252
51.11235506754568,21.89898609113757
52.49958900110173,20.13732634287988
53.41243049534936,21.73040702900621
53.32947768204929,16.12454466150663
51.24715001874478,23.70835041763686
52.0378045369218,17.05548500128265
49.6324378325149,22.65806579722486
50.02653770474203,22.35339133844703
52.36260207774623,19.41215288402261
52.7832683320772,19.63327295879431
51.58735840751871,14.8545325047441
54.19857759207913,16.81316831568021
54.31000470046428,20.30693812785517
54.11658865949098,17.47581811171298
51.12504271845473,16.08056545829836
51.95343061325337,23.03957816278933
52.69258520216492,21.82720312261558
50.43623852181906,20.43994889391202
51.87157731563466,21.59474724171847
50.45214917074205,17.05891236635228
52.00740009129084,15.985269038936
53.61320317399412,21.18137787231582
54.33625200049002,16.71119525881602
52.47834376028395,17.53067742876942
50.8492183418732,15.99448727483389
52.82838303921766,14.80969912754495
50.84386308106698,16.81746932079987
52.96170508099262,18.97754545860176
50.64233763239363,19.96398109768365
53.72728722972684,20.00996005129889
50.34508553680674,23.39103091922048
51.75146755389835,18.94015652290108
54.0354693202741,16.13362921272236
50.84785228548512,20.86786557670939
53.51516875912302,16.33986017233352
52.09413651551728,19.40826841821471
52.59994257560889,20.67612184814288
52.96624294109171,20.61139337247173
54.08118869786201,18.82867684429542
51.13196610599595,18.60873471556718
51.50179573287791,19.84598310635706
50.70543753606484,20.95087074322365
52.45109054447607,16.99839580680214
50.24436188324626,20.71369875309902
49.98133467383133,19.71286370779067
50.04460270216921,22.72536894363444
50.8092095315279,21.75759669887897
51.84632874348086,15.19635247081033
52.02077595718175,19.79710143286129
52.09425019495502,21.47994365955758
53.09284700880858,22.56339619529705
51.64502553451626,22.96307959205411
50.8807634392381,17.73908508535163
51.68045919448841,15.98652082531302
51.3959535537142,15.60180138060815
51.64507027318078,22.96667467381531
52.95388575977107,18.01516093985678
52.78542461779199,15.19164578245442
50.79270245124924,18.37831708484523
51.72299733656013,18.44711826195027
54.01239434334484,19.93087093853687
51.32998432500746,23.5788194085216
49.96555249307404,18.85397255085848
53.76799097468489,19.72434880685763
53.94218145229676,18.8026176825817
50.31143143151066,17.61498621454293
51.53190146461039,21.45946842687904
51.56007597384922,20.65563432474895
53.44219096754264,19.13476776565988
52.74703460480868,21.56308278936335
52.56816192676301,15.76865320427103
50.80726265472195,17.29363915662576
54.00320548042189,15.19303419038367
53.78939288258039,17.94942123432346
52.89832235615118,19.64704378390801
50.5758884671074,22.24990000615119
49.59139638119013,20.70714020581735
52.52012534202838,18.65026131982347
53.06543305976697,15.44046312646578
51.40157224761619,18.09630465343482
51.59839912413829,15.21201239128538
53.83813981864746,23.09721162649217
53.94124837014586,20.03229517921469
51.59300493033302,16.05471695992593
52.68612669114341,15.42604522344742
53.79811299965441,14.89248664936804
51.55106117736543,19.06786271185908
53.34826925968585,19.37439370715969
53.69256218181975,14.31728362813677
52.71032791118191,15.0591936079734
53.62536082414635,16.07812559408184
50.790089520704,20.52670267826255
51.71991677525853,20.38700431886033
49.79785936554911,20.01774791019616
51.53766042115987,23.05978853313005
51.62655435731666,21.85768061607647
52.43251284736146,22.91977271553518
53.65131367539308,19.01570741643903
52.56832734259444,18.64253592828997
51.32551424792171,22.19207130917246
49.93961024217977,22.35867112751214
50.15274513225128,20.81595185694154
51.64251363598358,16.61058672722143
51.86293676907532,23.35633576491501
53.88051504432732,16.63885548697909
52.07107572850333,20.01214800502618
51.16553403171658,15.56375813514115
53.83405177026226,14.65637735303255
52.60915023178418,16.31960310906374
53.17485775373563,21.20409649768657
50.97441002129598,18.90064517797658
49.81747779215308,20.18352859544239
50.8378416982582,18.89624681037947
53.23257385199555,22.3855441434124
51.94136279900812,16.4816382067383
51.98043789001451,18.8489145931412
52.93459984176697,16.06068805034977
53.6671144789747,15.65702823518841
51.39253169261777,19.84260200369608
53.06330978618818,18.13751795696358
52.97025775897335,14.33143503055787
50.8747751780857,23.93624964999508
52.98569895992377,17.90192083127308
54.50614593347258,16.62404197018914
54.49529836448081,18.34978384840073
53.24263257218318,22.42406329855205
52.68398062304439,18.26257011044154
52.10736772899858,23.27609721215396
51.98343852007127,19.70877179082983
53.17399724674534,23.42464785610557
53.42128407436219,22.34964865227648
51.40395523793402,22.05863231557447
51.96925005986395,20.17339347670832
52.94879964969639,21.31873727703676
51.07320063261469,20.09037351870969
51.63980064969552,22.49168195620334
50.20971672373781,21.34718447275507
51.80033519072575,14.89616739291517
52.7449718772607,20.87175646156145
54.09246885235449,18.56662010920549
52.11999922395427,20.90382548121623
52.34156703968839,21.90049421103302
52.34153740494078,21.63829839212286
51.99993878122282,20.84449790995575
52.03963691994527,19.22419241337965
51.8467773372187,19.4315740426441
51.19597976800204,22.24976511526203
52.79489427452969,23.06970376312488
50.52481051335145,22.32103007748644
53.20108595555607,16.40422030887281
53.50515245596318,14.52719916988574
50.34008774926115,18.77101622718772
50.73212689788181,23.51577013701231
51.00397994009447,22.17479790967408
51.61219755405265,17.71463262035121
50.9045073964489,20.06232184923541
50.96159656401921,22.32432149727103
52.59460187821274,18.78903682492156
51.5862040502557,15.33740360482489
52.78698857181872,14.63361580760459
52.56848681760853,20.31770172313107
53.6077834376397,15.69271420566405
52.6284782206832,22.8636149650367
50.91929283943413,21.95610157862566
52.64067038818606,23.59610176636667
50.92987883623871,22.93303399293134
53.09102204299533,17.48567518963146
51.44221458833025,17.55721497517321
54.12818756267299,18.46205083493135
53.08989355711027,15.89956885095866
53.02343115561577,19.05341883683723
50.68512332757331,21.2613412557425
51.29005031191966,18.96159897135349
53.17541085675314,18.14949098156635
52.18107972339591,17.60005049891576
53.06411698420336,17.20603659321888
50.48828090668021,18.67737453377731
49.87177212865866,18.857834475261
53.64441544620448,17.22400809341316
50.59101849799976,21.25525845800611
53.3229154979506,19.18665469200491
53.78000239309551,15.45847642294685
50.97339374362468,19.36999886093738
53.67443699456248,22.57969070949668
51.18207520693656,19.15661423960579
52.64279653447973,19.06158225678238
52.52805752833588,20.61944159592184
50.70102984652041,22.54395566546289
53.19926281675404,17.52110544308357
52.09374441990997,19.45340653654047
53.6961864282524,15.53012816101988
50.34827828840775,20.33561480162801
53.26483466457503,21.95521616322949
53.67058103930499,14.97486097853644
50.66311135703577,22.31849405378005
50.87646547488826,21.2228263894465
51.80454597161546,20.29747224663082
53.24766410130996,16.38459145895232
51.08452867056493,20.28723488548845
52.26693139471096,19.95206762657638
53.02594562582016,20.38858277396153
52.11337776161864,15.3962808494358
51.56610298336453,15.14153231200039
51.66317200714596,15.37878727310691
53.54127726165285,20.67926683911495
51.38215716714592,22.28277963295735
51.77410816810303,16.39113132456171
53.37099216394444,22.41052839901489
51.58896409087666,17.43532086933251
50.87873105384743,15.79999276772987
52.85638098017326,16.75179048774356
51.98327049808918,20.52588781875338
52.24144575787297,17.09835920260964
51.48569566640599,19.65382812564344
51.70890685713518,15.90770418834426
51.17529191700632,19.76940699060306
50.60626349905581,22.14915769722296
50.70107071091978,20.17986842568113
52.45269517552605,18.32756732260962
49.85865781500802,20.16689442237884
51.34286916357961,19.58799565863523
53.09959324680268,16.79083447605761
51.15081322328817,15.84282337798473
50.64817525551977,20.13930715363639
53.01925554450727,17.08125492566584
53.26136921873768,23.19415745730171
49.66710922216946,19.54924229040587
50.24395501687701,22.21971697752064
51.67081620593905,15.71605702085639
52.02142431563086,17.30160288708425
54.23375213245726,17.76844918818998
52.03615573193518,17.14453002683723
50.88727955302772,20.25929947249319
52.38072441158056,18.32471876340016
52.45726154609189,19.66175790649115
52.14149015637219,20.48023283370303
53.15642271431893,18.23400054493176
51.55555252913129,16.35623589787606
52.0272679630324,19.95946813386616
50.44416437617801,18.37119426242711
53.66832434246955,22.0220170321642
51.93019183291997,14.73746667979986
50.06978300790841,21.74109353669583
51.52653666830424,14.74551194512564
54.22281643836492,20.95449377612262
52.23942247459591,20.15347044247143
50.20508308806457,20.84539511192873
53.78712927344711,23.23740082823879
53.10858373308091,18.23547357431108
50.98230419336826,19.05782313054108
53.58190787915921,17.74350483781949
52.34567389989634,20.5780122493573
51.74872593797993,20.96309633269265
52.0068944485812,20.37561963426131
50.78892674196825,18.16074150737213
52.57508317685333,19.84082648012661
51.61595425821851,18.4394601831501
52.07147934707054,20.99113433507779
51.67785278963951,17.4601094823364
54.50810060326676,17.66389589256592
51.81244758122028,19.33789859626284
51.54853615779347,15.02640200914735
52.79556951728518,18.96982770775411
52.11880763330192,17.84820100760296
50.96912171337654,22.20010313955915
50.99034035529075,19.56986926553268
50.67422084024409,17.66067904446979
50.23494412573469,22.09039262563355
53.00381981747287,15.93243481743111
53.70742881932951,16.1477108479571
50.62758908606922,21.39555042881482
50.47699837261803,18.85305058085284
54.6139783622732,18.48824785250224
50.96731770889835,16.23284966179575
52.81795432111815,15.54948661159649
51.17212212136273,19.33968806656578
51.8530054344646,23.5284696267036
50.00247299470273,19.44685627447058
49.73292447355477,20.5681735458493
53.05410793235316,22.81768026974134
53.55936960247038,14.65035985268807
51.90715384741993,15.92143158356174
52.82999092002539,19.06595985176579
53.45324148300322,17.69533298337948
52.17938945144108,16.86193414288828
51.78600049583926,23.2377768918523
51.77004193743902,19.00183711787621
53.41209896417323,21.31290951100998
53.86926466567947,20.99701784271293
51.31087500283562,21.73479086618818
53.76099046611149,20.89446621795034
50.20764247867488,18.81203609623246
51.0648959440922,15.36258490181251
51.18802750783848,22.72052741687441
52.27437604764784,18.34681164286104
52.25708986498676,17.33611974418306
51.16160784173912,16.59726197051991
51.40226846438195,19.82398291230158
51.2072375854391,20.19926779354882
51.72776331101056,21.46151848922803
51.08858237704823,17.73456170868053
53.57854593897133,23.31594321267697
51.32992452035525,23.57394172940607
51.19089102609249,17.94776697970213
50.4448069902395,20.0450887873086
53.65485484464028,18.48985995147412
53.63344615150574,20.12283161495523
51.3507640572092,17.94809923652732
52.1793516453743,19.14728030653038
52.61438719140641,17.86273999538045
54.19049636520439,19.29829369352945
53.24702696135586,18.82249319971061
53.09296043655554,14.90070837488907
53.18601060857307,20.54486846140455
50.26586903720775,23.10270498592532
51.33917420201266,16.60829623397461
51.61876525486709,20.63376021476105
50.35368104732532,21.88248741214561
51.40661391038839,22.49070859000865
51.96178096176003,18.6564183998509
52.93041919114538,19.2329335602465
50.15507557338722,19.91002015421435
53.00977616947682,23.70776312414101
51.94507921281803,14.7624263440704
51.934145106648,22.04912183440325
51.22361636098496,17.53244770362279
49.85592694479021,21.97407407877015
51.69834531824478,22.13157126147737
51.41320780924609,17.05895767029968
52.39219463386653,15.12688615134095
50.19740948894095,19.57396269653713
53.48981320763887,22.02005758844502
53.66666429238585,20.81147630101586
51.16663802939894,19.42225386793179
53.28353759530628,23.12173093567275
52.02414729874138,18.58431095618545
53.288396072418,14.99227432841263
53.42289232180121,15.82833065106926
51.52633601766162,20.4425007185001
53.1361900289075,23.47680135877854
51.60576384438239,18.66105263466429
49.60586631903939,20.99411090812032
51.19780268417902,22.32715472645821
54.07152814387962,20.98148160805789
53.06013773042785,20.74361535922061
49.85673548316518,21.06951303662856
50.7737254816854,19.03880142427816
50.83814472698516,18.24219484159166
53.68323419331227,22.69879739662272
51.8776237063564,16.38252087640462
50.24910228108259,20.92002539790812
53.56566835008693,21.88153337482207
52.77011448060256,21.40400988872866
51.98694278907886,20.50400539974703
52.71697395072878,23.64077628826733
53.17574876488663,16.55339882318443
50.38916040383322,20.35098306416226
51.21154683323515,15.47847727773089
52.73779390233543,23.07667696863756
52.26702261650299,15.34022030698091
51.95201696529173,23.14346265614808
50.29131232427116,23.56669439240454
51.10230621387537,20.15430590898659
51.14589594088792,23.55794147947992
52.97668171008561,20.46869914674331
53.43698155563601,22.40283939614367
52.52614671945772,23.33057573339441
50.67209772249342,20.06943023698942
51.71070945078165,20.92482571964818
50.65511245491935,18.53956555196519
50.04358783042128,19.0325121531216
52.41376608627913,19.54331060088229
52.59839085729384,16.15177273581472
53.89672265203764,22.70870118444877
51.61208094114811,18.83306931363679
51.06407101176037,21.0763908841694
50.78023023699048,18.89976719451564
52.91102773443649,14.34507161847506
50.27783497101656,22.15086517587827
52.22523853645527,17.76134145150417
51.87318742249143,20.90211729087642
52.58490039529158,18.83030940276999
53.38024521080877,22.35999547240112
51.64062396830445,19.18550776564767
52.82315978107435,18.3435748034876
52.32219472150101,19.41967884976494
51.25694083623452,19.13137407604425
51.0149484276939,16.34934795932495
51.24933691333088,20.20693667089111
54.1634633101328,16.90644956410891
52.18457044121272,17.42879189140909
50.47738943762703,20.66794948146743
51.70189053817291,14.90353965208068
53.19367029379792,21.61210920456184
49.6673560263234,20.50209843615051
50.95302240616307,15.42766854395901
52.05554953873028,16.48753492749166
51.69465230628916,20.26637454873949
51.47983453072779,20.60748832881918
50.93955274962229,22.53447311995934
50.08174001400328,20.5582078992351
49.74575119938277,19.05674730138652
52.13689648504698,16.58093640132248
53.13437618406044,23.21148889989676
53.63226011673328,16.84041968882898
50.74113282045038,22.43037975859937
53.4494839951935,18.29571876874129
51.64587625407113,17.54154936319985
53.00672929789364,14.43364881416436
51.99905206844854,17.10471935615763
50.79850717198781,17.44309728591331
53.30090042849539,16.91083525647684
52.10482019773505,19.48342603008455
52.54493679607983,14.73258269412193
52.53997077037782,22.58068287012211
51.98988106442049,20.85708182777511
50.30985492719713,16.92134159033627
50.7134747964417,18.87317990278066
52.231233877718,15.33561234397921
52.86789261676728,20.96411600587033
53.30119267441125,16.47826381101558
53.92765912446413,21.35648294988379
52.13100742930762,22.69331524914016
50.91311100051923,20.61431618639755
51.7202844444461,18.02275177637361
52.01616830339219,21.73677493111516
51.17932220728284,21.99730664600724
51.29758952309915,19.60491799030359
51.93666021873732,18.74377883824967
53.490533741692,14.92140272454801
51.04689545249345,18.73310369949485
51.4229015041224,20.17399301303343
52.95839937033865,15.76300825046249
51.96155384424159,15.77846476226396
51.28923844989057,19.23749660652669
52.21927282891821,19.83924365443656
52.20996646237791,21.95610882782908
51.87859831058197,16.45950076226077
52.20890943388827,21.74004708582383
51.63295928412436,23.07383588070375
50.39416717834539,19.31043345115617
52.64618248836077,15.15988618902312
51.54825259097834,21.08630244821364
50.99928678994104,21.30819163729085
50.29537565645686,17.78933983536835
52.54523130979326,15.70366435607057
50.56568520273903,16.71686145280451
52.69102568836853,15.07442526571818
53.83772091624314,18.09225055998624
51.22127276861993,15.71712393260493
51.32773864750061,17.88551842753625
53.175195211203,15.86391845174951
50.11686852574583,22.75580582864015
51.76142027318195,16.40281923263888
53.62491239022025,22.36768157162185
50.62763184157146,18.82671207402044
50.7596799450485,21.29828825876016
54.37378026345649,20.36727924171525
50.83999062971333,15.5755599309891
51.08606198977053,16.28715420276365
51.17853096406975,23.20194093680697
51.96901284801744,23.3373362442124
51.39305180760511,23.4979796117174
52.2424743852454,20.23618909176204
53.66850570481349,23.49909699822989
51.77550693949942,19.72537918587391
52.00228989387269,21.27909291715545
51.83709566281204,15.29016465363552
54.16533023700497,19.82536460472096
53.45260849474374,19.16183553242965
51.68128579122335,20.4205897873533
51.46820000412265,23.51189054158622
53.18109130657419,15.5971722437149
51.52617444568047,19.82492125130722
53.91889998743614,19.43755454320703
50.53553385110185,22.37954369952108
52.45135572387809,22.73147083931825
53.42683198910572,23.66840559043373
53.53499277989537,23.4972892785129
51.11622329371583,15.22397040590872
50.5229723710443,23.00680051562508
51.30324103867945,20.19009587470393
53.20118630234202,18.54503970669926
51.34461758866154,15.28522758774679
52.73646580757285,17.41320034012299
51.50156019891808,22.39934035027916
52.89734816717358,15.95015521190039
53.33630775211339,21.11844315351383
52.87929065367624,21.29128111244351
53.05243361406696,21.26898775111469
52.53137387866757,23.07105327185931
53.49426221964239,19.53606385429729
50.34790579790596,20.67980215257341
50.4865837501272,20.27303242950473
49.86619563040729,19.00392398809541
51.29945018903083,20.24033947900669
52.82207612401862,15.84378825560218
53.6561429375561,15.54397041340322
52.45908362327958,14.85038782904531
51.20169216702584,17.8545658491814
53.37534581480205,21.93220679279449
52.06301481556343,22.7450960573605
53.40193571157693,16.19162142254202
51.43310273330186,16.92487047154335
51.45066604007016,22.85271952739981
51.39461989793308,20.20385108301857
52.81226287411646,21.79913355312154
50.85000903558508,21.64054955287173
52.83364001349573,21.1895438208768
53.94198094033056,17.04348570999118
54.02358298864056,20.01553026944191
52.68762465931695,20.28737793203787
51.52904656346345,19.9768668842344
54.06674027990233,18.32859167146654
51.07135683264434,22.99182757571726
52.86210842116568,21.65758364167155
52.50966195888099,15.01258737901497
53.14780620475884,17.60372830084906
51.43531148664058,15.19687473698705
53.84755434162056,17.82563354283696
51.28573958930674,19.69898374459002
52.44011980483899,19.38594017330999
51.03005832657453,22.36290762968486
51.03878486648025,18.57286430681603
51.50695836815683,19.50151984175372
50.76826725833602,23.10075747610814
51.43147253269723,19.84245796801604
51.37372910014037,21.8428768196539
51.55461499934439,14.76048651027137
53.62609706847241,20.45569855382864
54.34001845748534,17.61821187161628
50.69548413245267,16.27161284169152
53.18549403320922,15.54701067969865
51.30719759497065,16.56924087380596
50.53335792744022,23.7652144898081
50.181276671215,23.00709770582966
53.21787843859779,14.70962909956481
53.25015644376099,19.02832498355787
51.44630455325053,20.99093246816118
50.98703280491164,16.90424901716771
50.8703403712937,16.7510305342294
53.59359059975763,17.81452308818192
53.47875316679129,20.39414604028272
50.82841017133281,19.80193401110734
51.37918546571112,19.98098076419797
50.95583868518276,19.12606541332718
52.15821940150006,18.18002059725714
51.26744400840524,17.47312276331001
53.29220343647641,17.65834919756975
52.71258142088039,23.2726858900602
52.1613973082804,15.59733948691325
52.68758307174035,22.60349724814279
52.4834517336041,20.7985328437868
52.07663298820285,21.12595854496315
53.87679220009226,20.30800749590101
51.7018811548386,20.14166080780603
52.29508411607693,22.96555731099001
51.48349393896594,23.62690665095234
54.38795121420263,18.42010671988252
51.62433570060035,15.4310881900975
53.42000153393641,15.05507687840596
53.19017659170515,21.96659458581928
51.77170387643494,17.96425281744215
52.89062358851875,21.19112932684197
52.88990151759212,20.33215055797004
53.24587494278749,18.72852855844646
53.43917879081935,23.68595888564136
50.4557137075557,18.19634357951813
50.83752211179542,15.83974851345419
51.81354561519816,16.06658285655661
53.40243015632277,17.74014263392401
51.39743135523035,22.98543099616029
52.70356373632396,23.74769679035406
53.31353199073043,14.84308906557469
49.79725604934134,22.73813774159454
52.58045682409502,15.13670229904962
53.17432163883257,21.84464754218593
52.85209768491517,18.40520360270526
50.27550166608036,16.72655889356222
49.86547488271167,18.78280894876301
52.5094258583686,16.59892720023292
53.34945872326616,16.43237963716854
52.92377128679492,15.19400475562706
52.02751295099139,17.03090235166104
52.50713703959919,22.62553143236535
49.64293279555358,21.93487719998884
50.66221499288845,23.9927374949829
51.71333696769596,16.26492434077649
52.60460162521844,19.36364649599716
53.98756211100379,21.35261701669639
50.98512825227144,15.43940067965577
51.03342694909678,16.55355044877511
51.72541332157767,16.53096156264262
52.46428733103355,19.26468646093944
50.65333524229669,23.61837455994103
51.88390576095088,23.04149994663166
52.66238729383934,20.69809778590513
53.96777378461599,20.07415372514363
51.22402329738617,15.15627381053722
51.00867676369111,22.68648464560899
50.92123640376686,16.39391293144912
51.45473140341727,20.3302198828968
51.75081027126698,19.22825221115359
53.7585683963303,19.86041085446978
51.67622640901375,16.86221054604264
51.98749777259617,21.4728422530261
53.04285546715258,17.35202671421869
50.41182562285974,23.72861622038429
51.31888911487695,17.16234687507112
50.84365405871299,21.91523873396052
50.40501340748252,18.62589440935251
50.9177994127636,21.1806484778029
53.11802288012159,20.73540076202742
53.7316813063597,15.14830631328934
53.58608784340744,18.08474446579997
50.71793482292502,16.71706798146465
50.61794982331759,21.46120045874256
50.96327790514524,21.44047877721707
52.55128108417596,16.28714115027899
53.17621469385853,21.15304305887055
51.72881347492402,15.47226544618491
52.32925393127972,15.88634822959425
51.48008488117904,20.6373817796364
52.00652824072291,20.53589991407528
54.09794553859301,21.3565862088333
51.69783997683117,18.86455192337056
52.63618715566751,16.24472581805369
52.69460057562208,17.36177015852743
52.35664547286902,20.97539452550021
51.08332111188289,21.96438595704402
51.40877524663351,16.96702468766777
54.27262100858936,16.51991916289441
51.17371353821227,22.82398739260185
52.56330449014845,16.54530603754787
50.12634635259868,23.27679750875195
51.9681892458979,17.53216838119412
51.09255532176062,19.97585876510142
52.35821744609724,16.45726653573385
52.14253533166891,17.48321282718899
51.49756715423292,19.2502531189266
50.72144702746572,19.89189049971168
50.12305393908808,20.2726520567745
52.4697930580498,17.19454714282078
53.6217888487552,22.60961139308373
53.47959857450589,14.41197875779375
51.6495405903915,21.37896359228545
51.1950542219431,18.71196250795433
53.93007149938428,19.33693113537716
52.67985818285472,18.79326593745746
51.96882240822948,19.99202428770808
51.62662672567442,22.55571577204221
52.72452574606044,20.24374298410119
49.68658558716068,19.12621105308954
53.61382829612626,14.32601988479535
52.57683691854464,16.0996166768745
51.26627850450891,15.96311761323053
51.29283030447636,17.58059768969909
52.87394719089573,15.96300540234985
51.45290365289377,19.56135994934175
50.95821061994459,14.93926930899699
51.75258521709907,14.71455463384866
52.38905000672175,20.08237985642684
52.79428096668869,17.08015194392428
50.59035692478323,23.24149655443668
52.93586690505516,23.21318321279713
53.26908837129154,20.73251349099879
51.18155744870305,19.23070186278087
52.11614848290255,15.69980211449614
52.92994117850741,20.91193797682626
50.65416838178628,21.46511684308738
53.70778760003581,17.26173073504988
53.63302242064545,21.43362840273307
50.7982111589289,17.20502001885774
54.07836300931265,17.92286166545755
53.25097620266596,15.25507276565599
53.26583733337907,23.78699711604118
51.46131539436004,17.69762255880214
52.13317823394483,21.79313199938698
51.31490641860511,20.31089342266159
52.73314991562594,15.85724202907777
51.83642319195732,20.72903231471748
51.95632851798719,16.42676194200829
51.72473125556888,22.07180835529673
52.37710339906178,15.92789333941325
53.83364717274692,14.74594035643286
50.71946940728644,21.84078887188437
52.4410543354962,20.23981518426247
51.22420753293606,19.14586450621568
53.05621360106976,16.13797420985898
52.99636810068731,19.3424607942654
51.19823775094885,15.52321391514616
52.97132302840674,14.46362590310346
49.8299043244502,21.38294347612409
53.32494411432447,23.42781853529679
51.130250455661,15.12114702112575
52.62597110368484,16.43121284406873
50.64954011945213,19.92211775453877
52.76595750033468,14.56448262326031
50.46892100131933,19.80586948695115
51.59127359566696,21.13743244778115
53.89689878067102,23.44625439143383
51.41925914607695,15.47477308531505
50.83361507435119,17.77849500934455
53.68924833047022,16.67552759883661
53.88211229939227,18.159697699073
53.43023410001857,15.00325813598859
52.58615655710602,18.323007291274
52.62251479827455,17.19969148882735
51.31492075108,16.26250816202095
52.65865888626639,19.27746713375759
53.7470428162601,19.88676169655337
50.33074856813079,19.18737299991558
52.06531546903388,19.79007387467017
50.17736013356206,21.0979341548162
51.93179466531296,21.01482894121479
51.55747392387308,17.20408321713334
51.29895662806186,18.42967356105358
51.96773093560636,22.43404382942327
54.15003974073545,16.47145814008149
51.88623451038566,21.28949517054
53.86533104482087,15.8347444429182
50.1091149364381,19.57879367540804
52.40298439306544,14.55636446907676
53.16074497430605,16.5250406566294
52.73344887944682,21.44117463042273
53.93435293046251,21.22242882379878
54.1836514941133,20.90372444610841
52.70847854430391,15.59548859489827
51.36368265342263,19.93003304955731
53.11275556065209,18.08550858675594
51.69744922058887,15.20708298222688
53.33141054690034,17.39220468053784
51.58950339463255,19.88342971540886
52.72932836705675,19.42344875757234
52.12816935363657,16.83953209908552
51.07929495733476,18.74102369332082
51.82119707588125,16.9290103619709
50.40392275988663,17.13033862062165
52.43462065863967,20.50610306400518
52.55012026361507,18.79446554196458
52.71100731825385,21.92606259955316
52.10364806595692,19.06051393419997
50.68008362502511,18.1786500417713
52.69699873527804,17.39125401591673
50.63570931512022,17.86644753477978
50.9848669763745,21.28502808850286
53.27215979430594,21.33005939643881
51.32228087774964,21.86660685476227
51.55523132250438,22.07392922995793
50.29959882914493,22.39710761555409
51.43607002771139,20.68410110699574
52.83737963452651,18.71727355770429
53.75264477243809,21.23334890640279
51.70932690121435,14.85625943961671
53.71269796115106,14.55257146747531
51.31725346197872,19.66373242197309
52.14447744476035,17.51046566770682
52.53221092629061,15.23594158565337
49.56754205400075,22.5555113354569
50.89113468217882,22.58370981454144
52.25141341052067,22.2894987206919
49.96224254045781,19.38030065666226
53.36153647359372,17.38238430901074
51.80449135334179,20.64690529362339
50.40153559523512,19.95044785998707
52.30917507649414,17.01663975236565
53.16865750292045,19.60941185444588
49.42242043830968,21.91068883619874
53.26058092007237,21.97624764617327
51.12658112346988,15.17258548915752
51.30141394138669,21.57147386229983
53.0437621986688,20.96732037855519
50.25073077569402,19.80465322417455
50.43228684385311,21.05054987373797
53.00005900267259,17.14224353111778
50.95200761910009,18.14152878861427
49.8292869965692,22.50391284770963
54.22731099944551,21.34623564675367
50.26181811370389,22.0883950832963
51.5754307808236,14.89023758982586
52.45516131402741,15.96722825364547
51.97189856679357,18.55152103505206
51.62650020115617,16.36034078902856
52.66542743269486,19.32216870482942
52.51455566074578,17.9414658225335
49.86419579400397,22.95777446884272
52.58255364784803,15.56385679704486
52.85195477520602,19.597541222583
50.98084168074761,20.08969614283754
51.249707647704,23.32039285883507
50.47354315972967,18.98780247808716
54.03636645824769,15.04147726335314
51.81987588044223,14.774546630937
52.98848220187354,21.28358592001575
50.62932546373717,17.23098210994729
53.64948994735239,20.09837200404434
50.48574925515333,21.30006088569928
51.33422957880513,18.18328474724316
53.62757406607763,21.0123323088632
54.32905439197544,18.65629737279789
53.40955307649153,22.61797620132732
51.70289787506704,21.57259211761259
52.17315277076612,21.77820240226426
51.18730230132098,18.55714547163768
52.59669755968199,18.9217725564221
51.25955661313839,18.51795492765972
52.00326866814959,21.48281973021996
51.92332260857124,18.05032230826459
51.79631198583645,23.31590560446861
49.4593840946357,19.21134550831313
53.83157516477364,19.12764470268477
53.48318519898675,20.81530656765973
49.65197710590585,22.2289938642966
52.64121233261783,15.79961615928111
52.631142917573,17.29383446340109
51.33102989405988,17.95994454836836
52.35006631471138,18.87442339535016
52.44277163422912,21.91466444883585
50.62578569332558,21.74976471789671
53.35359751499698,23.41329915492087
51.12558075561331,21.14845909803511
51.96731562953229,23.4985845932023
52.02596024528727,14.84695586302233
51.0544520187485,15.69677858857385
50.51319154750595,22.66329173721093
50.02114989569468,21.63475512322753
53.12250138216077,20.00627293822753
51.4211408006661,20.87028594971852
52.39633273327699,22.6934113678949
50.4704138333293,16.88622251657898
53.6642302770958,18.14709248617056
51.57812450056019,21.23570234246734
52.23880156849953,18.48205044001068
51.63528738414516,15.18459819253252
52.26038936629802,20.43001584893051
51.57269185982911,15.66565813320275
52.33726843096147,22.24345488842633
53.68640062912745,15.90223298618967
52.26170729343368,20.21901054196736
50.9728950919139,23.22813301825206
51.54870756398211,17.25515501202305
51.31967919992493,20.08971679786184
51.90311276434536,21.37417919096294
50.57681697339645,20.36755663296158
52.02528165819382,21.68575199314748
50.67013432203801,20.24339088186745
53.20530677419788,21.54988865579855
50.54801308673894,22.28756672238955
51.90214280683322,14.98684345295803
51.43002902829427,16.21136759726457
50.98975011125185,20.54133260979867
53.57474039397042,19.46125699901755
50.53907941469564,20.66210116752912
50.66010249171243,23.6983570083633
50.74418241530026,23.4898174563851
51.71072820142903,14.93440213392912
50.37250306007917,18.50792821630801
52.96631038860419,14.74677414213872
52.3931250407325,19.26470307149586
50.77884949316744,16.31621836359999
51.40334068392133,22.41022334823565
51.85741244356083,19.54501535268099
50.13344460298566,18.4168519471862
54.64053213511074,17.64113514611624
53.89418515891824,16.85522776314043
52.90435529771661,20.88478670219679
53.45386664544519,18.20816093330261
53.08195610257009,23.64554667836598
50.16313831629157,19.30187610605561
50.74450997207167,17.57018804274908
51.12441796356465,16.02091833673317
52.3714351121744,18.71934905205028
52.76432262175876,17.9746001030062
51.08350270092596,15.6888086666329
52.25105791185271,14.73504377182156
51.59656495591089,19.74687223605299
51.07669885540151,20.0649991850276
51.73695569901142,19.5960379375635
51.51423715675494,20.27197505100342
50.36262115360319,19.03454793178526
52.64158845144215,16.12628310458016
50.04053586297186,21.90770264195258
50.93971337927885,18.88172338150383
50.72865352717249,23.16384875735626
53.16034377209196,20.56137572002982
49.51199555254232,18.96950148032891
52.83215784831045,17.59351735773288
51.64852532827798,21.93362924091278
51.12009772022024,18.42086880538214
51.88665772350722,15.56035682540198
49.68313486668858,22.2576956143316
50.6038658607914,23.71113086049811
54.4870981339523,17.02092027808712
52.16155593282855,15.78050382654742
51.55718445799593,23.04971300334952
51.36273126468573,16.52034191282363
52.48377449933157,16.02829882848009
53.83009662722451,22.99941928761691
51.21531354735524,21.48580171588542
50.93709672484478,16.0821651548293
51.78721008117148,14.80705821872626
51.52321898626845,19.61236516737732
53.73579419101061,15.35640007360774
51.08992625098558,21.70146493348289
54.02553423147706,19.54280501970077
50.93929563232317,17.89287182138306
52.699610465375,19.28399397159388
53.24180302458225,16.62808516697863
54.27657980781274,18.1957046731944
53.55923003092008,17.28212419287119
51.1004297681914,15.53950618006463
53.14422802308343,19.77832069155561
50.63159706636816,16.73774450004515
51.20484971858658,21.24754390437539
50.45062892409536,18.57905928496662
50.43345612851075,20.35814527772241
50.88455834478319,18.94021299307394
51.13911249050648,17.99839746717209
50.48592055912735,20.39920195575397
50.55128090867713,23.40594692663786
50.56272062305248,17.11054429640217
52.79105464230685,15.33304516597038
52.54401519580591,20.17271118802584
50.88348298516151,16.57501084679145
51.08410497419769,22.60135924476308
52.6714399173507,14.53525226823971
50.51190428177974,20.45924797074754
50.20648800360929,18.85895586765361
53.0347017902581,17.49481829377987
54.64719701341411,17.69826068863936
53.90631715616504,15.43321921435484
52.91793742551862,16.57439078373094
53.28571465695094,14.78066110255606
51.93695309144218,20.32006432948876
50.1821106537714,22.75599815157835
50.44561460328648,19.82806020843087
51.96410444274139,18.39504521112803
52.52742327877404,19.15626796293869
51.87706288942294,17.28697156826029
54.01128715143169,22.0877683713331
54.11163951618691,21.99967541613677
51.74834422644755,19.1496336661282
52.32293551111984,21.78598272143722
51.92238567321406,21.74625129552099
53.00252914397348,15.24416448157139
50.85293770237504,17.86165064670037
53.67480559832823,20.25859247374022
52.64809644620938,18.25288256389625
53.78452046809067,17.6500561876819
50.89576601701809,23.37050759264113
53.3882390834756,14.65414178789431
50.32882321041936,16.82344010079607
50.74847298213656,19.18172703201099
52.9343415124583,22.32126781927643
53.22891132865097,19.38936640837487
52.29492611544661,15.78997578663832
51.55358231029221,22.36674121240467
51.7370620582013,22.46801251227581
52.51505219606912,21.3607002974579
53.53394736320452,23.24756565924799
52.75685363009425,15.61386022528609
50.18008238289372,18.21558752724133
52.64371411076265,19.28491434294825
52.38751755671931,17.37455227512379
51.73916287613551,16.41632711502757
52.05259463898686,16.94833389936652
53.76823444589688,22.50697297523245
49.81664487134725,22.47011035882521
50.4077756125238,23.63570921677733
52.05832856890628,18.24678344943073
54.09000371408097,20.01846527627
52.86676562436917,21.17184805388287
50.73880876139158,21.51331363111813
53.2880271690705,20.14709318946491
50.01868929219849,18.79214064568379
53.02095412269704,20.78109546463287
50.65066597806562,18.80465114897362
53.49257016303484,21.67700017869213
54.01867522751959,16.87827966529935
54.11068243007046,21.44053703222061
53.42829263193375,18.20389623527252
50.84769810992746,23.39823277521027
51.88511567998953,19.128971778582
53.21875193602521,20.13210143470962
50.99194017422171,19.91490775757217
51.92233538645621,19.73167764560984
54.67305717425274,18.06868207688758
50.60684044635054,21.85746556088861
52.01836429936107,15.40627456206745
51.26222569260471,19.16220658062031
51.09960620459046,18.94001350401718
49.93454532360087,20.47555891908693
53.01531578592751,17.18148479583866
50.21482009340849,19.95272822270278
51.21314557737826,20.92303689538723
52.72784727343966,22.68806239572735
51.02252193368442,20.8216802241479
50.92988304536414,22.94147090603125
52.53119481455696,20.34970729724123
53.31696614788397,17.97854373072373
50.53088665309588,16.87660477649623
51.18023373980932,18.60053132823803
50.70299208234669,19.05257349668697
53.47815837340001,23.09230745544883
52.61485489183691,19.35643980085355
53.67328325021132,14.83733432624079
51.54116192933049,16.59103266118896
50.77790117843204,22.94084605716602
51.98839140247335,18.45497397613028
51.57837842927884,22.69322176687482
51.03284379930885,16.06686720957659
50.77577995455366,17.98638383873615
49.43549582862689,19.67938499123883
52.69971535770448,23.10904763928669
52.43460992679796,19.24913575335133
52.05111188141851,18.00150584396189
52.2128536297833,21.60852387618448
52.59986718481173,16.28816882111931
51.85687040863505,22.94004417677645
52.70170960341029,22.23839385124869
53.43092609342997,18.2810830626118
51.30341298386655,20.8819277737145
51.06269856781968,21.98612242236356
51.41297457752824,22.26077973059954
52.74238667655813,20.1368492139267
53.12652685267821,16.16380495410016
51.50397865756202,15.59002804556132
50.44154777558597,22.20838705897084
53.46425275112342,14.81045237264355
51.56792896571095,18.61873295133556
52.17131407822114,22.62235510880665
53.95394967683047,14.8464652277176
51.63145097776847,19.669523092376
52.66399730506584,16.2125499096769
52.24314979507536,16.04585101160912
51.99709770837511,16.80716380138048
50.36183198252548,17.22712811794332
53.00538703166063,18.41107097110208
50.09618807812746,19.47004597625899
51.76155418815421,14.66331599439762
51.05006379854232,17.69508243300605
53.15536391987811,17.34270800962081
53.99970986936694,22.00403171739358
53.53971025180031,21.42893795694587
50.42175965401767,16.25891102804306
52.43675245511947,17.57238390934522
52.09723068432722,14.80557284715229
52.53458668012311,21.68582812455595
53.52529689439292,22.85384084400798
52.01741029256119,20.35858492824983
50.29187016082638,17.40192249130256
53.97457418895028,16.12425044647579
50.54430091234478,16.49401594767127
53.03020723551722,19.78755952124198
50.28551783307438,21.88509874938568
52.39894702205925,22.4792399924078
50.97408212808518,16.86367604463762
52.78313973519574,18.72325840079676
49.90766824981355,19.89156121415078
53.80849837713171,15.76397783303828
50.78137149515746,21.5713766239335
51.6395211757615,16.82464023605559
53.65821315197321,15.77033964615801
53.06919218442833,23.27403805183449
52.90976782535851,23.50628530718481
50.01645897672056,22.61712397595641
52.27503870523141,16.85005790367354
53.5988014137952,20.02014570597143
51.96163731105219,17.09907446532837
51.673339075762,21.58399844526789
52.00676832233595,19.55252071232623
53.1493700896161,20.61657133927362
50.43048826823402,17.99826350122639
53.70424384435629,18.8543765724297
53.04821250925618,16.36864971098523
52.15384704132526,15.08147430573451
52.99293645654755,18.70247283899498
49.98390623588318,22.28999239311756
49.59869016634289,19.11292631808956
52.90702748404871,14.43771947670912
52.83468094604417,18.93175694835899
50.69406824354677,18.63582687128869
50.15618252313246,17.76035929177764
52.33039041734639,20.27875969766949
50.86494213086422,16.67225661502377
51.52924401444789,23.01607198265385
50.53534245525356,17.16816424409313
52.58864618384143,16.33596730215145
53.19480058614261,16.87569543798803
53.88892366978531,15.60378655199545
53.35953371162805,16.95656159638707
51.4782627645435,18.58618382454039
52.13791404420316,20.13825176969468
53.64737177452453,14.94249448046294
52.41537872957422,20.94364403132329
53.46409440147363,22.12718194391991
51.87847807692336,21.20744954117231
53.51904649633185,21.86246037144198
52.50145978355219,17.42006005711857
54.1484007163133,21.33319002523334
53.1457894970647,19.59633750248253
50.62294305594452,18.95591472495236
52.85387625717358,19.73655626252625
52.75098359308796,17.60026999217085
51.60436117787867,20.81089652682857
50.70531493073369,16.42562374774802
51.6656381264316,20.23421188425251
50.83781047965964,18.06872834515593
51.35862110139469,23.48473601649377
52.86559526164671,15.47863945419753
52.77168564212069,16.88857096476952
50.02985676236408,19.70282487040652
53.40411371524831,18.7711370273064
51.49667544991053,22.53417552655567
51.45344816770461,22.85288225746894
50.99144203286471,21.78644472740078
53.82956232968904,15.33320092723709
52.50765080947461,21.24538944758016
52.46510679818274,19.18712249326835
52.58832060550198,21.87440002682688
51.80704956893599,17.23244393664713
51.30475012367623,16.18353918532253
50.57623236040737,22.78674499764299
52.74055388340536,15.1348523370832
51.50398072163387,16.15031288585138
53.04606571126281,22.98666682389217
52.91459190821236,18.16039923618796
50.11623132390886,22.42555349822473
50.61049105208134,16.9059719320177
50.9018767475121,21.02440653514968
50.01910572026389,20.5138912826333
54.20814848109142,16.45568642696188
52.47692341194863,20.75759245007477
50.81606172218049,21.07266165126961
51.46438480656834,17.14770018051405
49.96036767598842,20.02867091169444
50.4855047011658,16.44672228504339
52.14729840473285,19.31910052058443
52.88803242023515,14.84577486002248
52.78316761242223,20.19245069109602
53.23968665695566,21.91762238518658
52.73293668409308,14.53567218698993
54.08170321458065,16.59000302028182
52.78454300095822,17.81975249496782
52.44823086615165,21.64673552572027
52.94635921063539,21.37152111899804
54.19842071367553,19.6547115529094
53.68717972664179,14.69935376323301
53.24818595016535,19.37244420366261
53.58116574904494,16.75985610258198
53.91456603134099,16.66063122133065
51.36374740062701,21.46347169037553
51.39701420080385,18.4474980387613
51.08578384181969,18.47539808584175
49.51885343756147,22.10717236735123
52.10787117024162,19.91459688523328
51.80762001719044,15.99861051617662
53.1071400483313,21.47655568028667
52.65098553839029,18.09583353708405
53.36588618297242,15.44799924629153
50.29959144015151,20.24305826366038
51.47530480925151,16.13988050464048
50.5015529664881,20.64487752045386
50.90218404805671,20.31437354392388
54.29261683317429,17.37439079596673
53.70910539867518,22.90131026737325
51.53844842946852,22.09255485029852
50.5411228061425,22.17396158440178
52.45345384596013,16.517227906086
53.78317982910603,23.52237148661986
51.35854195121605,21.03598717180457
50.73984893201033,18.93826876573139
49.97865698982039,17.90491467711588
52.83851964572377,23.70712605464806
51.56199028766893,20.56770809385211
51.59295914771918,18.07279394246341
52.45971136315281,14.99140552557541
52.3455682592243,16.21682719366277
53.27969646962778,21.00739006034309
53.30106073253737,20.53757775689005
50.78931536187538,23.67015854094008
53.74419642343626,22.17175256639476
53.20757302481088,17.04796418677445
53.63159504917569,15.25156525014699
53.20465945862628,20.8714075095354
51.75857900768807,19.92471042824421
53.82811068469969,15.78324607594287
51.27233841946965,16.61922101573672
53.10667685919856,20.22544794280147
51.31824167719348,16.2666026966129
53.63303862235953,20.19709147257709
53.81418559050532,17.07607334412441
53.2587792088718,18.76074142287988
50.29315857835442,16.75262197530657
51.79476759021261,17.33633889700275
54.0569265987692,22.83080065974667
54.06524408449997,22.08173327073533
52.08237662833052,16.15317194094533
53.29693775766657,22.73001360377424
51.63412542767426,23.07008691762509
50.72052619334718,18.30029504171908
50.14411639786745,16.69268370131503
49.8196172443655,21.30098927307064
51.83371756235887,22.46466894924695
52.83221709501887,20.5307855236896
53.48970450498615,21.85504682869804
53.04903209311944,21.90521743510742
50.836861744625,15.71215222725858
50.58856497009941,23.19776639708225
51.74949860058077,18.72269160666604
52.0913636342571,22.94693800026966
50.63833723157324,22.46586844891862
54.29190001410838,20.2052775718321
52.4224627439394,15.7181193872535
52.83081385612982,16.7759813733185
51.74966879486374,20.08014215140823
52.74307635323603,17.08520231600262
51.23730550076032,18.54137712149454
53.08129206144434,21.40640862822585
53.53170829037421,23.56319976688953
50.23950497166602,20.75730713528712
51.93218403309488,22.99646284973969
52.74715817298179,21.77177196667934
50.24442460325208,17.91620324402809
51.2810215382649,17.33658157526717
52.84746541384131,20.98189078116605
51.87151295188208,17.63749654339585
52.35578412043213,23.21007469284776
52.78580702302982,15.11766145785715
51.73335646378802,20.72401943525643
53.05529541764261,23.03185860549216
52.099547709777,19.27612194584718
52.3722464887579,16.34992123038923
52.06831022447643,21.12059155025673
51.30704647823274,16.45446993867132
51.33350131779391,17.69477393465583
51.86738377826214,20.26078678768839
53.81242360616719,17.91991355031504
51.9755195268919,17.31217946460803
53.41733428706754,21.0416548415095
51.20220452300376,18.24276963100712
51.9148702357555,18.23512925823414
51.26298542077025,17.60762495053248
52.87089619720847,17.4336710728339
54.18622997148774,19.47364297643903
51.62662138895698,20.96012923683439
51.40004000569616,19.15201205541683
51.80274591636498,19.22478725993657
51.37964331007116,16.1576063805051
53.07677319966925,23.13767649407434
53.16526965383316,21.49935269125022
52.18373622519515,15.76985592396183
54.27416137759688,22.92924868550744
53.04521547454809,14.86092518155808
51.31124839247392,18.32638077911043
51.59828326366942,21.50490877065319
53.88237250772234,23.35853343837291
51.9069716162244,17.86504194768354
54.32389097102092,17.15623127193435
50.07183429280203,19.2364103505089
52.19079108730757,16.1606089116867
52.4373597154056,15.0681666974731
52.69274505176141,18.07246715281776
52.79336180744054,19.44698156107103
52.91015798853885,19.32676711850795
50.33840645288705,19.35103460951757
52.1171302223979,20.15784715291506
50.90515359655117,22.07832605795739
52.02422276507343,14.83921976966154
52.72759708458438,20.28126986123152
51.99599809999752,22.78996526707139
53.21975149989352,17.07589136961269
50.10418409923757,18.78242563226265
49.72592133810296,19.04925798821874
52.487584838569,17.30798255327857
52.20937548026749,17.56712276565333
52.61118078156334,21.39442113795169
52.95850728586316,23.34284955339046
50.89095571417874,22.50348010239705
51.68591731603229,15.90801707301877
52.71850960039909,18.35650671605397
52.04285149802022,21.58793940202859
51.63648324177895,22.02825597225111
52.58203040276036,17.51062429449377
52.49841849351751,17.4692723216896
52.20958807302802,21.55315844470488
50.64523681305704,17.20720339266156
52.45816817843777,18.19989511860146
50.77282850054524,23.34044538503485
52.76674935500576,15.97992239696534
50.93553603218659,23.75570047747223
52.38254218517906,22.3757403318478
52.81657533513206,21.5280027054325
51.75474395436071,23.33980670625427
52.84508465527406,18.33533345422135
53.02305848460578,22.41171957861527
52.42994766430247,21.45725388427404
52.88982015691138,19.0478003469454
50.82987961511751,21.53211908238304
50.346625721599,16.42756141957717
51.18858235762461,17.72838748353453
51.29201000893527,17.24646751498102
51.0525229356274,15.11595824406458
51.27844151234009,19.2835585632494
49.76313076821919,21.94426585587734
53.08910123586827,23.03784962441218
52.07587389013827,15.80115781130035
52.14003201983058,17.24014014623895
53.2161679664371,16.99873339320497
50.14921196355373,17.67750119113525
51.26088714513303,20.76396112628109
50.67372766665736,19.03473157049956
54.52166664088443,17.3076969741713
52.5926632361375,21.28398293493767
51.90771431318473,15.88200542657946
53.1757829517077,19.90692124266932
51.89404238379753,14.7709768123534
53.8778668142023,18.28799195857771
54.14957073111276,20.74926752701887
50.47121507229087,20.02187455868377
52.04839407576416,16.75328935728732
52.54531459338135,20.73560140343326
50.70442880105323,17.05237579920417
51.04686766596299,16.57957860749328
53.74023300735156,20.51632536235983
51.56159088364369,19.66049375221523
51.90391398707709,22.32610641584477
51.65166690254222,21.29857973297678
51.82594070007275,17.56273516611996
52.03289572358492,16.7669137831747
52.05801400791018,18.93119014592536
50.16324348357171,17.83961873900489
51.74807372560733,16.22208641082283
50.00997218889315,18.70764467026164
50.4543873210359,23.60488520488695
51.20828265443937,19.08512899443637
52.34308762997571,22.4569950810176
51.90792278461728,22.76962596525983
51.82233743568823,22.9846943572923
50.9024745282319,22.19392936980217
50.64467095384306,24.07841356020886
53.49779959641764,20.79803101930912
51.30991758233014,15.41514175086016
51.99021994958585,18.89438790243802
54.2558190280742,22.07392321860661
51.16528825446066,23.05364009421123
50.98990104967751,23.17867352794864
52.09358417263115,22.81328150589732
52.51551698739694,20.0272109649874
49.92600208985442,21.85708509453164
50.93401842555365,16.21733742497242
53.50855785532786,16.97720945458018
51.10336751183009,19.65906698006608
51.00039174727218,16.03978493077289
50.93313543658341,22.41661158077431
50.54310745519906,22.41507303988837
51.97356987703377,23.60057086108373
52.146609126516,17.03699367964497
52.20797101616726,18.25576600617795
51.95795438266507,23.1739502694245
52.25128928418331,19.22986930157685
52.73180562813542,18.86539532807728
52.84360983834778,20.15540480074842
53.67794660497617,15.60458743363442
52.59478004929692,22.82557823011054
53.39521538491972,19.47000773110564
52.9000561636876,17.01733944554103
53.8171707750106,16.14518157257216
52.464542080828,20.52421945448746
49.67079346760785,21.75270810336093
49.88860936536902,20.62385836967198
54.00478614989476,20.75755618629677
50.94742206010834,21.54698859890077
52.97834584017986,22.984291182698
51.75871832389639,18.22996257977515
53.16216684391705,17.37213598898276
51.76504482492005,20.38185851250028
53.16133102472959,17.77841793922307
53.58553303906266,15.7335999333179
52.02111463596202,16.40221124356679
51.75913049528042,20.07848421984735
52.96119332990562,14.80308226124111
53.68797543793286,14.79725853260217
49.80322209067239,21.00963104280687
49.86826483945494,18.95441383762375
50.54519826551425,19.88739978206215
53.65469052786219,14.67339301532618
52.27584113850324,16.15904651502999
52.7248307900672,15.56037287883559
50.98487839089432,16.47207257599538
51.32087758741689,23.13929886911439
52.31931077314987,15.49373801255791
52.99239339040341,16.00944444791728
54.18903362495332,17.43120463166146
53.07918353928017,20.17171154668429
53.40132726986823,21.91424486056167
49.7353905449877,19.40173384704881
50.1300342786086,23.16216356692768
52.07614528167972,21.13296566768777
49.5675216136042,20.87051027484905
51.05327429832726,23.89238613190284
51.73687490103131,18.50810872822592
52.18203720059064,15.2644357224817
52.00666192785266,19.76654803248015
52.32783069063917,20.96198456327992
52.71813545841648,16.1936113507581
53.07712738862604,19.03129694688159
51.69499324713991,15.03780874672867
52.66578040991219,18.28631937945159
49.8326125844904,19.23514733397433
53.73277332636118,19.32578574488438
50.86280941311171,20.63443308518458
51.34059644753933,21.74660062634023
52.04724643643044,20.78982812313562
52.35192647751052,17.9368007758102
52.42844122928753,15.36581365487017
53.88303553640464,18.70936785910055
50.49754512832376,19.65739048592308
53.03294623525061,20.47369845075162
54.22808422912208,20.46098403760463
53.39080478392722,21.96596807073786
51.43882613066465,17.63827482820368
52.43978532726145,19.07205773675952
50.65868255642643,18.87295626523483
53.95783000638745,22.93135499625849
51.39086016605478,22.24719310935787
53.60583940720458,23.14207720988697
50.84944023968669,16.35878867969302
52.80555090483484,19.0847939375134
53.39076909955271,20.98267937812157
51.94770637696371,21.89420085722154
50.74239642557551,22.8507173287939
53.80397278973064,19.69417765763031
53.85390284766583,14.70384490709581
51.58533961780113,18.68543136202322
51.93937271081501,23.54096398183669
50.29472035404547,20.71884906169512
51.17652987805228,15.47481166145026
53.75318908251179,23.18837181380385
52.02761214196713,18.09553996639479
50.52258594216508,18.58103331905758
53.32660466252194,21.88905727367743
50.43817726997741,20.09504070903538
50.99673639867763,15.83472901383401
52.11951074803543,15.03419209834009
52.04647491351607,17.57493640792714
50.57606371445978,22.26425588042595
51.21218873106199,20.1212702772588
50.38238480945648,23.54391564145948
52.60436109055108,20.41609867922732
52.32977377936606,17.78094000885398
49.81049626532936,20.53020545338655
51.64476194762384,17.59215997785942
52.16717718463608,23.45462062620541
51.877050323868,19.31236949464554
52.33098682263262,16.2400567873236
52.4886413325157,21.48535099430428
52.6148796474913,14.93318754428807
53.27176026626449,16.8490936618373
50.85321093238878,21.02268656265122
52.18602947651916,22.9734519572652
53.22550372367536,16.8874186577858
51.81434243967104,16.21313881511634
51.43407873271482,18.88780129397259
51.91060753538336,17.37542362268411
53.90080387333942,14.37048446491534
51.62874219547627,18.46206810518353
52.28783910601977,19.67229923241112
53.21392279783448,19.68616366535794
50.68759017938663,19.24362891603108
53.37808859284372,22.8964212382999
51.34450090590275,22.7287796233445
51.00512982201347,21.11081326750624
51.62957769546668,18.80839397693876
50.8713151198132,16.27372112101077
51.05325343380977,21.94874569232314
49.95533911609265,23.08026589958941
52.10651453345024,18.24288784637181
52.81154118352033,16.59117812004569
50.95152305271617,18.35183716963184
51.82014356376657,19.28801278695124
54.29472973291642,20.0653481577346
53.33489565819735,21.69827665989551
53.45511765430302,17.14266451921575
52.61521692615765,18.68527576017505
51.91996948928995,19.35611231580038
51.57992241197492,16.23348608937621
53.10204267912347,23.33690185035726
51.67313665151788,15.9258912490885
50.48344417367837,23.11026045420864
53.92017415270726,23.30244513096169
52.86785534131891,15.67204960082733
53.12491949279815,17.75706092603957
53.82712139081858,14.66330066489119
51.17657453055325,16.1549452344471
53.90472627889163,20.49439268251622
51.27690791630608,15.87812243913355
49.96892571327795,22.94664867761832
53.05803998133001,23.69138702315329
52.98339127447177,21.11363600282985
51.50324517018472,22.90373463774568
53.1549479245153,18.80674248988443
51.83309916215752,16.82006421697488
51.20742356169823,16.16313064315612
51.552191931637,17.30086140481519
51.81804973062743,21.35808019134387
52.50675657718212,18.48932956493663
51.94781342742939,15.75270658957615
53.54303332019816,20.59169734585049
51.66366702821824,22.64894619104998
51.47885374261849,19.27675500316475
50.79600775907329,18.11328719652289
52.3621258060417,16.29805846888143
53.80043493487164,18.23459506387209
51.00662471357813,17.99999587357679
52.60269369483996,18.04495914348452
52.67287098860164,20.94996068551924
51.58339327113962,15.45972275765894
53.20882003213013,22.54849366450114
52.03032218196473,20.86705063669881
51.33881186979718,20.83198616393896
51.49156315105396,22.26914237929023
52.30162280581967,20.81775342521314
52.06877242886912,17.6374152113097
53.26352992310148,17.49379169034884
51.70705548315665,15.49060540453828
51.4174123166333,17.57702663364961
50.43688555822467,21.56343141979916
54.25788845564315,18.81101507639354
52.53935315553505,18.28647781215519
53.80224439224535,16.7868874531429
52.25206395718328,18.93748254326318
53.20662023408356,20.61267022720516
52.035129620138,17.65139120469837
54.16904524725569,19.13430724939727
54.09639882306109,16.60658519498886
51.09971119687777,22.96687505024563
52.34027975351025,22.34922345297745
51.00516401351658,21.40166296181756
51.18595707581499,23.06538974709684
50.15475073417305,20.12469633755373
52.68080764476548,22.41524176765309
52.42177322372988,20.94995780972851
52.46565584857127,17.72109747069285
50.40252715413847,16.46770501005075
50.81856405761102,15.77082847943575
52.98938200958612,17.57907303167352
52.67961261810753,19.03280181076956
51.08958471423531,19.10149721100899
51.96851261974727,17.62261036353286
54.27781462613137,20.00377478001965
52.37511267931389,20.94406050839359
51.53377881672922,21.02749153380627
51.59666150476895,18.5024880091471
53.50860422977708,17.44146776321827
49.40473824434914,22.50959069745368
51.15223418346002,23.59406944403736
51.17957235326764,18.11823306652281
49.56531987383845,21.09539267524723
53.08108647122075,22.62364782381026
52.94047972682822,19.82321969719176
51.34984181970954,16.62290485056455
52.74668475999619,20.91836162127986
53.07136339296787,21.75306768930134
51.24915788936357,16.45112205901998
51.97644835251948,17.09337911043858
53.62227145582557,19.1290525227068
51.45398701292146,21.72057079364039
51.66039662613599,22.51802791714645
51.91338032246616,22.22412606682276
51.8438155577558,20.09600736399504
51.04602866193698,20.49020528230701
53.34546015853649,16.20660535675172
49.81088878648733,20.31849711159936
52.4210720392341,17.47339270065561
51.0837176594796,15.84936878823037
51.96124623966436,15.95954095594272
52.84847025021964,16.59776050867416
50.67594816374964,20.91412294178496
49.81367337476245,22.33566090309721
53.00837432781131,17.39741247775256
50.36339695454126,22.73237628850587
51.13162532888266,22.99625441940367
53.69410015880983,16.46138371821991
52.71651980487496,17.7180632970007
52.03282510654402,17.32990339129113
52.43860678387655,17.79317360732124
52.62774491962169,20.89988922989798
52.90718657571746,23.77483311886753
51.30208163204753,20.10835691201245
50.79973622742335,23.2484670421342
52.9367891168794,21.07101542894895
53.34999465019025,19.94705540486627
52.44559669964087,20.8222557622764
52.90582684007742,17.04862284709353
50.1872437664746,23.16154834237575
53.17031870519774,16.30191440369352
52.28540735609183,14.87078000999074
52.5917205404836,16.12164069311673
50.90274601996958,16.63753757047811
52.4840952488527,21.28036286880466
50.10299989568578,19.80359594191981
52.85832984978065,18.42918920407268
52.97395630973778,14.97384354703756
52.52485060509141,20.9694155406307
50.76430043607388,19.9169514158782
51.82224667273905,22.28351747455456
53.50796280840586,18.6426849364126
52.21474135154914,15.77967858167637
53.33645348766933,21.67050790228513
52.39868043311474,18.17557443788042
52.07862965853635,19.91168003682088
51.23307290240868,17.16141477966262
52.51057590526688,16.05494553023447
52.28556168122353,18.25999351339272
52.42158111428236,14.7567953483515
53.28338749352734,21.73498781232007
54.29958339226209,16.68129088249696
50.63881222274942,21.91493164090774
52.46459507620441,16.33770971243187
53.57622917344332,14.73026261320009
51.78853583287562,21.2931726043193
51.26247376446963,18.25970418113652
53.09404440006786,23.47020163673357
53.34844572802678,16.78934107186341
51.45524174296101,21.84421598600257
50.13339409658965,23.14954152730965
51.62064901130146,16.06704934399725
52.46961612504801,19.91138716070309
50.51698616609503,20.32990505571346
52.96692129820156,23.84281190589219
53.20292514731963,19.54647523805759
51.94284650549876,22.41841467228372
50.71809821362181,23.00588413895818
53.15769523331802,22.63472190288959
50.95283296251154,23.76646382108463
50.48659767296803,22.14264747516049
51.77122082331267,18.73482089051965
54.34233077556041,22.68047711210121
50.94285177098678,15.61064144145132
51.26104505384745,23.67201277183589
50.82075622650591,17.76632176200443
49.94685789311109,22.47108494598963
52.1085271710611,18.92977727313046
54.00956495225796,19.370908027374
51.17018596689096,15.28487235006215
54.34887653759303,20.96716968702475
51.79965140561593,16.48017719278608
53.80901425291089,19.44008912082467
52.88095441617141,16.47674581036705
51.14987247917742,17.85457909967731
51.63307190454529,17.90312562641008
52.99651290918121,17.792459631869
49.99167847776643,20.35440196005515
52.90526639582414,18.04972552221382
51.51524986746131,22.16364552504607
50.29388846413771,18.13730605976525
52.4905877260323,19.8874036303704
52.91944254669092,22.76498253830888
51.62993785298279,19.70560327732022
53.4223183568624,14.37508222601224
50.9804481320923,17.85934722666157
52.16676369705522,18.96296190240602
50.94683144565212,23.21692682302245
52.97284727499719,23.7979264981761
51.14383615733778,21.56936865299805
53.61784562075854,18.2413051782881
53.65398132768004,15.2420104929558
50.90147565987642,22.864116557827
51.94936493179621,20.77807263392184
52.4242779011963,19.0703092967826
51.12743506588225,21.79280223386199
52.92752186199283,20.13539806511003
52.08829186977218,23.39064990554165
50.79857157382743,16.64739049561488
51.84420433923289,22.48809780441791
52.15260852490348,17.66966148282079
50.40105748127097,22.31657305418388
51.81517773930652,19.76705868842681
52.29210260732323,20.98904322404313
52.90479182220776,17.41139042870798
53.63140275917131,15.93810868338725
51.1210912740836,16.77277302103511
51.33630033628376,17.14734653099161
51.60176580064082,19.91284986144953
50.00315944550332,20.64677506392367
50.07207751056536,20.95447336081522
51.94705670617158,20.91179735951118
52.16428734140985,18.81879533835879
50.39850906648034,21.69803241530293
49.91036141229633,22.02157889446475
53.85704797235412,15.73273925708488
53.97432582132775,17.934032647637
50.26336593927297,20.18711400110613
51.8617959253281,14.69369970353309
52.79841808004235,19.32278022403553
53.65872193372989,19.19687096786909
53.18502498053056,17.48689032953021
52.62542163297552,14.89019682995315
52.67797282689169,16.79274600784942
52.30502873445655,23.06178318706618
50.33966423065923,16.63609656854484
50.47408654569941,23.77018595572283
50.94038637893075,22.37249837836529
50.57529800418175,19.339207747721
53.23863225931731,18.57449918344279
53.41901538943169,22.28982413498766
52.83068020764566,22.55650735922389
51.85732340341411,21.91593985072758
50.97899331485888,14.95861638656502
51.33271507812668,19.56094956699341
53.69700867408272,22.61175407467216
53.86709310300228,21.69300972247204
51.07877735927061,19.48821448462116
50.62091167316813,22.01336817536371
53.04040292871412,18.82028987732465
52.72150793987436,15.1678006552953
51.54005598242581,16.87590716660346
53.82213516746054,19.03912502203008
52.13559560480196,17.82809230906586
53.07841956146935,19.39325425036155
53.65667159706211,15.83956010021237
51.19741629487623,22.80443902165826
53.23952847730634,17.18576022457289
49.56614834604973,19.98862993532615
52.96738624090933,17.09456724414557
50.5035962588033,21.20485860817057
51.13633181335413,20.36294372537992
52.06411319222157,21.46424791613794
53.12290524581718,17.67808788159971
53.15208177759791,21.86338145747705
52.70994037327015,20.48160554780244
52.35319849273789,15.60376506099936
50.91481542049615,16.91770414204844
52.04421138903533,18.52296578101094
52.3891915377809,16.59914306309823
50.90387766289491,21.56642143825158
53.84032870242591,14.95560676631814
52.18726083192654,16.5150598153304
51.98091476747758,14.89082927419067
52.54909647446775,19.24783479461546
52.31833245682967,22.346731651915
51.42788157277607,17.95133293930852
51.11234043695897,16.18161637621409
49.51801082139989,22.45257305652192
50.59486190726678,17.51500150836835
53.88967150642103,18.02288676368882
50.67433136650358,21.97349792023846
53.45808040311908,23.21938932287757
53.35099130971567,22.984489534267
52.27440223627644,15.73180478369421
52.16305200447183,16.4550238606959
53.1190946684973,20.50694471945943
50.41813710572308,23.18665310832074
53.54087553141643,19.95927076933098
53.09006686113526,19.55751281688324
51.90051200299927,17.77937053581938
52.0383322499132,19.43291983009127
51.90491629421098,17.42938296089294
54.07262254843658,19.85255944415979
52.80824110664821,19.89897491463778
51.98227681483195,20.44408559252235
50.41626467416386,17.39799101946171
51.73527422060262,19.81060132991763
51.33610767635214,18.61090084590634
50.31096637326863,23.3829356321741
52.35761350494987,16.24789642587325
52.87923399736166,22.81150965115071
51.8375258968406,19.88751812854078
50.84607954070874,15.65303704694543
53.62897152106093,14.53555551087418
52.12603064115153,18.85946185143198
52.23233862427943,20.28736272500597
51.03625164150629,23.89704977848476
51.68851533548416,22.18446425887637
53.75038819987947,22.26938839847884
50.87023282861576,20.58309649304261
51.65374735129527,18.31623263681539
50.09995034865073,20.59632461311222
53.5095729178506,23.17719313470487
49.60423600390756,19.67005950704205
50.92981602966311,18.10530659306971
53.01997149375421,15.70282592191757
50.42267228129379,18.60125349766936
52.77619486171932,16.62314040319347
53.60837182952014,23.27148536947906
53.32778842388154,22.2241865361797
50.58104831663221,20.11088434583589
50.41675204003568,22.77158675898634
52.30687174770798,16.16573010063436
53.54830124287304,16.88643418106611
51.0074631311241,14.94631039701831
50.70992855477635,22.83871200999065
51.97166989418466,22.64333398620885
52.6829821949329,16.07062686020611
50.39298933344615,20.98313257634792
54.18484629254639,16.85701474715517
52.89122282433525,18.09904923183312
53.66324277840837,22.33186046789547
50.15950986448812,20.89638385349863
52.54689704965836,16.34710990247683
53.7175701956266,15.87935634431325
51.3742401972027,19.90119378016623
52.0733502492281,14.95565717678792
50.14428266066324,19.82986707583314
52.63246961199157,19.73303439294699
52.61030063517823,23.14034673062316
54.3051042791096,16.35769268349621
51.27239788345165,15.5167799585861
51.37652881901632,16.97540522911872
53.3125713146688,16.99531767604117
53.49458053772569,21.73023052237304
50.9613879176767,18.30223679059017
54.02265373835669,16.52729194704363
52.14573658016278,17.01570962788457
52.0536744611289,18.29664256740098
50.19328877743627,22.26392046567165
51.82556339979578,23.54675913570411
53.09889339615621,17.00627973046892
52.4071094269347,14.55365414902928
53.29295537670276,16.74709744581989
53.89321337544748,17.7211201433218
51.87039329259807,19.49139795574227
52.9149223288705,15.34962263679412
53.60434055842384,21.72845825118686
52.41808861824675,20.81323523187377
54.12506029694032,22.37311247885435
53.04228516128045,21.0565408231876
52.19823731664488,23.13081738981203
53.4112994589204,15.1763744095819
52.66164744144273,16.87496151814457
51.07973280453696,16.73753859597738
49.94071641368813,19.0953677489025
50.71843144234067,21.20390117001811
52.14478811977015,21.28193970995557
51.70401876010438,21.60476547976487
50.79252589279282,22.21674532935613
53.31842569890369,15.05881922068651
52.88955336980184,16.80308563881204
52.88868492462552,14.40535071151373
54.10823528279385,23.2484494388024
52.29767535668308,18.92809672117695
49.68357526486924,19.68339633557085
51.42365883886198,20.36204043078634
53.15061155682715,14.50480922340764
53.52886079767806,15.83006260770312
52.42320456444575,17.11501320094029
53.16920307138041,20.30046991020181
51.12084728020381,15.30541724990027
50.98310822187376,18.07135582761329
54.14117571005951,21.12673906099355
50.70495319928095,16.78053311450433
53.49355180967351,23.56001109172486
50.1168287376975,22.08276132513132
50.55564860037209,22.83776940709433
51.06561987172674,22.67355301536757
51.41583938680865,19.7275968800333
50.60532644342973,18.83754958594863
53.60146963983966,22.50108636204497
53.37837009269138,20.36142091173939
53.661552431415,22.54276479161622
52.20361057885795,20.54015320998704
52.02831137293399,17.46217073605812
51.65797318580611,23.43594786008279
53.53586607180219,17.80519221976518
51.78177067553439,16.15998815977042
52.62426270261504,22.19722043636148
51.32082443231206,17.37959053679207
52.98750737703789,20.37122538059261
51.03326447118836,17.93436367684717
52.19156134868548,23.05009057989649
51.66321296334059,16.96345594784569
52.11070376484774,17.22216104028328
50.67363519967631,22.04721569930133
51.18679904422662,18.73418843861876
52.83498608824367,16.68917650206048
51.13064129804096,23.82050325786614
52.63457489800788,15.60976909712444
51.38144608219253,15.60101074797811
51.76234619027439,19.05152681269453
52.04825532103041,17.02408492276511
50.39457406367625,16.38668639287833
51.71947340898552,22.91971256350884
51.89570930732513,16.36812855617413
53.69527162676594,22.86805805368536
52.58096937921647,16.52136021846052
52.89546685370109,20.20529929692096
52.90949405352387,14.59871715071629
51.74493591990993,17.17990276753121
52.66845121632424,16.47263082491148
51.87201547517461,17.22291550852038
51.08195459044295,16.25227036844439
52.57221784763393,23.24282300281613
50.44197892978169,21.07738714484157
51.12763073048701,16.15880289132494
51.04494079186579,23.66570894085327
52.36200612037783,17.3751049323804
51.21184547449845,16.80446426934309
50.9428801762352,20.90118712606305
50.54617981309785,20.18108302631936
51.32334326134244,22.40971330917955
52.45673135109399,21.51725231189909
51.95667924506931,18.9201288988349
51.95163673345147,18.84429523977883
52.81208758887276,23.25431578941102
49.95652153477092,22.17922415369648
52.15519785330834,16.20311567579807
50.49014193480075,16.65010004696058
54.29334695611464,18.83686303878629
52.43600770911602,18.27373543138042
52.38012337547868,15.69978135323014
52.15535001410573,20.51623210085108
52.82747547523605,23.8000688085557
52.71312185933445,23.60879557748268
54.09206803163558,20.22819238333437
50.38619014860804,21.38358757345634
53.93434567978669,21.56913181725751
51.77354756687073,20.18157220402903
52.44024391047247,18.61920075600102
50.60230363184593,19.74731368606979
52.89852807050459,22.70791968975339
53.07500197891915,17.31040257634365
50.19035008031997,20.74385790320273
51.77441597695177,19.29533259393045
51.47370653442683,17.94551540912245
52.79382344325541,15.83527504776291
50.94139947327447,21.94531080884695
50.36140493441295,23.50753144666626
51.17377995918518,23.27202885142055
51.75191557433568,15.53587928181655
51.27973475146034,23.09977421552568
51.43043107109399,19.74544993089853
51.00398391940537,20.84830504346182
53.77066002683004,14.86332458343134
52.19513064920214,22.90525248767561
50.11750363886686,18.04348617358672
52.19116014197495,16.75427442378471
51.4840193155125,17.02731875639051
54.2206901320604,16.40301655555997
52.94385815801102,14.95452122187917
51.66242046149525,19.8055424353606
52.60684158701264,22.08815321527209
50.76631304678961,17.34276527432167
50.85550315442015,15.60406022375533
51.26854794567258,23.65038577060018
53.53648591193863,22.00915216719207
53.55887456523033,21.10766378481006
53.45865725261963,18.68778738103698
50.87419935048605,18.64502416856899
54.36098822357967,17.02205195715086
49.87473472648256,22.83775613500707
53.2417638650629,20.96312137394784
52.77912357558934,21.57356460488608
52.25081102701598,18.46008049944736
50.38892724777301,22.15395764759413
51.40969785277915,16.23392301906561
51.39410353977988,21.68998944091043
53.65765909440817,19.73852549950603
51.01193334655277,21.35519261484384
52.89036828868046,22.83447423124415
52.84399160377527,22.71345283113915
50.79998206892055,18.72171336026816
50.49858926654327,24.01446339094339
51.69636347980995,21.55617519049114
50.58838896964806,18.8109368959558
51.1836566474148,22.72332892944917
50.21656353212364,21.97474591423939
53.71807851280119,20.06789299010259
52.83769938289223,21.08191374429359
51.1375775607945,15.97668104116484
50.99735875243034,16.5039883290044
52.21730975236406,15.70731764375489
53.4472070132886,23.4829217085668
53.85679344065711,21.94284007776566
51.39184225116404,18.4193893568899
52.19865320371316,18.16285670899385
51.04023248212697,15.46498456713877
50.41915934355117,17.06070030094415
53.02859817463062,21.44789094223429
52.65790408430637,23.06605051937633
52.48945987923575,21.70315981223423
51.44790493873727,18.70671463123475
52.95152851083864,16.59382460701434
50.46935621148154,20.71443044396732
53.14104084932877,15.34881007501032
50.03277622821906,22.31844467247601
53.84127819463644,22.29792288293888
50.17475725754296,18.92699347996818
53.11987128706538,16.6855980350029
51.68340218438787,17.90238527658364
53.27937787813449,18.52294229357863
52.76926884991801,23.20855782744623
51.22558719404101,18.08635396422959
53.91257350605211,22.31514469452722
52.5036019595148,20.5545242730944
50.99851048382587,16.28470054203185
50.38088194328504,18.25067408078488
51.67960472391734,19.0145779585515
51.4393847632037,20.15438718395458
53.08361441660032,15.55213003391395
51.80188021594847,22.00820440171653
52.61299066878225,18.42031280285399
51.94792303360459,21.38744213360683
52.97729983793835,17.00516643053376
52.18671414201854,22.92565325297422
52.7936297892817,19.87202797531747
50.93213497412403,19.27473206414543
50.61776081285619,18.18239694153185
52.39546145948039,17.19442154182126
52.92429197711556,19.02119284840083
51.84655125849368,15.46786660907111
51.39158628982153,21.60408123491379
51.44266921362428,21.72620457664721
52.77184894021045,19.25654194773529
51.19012094298519,22.03348539513203
51.49007541149923,19.77869105550677
52.81070848427178,20.39028691311356
50.55596787383639,20.34879074570587
52.68826722911238,21.42048547603822
53.16233750015064,16.73476722951811
52.57375691012776,15.61493185334195
52.5835510192131,22.71453002715023
53.65068002540206,17.30374251459255
51.71862515741739,18.92463958974904
53.20824073814209,19.14094501772569
52.90161350162285,22.86155291664728
49.75785999092968,19.69565863959781
51.44735683574692,18.40965176685653
51.45439968390985,17.96679027672905
52.34761031931192,17.06144158164994
50.44504485126762,20.59897347285643
50.63719593603314,22.26815797764177
52.37876061939626,19.78943885629353
53.71490587087454,17.13349216733802
52.23879032513874,20.1823978529468
51.89885760185283,18.07410578266533
52.80869703369044,21.23484610789899
52.03122926976158,16.61266434357752
53.2920820648481,18.34607439460958
52.13932306273087,22.25599238167769
53.66930938032791,16.2933183890942
53.44665651079963,22.80001949495646
53.30013386057773,20.44213705083289
50.19376357207607,18.51592988333835
53.01720276969532,15.48922116466299
52.5612240881949,20.49992470540142
50.99407695092167,17.83272062759224
52.05099780328047,22.25689398442439
50.1578860802772,21.38078426742948
52.16683257743189,15.90040686781176
51.78140933369161,18.20590405420253
52.71506037183941,18.97021305922322
53.13110765410724,15.15035320325738
52.27470254104642,16.28888816641946
52.90450835802554,18.35165292716911
51.63569536167221,17.08231867227533
52.12388510149765,20.65403727543775
54.33277648108262,17.83374424756893
52.90716806075701,16.2373025558611
50.65457241432917,19.01088299054179
52.20638528219016,20.40817074572816
52.08847501005795,20.19337582141841
50.05028737105687,21.13646345083595
52.50612177673002,17.08167660059509
52.50273602813099,19.99848736338703
52.17411564527738,15.79387719876632
50.58159384050391,19.41927670713559
54.2523711368184,16.04497805226283
52.1898333435892,21.97772313711017
53.62848672327823,18.64246965378764
52.90416945715216,14.96737140013038
53.17340408460999,16.76258075061919
52.99933279387453,21.91148258846547
51.09143247744879,20.89479931674081
52.24218675284117,20.45293024985484
53.09087616087999,18.37966585161967
50.13735265329287,20.1745720437737
53.53806377576588,14.31783432569491
51.96989620506003,18.52355814030029
50.44013537597323,18.14805761688335
52.45875715939603,20.70947332501335
50.1912782853743,22.2063526304179
50.8095507742725,22.79950444479675
54.24323720553297,21.43705035063258
52.5594719121647,18.95274265225883
52.32368498229531,16.15050219453071
51.82987252734903,22.58384711808309
52.8229046936584,19.40322825130141
52.95853656725339,22.86727396479334
53.84718134246395,19.08574956249016
51.09205544337107,19.89409367690067
53.1108158309338,23.63226386574526
51.09107747574058,17.65573721201975
50.55999241881249,19.47402726997024
50.38870522947398,21.9991390843484
51.3532067005819,20.45942515112265
52.17800312665366,22.41743821499968
50.94759511687516,19.60279437452168
50.28922623875269,16.67488864118414
51.75104142753965,19.29995086064568
50.4667291893991,21.75157979284499
53.49643412423541,17.23686852452496
52.74006245333319,22.85846795969438
50.44963542076307,17.5936503104812
51.45464366860863,19.69084321356539
52.94794859459786,18.86609501348389
51.65521468676771,22.86805303515763
50.95137362201601,22.27632339708294
52.79421624168757,16.59603944523476
52.19879048295714,19.68187444385998
52.84155484028766,16.4456846370558
52.57436014374959,17.33892330496309
52.43391949156929,19.17684461868306
53.93980706735488,21.78842336937816
51.53933791086336,16.11185337565209
52.30764875712241,23.14490597325821
52.57476943086503,16.00658217067507
50.59744289300228,17.73161580607466
52.52947765938193,18.25625935287988
50.75203864841698,20.09266819848727
50.7709812478144,17.83580255263013
52.58413317504014,19.65215734786551
52.34183151536232,18.78819226046993
50.37514732567723,19.75956896648821
51.05277075921663,17.21163566295713
51.77047026153283,18.30447393426357
51.15342078935709,20.18345799512506
53.65362955493854,16.67235472451985
53.73140897408297,20.08323573048924
50.98187435691369,22.74708653342157
53.4845379622573,18.8741704768221
51.26253767814655,19.02979036101869
53.90396040543745,22.07649314415458
51.19204076544325,22.94485863101045
50.00829360296936,17.92800673374359
53.44673603086216,15.36973346449956
53.12973652795961,18.05383429227325
49.69645416731245,21.78496849764191
52.83792696552219,23.60895413650548
51.45516333091112,16.639275938026
52.99082179976994,15.00284435314565
49.87903585643859,18.72870861111159
52.0082168342831,22.4703744172224
53.35203262147137,21.7446943719921
50.86440124290074,23.86364534705506
51.38409827079023,17.48352982900828
51.72759689987248,21.02158168660811
52.46436036876123,22.66945935870697
52.54433417528629,19.47687638822855
51.85335560478271,20.37202145522934
52.66233998165622,19.87427142042129
53.55864524623628,19.08759828988224
51.68477747946974,18.35527710792627
50.78529229169109,18.07997991552194
53.14129472989125,15.50529946919048
51.11985937338376,15.78279771353096
52.54668469377273,20.93953654538747
53.37680295635956,18.53018465789496
50.86177958840595,18.26672025100043
53.2931357632006,15.50396141044882
51.38937899490242,19.4548018688174
53.69847457902561,18.56305084068401
52.10415631126924,18.80834730648743
51.49756557602171,18.91606528707296
54.05519510111419,20.26243582189371
53.86424203796252,21.13989822505069
51.25472504866798,16.02191301604888
53.16729751137243,23.29483531243118
49.86483866817417,22.05461337466325
50.81369792771358,18.01565714552595
52.27424258393434,20.12085964265583
53.56338667056038,22.99964323299579
53.24337817074317,20.54906836468707
50.42517599463427,19.93022971002455
51.90644358024285,14.71781243869046
53.43593746211478,19.60567676385661
53.35702323923085,23.70542899950691
53.60256684811687,21.58311397466632
52.07805319037158,19.95831015755388
50.9549000760433,19.73160441903708
51.33609113492066,18.95329706442589
52.98660762023368,17.15166396450352
52.35629458155272,20.17429084087458
51.07156214802552,21.6495571166312
52.33064134606472,16.09966927514242
51.42159790353051,20.675735218247
52.72757394266409,19.98010754275386
50.65463608578604,20.0029904021041
53.46858716176859,18.97815366044627
50.82302793320069,23.75407879855593
51.54081176758945,18.55828824023262
51.85459530609786,15.71620393757031
50.76163135164227,19.69240354426519
52.90877607656022,22.3876910779035
52.06887453883572,18.96340350425838
50.93428482240396,16.49430945732779
52.40925428725816,14.71330492896511
49.96130154483169,19.55103484790481
53.0807382750798,15.00398782350247
51.39469371846132,16.3958864622881
52.93775064599771,15.37842024443892
51.70250000644828,17.12979855075355
51.14089325353841,18.21252381386715
49.88071494041616,19.63733462162194
52.62936727579604,19.17414262986766
51.85031931922765,19.51196306157755
50.17587081105018,22.81320077659754
52.47972385847739,16.50070691285999
51.91799154095591,19.78106062604356
52.27073881131408,14.74396096609169
50.76995800320912,21.10539364369957
52.96713021141968,23.47006531195331
51.12920910772149,16.50505054055558
51.58482482146926,22.76145994077806
52.77908381344675,17.95660263031888
50.88414857557667,22.89481883419657
52.94895732034219,14.84013452515484
51.48289440029166,21.37860976692609
51.91945048177568,18.31247819516153
50.90439972756436,21.50092456231146
51.1733140575073,23.27812929857219
50.49780436732975,16.60691446182058
50.38013745028957,16.7935948674425
51.7243569169862,21.58408204459558
53.96778676114118,17.47394109987006
52.63007444982937,22.4688688106927
53.33033166929682,17.79742769142106
53.49072629739277,17.97035974106669
53.80822008779461,21.58849913960534
52.64881891830101,20.24247385761634
52.42808222754115,22.57014379044881
51.2475001877278,20.16808261290416
54.11675749873682,20.48686554514602
51.36041120500763,19.23191487634196
51.07301157459021,19.91230372882719
54.71427769075972,17.5889627598137
53.69864479552903,18.3017186001802
50.40244271895685,19.39485939369453
52.78334715033531,18.93840981254769
50.59475746053158,17.08402685466889
52.77164508855376,14.89303314503099
51.39678927748793,15.27251932411018
53.3994318708459,17.17818615639055
53.73801942157566,23.44106672476882
54.00176771009405,18.39248617222712
50.46702312515993,18.34215770587716
53.13335375865782,16.26758802828714
53.13289082721053,21.62095799671676
52.33692679111343,20.74977723813901
53.21909010275579,16.055503370616
53.02238905301131,21.98612435301853
50.26717064069192,20.52906420334594
53.09085636671525,22.13082060587411
50.36496939815112,17.30475014014143
51.40030925995134,17.80869820926701
53.00253288282484,21.01506591701169
51.67581333004283,20.39138337178892
51.67128145585846,17.59718444635126
51.59851692987664,14.81422480299911
50.54392597472685,22.5470766503232
50.91284819570161,15.60564357870034
50.79794194775085,22.16062878750301
53.18645236062325,15.86893751661316
50.81686487268693,19.90320990300202
53.04640296410344,20.92431848948917
51.49768922405895,15.62470080675407
53.12622805348844,15.25501976476264
53.57987299906998,21.98799108050575
54.29665807722255,19.88017501826066
50.53186920679403,16.74445975552507
50.83128084636581,16.59113944137295
53.71754916485724,21.20065950831334
52.01459856958547,19.972101695611
52.99960929980931,16.40408912972415
53.15008554387421,19.71515614830856
49.94319929738183,22.22876315107742
51.43920124881516,21.24808970975818
53.01641016362063,20.90931914205513
51.00360229811759,21.4343998163927
52.57245120269598,22.62962498982852
52.48874362805987,23.15543930845908
49.85814349500641,20.51125286417793
52.12519137092124,15.13561963132561
49.93691070415856,20.33060667726399
49.54929534445676,22.61557899205936
53.20912025481984,21.29433856253233
51.47502471175051,22.60581112379211
52.91965887753416,18.37541071340524
51.7175419830812,18.74745061884091
52.34976281607577,17.33042807928497
52.60444934417931,16.76826890342607
50.63573670995902,16.83411362271074
50.68902486263822,22.08076390801178
51.40184319391319,14.97881255321254
51.45972470161504,18.18102707170791
53.46297444519716,21.47917364894766
52.1243003236907,22.21269125295621
53.37123404796956,20.26180586797086
52.31777305211028,16.20141771923709
50.9781255650222,20.01691027442782
51.69306938727884,19.55512591184361
50.96574788260526,15.67431800640681
51.5749366259911,15.03194830518634
50.77249227917447,22.56864689600133
53.93110565647207,20.55344738849827
52.64963055483171,19.41936729078764
52.27963048038789,22.08558266039133
53.86243022232423,19.7906657591165
51.52832105354108,15.06119228738024
49.92206764720971,22.33059402186023
49.80941554895129,21.21965110810936
50.7336098382258,18.51379721792302
53.22628606814563,18.95326797085481
51.00751838555578,23.70750169491377
52.05283196148443,19.7606063862368
51.86550186650948,20.23410601646795
50.03330511122342,21.2327484705043
52.35449347290458,20.98813637645727
54.16802510315222,22.4071503490402
51.08001285334548,18.18712835888749
50.9526066569717,23.76636048367508
51.61789802609279,21.00941611835623
51.75278919939982,20.27305365266987
52.68714328690408,18.04861012523469
52.83583220346856,14.66972476263914
51.9550611029555,16.33750628630638
50.14797230603064,20.73307915278082
49.7094205586431,21.86866442874304
52.5379714258292,18.41459718099637
51.6110961552415,18.26330455011103
51.35178180081375,22.89403753827897
53.18472504201865,19.29741358227122
52.15091259929863,17.64759555234038
51.30322954426182,18.85971629449149
52.37281229901192,20.74061342409557
49.67506197692341,19.59967262067098
54.32131480551052,19.90188180239562
52.60207800678098,14.6906389226669
50.67272145320105,16.93039014724984
52.98341689135091,14.36568430307707
54.07233097339963,16.85907580446298
52.7985450510021,23.57237192938106
49.89742733310334,21.61166593884964
52.6481185593702,18.22769000450812
52.73524804365752,23.14748929067428
53.76668318046131,15.23873978526961
52.60417741145623,15.12034455344635
53.24450880195973,19.8451218982133
50.23452656091533,18.2791479581178
53.11516031585889,21.72579728674372
54.14813392735719,23.35792429277862
51.7012677089591,18.11898920473725
53.00183046402937,16.08813583282686
53.57534272909654,20.24538724385792
51.29048388171285,19.92778964528341
54.01841948787217,19.24432856947801
50.49946935895486,17.50421414674903
52.33262624333028,15.0133666082526
52.80023249671988,18.69758010513575
51.25953071729879,18.94928210274378
53.13830670862713,18.43253519952526
50.28793734699558,20.63680581336139
53.78586330221206,22.46883611753299
50.9245337449645,19.88503996506667
49.61531790539466,19.40875114978773
52.10349983256712,22.2819804738966
52.71266949327618,20.21631007450324
50.72953831501042,18.6464940797806
51.0370062705509,15.56143740972932
51.91977911134504,21.05351778644348
50.08746610292049,23.00423052038172
51.46413146036246,20.21424670452158
51.40987495718279,19.1005261066035
52.53469787236798,14.93462566632229
51.86340410411758,17.60435470407557
52.64492317719073,16.06856059052201
51.61753832447842,18.21686669351174
51.61676910636061,16.32732499286708
53.03620181367592,17.63169637601719
54.26576157023688,18.67196999676271
50.69996817032236,18.15753294260444
52.86527752507442,19.49798036857086
51.57503582148829,18.92077126107391
54.18481308497645,18.23119377968812
53.92315213887883,18.488907475987
50.62155040918176,18.05523413299859
51.51218996306054,23.54058133509451
52.87097557421765,14.21477685560694
53.38555639533942,18.18939418765457
51.67290220754003,21.09912556982846
50.47513623366945,21.00768393009717
53.13669930660497,22.35530168770434
53.80645790642041,18.54242131024797
51.05950483754287,16.05991569378858
51.23342379270096,18.89473874461919
53.83752051031274,21.10238014021871
52.87637355839056,20.78399617418101
52.2997556140128,18.0299862284232
52.56738745976642,21.70015575430294
51.78970889391877,18.50431784399336
53.0780183285824,16.21915333723251
53.03732880078238,15.33163425566667
51.5130616780319,17.64574800135707
52.50888631628151,20.6422228751444
53.43446006357183,18.70388523515257
51.84106244350294,15.65024637396443
50.43949981390923,20.006405813928
50.15909763575299,21.03003678117444
52.81278649743875,19.85326194872413
53.41504737083504,22.19061246281077
50.10935234744959,20.33031163762422
51.84033778721174,18.36697035208983
52.34928749273675,21.20054955785265
52.0294597115594,18.92335918142337
52.43797690103549,19.1181950955662
52.42369530584828,16.06746645124731
52.79605919505986,21.89448093944366
53.94798424196239,22.42524070681413
53.30097174108329,20.8635606960443
51.40023744524148,20.80270322308938
51.22943167881044,19.63187793664639
53.8958708529333,22.49990219432785
52.74680264597838,21.86045705794074
50.23598683140688,20.32544886731849
51.54298340760034,15.1691899243965
50.92514324167796,22.37079502812984
53.02240609210785,22.32164122504495
51.7451295973592,15.60547683245223
52.59829185124015,21.23608355485472
52.76398934769472,17.2839837502728
51.53102138320987,15.94912577715647
53.71292642921749,22.21972238632445
51.57849294721133,15.55173126714798
51.83742727858407,15.77815226055467
52.99173607133098,19.88323076817337
52.87699230059717,21.75794480400073
51.88399393703028,22.95126538548777
52.54848089951772,21.63016176532053
52.39379976403961,22.82525244123297
52.83855372011363,20.12942710787633
52.33968026262389,15.17415792950451
53.66073814580341,19.66507798876643
53.17520944235498,22.19124387955089
52.07364907737284,20.76964912125035
50.24925369312135,22.8605796539099
52.91506310772849,22.04054256579849
51.51400395404726,19.44470742978937
50.72856080585638,16.06499740584059
52.7805990316164,16.83241347766049
52.94106957774156,23.35945754782942
50.86610057412941,21.02180040007802
52.34148123601415,18.92515604988484
52.78491578761512,19.38615927962748
49.94956591144685,23.08017579097602
49.74731153026487,18.70563415794482
52.0360067125491,14.94658425793907
53.32142898737853,18.18894347423358
51.27277355096683,15.92346059703812
51.92485601413684,18.30784315786664
52.86021701498046,19.20697485717509
50.47810103394038,20.59323133598863
53.18986875899929,20.67340879998352
50.82390065491076,23.80962750799783
51.19548858959121,23.43470384699379
52.19562640696967,20.03632152831072
53.60665114593277,18.10940859281726
51.35059749748135,21.21507186207427
53.07181753969844,16.20441219877186
53.98872792720601,19.34849438349254
53.51492955168757,15.81251586222497
51.38078600312924,21.79124868761793
52.56977720354447,21.43970768450659
51.94643839648504,15.1437614578216
52.35847745668645,21.81756773587681
53.95578580018903,15.327851058387
51.96365294612799,15.60540803306002
49.67825487685158,21.48527510605582
53.19104600510829,23.80520364631541
54.10390034630264,23.02570562040151
54.22395375238829,19.8817191858556
51.87481228643021,14.92327761349892
51.41226006294317,20.66880064124152
52.739185492997,19.2380139589559
53.66013555468817,14.46551506538963
53.97863082004513,18.82359582494182
51.34068901416764,21.8770982628577
52.4164387026773,16.38982666924881
53.35988386098499,21.11775042434164
53.00907236762847,23.92270427115155
52.87342558243,18.33256526268999
53.56069368633584,16.33266557814503
52.30676018477959,15.13281040288992
51.59890770258307,22.47397621629156
52.2691312539117,22.41003496741483
50.97377492033835,22.76952165373121
51.26463418020841,18.56002120701141
53.29646807552815,14.59561076794208
51.67731203918984,22.02588055229187
53.51778990321903,21.23784312176906
53.82597068267357,23.43589732375821
52.44083259223591,20.44929767601554
54.32321033924696,17.75068008466768
51.93042459237802,21.41663300624143
51.41128731298765,17.52292340709689
50.99730469308717,15.90199326100975
50.84038490987147,23.1395236528627
51.27474763386438,21.56166448140365
50.65700944376714,16.06409704466792
51.55315770906768,17.69960192118748
53.10884540489548,15.57827418802237
53.49347047930858,15.73081619651568
51.25763192042623,15.2300060953884
53.20256967083952,18.28904766317507
52.3012414565615,17.06406660519333
52.02855038987397,22.06128859938957
53.83824052075728,15.37866737690782
52.89121722459161,17.96695754614229
52.28721685434805,22.84691928527356
53.49911260400852,15.21653062935575
51.49361861921342,23.26980585669687
52.48705764272641,18.42574511806291
53.64627869551698,18.11903504745012
53.1352083399593,19.4664329528436
53.33003896213582,19.48721086134712
53.18764400764518,16.45099842598345
52.20678646548041,17.77937263958981
51.7187678593468,18.84794783299332
50.77434630549698,20.06931192152731
53.03432074157205,23.21043870655681
52.35620663184071,23.22773706073619
53.12853071747274,19.08598668591726
52.34155671101348,19.05352182508934
50.85849415342595,20.97802216097439
53.13403565397022,17.79184457477745
51.8770158550553,14.95411934430173
52.69337505199697,16.96934835425046
51.44431161563327,16.37790045546135
52.59560353812423,16.97827835969477
51.2528541102059,16.07948444491438
51.09008528247529,21.00873911528985
51.9558557147668,17.80281952695461
50.45651762836966,20.19954271154339
51.70659709868817,18.47113426079191
50.85673913395292,16.21420738534945
53.26502032587757,19.39969517449371
51.47486427985181,15.2746629132155
53.85645791601385,19.03070840916226
54.30678265340953,19.81988050842517
50.98759593204417,20.25735867335837
51.47292261370156,17.58069532431843
52.2739270720084,15.0717845191421
49.92644419721416,19.35611851959762
51.37039665725528,17.08925888541806
49.65221347189931,21.12040992485165
54.3254787297069,21.64195469103124
53.41535054027665,21.94731193378118
51.47881842331587,22.41166487050878
52.20750589941373,17.35243507805746
52.40594025170875,22.52178144563696
54.31170661078138,16.20539551527941
52.21527147209684,22.59171615866334
53.45397132299052,22.08897655084277
52.29819042376749,16.83638976394945
50.45827236155251,17.62722459465644
53.07769110998795,23.22025295976051
52.39525025873164,19.20598788192966
50.4227314934521,19.37586292980469
51.8524116111049,19.59355448777846
50.56269991828252,17.28307180481994
52.93835304135473,20.92631887676825
50.94130339440112,19.10419113233517
53.0584155491686,22.77246410494641
50.89744788536655,21.7618535276839
51.61705296880336,17.45287876483896
51.30545532852258,16.49431683252154
52.99709513952327,14.25819421505863
51.03539650162267,22.39211070015252
51.99554309257262,19.61049335088783
54.23072085004566,20.10479665797237
53.19295362126191,22.73235899169896
50.59192904839929,18.43386055671806
51.56663936233411,21.35669933995021
52.35461774102196,16.93604529791301
52.06891115384757,18.92252273381568
52.2415297639327,22.73526851143033
51.94998700117515,18.97341358264725
50.77562721923383,20.14232916730717
51.41639477163016,21.19619526397249
53.68374647443061,18.88563497646859
50.79600160947265,18.17958179621029
53.64939843421455,16.18701675719452
52.42034085308822,19.78647819464309
50.10453160472391,22.34777562228631
52.16314958584197,16.10532736272137
51.26944215194079,21.90344285114668
52.79353995740705,15.4886356636581
52.95477341689743,20.61193899668739
53.22356017223775,19.09648873656158
50.37666743628564,23.24480112475957
52.95828354140352,16.33203211951592
53.72808776375528,23.56888197790132
50.84418981014894,19.2735501684149
53.46596081757726,19.3195862970516
53.25852820237093,19.2332114869835
50.60069626923149,23.0162042890971
50.61989742005696,18.74231208925839
51.66152975722618,20.57335925115785
52.79345091723774,20.56440576176094
50.98701609251464,22.73475140947486
52.97699868064598,22.83921478952472
52.42000541188277,19.4034014841081
51.5530376087239,18.68122482845339
51.52946625462067,16.97388943243985
52.94634271400527,15.5974577389938
51.78121336336442,17.66663580141845
54.2396710825275,21.77623748594953
51.88671139270026,22.13041872291784
50.82865998159667,18.2138652528829
50.43138033339345,22.11452519898496
54.11267741541482,18.72690395118288
51.40604059893961,18.73541416454914
51.27214494884792,16.39395751744477
54.3292012303382,18.30745031385221
51.47736718578943,18.77209459194396
50.36305279544593,17.78345720199146
52.15882528152042,19.64899217714995
53.14578782292843,20.74497691762701
50.8306432345862,21.61404923692978
50.92841040486357,20.57297553090131
53.78639064438948,18.98359896043503
50.35186684398553,17.49090801527813
51.88583856703963,20.24573113032662
52.78621042342926,21.99495530982789
53.14377726414283,20.9246250410209
53.72840879485055,22.37707416446359
54.7408184505722,17.81483096102971
53.42286348888084,22.73387781575324
51.35615132185058,19.06940872136684
52.58496715543006,18.14980090717282
52.2180455876037,15.91992214834137
53.97848171052726,19.26690767285834
53.16572580411429,16.60290219097439
50.63102845503312,23.27663201629002
51.12238186768068,16.42056066825907
51.14122047451423,19.63531734654783
52.15230938787402,21.71464090536026
53.5708468920603,14.51497624056702
52.96425381947761,19.95627456546617
53.14241755029846,18.21252964417887
50.61982975294458,22.22599942201163
53.42332170463917,16.39042541602286
50.83838385931167,16.90089066756925
51.16568672973595,19.05391647999547
52.55060393185168,17.41391638238292
53.13189161394119,15.20840164099759
49.95683129259427,20.15953160366082
53.13127802310223,20.63322777037857
52.9283901266455,23.26265816641736
51.33444255986225,18.73933071612769
51.49710251064962,22.42408567486117
51.8041524243096,21.88587231457105
52.16126394592295,20.89406149533478
52.82365462203519,22.94448508821459
50.59200792689379,22.25846920808563
53.95342463859992,20.48385270918094
53.49607333014925,19.73472528178958
51.25761076193901,18.73551150707979
52.57266223999488,20.53356749507875
51.20183766118202,21.37263896361523
53.54110192808221,16.50848273910909
52.54633192378324,19.13989208548443
51.93586054451291,19.84372734568186
50.79967080046169,23.09871907849044
53.57324384191146,21.19745720095427
52.17854824189285,17.68313494482253
53.19900855028655,15.67480700320459
52.6366744965124,21.97149993189766
52.84513927673911,14.92126053234976
51.97508962181871,19.67277906559372
52.7463771716841,20.09451488635234
52.47034954738383,16.42183853581788
53.14511915266348,18.64326804842222
51.94277559607214,19.71218318047091
50.21624535701226,18.83534203107536
51.70827805385083,16.08020437885495
53.03034848787769,18.78429153293477
50.78105856455112,16.18961141972779
50.27631587353721,20.68882935213071
53.55017321699425,21.1613179540086
51.49753442914901,19.13102032424569
52.93607339622837,15.223401738929
51.87054232637653,22.28333711454721
52.00507472731004,23.56756068082767
51.04059487696573,21.49728007737924
52.96741826892104,15.01942136252192
51.62446123785966,19.37505046010842
50.29512716455222,16.88761618402203
53.03096558627648,21.71427251966563
51.59898692762,14.84895835201739
50.91582195186344,23.4679049249874
51.02192512780196,19.01836107832581
51.95390826227828,22.62021049681307
52.74395734988286,14.95357604700684
52.9850716603448,16.03560091105965
53.74600241346602,18.02042839392829
52.36993374823862,20.15445796143935
52.62672442942304,19.43496681272209
53.82432464115357,19.60848265659942
53.34710512163419,17.95143103091091
50.69457637211825,20.78757007027612
51.6437202030227,15.01050386798742
49.61893905403439,21.42928094449232
50.68328865298533,23.20694502052788
50.27241087944196,18.52989112062448
50.71569427684455,17.91967183221109
52.65428960447418,15.88751163864191
51.71836097173001,16.07010126262917
50.05240352735276,18.42507548829089
51.90134506202111,14.8081537790876
52.14856405845808,19.26344272841197
51.60668777902842,17.50035571268122
51.15886690084233,19.79731282945201
53.66835700250312,21.04544307480645
52.58488357913763,18.62187592912459
52.63408730532154,19.02490179648142
53.43486569800909,14.95637984484053
51.02453518903167,21.8162460187475
50.49260039955943,21.25529895004355
50.94243229018367,17.48052255361032
53.75590438919203,22.71326513101728
50.25671515046507,22.46276060290032
51.9261965601453,21.9714461106577
51.51838234332881,22.64207743365449
50.6056657809122,18.71200585378558
50.58386535255654,22.954366846918
50.00387840001488,22.80450945257189
51.01767687137979,18.71953358920341
52.27924934988591,22.43380495902292
54.04959893858253,22.96443302574272
52.94490057081996,19.2119686248958
52.49749202843196,23.31956934235167
52.52436533657838,21.4444781956499
51.68399946406007,17.15613714998936
51.76317763453685,23.22915072774501
51.46573612202956,15.29830285333887
52.68195182838627,19.64595130981059
53.04799528433182,15.92666360980829
52.39407616961131,15.38218185583966
52.18497425637643,18.45246627751938
51.63573334305119,16.26855418022141
50.50275061540921,18.03792025578554
54.11646747019821,22.21271707178818
51.79776607031985,22.83857563101151
53.09021088532892,15.51063749868977
53.59843670060408,17.89952993924313
51.55734325917286,21.16230326989387
51.47200324404465,16.82852034849993
52.06993924104174,15.4040753476106
53.53081311834733,20.59828222661221
51.62086559788357,17.93861976060287
52.36285443343942,19.03769902156335
51.14628007027166,20.86934811839911
50.68852601240951,17.22918354208431
53.52302471691439,23.54438707039137
50.56312601861769,19.17625033902024
52.65851158516262,19.91944722087512
51.2322124006441,18.51009577988648
51.6823252014219,17.51280767147163
51.14426373239928,21.08787740115874
52.30137120519101,15.74378730933332
53.38971865191478,17.36245766989835
51.07305572697672,16.08485188652557
52.70893286553632,19.3937345033091
52.49342759386259,16.40596222080955
52.35902854679691,22.56771840035267
52.11265530483728,20.03629552223827
52.71757286283529,16.05845283421589
54.2021187713634,17.00857059250176
51.60058716842873,15.74342008823431
51.15054208214785,15.73441331796868
53.80855806388979,17.98162322532716
50.8575296595282,17.07057951604683
50.905030798871,20.46945177339997
52.88845614422042,21.02468271361674
51.57749642656776,20.80529915977088
51.12788260306576,16.36836652499678
52.91794670376557,22.12804735571921
52.24012204599364,14.84499654045641
53.73155895224853,20.1770993881433
53.58220286393529,21.31411709538338
51.73334425786965,17.99642139042385
53.11542526507382,16.45573770660146
53.38265972734944,19.26111960462296
53.35996533821732,14.58912679100185
52.74476768576172,21.35333546028181
51.4943572996828,21.52521101881212
50.67222041051787,19.43458901528349
53.26882866996645,18.23779949119217
53.36161892520273,20.43937233846643
50.66010527516504,17.60268699382396
52.63506910133081,15.55987920172759
54.00687395178679,16.97022920693527
52.66810378441783,21.97007872728904
50.03446883512338,19.51102071020682
52.02757819998354,23.26990785580678
53.07462980347489,21.54394431200654
51.30711914450053,20.0639705319982
50.77250473897532,19.46330184706826
50.48345938112079,20.53155787515202
52.59142825545473,21.36243337164059
52.05933049648038,17.12703562468495
51.55511492444932,14.72498764575738
53.31733212199016,22.97697471678271
51.11253515300554,20.09176462356965
51.69674433174734,21.01018716804831
51.63882409834758,15.34555131968443
53.16691357242951,17.58121296506876
52.50503533132089,17.79108584535832
50.96831842518186,21.61047321501842
51.93197781962623,17.87325455864769
51.90915781948831,21.98866204346258
50.27372078915273,19.39571081711181
50.63409436029628,19.41396496935344
52.98389070476566,19.85002916568422
54.61486328709466,17.74459229826755
51.66010621700423,17.09522577405557
51.16505926935709,20.19543556279438
50.80009375802884,15.94761972186751
53.34016835268753,21.92308900885097
53.02846742564576,22.75081236773253
52.34969513680564,22.2081024868545
51.33593495179186,15.29739667943786
51.21958783697982,16.74705513601943
51.58595059097107,18.12570475571024
52.92412509680881,21.72780178287685
52.74186744647874,19.45443397830797
52.94777713465428,23.67838140347685
52.7660267153444,16.80493220905019
50.01164508361793,21.84585723276416
52.8184752905842,14.3455034788214
53.15410029992469,23.06611083543807
52.93336050991322,21.47599046243886
50.31851084214859,18.83202529443171
51.2291560355204,20.18378155778035
53.05912765728074,17.81514421571163
51.14524667010176,16.60639953290223
50.7412566312714,17.64195652619793
52.58611707689603,14.66799067406466
51.74286600671093,15.78942196303854
53.5112196062282,23.3746908472738
51.58990502158838,15.28237942129107
53.39875106746884,15.56564046882425
50.75582190668891,19.39205195192607
50.55029198332618,18.24689299460325
53.24965550891319,18.67647188896357
51.72959302550086,21.61815162804388
50.46453380265695,17.36696038618679
50.92543852311078,19.33364868446044
54.23168283459241,22.12697858852969
50.15104978166369,18.44828091144702
51.15308415015981,15.87353283355675
52.87088320259582,16.28201593267098
53.66425181878133,14.89528511794305
52.85903045839156,16.53634274027655
54.00091794920822,19.06613968165093
52.01365439101752,21.31055957855266
50.2610436731972,22.70207223628975
52.63390431497503,22.57643908449256
51.74307104994439,16.54138977634344
51.23213940301663,15.11037538387862
53.1652002073962,20.42094759872752
54.29358316741496,20.83712964533846
50.74580366127473,22.36132739958075
52.73587215682234,23.1403426053894
53.37708645319367,20.82074462971054
49.69776650772546,22.13447485954769
49.4674139803911,21.2984804639969
52.12332363394179,20.43676588737576
52.53779681434617,15.58973369809963
53.78495669363683,15.61867554953782
51.52254121948548,16.05977875189945
52.15439072351418,21.9728755136538
52.25706716058739,14.84608094417917
50.23447391520849,18.75773101165436
51.01139548500394,15.50423537360147
52.60280974213947,20.88946389403543
50.36646756697951,23.63510881932441
51.63731698101165,19.66319251278303
52.36562758035663,14.95365131323433
51.10907889393564,23.21072729989919
53.76675956501242,20.77082265936861
53.2562504885955,15.95676141962572
52.4048228634487,15.54372670826536
52.53241558972489,18.33213190531091
50.31352466139225,19.71600034600904
52.20257591566824,19.63936436899748
52.84406333352597,20.89917883772796
50.62781126934335,17.10023856848137
49.80203946112688,21.48935455560729
51.18117648599105,19.71209397570198
52.40301764426657,18.60199022070783
52.15647319049321,14.8067602094564
52.55066293713207,18.31524448870658
50.46813324231179,21.48554342857839
51.57534669909372,21.70195711430759
51.14437197103879,19.19724706774631
53.24548543167963,23.34683422488993
53.09737338412944,19.70382953296524
53.22428072039693,18.05700503243634
52.61780783752821,19.30386175931585
52.95151525948572,18.81136344817699
51.52782291857149,20.2312476434699
53.30542345246376,18.73033623570451
53.49877336669131,15.74095403038078
53.92667251325587,16.97615753845529
50.52268262938021,20.20108080908208
53.71649784362222,23.54480084395929
53.81513634845824,15.05815486186539
51.33908606239878,22.50478478854001
51.75230255887728,17.44187677750581
51.61478057306815,21.96642575014014
53.07452004804549,19.93587510369428
51.367271350077,21.53835778125202
52.66384931553814,20.56718196403062
53.32731134815267,22.31812471600396
52.46596671011552,19.6871104285467
50.32077567554666,17.64500199042475
51.5125212396451,22.47119081185412
51.10911697221403,18.19894921970437
51.48959206322041,16.8134989025775
51.97581252606157,16.40393809058205
53.52449258000492,21.94922029186278
51.10607630952847,18.33069928313691
50.88745259072544,20.98377029452871
53.40021865805642,21.22998720454689
49.54572466292448,18.88673897579535
50.85379421496767,22.49343787588059
51.91675868635288,21.58866516706864
53.98906497444089,22.06219153196754
52.91105591890483,18.98697407928612
53.83492491718962,19.34314147205529
50.4983216248082,22.39234183789484
52.34522044986015,14.74997298445423
52.86806397797632,15.20547766771379
52.378910687526,17.42474666598369
50.94621256707475,19.51753203008953
52.82865296244808,18.4202539809636
52.78062040747131,14.377059878546
51.75993155652043,17.97818773379164
52.16344114876048,17.01309215272107
49.94551603207465,19.9479079411125
53.07493339660579,22.36558098988857
54.16630362277027,20.29894193442212
51.57424430369061,17.48718163142281
53.13158567989106,16.39048784956901
50.74786127564411,20.56614079997634
52.77039240634457,19.39366276824888
50.80995807614184,17.02484255740179
52.19649275737828,22.61549732265448
52.08747279092112,19.24610889628449
53.26027984016029,21.6885136837546
50.35152415125187,18.05014988744191
50.11077887662472,23.17090858294253
52.20188292998874,15.60130378774285
53.26550027490124,17.92239784438902
51.74019824832353,21.21538821982902
53.43931258554803,15.06952682929745
49.83682699724328,18.85197856144534
52.89193571958788,19.56480462399553
53.01110886818023,18.67382096120784
53.7622492662523,17.83847040100128
52.66878525204737,19.05412440101933
51.09795896355951,20.67816282238811
52.81635960123003,15.24347125183719
53.2788379778934,14.70138240240503
54.03313736569201,15.91073066892013
51.13852553260483,18.90241560563733
49.80203370069006,20.23980496862189
53.58905146451863,23.31022316062458
51.44905683178566,17.99864575742302
53.0722860278489,18.61822629994627
50.269221941424,22.41400053787278
50.78783355994187,16.40419482703435
50.3512748707853,18.73981863664078
52.45917329570417,14.7656719068514
53.61884550266059,15.34182382191513
51.76646001368545,15.08136813564581
54.08106302145013,16.12504439875221
53.30094765555638,21.00407494416918
52.34308666447492,18.16162644077739
51.97465082267998,16.98746734140787
50.99196524576129,19.05211176812063
51.4263277503511,21.86901259227047
51.01529190253525,21.9745039768958
51.75042153835675,19.01431968213095
53.44475925612991,16.28943635709018
52.63971685664247,15.2780429267809
51.01738055619622,17.3359340354483
51.17209968397474,22.06317156818204
51.36857166128769,20.63870810587627
49.9886725852184,22.84052234403694
51.86475956871002,23.26882530511798
52.60745190973994,21.90308321812722
49.96641993171458,20.4530701391618
52.93566866001211,20.28873490777206
53.12838163708371,22.70235805719055
50.87153294381226,16.0996825908799
50.04778429199436,20.01765638607232
52.33863331700683,20.99783288561233
52.11383956346174,17.13842093268553
53.00297570249783,23.58412868026783
53.18108280377557,23.72752554379912
50.46938743482252,22.86938700523234
53.03836298986712,18.22389979938321
52.72404378943273,17.10829419517041
51.85482804418717,18.00288813600567
53.86217222786975,20.91858714208654
52.19482766802307,20.17024216542867
51.20764375881121,21.516262483561
52.30300144926618,22.15020581668293
49.88313293815538,21.67004632832415
52.33437024496507,22.3760931363867
52.43648794187255,20.85245796214679
51.00024814790353,20.63096641557228
52.50547459823814,18.5481321278549
51.98760533222384,15.06014057824196
50.80734004604206,17.71739017479707
50.74221343177029,18.32994591341665
50.98511128151776,17.4595267436734
51.84947189781305,18.95242018660971
52.64198036551394,16.02635213581594
52.74484137294657,22.03439115238221
51.04455615802304,21.87178636642688
51.77265806057908,19.07421432123872
51.77187185734381,20.15736478969471
50.78257172542654,17.43393668228154
53.56155200895625,20.06906306863739
53.07172509869515,15.84748053054941
51.08004031907212,22.57246310600911
52.33102486597744,22.07982933861517
53.31366420442342,22.69701845739002
53.40473171253034,21.84604642650199
52.18314792448982,15.26976743570173
51.02207406766879,21.11922034531344
52.5255757851403,23.40044930173094
51.46535685124138,15.89307633236941
51.18904487697132,20.5692886449372
50.67949974955133,19.02199067419655
52.01006084897443,16.01965291434972
50.49534395284203,20.34926395893178
50.73900169629177,17.81215376462062
53.8594543976197,19.58635378041513
53.95784999681661,21.24533368754005
51.6022004349951,19.62031485691669
51.00164403891084,22.4243693642771
51.01479176170882,16.39852537494799
51.10719371454513,16.04364180602382
52.1891223093434,20.64114068170083
51.51952185337777,22.32648624945133
49.92219357860667,20.59857247335734
51.5848685859135,16.79256920089047
51.22596545103375,18.63619112485977
52.01835457904308,14.93281433554635
51.18391888015402,16.09842096749027
50.96591053153572,16.92432730425034
52.13130530333753,18.3828275157762
50.04866898783888,19.45772585838403
52.59941856250384,19.31305768400507
51.82349428787708,16.44458739727638
49.53883405810537,21.83822423329031
52.49005616546574,21.61707137229491
51.11818185710102,17.19214359412011
53.00254757684702,20.18901098956291
50.99836453279243,19.28452452999195
50.01418308020519,18.576129510089
51.3799242089389,23.4915596075972
53.82891485951003,14.91411318697675
52.26225796707226,18.41804034718674
54.36299913747222,20.47274238389427
52.50839439168308,14.78885980938592
52.71696323716044,23.56751978687554
50.47500895386835,22.81680256075629
52.91726887213737,20.39617201851127
52.00099971073431,21.07311515618349
51.50510647665042,19.62889666610377
52.85252198780751,19.37178591727597
52.34440682835559,22.415276060187
51.02786230974609,18.32095725130974
53.54573213611095,15.09259081829462
53.9282815936094,16.06335870497021
53.19215230469833,20.83852260321359
51.44217380836989,21.12246964426296
53.84553502684512,14.69610004002398
50.25989971520986,19.7515618237973
53.33080259650707,20.72348897528616
53.59387804134747,22.92365409024422
52.21282853174037,19.58565694765126
50.72583837953785,21.2711656441624
51.83082787876494,20.25253345613511
51.36712749263721,22.10529857553678
51.6343498396304,18.89004274102487
50.26521103381952,19.26654034319931
52.47909491847686,22.58589918292435
53.55457279594749,16.29707699709549
50.07777763250563,22.71085921920355
51.10978976108781,20.78015694484161
51.89373819473256,22.216552075104
49.95489813218722,18.60947144872716
51.35379285688005,20.87980351248684
52.01371250638727,14.82611017348419
51.14434197655412,21.21672148986178
53.50814205099816,19.42549637471327
53.09337561338227,14.76877947172747
53.52573947841331,17.56436898191909
50.5974475659542,19.32189279419731
53.03639716564528,21.8849861143988
52.49871607275411,18.02823868501308
52.5096823096119,23.14363017958228
51.09468673633118,16.06538178743092
51.45158838596116,16.42175446706708
51.36779734104489,18.48971299198008
51.18343678200753,20.04779018219699
52.98484552165394,15.51394098629985
51.4812818042336,19.57593203693214
51.80677373821354,21.95772780794678
53.30826877363783,20.3147540224355
51.73600859686863,15.91854598757654
51.33823399495878,16.23131610351027
51.13234364824442,17.13616028818994
51.4486621305992,16.95388485078623
51.93547966450841,23.4391735417145
53.46484088915415,19.11778156109989
50.58721804161655,22.59906300858736
54.17448838013006,18.79585541261559
51.84256930992539,15.44580479365374
51.96222923668449,21.23888809342823
50.01817581144447,21.57792793249711
51.93304881037126,14.86896188990013
52.69386558566109,21.63936514004369
53.16491845916616,22.01795468795076
51.92393445366665,15.20587914880399
49.73457201541968,19.87776930169431
53.41503928506795,20.49198183163819
52.46676574808795,18.15680780960292
52.90672905964671,19.41505913688662
50.23014253654087,18.61705414516263
53.59285675245471,22.42064767991151
50.86940842086351,23.29888459394305
51.59290703136055,20.86712918642566
50.66995774455398,21.15304347574763
53.63648324338453,20.16699817584145
50.7376305334344,19.36770490853854
53.68178232697526,21.46857451821726
53.82400887287962,16.69236057995115
49.48194751393768,21.16436300563521
51.81118906300294,21.67001339865057
50.1620174062983,16.60219487472015
51.94281039941171,18.19921374158725
53.83749262766153,16.63089987463423
50.86740515475552,20.2887456185103
52.79256088079645,15.20228108988008
53.07555789214125,22.44989221172643
50.90718464813793,23.85681001522527
52.0439040880409,21.41260401845323
53.72249712120039,21.49649522300021
50.64481378374568,20.39979341126149
52.60640038709204,23.47777896716441
51.26475935524038,18.33529491983694
54.28397996115578,16.81905000592641
52.52227761944958,19.41446999101673
52.704433056921,21.46612663960418
53.40625023440312,23.24836864623313
51.07454975801393,23.27487426524961
53.41133818933942,16.01402015484913
51.56327119244177,18.89640055055147
54.58364821708824,18.09883031404165
51.25866970716513,18.39428495799689
53.67627012664214,21.75885636360281
49.82179855294198,21.87411251492501
52.59914564278505,18.43420917410437
51.43809297380027,21.17153834092171
50.16082361506839,20.54083635224421
51.37311628940812,21.49672483687245
49.88606553341917,19.50574909496371
53.95591591174052,15.74412577426119
53.44966694968608,19.6290677897823
53.58142434479241,17.8730404838849
53.17315680287042,21.28530383017546
53.23710795268001,23.06354317665775
52.22617696594807,20.25681738532749
50.62811489744659,21.9612097430209
52.26475158749621,18.55126153752595
51.37471525453051,17.12149097836619
52.45198823464634,21.9982607028807
54.35259021539388,18.03506587037535
51.81665297706109,22.4761747384478
51.4083130775804,19.86596810677142
52.77262373423418,22.16356306808664
53.02506103978241,19.26305092244496
53.09363996799954,16.15362973892707
51.69138856257516,19.12694239157842
53.94448804932875,19.61784062137513
52.35938528521166,17.0310429303402
50.15478055617064,21.93472990079196
53.90606003100705,21.87505269768467
52.07781345373194,19.19042926534087
52.34980503107795,19.83593226384272
52.3175832461458,20.79851993166022
52.44089437296559,21.05926891069668
51.10990693071559,15.27540240321976
52.42275929762235,22.84077168277943
50.6619947738557,18.12147309524568
52.3317150580293,16.87089534519201
52.40839116129467,22.10340168653132
51.07257140050958,15.42976630186261
51.69226965863612,19.89463018117018
51.923378400109,22.49333342095867
49.45966753158738,22.34042425732303
53.21499927632281,14.65738172621345
52.01909786934986,17.77647934341597
52.01330477739339,15.79760870407794
53.38186169044803,15.26206008137225
52.34939485437082,22.9920372859819
53.12610614619248,20.77201810157967
50.93840627559315,16.00727916136364
54.11458828247316,15.45307159736835
53.39992280769537,17.78377460754313
53.54371256898202,18.970713825974
52.7301598492404,21.31582483656018
50.89815701911026,19.05059093847851
51.66804215971077,21.18941370409851
52.02779942616,16.31709672643055
51.12154491460836,19.76156257284034
52.99869759896895,17.32748701735642
52.44635460376946,15.02970588779726
53.78156786546126,18.72585633942345
50.99527614132366,21.48279001877988
53.69550976774707,21.03670866796148
50.24935291516446,22.094307698296
52.44444890729194,18.77682188932377
50.31224893517093,19.49845027129336
52.35064957213518,15.57250679383947
53.36300354530454,15.58816527994293
51.89928635836561,18.68300901036626
52.16556120239225,21.41283847048433
51.45768514690499,16.55027266586789
51.01472076089525,16.8310702178947
52.21324924651731,22.64209665341566
53.17620557945251,22.61575210090753
53.44378582068456,18.99687087933641
51.93646109347523,17.60846503093821
49.6750261088953,19.25696699690438
50.11601307116634,20.4071027588218
50.78788092196994,16.83100393060696
51.24030587316243,22.02163153279761
53.63857305846948,19.65216011983356
52.83292460751036,18.15994357339359
51.47488542222773,19.96839745379558
53.78129848801483,21.13268785712938
52.3298875073152,18.81789734318947
51.00469442042672,20.75996810609682
52.58193788765988,19.1161440333012
53.34344098712032,20.90034230164115
50.43007836589983,17.43506501200487
50.01765394090175,20.59098213416934
51.47536457958111,15.40979492122764
51.49918023094244,23.19753000010765
54.18986414363975,16.69552947395694
50.99993227308528,19.0744295223422
51.79598214764766,17.4608843162009
50.97818934478052,20.99683215096453
54.26414706967059,17.00562748193092
51.18270158231656,18.03154044253443
52.58278429890966,21.46435249424863
51.57694328063506,16.71748187580226
52.08191178992508,23.59733722951239
51.40912046566949,21.59003263542128
53.11029946045946,16.8652209383864
50.62393332989738,19.04689928246407
51.70150768629431,18.38767033604172
51.03231091369291,16.40168522834305
52.60408958006099,19.12952777244453
53.85139688131457,16.7062601903402
51.03539149792525,22.00635399839459
51.69551033683426,17.18671841767596
52.26463857014074,23.17466928548689
52.58353010974151,15.05616915784277
53.37350612958114,20.40818351497823
52.01798674809194,22.50051170154393
49.54917673374823,20.37729678137243
51.93926256654483,23.44314985615795
52.25315213079238,18.24875647904462
51.07957638588116,19.30560958009682
53.36269244570678,19.10425842887729
50.9737573250913,23.23753945599362
52.74876560051334,15.55984939225534
50.87020164605665,21.70118687835993
50.15771309866326,21.23402670572811
52.09952112673472,16.48521231412865
50.63114317407815,17.45377060870703
53.11428026076898,23.61775290990384
50.41101647407009,16.41585527445752
53.79728315530291,21.64615217404453
51.99450507597562,15.76928297243957
51.57758508166567,18.65771545944514
51.63149348202129,16.36378141597865
52.94425525002098,21.23167413216716
50.00185299137679,19.33344776097904
53.64339439266879,15.34073123977089
50.75398621976075,23.61155703589971
52.20455677588129,20.64063827166689
52.43369401383815,22.42713883086691
52.64359485861764,23.30220011382486
52.40227712912568,14.90107292684807
52.08637520118869,22.56381041124719
50.86319678406716,23.87638121176592
51.11886082887254,20.46022833488831
52.50823435566955,18.08923944976171
53.9604399105936,16.73357616111731
52.39289351015277,22.24193610814301
51.87317064465481,15.01563708592489
50.45041064275988,17.55102531066035
53.27733275067523,21.17757934720229
50.41998539407657,16.32588260842821
49.70915222324921,22.55506141829017
52.75603599353084,16.84613446515571
52.93739635667563,21.49603672692691
53.40974920560204,22.76717841367045
51.4280620863226,17.40346368556512
52.0212280093363,15.70485079420115
51.42275288829855,21.68865354915829
52.95458653885734,20.96907186767837
51.13911296944465,17.43081161219318
51.64986879187521,15.17210249006576
50.60048699089869,20.65243403037984
51.22653722219754,16.69721250753828
52.97909624387559,18.09931269484008
51.37602574002599,21.14922520789505
50.77994413902608,19.30785189452633
50.78413482744346,23.35190586510403
52.01477027923736,23.64313210018563
50.81340223984053,16.89315908444102
51.19696129972277,15.01542720175735
53.26145894483282,18.2024580037874
52.45776555403705,22.37311529611631
53.30262030069507,22.33778955344414
50.42411845632054,20.05999113794663
53.56269118122042,17.50235592981775
49.98872432728711,19.00881930608387
51.64185695281493,16.49167857209856
53.1977953125472,23.36538687387468
52.29023677136666,19.41020268045537
53.6458645737344,14.42624748625946
50.56796076038216,19.60090882212916
51.31076769449075,17.34752649931893
52.21073470141467,17.27364376973211
51.16640586600144,23.66698462141615
52.88382832218691,19.19173688229122
52.14668274950098,17.59128970888956
54.35577758127976,18.25884708299595
52.93289507611198,15.35312127000544
50.67750851282487,19.63766864849373
51.1901539139057,18.76328018076948
51.77657180488386,14.77841631489512
50.76083808190044,23.93483515163614
52.7953745300637,16.95535573157131
50.52330883455422,18.39237850791953
50.51072600662486,20.16561247848076
53.11830705178373,22.06422059016171
52.06005591578982,18.7292938900498
53.13499582745771,23.67770448103147
51.49561885079743,20.72344547343198
51.81610867326187,20.11267196481938
53.72093454596913,21.82014044510948
51.28441048296271,21.96100401720473
52.10216964992819,23.44700490206059
53.84080478137106,21.92055577946506
50.32819765054328,18.06636481618527
52.13533205271774,21.39680993682133
53.02619712900494,18.70432860754177
52.52133365233106,21.65613272290342
54.39897711112768,18.28884483068168
53.82125259549584,19.96306694942697
53.03854335240453,22.01068217600082
53.11789407926148,18.92781470888444
53.52181618265379,18.81104934594193
52.57406425473955,23.0933226731692
52.36936237455347,18.98845561382681
50.4314736406409,17.64853197688484
50.46309904700399,17.05293995349985
53.23752978882749,18.21997172780318
50.12912011652646,17.64213554614615
53.33769722056096,21.77086993849574
50.84588102450164,16.03824878672728
53.31455456457284,18.80548320575373
50.07486993067963,21.93268628876246
50.94329264391072,17.76460108612265
52.36944288829365,15.13755688175754
52.66509282616011,20.3082703467672
50.615770445617,19.08662227247546
49.90821973442334,22.46272153658741
52.58046499236467,17.59021149802745
49.87464187800779,21.23182994742008
53.37796865047762,19.57459089801318
51.91285345269429,19.7693593654465
52.32188499262892,22.04465415855559
51.34759292733688,23.0064600510963
53.45414162584727,21.44734469041414
50.10961988183853,19.39770982203783
51.311229038351,21.9505539138972
52.89587531335755,20.89564845286293
50.92608306931623,19.19236686705414
52.36824596841416,22.67575495117991
50.53828485231816,21.20564547774506
50.454735936368,18.32088773220786
53.74331108601734,22.75212547691137
53.70684210116505,15.92332082071706
53.17780268679695,16.41888184538653
51.98278477403791,20.4721511685561
52.00432724806805,18.77962249676861
51.97024437426465,22.28529458025245
53.22305448617267,19.17946619829548
52.50972596517766,20.42724014925495
52.36362510851212,23.20847865651582
50.11335019259479,20.19093145124297
52.54856466026699,22.48682547899508
54.05921055482592,17.42504978740513
51.31927233732974,16.12738452980523
52.23490619905318,20.02651282548517
52.08606694890496,16.24812079987197
51.33308016565783,17.62283650747931
53.69124856432861,21.62414669776533
53.15376035176595,14.43653173164847
53.84733584154139,18.04152272216112
53.61634447810007,21.90389805085212
50.32675097706785,22.67244073361391
52.24960450413801,19.0197914038589
50.63726350101373,20.44904841752574
53.67725929018267,21.60487656520903
53.0491602584342,15.84437144588636
51.85051273154149,20.07046921975637
54.23529501857202,16.29067456905833
53.56857758878328,14.68467904674121
52.8395244184971,21.11798458192947
52.68740923678209,14.6461241175021
53.18425311677652,16.88858894302632
52.85851862430595,14.60407285873707
51.07126914895696,23.43010975846216
52.66437839765059,17.09501365067065
51.48964765615393,15.82810072189447
51.80447568424249,19.38939764727144
50.10805623771381,21.57080388976127
54.19249711441294,19.60973012677933
51.77176897776999,16.20926345755569
50.69732679156355,22.67585741966113
52.06951485639023,22.73117350410736
53.29004224505361,15.91260137500218
52.05388068895403,18.98879524871978
50.75492495589175,19.61450835886264
50.17063323877559,18.82669791512057
51.52250708834598,15.10574333634705
52.50208570473599,16.9969146627339
50.72833386984342,19.33585312615073
51.90948173523527,19.26881349917227
51.53925243902837,20.52299018826392
51.9902238165908,16.30022966697494
52.0114563681491,17.8257679106164
51.82851532157326,22.76132163404938
50.57212705504381,22.01137045457678
53.12844658244349,23.61472035906841
53.25636530443389,15.86113536420259
51.27817981459101,21.35061313014703
54.06224263475504,22.70830169620527
51.76865009777121,16.97898397962541
53.17497093986637,14.8444005231113
51.80195820671803,22.23089158087488
50.90999206284483,15.81174467327864
50.99028078111699,18.44900739682799
52.68397804076564,23.82826923426689
50.45726488558676,21.45698543083079
50.980185899792,17.08278814137239
52.71808285222342,19.73996324342896
54.05626798257607,18.16111318065277
51.23134000625787,23.334059475866
52.08111649757364,21.15119578988014
53.54090463592646,23.23797569589518
51.73801550512605,18.67075745107754
52.59571121607859,19.2658516855495
53.50413102069467,15.98832776240839
52.94265697588779,21.33427343158881
51.73736183786054,20.47320197518306
50.74148143739651,21.05178696943063
49.54299963359014,22.05712899286642
52.92930191065621,22.09459756281598
52.90277542965038,16.4566183925433
52.65800528229019,16.67223583018028
50.99677756914634,16.45637409778446
51.01329433828779,16.90102631071455
51.3052961023774,21.01888931554854
51.4348335539112,15.98351556277778
52.29195602939094,15.92641422651412
53.06853055196801,15.59923788788899
53.49805346220759,20.79367447950126
54.25260200420345,22.41906285748042
53.94293785993508,19.84068303184528
52.3233830579163,18.52027087979981
52.37914458631407,19.01751578082465
53.06602548949073,17.34281803144576
51.26796664472632,16.13048701831562
52.58886237463403,15.27130446366219
51.98096511451153,19.98212477336937
53.11196940689488,16.85665653401294
51.57476138747602,22.62841192289064
50.93418121759019,19.77723120597008
50.81102847608278,20.50979360941503
52.58934488665418,19.73427125968241
53.50447444989209,21.92479949717661
53.15588043847725,17.00366200708777
51.60741811143792,20.33883153806835
52.13652279253591,16.09591991378832
52.58004894121527,15.91515107249303
50.76100059492892,16.81731433438822
53.92134765371332,14.73812618879006
50.7934179978275,23.14250258403552
54.23792366248276,15.92997873371355
52.14471960040125,18.7083355362872
51.81582417841852,16.24368896228043
50.45542137509342,21.65918335582275
52.17497964336494,21.98716907105348
53.55892313398529,17.6283544948168
52.95048780887912,17.41347410144379
50.49536142210142,17.98551392633081
50.7269763341948,18.43397927921295
51.66628317705506,18.42632674112866
50.89426714238938,20.77668789806114
51.67341352968639,21.1360837004409
51.51346721056928,18.63061858547746
52.98243575543332,16.37641923152142
50.54897533251826,17.82395325969854
52.04827383226112,21.61750943013318
53.5877414807668,21.84222646622745
50.72080506908142,22.37157799314944
52.31372983783319,17.63915432922922
51.12488732281954,23.25657351972059
51.01198856323519,19.41765915265665
51.24750471016745,15.9931376429604
52.11852857213416,18.1472094168701
53.6071099446943,16.57673752412905
52.50515188948124,22.15072411066895
52.83211404922975,20.30358584782002
51.08834329832559,23.58309990896271
50.53493229405985,22.46609321533072
49.91660447589864,22.67706127757169
54.42276954155709,17.12285761712253
51.74925056315799,21.44850449264385
51.73546013627465,23.04830440955513
54.17868419094803,22.33952814663514
51.51598746473714,18.37479217258513
53.76821898735577,18.51772524342003
52.79703243605697,14.70996021177886
52.30035338027736,18.15988528764917
50.4638828095491,18.76152657865799
50.90972946789436,17.40860051070942
53.08594726985412,14.3932590835478
51.96537707681237,19.34985964244177
53.49599503964227,18.28603947268665
53.76810118131478,18.12691188895353
49.85642040527286,20.29595674033439
51.7333972619644,23.12658043136035
50.78724442088473,20.37783958381151
51.97268346057405,21.95882443857371
51.67350156861499,20.18301291945724
51.23171205477781,17.68766288329534
50.13384976315695,18.76123968306324
50.77366999531973,15.85025524581916
52.81932065643007,21.48521372012577
53.94713545351492,16.78564415204903
52.32974888587032,16.78982040516221
52.27126655757228,19.60811212116726
54.51616481249955,17.06162004605004
53.03117402490872,14.96042394590997
52.49450966130803,23.19356583295425
51.12669484147592,15.39031282972481
51.48904908445737,17.9787319840678
53.80674065146094,21.68760230508343
53.95154166716099,15.29280796685146
52.25079171805492,21.65063632464535
51.94262082163626,18.03000858872094
52.27612582469166,22.69541283325035
50.64353724510801,21.30287068323372
50.28421036062056,21.1128646988962
52.46607269496639,14.82407093169574
51.46819860402451,19.66549646339152
51.17692428985003,19.21109546639245
50.84491815922161,19.61976231023075
51.51578537409965,18.29126108657431
50.52375054835407,16.97211098942255
51.53874231921555,20.76347514034736
51.38830586238172,20.48898112546046
52.78055528580571,23.45769258720466
51.02736285711445,21.63375373278534
49.79944150824942,20.57999212417158
53.61031868568816,22.10584264654774
54.03923643414931,17.68303414519955
52.74407975200006,21.69610005901023
52.35795436387921,22.52799384675598
51.37278725469184,16.07925989178864
53.36459032331891,15.03126417852708
49.41673136581328,22.70965141698463
51.7344089996882,14.84741579344423
53.57013237484961,17.91795438179149
51.41265204149053,16.7110579491013
50.62457726538833,17.36210732947763
51.96932932892049,23.6478718057603
51.6869512571401,22.31973635902492
52.919935881499,19.49513699447472
52.71905007158233,21.06716566599447
50.83582447490092,21.25796969607379
50.74980686986247,20.20897235430055
51.63582710004935,22.92954370289781
51.39759753914977,17.15716855922879
53.14328754359492,22.94762231870772
51.13855495442051,20.36380878791884
52.9044063680463,16.24629827603064
50.23708763784669,18.73739506779264
53.43902446661647,16.95611815790231
51.5462810341785,18.38979323007794
53.10988287218596,22.11569517198141
54.65975255128825,18.41317736199768
51.21900436337348,17.87054808338279
51.74771614432076,23.00229829820062
50.33331470570538,21.41644766769108
53.36442579487943,22.67157876092284
52.05644198350064,21.85154383009762
51.58531207854062,19.80068383562355
52.93530020335422,15.56510092984957
49.83153649277371,18.79945315778199
53.22832683490213,16.81199567461084
53.45188036058719,17.56155298467494
51.02126269432307,18.67279385281214
51.70297733246068,18.81325079098765
51.80389489590151,20.08912941710635
51.08686047824028,19.23545664394018
54.1110401857643,16.75166768404176
53.08406672377222,18.43438463867104
53.65120154144444,22.97983754067531
51.79666863081489,15.74094464699612
52.75391396622694,22.76001993464535
51.70791140396852,22.29637952617604
52.80691592497702,22.55266967522818
51.36788608732593,20.19437154502353
51.58928598946571,18.20744913491733
52.48878533856571,16.49500560899632
51.9105450763439,16.00190344190995
52.10469259364483,23.57479390379105
52.93284815807935,14.45274490780692
50.21566082006593,22.75798839747292
51.11677492126567,20.17349150067356
52.45592882044971,21.68030526505399
52.54724262704061,19.17977033454208
52.21947955923405,22.67518806253196
52.63433475766008,18.05915918138034
52.57896724969542,21.18497412201473
51.73008380124715,18.26785321239247
53.53565676780263,16.87298863729189
51.15764922153505,19.99619908509194
51.71737907396927,16.90251410059278
53.72656134658605,15.76366458667847
51.99736417722193,20.44151346859988
54.11250305734867,17.83119584967487
54.29275424287466,18.50993310956091
52.77935997831312,19.35074760049386
52.26342208944441,15.33924919967994
50.74652597447015,23.75629462966405
50.73669308088028,17.38217897522108
51.9004593161095,23.15679438995986
52.17153545973691,22.03830515479908
53.18000397504538,22.82958041772994
52.9882529403553,16.01620501522973
50.7605216112244,17.1148671844579
52.09200877064416,17.17246693512035
51.2309756246136,20.53383324400775
51.67386800352976,16.48820961327536
50.39497394885117,18.40535474772366
53.8749600003995,16.47283687927755
51.93926137075216,17.25566971421073
51.99871838572433,19.25926254331911
51.97323950214259,16.54038040975821
52.66462788063932,20.99060030837581
52.8885980947982,21.84627091091496
53.52638397337454,15.38909618954672
51.52301317160032,23.44171349171733
50.48576422240035,23.67144760522956
50.38372239532186,20.61222263092624
52.14540467659384,19.39936921236838
53.85277830370347,16.52645391334241
51.77949007507226,15.11894258164457
49.98095931010598,22.07651692501661
50.20305339149341,19.46780568158369
51.52226579574754,20.30326796596462
54.06036963146853,22.49566745598161
50.85504267066628,19.69868884671758
52.93779057971393,18.84111665718504
54.09517526413045,22.45612779629628
53.31306225649025,22.27663319163842
51.18976459172202,15.36059841333609
51.58936389145681,18.88843246862755
53.00944857534225,14.3968544825147
52.58343883939266,20.90781831271641
50.95297038427199,16.33283650053839
54.1596819538558,21.2059027424792
52.97320932219495,16.30214514704914
53.30132179006973,19.75620282962745
51.84295230950498,19.00505904052239
52.88219088457917,22.97627903319734
51.11903144044386,21.53674467932679
50.37229295876026,22.76942155471674
52.49832574554478,22.06874926677466
52.88866769568445,23.89313867072458
54.40468016224083,18.16280923909673
52.18433079773024,18.19850862370447
53.84041925330536,16.9163358174194
49.62071803516482,21.08572067935597
52.18653588842662,17.28854111988046
53.86178896147506,19.36870231403333
54.22298901858335,18.75852462776415
50.1453077049073,18.36767292338448
51.63254318537351,17.26252911764859
51.3033010051123,17.26327852165338
53.08433071042658,15.85353342456166
50.67632735429395,19.07793391936602
50.58717440851174,20.48272305658074
53.8612704641078,21.74309950124366
53.32996206000707,15.98596260539157
51.71063127863867,23.126448572018
52.69189905951912,20.9258063600785
51.25440471984147,19.42435407818047
52.13217369748892,20.9621141798412
51.4599253536344,17.36626591373001
50.82272953967633,20.88488720612914
51.53786161969496,21.18932590798965
52.62524707933451,14.72546070924067
52.75899600281146,21.58781068287331
50.82430150499728,22.34650052472191
52.18016847770086,15.88725195433568
53.49905788008626,23.48538298857755
52.73342543356889,21.95686903463229
52.86089377906075,22.69571161549744
50.44077815181174,21.29753187239684
50.68224106040554,16.72116528938413
53.2365622592998,22.55404945750282
52.37801177727754,19.34507695704063
53.05469865749529,22.03676938444831
51.48222701153136,20.47841249948439
52.76476785048586,14.97236637647211
50.82000979316735,15.51859462466023
52.39204032871826,18.57190364269646
53.78296602317158,23.01600484607986
52.149016533952,22.8737294328821
52.79125096308555,16.52319309770925
52.12815471513494,23.519059331821
52.53246867038717,15.13160668576596
52.82991931767756,22.12282267715675
52.50562161290831,14.71578280901327
54.26855640836902,21.69939556182436
52.15612401105693,22.50570042342274
52.13296720842726,19.07209299707836
50.39180118379743,17.21262482377474
52.78464049054844,23.19575588649516
53.11449959380349,19.40913359520054
53.48805379317645,20.65226585641888
52.84388033632861,16.67584636360624
53.23106873790607,22.87145006261407
52.56101605577413,14.91595521018608
51.4375550072417,18.97048478778587
51.60919368606057,15.94345501784373
53.20975097371414,23.68163610110989
52.68486283286818,19.85409808292989
51.47119936901388,22.11550804313882
51.03091134288244,20.52559331182946
51.54006474605173,15.43507466214724
51.75711454774829,14.92578702070647
51.9175847386175,20.89828171492414
52.19973019444399,15.72421419694533
49.42539742552935,19.02206366944691
51.7963140584035,23.35434644673978
52.55971419735091,15.20721401833878
53.76817798599279,23.53150811091393
51.68801282221095,21.80099671437654
52.59410663194038,22.72928345398251
53.49813015986279,17.62912800297861
50.35367063776559,21.1196285029736
53.51089580158429,18.30553431082055
51.94712299897603,17.72313783834531
50.56119375287535,17.49393797725416
53.04912993717737,15.28705764011258
53.49634890558836,21.45347489429275
53.41298459403983,20.10776052878149
52.9735113950594,20.51118346710422
52.07594072225588,19.26406235791922
52.79716000007371,17.63770942747467
51.91109921168312,17.32892287065239
51.88335315113981,22.8814708577496
51.05497715177258,22.59795677042177
52.28588113392006,22.9530848010034
51.91237059397482,19.69964562470317
51.78056120184338,16.10106765215174
51.43728627071719,17.11775889398659
52.94528873610674,16.42415234936654
53.73046646232186,17.22091787603049
50.76765456240831,15.73017812927693
53.63181994297035,20.86444257458465
53.57072901498743,17.12828326550668
50.60376835856042,20.78824621146302
50.36276901939095,22.57266690285493
51.2851599866791,19.00317229332253
52.21184298967782,18.46951412763198
51.91075751738673,14.97441533969806
52.36760980157775,19.97203818824626
52.32075495444347,17.74403792873605
51.23396720845708,23.08447718012931
52.99565384190502,22.26301880712167
51.10730621402302,20.35102239540609
53.82116532125755,17.37037248533627
51.7464074104506,23.15517803298974
52.64752567793952,20.81149398236646
52.69803418564017,16.35231355334028
53.33344321522944,20.07105796502851
51.8698958083674,15.24528855602364
52.33975450947858,22.33762636198304
50.13453227742244,21.63815220223542
53.90182560211021,22.56525552000778
51.54050402217285,20.84685550816771
50.98198807538214,15.78349889006532
52.94221888168238,14.31325924190529
50.33674068680752,20.65804601569423
53.11606899614185,18.84181028332819
50.4040892625161,20.85556261880126
52.05739424590671,22.6013894230308
53.96728138940749,17.15725822931492
52.5072597022727,21.88858495508826
52.11346723558011,19.30505300855301
52.42792945259524,22.70554617775615
50.48721574226224,18.93945986011747
50.94683173695767,23.23619760546075
51.86797828460927,16.78212672833824
52.31491915500406,19.94408021435317
52.48097612589688,20.54575266274333
53.16502460470319,21.41580449474085
51.7280117179801,20.20301275387317
53.64666594566128,22.62728570806649
53.73691038188488,20.94151850099086
52.63741972977451,20.42970706807328
52.94965948820084,22.34426964742264
53.87558316042173,14.80745063000873
52.21340999109036,20.48866342222745
50.29414424263378,22.73901373744485
53.49618615361694,16.25362269462151
49.7677185973924,21.58769151197615
52.11405231732633,19.08402670915688
51.69508179388211,20.6218794024969
51.5469010444686,15.89794759448516
54.32944667378873,22.00879320894786
50.76861578188667,16.64070792504413
51.16904614991193,15.07076649167956
51.49314256799779,18.19472517082286
53.09692520651194,14.69142049854308
52.45154641480622,15.93606675210722
52.70755191830101,16.99018203083263
50.93295907920772,21.82877055967069
54.1536762108617,18.85614151310237
53.09879977821151,15.75279084758349
49.74094870947474,20.86226238925904
51.58095826710584,20.0754281044551
53.04388498545801,17.11531947284123
54.04610741139892,21.99393418096651
51.30326332560247,20.45716722998592
51.94843558833713,17.98678768960488
50.58087884665512,17.53901068551685
51.4673177624977,18.41731351444949
50.4275443844156,23.15582103206713
52.86441719179277,15.28359265150024
50.61218612967175,23.17926032977685
51.82072958984027,15.32666514478925
53.15764375557812,16.65694622250093
52.7090733796384,18.05621609041619
51.47237742920344,22.46494155486803
53.86421475891562,18.32381151771206
51.57874387791672,15.35221332421722
54.1782214349469,21.58130770517534
52.08694860443472,15.51437270580893
52.58803901530927,23.40943564711428
51.58565379664356,20.40664671916651
50.61243940201322,17.01726736842792
52.77353206846635,20.58288507611477
51.72316050457035,20.73307433564737
51.73020199295106,19.85869263964874
52.68435421351705,22.7401463617831
52.7759071291696,20.88221128717413
54.11443656368569,16.36201079694796
52.61662749342618,23.02963034808331
52.29038540368555,19.62026354906533
52.86663679110391,21.31240157155611
51.63434448216858,20.14022295038086
50.33772209362779,21.74580339297707
52.81000038530587,21.71636090813888
52.72658091973268,18.72825421579806
51.81423955222136,19.11880447427491
51.4023671304629,21.85467376028893
50.82813085655346,18.2122561614933
50.0085546226605,18.14711656176583
53.7463113046111,19.13616318366871
50.86374387456713,18.31236632955619
53.36875887954256,18.93735482544982
53.64202045378355,21.73572437176827
54.16481910815305,19.54220027782024
51.58931804321497,22.37585657610841
51.6947398745568,22.25240435213411
50.90943199076242,17.19306109835979
52.91532751832721,14.42640842020794
51.60358738812437,22.27704661647725
53.8461325232315,19.9723672176524
49.90879832186742,19.18785844060868
51.73191213902189,21.26089034345791
51.41545586170199,15.48790839568638
53.27306130022259,22.96475607315024
52.26843007198541,15.06510012675742
51.29634654561286,18.00612988461271
51.83571075288295,18.53245599368548
53.25340292384289,17.56652905867188
52.45003540460873,19.28388153989108
50.29331416231427,23.34422111458989
51.18575189908628,22.69021536521036
50.94184733650793,16.03937503252111
51.59718459230655,18.36981911390662
49.4906479905211,20.95974217788176
50.60892981936832,19.40610103230192
51.02349063181176,19.79128819867189
53.56690492493394,19.50783322456137
53.47150860575136,18.5094309097183
50.75117142126743,18.28548636500226
53.4779814491504,20.95441135322103
52.65501872453829,18.03953583144506
50.56392484532628,21.83666450739973
52.46197610106225,20.42532327913166
52.62371297309196,16.69954710813786
52.86676466765518,17.53318039156814
53.00390487161064,19.28667640170888
52.14444179005168,16.12815956892924
52.14931519186562,17.22230137769067
51.6279856495235,16.45009216717884
51.36690683751097,22.30936068435805
52.10134482716051,19.96443339993156
50.97646834165201,17.12008926148371
51.72327947479499,23.24278021216493
51.29970733806179,18.08585685198619
50.22352043217555,23.29484642714377
52.0466897929505,21.7391177450832
51.32475220351483,15.08201691402651
52.21272387805671,19.32524240811936
52.60544849600122,22.43312013763823
52.38977166834135,19.48210078974703
52.25499815419271,19.57740220701352
52.11190317772451,21.33047876710995
51.43008978423381,18.72546871867679
50.31814991860569,16.65701204922852
50.34397119271878,18.23484527111176
52.54527333698374,21.67999688944087
53.9869163822019,20.60120720100767
52.89595347113146,23.69924835075272
51.56336292559772,23.02016682150244
49.98894384746778,20.33975972209957
51.71697435253547,19.74183505678369
52.02577243967938,16.63297214832384
53.24788139734978,16.57642209731133
51.65521316967155,15.23231279537351
52.68067351696173,16.37474309836778
53.10891604284917,22.58920044364453
50.35592337761683,19.85350538319807
52.12992476073055,16.14618887360794
51.77642225614498,20.41317962086333
51.69278874228073,22.40827985831686
51.9654512507914,18.17904032632265
52.96786579059376,23.81780985935188
51.60940210034928,21.66955537018609
51.85259762567566,20.9324284139761
52.82090310487136,19.5953167752737
51.22519288581966,17.29593221974893
51.59685328085632,18.84471757850702
52.94482427156388,19.98564907824795
54.29916444887316,17.07165842395889
51.17431266964181,15.92469972780007
51.57249943899888,19.42952766085351
49.78540168922076,22.44405915665503
52.44314897762278,20.10716013830456
51.27104681399814,20.29244100992198
52.72810919229698,17.06011508383707
50.50763254496,20.30384304729649
53.80018730660202,22.97460756980341
50.50934578590478,22.1947066292016
52.12955075769161,16.27233207249034
51.24953016191999,15.79043629080169
50.89106665717049,20.199876465936
52.55602487734952,17.83046299729732
53.67790922195079,19.64944102723092
53.55396980703193,14.83294925863137
52.96263903463732,18.54971028846021
50.94904275701894,20.22067976724236
51.60262343967627,18.3962592156381
51.09293669324858,20.88032431558243
53.0649884171447,19.7851338384684
53.90813682352641,17.36395267359474
51.70654854847394,15.31982406149441
51.12147184463821,21.49189731801469
53.93219403442357,19.5450442453455
53.16022401739234,19.44287495088458
51.26666625638175,22.09347384369051
49.73126958395653,19.66533957069257
53.94574186983073,17.69269273602337
50.29526203688177,22.88539085618372
53.38746080995245,16.47499228929929
50.14499462533092,23.34287018537573
50.62378496394815,18.20631843183475
51.63899953438788,18.06875822568496
51.17639487351787,15.03227370432639
52.70661419322318,22.63079649959079
52.569442473693,17.44163402881427
49.76845901302803,19.44276673415974
52.29044543348463,16.01100558324336
52.92911796917049,23.43722463740422
53.23007552740646,16.11042750237247
50.84101104125856,20.84204843836185
52.37225585290105,21.77833199829597
51.59319234522344,23.17811690791577
51.83368022265053,19.99762685872799
50.19997493765849,21.37836151096247
51.95840111233976,15.73178601599831
50.50085588452846,20.43258103127678
50.34669581995057,18.87346525609016
52.11075134798905,18.4556761603038
51.79834483317886,21.93702657902726
50.85476288675748,21.2476201272066
50.55138907912038,20.90076020117267
52.63019404084419,22.69820931538219
51.69522049554785,20.37930375980284
52.81480247448607,15.76704524309022
52.37436027345732,22.96469425793422
51.63512049949754,17.20771428702491
50.93117392476321,19.83436283862049
51.04168652258851,16.63318536645759
51.46617742897327,17.78345013828986
52.3759793424213,21.9601036389286
53.58917824023724,14.54706922430901
50.22467356998341,22.40096850581995
53.14870357820929,20.86422033006354
52.02896995875677,22.33270329773534
52.14873425152745,17.53981629979376
51.11098591495455,22.2409418164609
50.69761783188921,21.82931679179612
51.0349188223009,18.91565972670491
50.95656119913196,18.05468711240874
53.02578050839742,19.82347145948812
53.35138461714092,15.20125788864305
53.56636850730098,19.81330269054033
51.78508688424722,16.95935567288994
51.99158054460457,23.39983876355523
52.41980507436965,20.39043409112579
52.43967720257182,15.36258318625774
50.41486685603516,16.70563784400916
52.88830415838838,21.50328738824033
52.75375635369787,21.57930847042649
51.27398915321314,18.5846200527399
50.48248009806387,18.51013935596525
50.89889376304733,22.07319793770143
51.39265404261116,17.35753923607113
50.7518207066579,21.89970816453444
53.6049864907928,16.87155004820183
51.80823491482974,17.44948955270252
50.10019145271391,18.22351772734706
50.36453848710775,22.68332837541256
50.52080230505486,18.53312231178953
53.00227067724464,17.35938543961955
53.04185885172618,19.30632878812428
51.99854386424967,15.82267556780141
50.77155159448562,18.39332011225515
53.59970763101158,21.67127137047624
53.28028182239896,22.78033408069042
52.41795669204458,16.13193627756854
53.49837272807962,18.48802491660454
52.03895484693098,15.60607651538239
52.88232537541368,23.47881415722633
54.02680616199184,19.67423098347205
52.52671635896712,14.92820825092485
51.48830327824049,16.59245834727507
50.59368134372548,17.11281279209655
52.38638421609621,16.81435632099792
53.30008006284465,15.92236215020684
51.88171281606622,17.58683948910472
51.92117581561623,21.46173644166183
51.8145940896057,18.08880385068268
49.97123151527195,20.32168892864801
53.86035947899552,21.60552004471546
52.76960609875258,17.23132753581722
53.64340122217011,18.47393344605978
50.07389479182043,23.13091293082882
51.8459553966379,16.06601848814317
51.91474738417054,16.85006351765924
53.13481366368823,19.69034289304163
52.6813103342185,18.18050519951399
51.93215246351471,18.56548715317195
53.24430890393235,14.5605196900142
54.02269048706322,20.56979932998667
51.95592162312357,20.59706712828199
49.79095187241029,22.8581918989555
51.18023222920068,20.06056756649519
51.34485022413639,21.48769453531352
52.65069410255771,21.30762924913526
53.6074075769644,17.93764572603262
52.31935521125281,22.6903831520698
51.48052752824165,16.56623593676162
51.49295495888993,21.27513758346431
51.14527166529199,22.46578003207365
51.26450826656229,18.42457420585485
50.98055411956365,17.0360490356754
51.07886265811258,15.65183771448812
50.75076994049623,16.94940487983781
50.55606455336343,17.62582467810038
51.47147354446676,16.6149922945097
52.29295758536828,15.36662724121143
51.85137767610428,16.53827124824058
50.44134061274923,19.27096216245752
51.0498118684691,17.62898258318831
51.65367131277837,19.41208244654002
51.05762066174342,18.54722486684514
52.41744142637685,21.42604589110563
50.51238641300746,19.35531138018676
51.83135375012657,17.64154008249675
52.19406403616178,19.40033788668414
51.76942919371209,15.17214085851913
51.283144492717,23.18555048460288
50.91757601189126,19.30084003151673
52.21852043020639,19.19084634692407
51.26994835400196,15.06740782960913
52.09779940065526,17.26072475639635
51.66042411002708,15.24159559807678
54.24317939923881,19.52487154940532
53.03946524365602,21.31972494152779
49.6860483663502,19.81662965654131
52.79658906975913,19.74570171596375
53.89371327130244,17.76210724245059
53.00889187333808,14.97956453220369
50.43262805951492,17.51357666407535
52.72177406589232,17.88793088388967
51.88097136786528,15.64334308428629
52.173172411359,18.34004968167589
52.52173992481837,16.50169248970268
52.15095935893972,16.4320329048915
53.69298940174929,21.2871022313349
50.04569191716516,18.77458333988444
53.14560153662087,15.3788113323929
52.69079630335965,21.55996277862043
53.9101081235442,19.17008250067061
53.32352934496686,18.62092829380396
51.60275207956526,15.31544611115044
51.67726938135709,19.9183158779394
53.57803460168168,21.69758485781701
50.24830900610618,21.06234150654847
52.88534582222507,21.63565362808284
51.1671881353576,23.68771926498999
50.7459863761797,19.80713914415804
51.34011948962143,18.26342940454407
50.64880478098915,18.25484579518564
53.38700361160532,16.57398417559265
52.2611805697973,19.53106246627843
52.6913783495777,19.79723199877326
50.68871132325709,22.75576890925303
53.04750609039247,23.63130633335802
53.01657804384828,17.66418519252485
51.61812172254844,22.18244269113532
51.61156567332333,17.11443014648981
50.79298702209365,22.41686655843325
52.23503400555651,20.35932157060368
50.12384804714851,21.81966956456201
51.99940845517954,18.23025406796505
52.48225763559157,16.65866624326726
50.66309741121134,23.61940778017853
50.92103846558295,23.5310198911641
53.04864485728353,16.74714614252291
49.96669427521628,20.10732369417202
50.90794927232167,23.89569318190509
51.95415730026603,19.95440688069728
52.21592457716494,16.86219558234999
53.82195480428631,17.04840704076936
54.11672091224591,19.85575287102867
50.24667970381911,18.8184995161307
52.13668980150018,17.688066676564
51.26329801389043,21.05389378141358
53.11182465312275,20.16859886514097
52.6527434891807,16.49909002395863
52.73649283174286,19.80129047486797
52.57978963310578,21.59772539041769
50.14342710101599,21.97935683576827
51.60579551342477,18.87910071746676
52.67203550944966,20.12348093281007
50.92668375381827,17.80991085236183
52.71849450017821,17.24315328449227
52.47355866559667,22.69892136183655
53.05422908805561,14.5110832540966
50.21422066065687,23.00788783310526
53.81565574445933,20.4310105834919
53.27276214491591,17.55287756216205
51.87855761725223,21.75976560217526
50.40847357502415,17.66720076827463
52.50026028915153,20.82357896813035
53.44385238929046,18.44155497739279
53.92706628961254,17.87129205527257
52.87596216802051,21.4045435903514
51.63310214920639,23.516657655369
53.5243705808611,14.93353674564299
49.98615913045839,21.94444382599909
52.41770455186446,18.50246667541502
52.46432292428092,22.20103961961563
52.79085470020006,20.69268860328114
51.83033367532715,20.08961096281597
51.21034424208247,20.40484437069907
52.80237916487842,17.24322178660948
50.67595735780433,23.18020245514529
51.54953287521154,14.83821468116487
52.75982763999136,22.01392654097955
50.95855095396205,21.70436468835395
52.22609237459448,20.53567714215847
51.1072173444861,22.50176881451526
51.09622660893012,17.52297537501002
52.63027955800453,20.34120717864945
54.2927100717806,17.93935499187736
52.82495055669472,17.65102427755114
51.38173695762132,22.08190603193792
51.51637591018897,22.58833284378727
53.04469558523751,16.17873351829506
51.41600466276188,18.05571305232647
51.18980594301116,18.66813368182559
51.76681193952187,22.95782090741466
52.01376013240314,21.52193580714411
53.33319385413661,22.89192045963271
51.35173258864688,19.28743993246561
51.72660409126599,17.63868490084609
52.39515182620092,22.53245697040354
53.72546276438779,16.38864979837053
51.68904601322127,16.36006818484313
51.35162017631308,19.62457896036625
53.22432857791751,16.59513252054766
52.13448046176049,16.4412980412302
50.9815238487618,20.56765815875193
51.6199482958083,17.53103813354975
51.82884579567316,22.64334754642115
52.88177670506136,15.36123786340123
51.75510017310391,21.44350661073817
53.35724679928042,16.18375813037105
51.5081570521139,20.06007621664469
52.13761091171814,20.70296502705418
52.56367502289478,15.63662699936194
54.23901243159161,17.1853794893485
51.97748681410535,18.4247264490253
50.29099596876976,22.44313971147322
50.89579332639219,16.34827443578451
53.92146561815787,18.35139832103345
52.02817886355552,22.68797504138034
53.81639920514319,16.4670880742391
51.64402340796155,18.00994162598887
52.16783554013903,19.11965078231513
54.36889381230248,18.33904829928832
51.97952379437224,17.04107970661609
52.54180223376915,15.58645487633809
51.00947524583116,18.55573030864917
52.32206919308729,17.53196030935221
53.89314275095699,22.63503801537014
53.13534836215904,23.89170138419577
52.04348668967806,22.30545149009124
53.66482842029958,15.68405870802628
51.57437841970259,16.97361465395375
52.33294240432537,22.85469220802446
52.44931977399197,15.11196740129456
52.73063509684127,18.70667241432078
50.45698085612101,16.58650430128228
52.7471091117616,15.5997009457888
51.29570518188574,16.93618946561974
52.47994688421665,22.0909424295849
53.58349021257021,17.39090165914173
50.89080945083977,18.75821536952878
52.38018410790993,21.3852213486641
51.77438759918447,17.49899565122217
51.0088551826157,21.92560287929243
50.34545982315124,17.75547997218672
51.66765834938427,20.87372247197734
50.77645707933245,22.09154122659554
50.92151685136145,20.28867197504208
52.17555923113503,18.70410746436711
52.79962456932461,15.57008236566902
51.97811951537445,22.03765688190257
52.60873964240759,19.02988714843026
52.17638178845255,17.65061115976693
50.04765021750545,17.81584110511367
52.20539433799504,16.65851544613453
53.16264937886432,17.24368149919188
53.69144965821659,14.86850382881922
51.78624812665394,17.3772110208672
52.05776874217304,15.9818084019282
50.53461616184242,22.59545750015807
53.66396530717429,16.431422225348
52.18650364576053,17.00989073761136
53.0176579938136,23.43740338839192
52.1320841971994,22.62621067636326
51.25840286282158,16.92851256393736
53.79979796308673,21.51446935791005
52.9515633626001,22.55794238301312
52.25966562364352,22.66988077167817
53.65866501832368,22.67423366138468
51.33779838299003,16.32576981406974
53.02085337183589,22.53823708889951
51.3339947018104,15.09099751941167
51.53177234330239,20.41806400939907
53.63111160022417,20.81117977590071
51.47718647353962,18.15896958787949
52.20760356680337,20.75264406583821
52.45989430550493,15.44929492360951
51.92978099414687,22.39231141126607
52.7297878728552,23.59347686218236
52.46743191541692,17.6721239769969
52.67704387866301,14.48390300423814
52.18925549233686,18.61803747978567
52.72633079321002,15.09322642370216
51.14620711255958,22.33361475497742
51.48059968053546,19.05458416269775
52.45489692404931,15.84540085467965
50.37850133654157,20.93389542792216
50.76817869098642,19.85702454165832
52.60347861664086,20.03643091363071
50.92920892668276,16.68668313313916
50.34397960966957,16.77664479271193
51.53222973807181,16.21573587910403
51.98638143651704,19.14502327078137
52.66317337866621,21.20445040867003
52.82247741002929,18.2102577306516
51.47626011130186,21.0841052073415
50.77431990997351,18.26254306583198
50.75043292423518,21.12604548899702
49.89926666158309,23.04062316341493
52.26205393671223,22.71423098827412
53.04384618421641,22.51129955111044
51.24321873232935,23.18523382341425
51.66081933873105,15.75346330384231
53.10975063363242,23.77116811200213
50.9258567556118,17.70362467648857
51.76837025070093,19.55881656391986
54.54284745712806,18.29806710534865
52.9807991753609,15.33355698176526
51.81501375026156,16.83966900092418
54.16157379940721,22.16481095982891
53.33977127950747,19.07536649912149
53.64456090628713,15.62376946185633
50.42042883099777,23.764673641259
52.55586119243073,18.6171638681354
50.66739964762743,16.41964408567062
49.95081104609955,19.03857380208213
50.44903638651849,17.40577332957826
50.84324082069435,19.74553936791266
53.75496143210587,16.8442921396396
52.22064738922875,21.98911893071677
51.86294490659137,14.76050274927411
52.6287555765814,21.0308629544373
52.75675479392866,22.91966354819739
50.99323718986327,22.14279527582883
53.35865278262158,15.27474099845734
53.08454926146406,23.3559186040555
52.89615304585029,15.46023968840778
50.96010499755435,22.13693566888212
52.66760734779014,18.4828310777342
51.50473355078632,15.53699259613096
52.63661819020439,23.61807981945755
52.55983123390646,22.78608026985301
50.44924519006656,21.16347998505953
51.83117933309644,19.88486065016165
52.32430625015372,21.49381039253911
51.80428963788376,15.08081777043919
52.34825182477264,16.03264288763204
53.23514301595637,16.33048756269976
52.52048088383233,22.47777483772546
51.32340455948329,20.61360314164955
53.11322397733584,15.74124863885887
51.80873178260988,16.32884754777801
49.70471734774797,22.75481164993212
51.11368058381472,20.6469912529019
53.5133541602101,22.90889793887651
52.33735018023543,18.97180765580189
50.31386593534084,23.53787960118353
51.62409256348359,15.79949101946036
52.51469974289452,17.82661541115569
50.9531773441588,16.89211835590817
51.87596530230356,23.22495221280742
52.03482765822098,17.83324263356342
53.47500063798665,20.18250391873123
51.59323950125503,16.42264001203677
52.00119335826032,22.87543307671102
53.78017980888875,18.00443257201378
51.10049153037455,22.55514589256109
51.0298405753725,23.89928180520278
51.04620046508701,20.8850907663346
52.09730820486154,19.45153800564404
52.43960888740148,15.25088349270576
52.08192785376025,15.60463914132695
53.28113015549348,20.89264860850829
52.97747054654781,14.5446004692001
52.70404648867142,18.25117642064388
51.39146770863908,18.19160010307101
52.76913256727275,17.36241618850955
50.29005599149401,21.40927076472897
53.7116263528705,18.38760556906717
52.32309108947442,19.02788871351951
51.54202143343554,21.3151255034374
53.01799877984612,18.62799505663748
52.8891923958864,22.06175056488645
51.80268539322012,22.01608605537027
51.87664345490298,21.3031949003922
50.7434587378518,17.42597388015378
54.42662489897893,16.77528528088063
52.924917202602,15.78568048121176
53.27594959246017,18.66468150892105
52.50173267922834,15.93528506285026
51.98155481990743,21.28785616214953
52.27624085065382,16.50325284428518
50.62015238054987,16.58421556970649
52.03738614618108,16.38205707428346
52.92529248428664,17.20713287320145
52.5064304883693,18.19687501698549
53.15772008295586,19.35156508529125
51.18331088413599,15.88084361878224
53.71102368809392,23.0325252600843
53.93733492939255,14.67615880615759
53.09445857542045,20.97236827707543
50.93240417716999,23.98307223141919
51.33726581487124,19.85570001949975
51.14618229724289,23.80661593141892
53.59547971218341,16.09440281957244
54.04950852665934,16.21962126053475
52.42267745060104,16.01433876150191
53.90065293503007,19.84490412450567
50.47356930944943,18.98538979435705
54.35565090331765,18.74189249722618
53.13272151817448,23.55730690821658
52.33900368886778,18.40525094656105
51.5856870954952,21.81999112878961
53.1579194991956,17.62605233159952
54.20340560485814,20.28172006307389
52.86164956408783,15.03477158388049
50.90895466637736,16.71863156485655
51.41325974460371,22.22984931789086
51.44566556501496,21.41740093633101
51.31996059913106,16.85333871124249
53.29803401396173,20.57563137622541
50.34217256174988,16.85392540668764
51.71391709190914,21.21211968220605
51.15723194783172,18.32547824320366
52.78381195815227,22.21851614142351
52.64275491065352,16.8895871449875
52.17119371137024,18.41969687511252
52.71556858958029,19.52394316511504
52.8367293761759,21.16540371803852
51.95466513023879,21.76537169536813
52.49610978128802,17.12478086536141
51.88053337314659,19.95066727784301
54.00846178388921,19.81369958442631
51.30783800868008,17.44036907892186
52.43118619152618,21.88465809041856
51.63532846262606,23.06480404710637
54.00008263941006,22.47779834757735
52.83305816863493,23.36563888854586
52.87728678473943,21.68580901398614
50.10766075576682,20.88238771648931
50.32026938451094,18.32998569397888
50.60770899770608,20.17691895358199
49.83463850075719,20.64630653797049
52.93441944247709,17.92988569159448
54.00466078233431,15.67369560699565
50.68930201327223,17.43538926324715
51.77889237201943,16.390755422545
52.88073894684737,14.8063237895315
52.02985054020511,14.87855402441868
52.68928261575552,18.34166558560376
51.15547655258921,15.96483694717573
50.97943154354688,21.8939652014881
52.65871095356071,22.931652002482
51.06690689730238,21.86568892321675
52.39365141890168,20.80457160314796
50.84202798184702,24.02536915488602
51.97555935655038,22.73436339917835
50.93628102617743,19.90686122234498
51.41878775716616,20.49689411656304
52.12335670615407,22.75475766363438
54.35949469804073,20.26936533254279
51.40704097753245,16.62292487182542
51.22330684084789,21.56650962187787
52.5251528469685,19.36200184547004
53.83471431309503,22.26084609038295
53.61818328810238,22.52023599734096
52.35590863466729,23.20259178306016
51.95000593289915,21.20115375729746
53.05690612562384,22.88965972469864
50.98582278017211,23.92785281688014
51.5938148583089,18.0143725891412
51.34036315154291,17.78765820207705
49.76886199414751,19.30933929643323
51.38873129770573,22.85736200174007
52.87624026911389,17.64433155980988
51.30412599237272,19.97175449123655
51.43701487848319,16.51267230277063
53.50088095892714,21.58245003524469
51.05308548320661,18.12789766229778
53.95168326807774,19.91166473841164
52.7653800162619,19.59756261070449
53.94002981852082,16.35747796160695
53.30093902227068,22.03225690581713
52.27716097396392,17.36453938650889
51.70252480140176,23.41208946536759
51.19266471878557,19.39690848644279
51.17216304456524,21.3891929189567
50.96459457009665,18.72980233996294
52.70204879355131,19.83834194646467
51.60675891713753,16.16499702036246
52.55237065154809,16.50715405540194
50.24817245486509,20.14982174499104
52.23874825264526,22.78947564919789
51.7922621507419,22.94648988668624
51.5448787733447,14.94528925712676
53.60830027337153,18.62567668535473
53.60063734184676,16.60623430841945
52.43861506740825,18.9054901616914
53.54806802333903,17.11732219125403
49.44065268885489,21.14656380513273
52.12276376542597,17.44219376978457
52.13093094288045,20.05961404399327
51.9789937400552,18.63714004102528
52.80282542863646,19.46783626094353
52.95401572879155,19.43181508296002
52.16604924577744,22.99908865975505
50.80076960214073,23.09339026901214
53.31681367299426,16.60018770290682
52.05037665623966,22.3854886663594
49.9596081813967,20.37258917600515
53.88211935762867,21.41549055122151
52.66371768764422,22.63858863729084
53.06175191114777,23.32044642532837
52.89454813954888,23.4691611447328
51.70846544692293,18.89464454272107
50.65117013193132,23.64369994244957
52.94901387796862,14.9765723779252
50.70653970911196,23.31160657313232
53.3213590683923,22.60141943412085
51.500566566614,21.70362040043565
52.8379695417692,17.41801860397686
52.31003589361541,18.14161456112698
53.22213407351932,16.04433755135167
50.98139333043952,19.74391854964206
51.64393116616269,21.75688951167171
51.12451492965177,15.33021186194251
51.65959195794784,16.55750638947567
52.8458016852247,20.09338382448644
52.10447995277917,18.34348839184706
51.67627646399686,16.09570146353336
53.10998550852462,19.188827966442
51.08314514113037,15.67648315489825
50.89611664796544,19.87985096785404
54.05506205236848,19.33631897144205
53.37480445845718,16.08847786924058
51.84593672275163,23.06279960248035
51.99093321466637,16.86107768779764
53.95278121936548,15.41092822833962
52.64581474941465,19.89504593879716
52.08285377842215,17.09728102595606
51.22200408045465,16.828633042667
52.42110513056424,21.27929111225406
53.89598429418514,17.40399165401954
51.11216349761877,15.36132298274659
51.37345101633816,18.78610251613394
53.4195376160779,19.44682473821868
51.38832241876308,22.3690239145108
51.09411181672157,18.64581470038621
51.07206263527167,18.10998349511537
52.23422156535649,16.80913461820202
53.28598833827915,15.26062909653008
54.2061737882871,20.23690552043281
54.34432420935122,19.71524757451714
51.56600468641725,17.74420253199327
52.68522124876824,14.94445846495007
53.45694902371778,16.10869427457957
53.38968275998018,20.28705578759767
52.46629001501332,21.34759126964224
52.68410204976931,18.82639897397347
53.14963749400037,20.69140186078618
51.25660108876014,17.77962321708275
52.34680951354306,19.34880062785676
51.76441952162935,15.86130481458801
52.3687429336059,14.85473511752218
52.30780630954268,15.64106245271563
51.13185641867422,17.41557224893178
50.91141296729766,17.27349497837324
49.96993089251951,20.23672110302865
52.00720855908538,18.43687929550798
51.70333029659863,16.65761866887509
54.41565568946182,19.97086464076851
51.68221179648305,22.31702793457404
53.00194858484396,21.64852954460805
52.80477611895363,20.24417723637788
50.75127907199062,22.92997065045624
50.96608763819166,17.47237095304328
51.81888255216436,17.04872559103837
51.82125404740577,17.68443729058562
53.1268918683711,22.57389277021291
51.25235318734176,15.30126757047612
51.97031748952267,20.62672346076398
50.78709396371057,19.19960954499405
52.624353262478,22.88405999138203
51.21916652973651,16.53669864798348
50.3615636975596,22.60754587514431
51.77566953839205,20.75480586948368
52.58826147052488,16.81628414658767
50.94212467028859,18.32418268611735
50.28367774591777,19.64750795950948
51.56172214596496,16.53457969012559
52.58757745572437,21.4177032144283
51.97880927455528,22.89355158330347
50.56599436065341,23.0089075820169
52.21085491068737,17.14227131903368
51.6574281146368,22.09024351590474
52.92737217804982,14.20430196261573
53.37968021090717,23.35200736348639
51.28686859988383,19.8575678454679
53.54358044316972,18.917393599552
50.42360727105642,19.63661929280003
54.0219064458264,14.9309700221398
52.82910802597316,16.32249433031473
52.42572407244579,19.90718767225874
49.49877390341273,22.63435608143698
54.28029352168258,17.73018085968166
53.5092123497628,15.47671765322681
50.99376754326591,20.93045797128886
52.76790080623793,16.66267674073395
52.9835015266002,18.32476665865955
53.04629477305969,20.70987873877519
50.20626966542613,22.21725716065011
51.37917087556026,17.69375915040895
53.774405673889,15.56522679007811
52.87802808724685,16.18025623666047
54.08775674675719,23.0856046732104
51.28225167807683,21.42289509815897
53.70181411058984,17.69178045047342
52.4379996342071,19.59347674621663
52.83949912423627,21.72082568193944
52.97427021881666,19.52656670637512
51.20628431469802,15.81822633095536
49.51558567499189,20.64530441064477
51.94821149117204,16.13636360488615
52.36575828750391,20.23794675127291
50.45004440505615,22.62391111383643
50.46404605584379,22.91782311164781
49.65306585778489,21.86426261281414
52.67553681642902,16.50297659980706
51.17124191583302,19.94403422360328
52.19789757596362,22.26206885546132
53.293918481598,16.1906961190939
50.49397368932685,18.78538907456776
52.95359791210332,19.64315856998181
53.64864236406581,19.45931596134848
53.07218115024339,19.86861709165229
53.02324731035777,22.213112119274
51.40569529130668,17.12480389210395
54.09303555430105,21.28330069261935
52.52939321331427,22.64144415598849
52.34747928538001,18.28864419135567
53.63902269931532,19.22870181569622
51.45637646507033,20.93580552604537
53.8263177867791,14.79547289916235
53.06405501969027,21.38320262594024
51.80358812082591,19.31135177654284
51.55224878721296,16.96746085322522
53.58115766579578,23.24412839135532
51.78053985666688,20.70748864750341
53.2802873957977,15.21784400976827
50.56179346745229,19.30906164786899
52.56338356032857,18.00232913834851
49.64675094176096,19.21986432398101
52.28346018515973,20.36201263687809
53.76406863950711,22.30498363397395
52.64961234295015,17.61651073847109
52.93408829835593,16.12242643976036
52.03500213953832,23.39314377315877
53.91651638519769,18.69364300513419
52.71351188346607,19.62686533665978
51.48108158533545,19.00598779686821
54.08161952667042,22.66347353026612
54.24828404602134,18.71170732531357
53.99977940737591,23.25706173072096
53.1258204041254,22.44049062458149
52.75061955743789,17.1110667446284
50.7886355502859,16.1336129868126
51.17302039636066,18.22320392335563
51.27370190842566,22.07540431304192
52.8555511000359,15.77567714926598
53.26742626210603,22.06092926825471
52.61293139486395,17.44566896300083
51.89968005702211,20.01252716960641
53.08484213431207,22.03882881602478
51.79051344399103,18.29013586019209
52.69575190531616,23.23800524956216
51.42368152568975,20.06095897543057
52.51490131273331,16.68941542495521
53.37842398455557,22.7088967715093
50.9087239800075,22.80434107772292
53.01014440066484,20.61581687555817
52.61593338083136,20.09835225577181
52.60285222872579,19.08137767239771
52.21919397348411,21.21298514461576
53.76163890883918,16.2381484517159
49.61328112794594,19.7536667325034
53.56440232151059,23.22016465103423
52.45255030443658,16.36064194418416
51.76927581274817,14.95508259255788
50.10745680906945,20.67069144908348
53.94791681401897,15.132465626927
51.41174778218538,21.11035011360816
52.03425519115338,18.44845806163962
54.169291710123,16.42470368043707
52.75792672101132,18.53126195517214
52.85775703119764,20.24910401585147
50.72960003917238,19.68918450451263
52.07126251011306,16.97360525955113
52.70946890336176,14.57569425951685
54.01290453287712,14.90923396889945
50.12962525816213,21.12683762863654
49.96814771812486,20.67843870372241
52.67848870862415,18.3135061623383
51.12029097044424,23.44483064727258
53.10980302462804,22.11552897342671
51.90337964571517,22.5922540871247
50.81105367553837,18.92711009118716
49.81381200691516,22.91338749268122
51.45309125387275,22.67385416222106
53.38115104686531,17.629789040042
54.32376175666433,18.09510301999402
51.86331288637203,15.63255618335162
49.49529747196525,19.98352780458253
51.00756149034066,23.90477945543093
52.57648277462015,21.75757814505203
51.54894421927116,21.22438915550507
51.07095734307463,21.68515931532243
53.6429710063591,17.14909924882507
50.63817369060422,20.44083038649974
52.34933417833411,17.4148985808763
51.50811663135985,19.66295060309259
52.62456984482655,18.38268091879585
51.06264951105005,23.09621604074444
54.00649919941493,19.29611087760304
50.28573851626087,22.57681039567396
52.74454832244534,14.66300556782614
52.99515291392499,16.19968614592327
53.44228848083466,18.78767249834743
52.56830727627442,20.74717325870636
51.49957577488344,18.08660056455589
53.39315065100525,15.08615114993247
50.6058566677924,19.61631436090385
51.64024733568155,15.56916249910937
53.84621299147917,15.70832339136014
51.14601571178766,22.67967164923005
53.37087662333274,22.27828297615166
52.58978094094332,15.95854850053183
53.26143989886997,21.90216568110715
49.87025168328231,22.83457740483547
52.4106755585651,23.01400362966015
50.73287802473256,23.67678565385376
51.15520023371244,23.61188461784279
53.56961180896559,15.20892326783733
52.04511755871052,20.84744156818333
52.5936991070898,17.21724339419932
52.99188680880415,22.17409828582582
52.17046202684278,21.35175647444116
53.80283596903607,20.82487276048369
51.69138346948606,17.45265618253139
51.39537924599455,18.08229165698803
52.39656383664726,21.4448674887099
53.42256074452585,15.56567642519136
49.51513127326072,19.57078951983553
51.98134317271536,18.50643351754344
52.22137181467695,19.9642118677356
53.00095610084687,18.85920655199172
49.80310761213855,20.79248297127517
52.51310540977191,19.13007600706613
50.10385676517136,22.89371434300562
51.90168439844646,20.04532212797812
51.06407853822279,23.88026493249178
51.47438556527809,20.87042786394742
52.01913902430127,17.43176867674917
52.83488060314722,16.56432326310488
51.79649142214267,18.45550962281537
52.17653863194566,17.25642666983271
51.1987859304343,22.74145953920515
52.46865025795982,18.44372491535833
53.39935200527528,16.9697192475338
52.43453561235703,17.23557432272558
50.40054635770191,22.63632506570281
53.31493116310783,20.59631036400326
52.31403626604531,17.36264076861821
50.22374269269266,22.06039562837957
51.00219376511066,19.80478241767173
51.89159310412865,20.53270454805572
53.31931030730797,19.65913249416564
53.45587655619368,19.93728571672419
51.3883925633056,18.38609318390153
51.31881468695578,18.97078598630821
51.40864385661428,21.24229843328555
49.83393146200342,22.83815797184408
52.8066169606713,16.7670865036209
52.42608352627295,14.5699283581985
52.95077715769727,14.63171046457777
52.51657677205741,22.05110022148995
52.66994947740544,23.44109732125038
51.03496875744442,15.42921684521872
53.24259876963319,19.13653286249441
54.11853946934999,22.72321252068926
52.55071089574407,19.18235167040625
52.54379112921513,22.01363047832107
52.39067982856341,17.38851274367079
52.59627542875631,17.02871801007957
51.09893230831738,18.45975610821191
52.39311441844478,16.20497932119079
53.5153411383557,14.89857864803357
52.44523110259254,19.96939704402104
51.18603101006383,22.13894736046424
51.70748430836788,21.05936060407865
53.92194695441357,16.69472290142764
51.62985254208965,17.60981750019041
50.9117682148152,21.10684426130992
51.80697442731897,19.86562193995514
53.78971412791724,19.75712030548861
54.26178794455357,16.66720148900197
52.97148682998711,19.8340030758908
51.29071790814655,18.0445189686797
52.67462279249094,18.01038230601455
53.67245780511968,22.28524364078833
52.02949591627494,14.94460122131644
50.98187714335193,15.97253140232604
52.89497496993271,19.70128225229591
51.07320129086505,22.01728228490837
51.83395600983587,17.38523821105968
51.12123832424314,19.91292971451373
50.73382145074675,16.61813146322524
51.97649802830021,21.00636100340824
51.33424857683504,18.65465320897739
50.50528413647964,17.19385892412706
52.11932749932163,16.89153569867439
51.22116312816671,15.28525059759757
52.5492870116547,21.93161874542305
51.65365036687565,21.84691473028138
51.46862395838335,21.13314412412721
52.12527993409827,20.29699100384268
51.59743884611778,22.24598350826294
50.71179865543969,18.53294328643939
52.00164669609201,17.66830246451325
50.37253417811826,22.46871062372986
52.72695743730499,17.41224340603785
52.91176546441578,17.94947957018209
51.73788827275853,18.56142950306896
50.17644264261445,21.83094660660101
53.89007380378145,16.91039254009882
51.49768748326411,23.51963166158789
51.57039628764262,20.72370836822616
52.4656249394186,22.19594001798771
53.95716587358007,19.76166753240305
53.2805474136484,14.5142728969922
53.36857195936891,20.95803595504722
53.05855034845631,23.50714835034226
50.76564694380689,18.18591314660297
51.73834390394728,18.21496643799745
54.05340148815151,20.61810116327678
53.04934962022377,21.29370516756161
52.26048828987264,17.42202718028381
52.72714358782709,21.92354289838752
52.99800675201994,16.00274006600595
51.20055916407805,19.98207881503907
52.70631636739063,19.70645288854701
50.80784440942172,22.76773744064994
52.37659459243509,18.50492389602969
50.99357262033759,17.06884081821042
52.48479261308373,19.02450972020556
49.30082132170266,22.60370193226724
52.50039779891681,20.20945910744626
53.79413794064704,22.55301102768166
50.2043135238245,20.90078724899199
50.92417449065439,16.25655230237097
53.08041299756412,16.34683731552888
51.86407185099041,18.169427904511
51.32419394257556,16.34535660911965
53.30932451083849,21.03009117079123
54.00118499186793,19.98773416681215
52.94089863345057,19.26390681864754
51.46162690400659,21.66077236670124
51.51701608559861,23.55657730542598
49.6713820861632,21.96583122468134
51.97103032007855,23.28875331854957
51.14932140411508,16.48063564352777
51.74610538682887,23.0083984589371
52.32606588333117,14.98322116111298
51.63675411752681,16.6856005921779
53.72582478844289,19.71863643099617
50.78740504162997,19.76895101084844
53.04797447857757,19.53985442441796
53.28015744723514,17.28804755269003
50.98235668599507,18.84410565796092
52.2162305959403,21.25521219100733
53.11440470046948,15.60186822688318
52.4466014908968,19.84230589229578
52.63630458679482,23.62299137914988
54.07309183789422,16.39424877617272
53.14298084970702,16.85505985097978
52.74413679026881,20.78465523337719
53.12116572424505,23.86471781419371
50.75130702303469,22.09442698931509
49.91560870798431,21.63650711545953
52.23514643167157,18.16519415979263
52.44118904736353,14.73831607048771
51.52586995368104,20.04157255384423
54.06865137755441,16.97823963471122
53.09295189520697,17.01905984490675
51.43072212244221,17.25803306696899
50.78674643378898,20.81573866618696
51.43241460001052,15.37659869337998
52.69224930331821,23.50630996385914
52.95687853204906,20.7124018335205
51.46892197594567,22.41511100431735
52.24165250041953,20.92952541446968
52.86377745543204,15.50731560615415
52.52504903090679,21.74337965717652
52.39980736870454,14.58460126533202
51.46356991346077,18.18566077380589
53.312325422346,23.18657936625462
52.41137341682028,19.38028130624082
53.78415226502204,21.90892494094324
51.53837913016999,17.92784797292883
52.56921495924585,16.35541500482632
52.85104729033877,17.66762349113077
50.14337950456774,23.31649316495297
50.69468820804467,23.23057740505308
51.79660093606034,15.1832682330244
51.28706925154127,20.57359295746108
52.64131166497057,21.83532302738874
52.91178404333066,17.39560966540212
51.93929037253603,21.42416009092789
52.11240810694345,15.26742181637097
52.15238353761419,22.04777176611285
52.69213417701987,16.40565946275056
52.8809554732966,16.81682680550376
51.2890968610223,19.51582988280573
54.21371356801181,21.27203240387804
53.16594878758134,22.87600793957308
51.75411653971587,18.32729765531825
50.21734767218287,21.62823610522213
53.21911742953402,22.54830463909523
53.12530248858589,21.34097283457518
54.53119221055915,18.08859764705618
54.08557585458704,18.12960357923061
53.20125796363474,17.73174932439611
51.43243689035996,16.28578712034698
52.6209722103992,21.00615118837829
50.07649014606143,21.02655792767941
51.25247693835456,23.69682234671272
50.08474607756574,18.06099716068756
50.54973612806372,17.674713994992
52.1380666859582,15.34208711704285
51.15207033702651,17.38208763793423
51.62471810590532,15.50294025612452
54.18676976846325,18.31309410220052
52.50661865307487,16.93734779041045
52.55424248306396,21.10901437386088
50.00919715836708,20.1711411713715
50.26354200608403,19.19084899281282
50.83437729499602,22.37882275563224
52.44162553714855,20.6688422373185
52.8175139838205,14.63695091837261
50.54797102903086,22.76060970406602
51.17969788442088,15.26118556483571
51.69567261119867,15.72506772586768
51.34007959527138,17.40518602123676
52.25869721276456,16.31051917418355
53.13057924023175,14.57116397577528
53.20756393198884,20.17803064168045
53.71650563968538,22.98338739202284
50.5484460184684,18.4277584945655
53.16591496235393,14.92083240830277
52.07923524631308,15.99968771255081
50.52159186455223,23.25956604794256
52.78730811567534,23.40744885946975
51.3936184208621,16.99764958420011
52.97469339529489,22.2034821518563
52.09538638986326,20.14435997292636
53.2962114709469,23.50410697264751
51.52248454958389,19.13214873098004
51.61452051620187,18.13890762239691
51.3943786817991,18.58160505937424
53.01050092248454,20.4850046715781
52.78098732655307,20.54087951271484
50.23347723777845,20.54607550323539
52.62724500084567,15.52653020528535
51.68732008745695,14.8766871481216
51.25711859347915,19.98517955177383
52.20851716053669,14.77592552029878
52.77255321459175,20.1587835766556
51.749172365611,19.3620346997535
51.09355467479887,20.76735488124799
52.2098654091742,19.92852360915294
53.10016413726276,18.12482751333156
52.58910446921124,23.35194095477432
52.91983357826947,22.63399363784957
50.45422020125811,18.87510075869693
50.07017222204131,21.50984953963505
52.20689688418909,20.59889356539118
53.85082678980049,17.06862894152811
51.58762307190443,17.16544412944077
51.72568615333812,17.88127952414866
52.21760074864223,19.746944018514
54.26402182275192,19.1622608176522
52.43123743119558,16.98214241188657
52.2439218529105,15.61828144455725
52.43339470244891,20.63488185838273
52.07005134047909,21.67885013853962
50.6238487684657,18.87325945742687
51.46727940514273,23.63880316878958
53.24638519396009,17.48025904529564
51.61803704951813,18.01545319423779
52.70352632811218,15.33682406101527
52.05569895239615,23.41175561298263
50.97667808814673,17.42382013247143
52.08964099354274,18.47172894100579
53.10883444971958,20.44304500206485
52.67545671590403,20.68163879792695
53.89749427166591,21.11962628318817
52.42215154678257,16.77686205877329
54.11950890476584,17.69053603439432
53.02306714262732,16.89702638452303
51.20191277198741,15.86077148719191
51.82600227495219,19.587257871647
52.00903429996759,20.32476867872275
51.38293933890734,17.2199135415054
52.63061374116499,18.5353732910838
53.85986368001284,21.80399201107518
53.50904962385104,18.99431980683547
52.68336435326569,17.48980464449032
53.65215248390505,19.67581334487952
51.92117989830407,22.52563031269237
52.51177121254907,23.35196905047626
51.44343253440747,23.50526370235496
51.13955012741108,21.8644822187001
52.71754848253205,16.18761500297234
52.1534808822038,23.10819693199934
51.01791348104319,22.2033737242962
51.9105259864877,16.69197535159802
53.1304162435253,23.64815586550593
51.73112642039484,20.96451423705426
49.93459018743046,19.85085739196543
50.57220541252734,17.33595343732872
51.8078714916567,19.51591736112059
52.61324832744685,20.92256747593364
51.16746332571977,20.37844863593766
50.44978558998995,20.25767122253579
52.48054420867832,18.26154567354648
51.47692092015151,21.64680077644793
52.62023966339542,22.67845004384975
51.65173680781271,19.77355142512741
52.22873800577825,17.63609985715617
50.76050952619558,17.88816319308451
51.76028600302818,15.03829164953668
50.85850735004014,20.07381960991384
52.01520820309525,15.94636684516182
51.61138989034111,15.34466195637937
52.66547336063057,15.66642525738976
52.45208604125548,21.77988073087648
51.62619389483918,14.89805544302158
50.72159888267826,21.06379074069172
51.93854433422757,23.53290567360949
51.3129195882517,17.08593110759269
51.91887629411688,15.67020563339172
51.97527202490463,20.91320669199155
50.11819291387641,22.51038713842673
50.96452908137181,16.36535333499744
50.78718588080479,23.46374164493199
51.64237608879328,15.76947250810139
51.04130494802652,16.15687742622575
52.46074993742852,14.96177359364848
52.2585094270052,21.72787531438546
52.14793171925319,21.20963822836703
51.45425007427166,20.11679151800427
51.58283525315937,16.03709645671913
52.7689570457612,20.36346711391234
53.99899999028492,15.89748930956789
50.67652156681088,21.57971749848211
52.84270934413934,19.52493329850484
51.7046626678087,17.91309701572856
52.13406922626375,18.59813263584731
50.89724248011297,15.91249756823788
50.77291517672685,21.5304114129268
50.38443378936759,20.04774647558617
52.24361578466024,16.47054254308627
53.30136338902651,17.04418385940398
49.86354481897113,21.62750935989634
51.17210989591224,23.1323114463977
53.66159278334941,19.61785511265978
53.92883761794677,15.38969032486344
50.58952830639275,20.13905129838462
51.38615514633092,21.18003785539688
52.32198752611819,21.70515854731946
52.75755518877871,21.7199771155087
50.76247398159145,21.19448788460525
50.13115834302535,21.34234010526622
51.84132556228688,20.04071509622036
51.81428189494267,21.06452109581242
52.97344093608347,22.41266788479106
52.74431102319627,18.20755314342511
53.3882828555803,22.24255370005023
52.25514135132732,19.44625886756301
51.94735005126572,15.64643688421237
52.69246137754634,16.95694778919162
52.83842278632507,22.62934498050727
50.21684125761019,19.55624359009389
50.41777465886896,19.42300898878109
52.87186421890757,20.40796458818385
53.23419942550341,20.4531011154281
52.88670762270647,15.8638001593005
50.6800171817281,21.94927945895269
51.90452450707613,22.24779925429086
50.35165243935285,22.07797901652742
52.70065007922793,14.89204590706053
51.86112031946401,19.3845561533353
52.12485606826589,22.8775875556296
54.51438787452041,17.85825459838705
52.02335013900358,19.1903018062872
50.20113839907564,22.71943444363302
53.43184566192051,22.79041596488247
51.78118103665926,20.91984394937678
51.49337186558576,21.88159841640244
50.59490672564989,23.33224215860707
52.37086472683874,14.95151138427685
50.22687055850238,20.24954935317406
53.04847744692687,21.82655549183657
51.24434206535118,19.95132549999435
50.02987281112525,19.63994459431436
53.34065665235925,22.46137001602882
51.32485909659076,16.90184093249984
52.99156156003524,15.42657573333771
53.10990704636894,21.55944891580982
52.08015555657184,18.52422230027771
50.34705387960575,21.16603773134673
52.68430470656553,16.80262200758474
52.45325953447161,17.77939100230204
49.509414612171,22.61637846321822
51.12725441708453,21.2862797899125
52.59259231197261,20.42124276235037
52.14774811555112,16.71165977595951
52.77683101601737,15.80588941572029
52.39064457945506,15.64224274057165
50.94226029753058,20.76945558722237
52.24429347232162,15.01524889315353
50.81416887119968,21.14211301941272
51.80081368582209,23.59050283450518
52.50462618128589,20.90482554832221
49.87351694695685,21.57685984064442
53.63582755177853,23.55059546639651
51.4130546036976,18.87197606529543
51.90623407172647,21.69529243155856
50.81319259743884,18.70154991003734
51.7350062258649,23.33320894299138
52.34691085208392,20.31043751381823
53.83525380876563,21.48758598704494
54.33116175435415,16.84153196384022
51.20118581763298,23.06559058510105
54.56741406465962,18.38403179573912
51.67059033685393,16.6605038149666
53.94501818656848,17.48002244722391
52.81410625843708,22.3502312426207
53.84586170544946,20.62023663818112
53.06529004546976,19.91841656481472
50.29225854491825,20.15969919231385
50.94882821909159,16.7191952484387
52.79679489392536,23.14449328207296
52.57916247672539,21.37134541407258
50.34564725119854,22.9659245727813
52.79062274144567,18.33006309021755
53.58952372995689,21.46166768671636
53.81880333247747,22.09255420048968
53.20897779600779,21.64121821275669
51.88666052916029,20.38872207800944
53.6020898193743,15.73663402188174
51.38318327004929,15.40589728094998
52.23683339248106,19.7330862156312
53.494467409108,20.90384431645183
51.67811467093154,16.46274858029859
50.49503780464378,20.79767694221363
54.1370562695195,21.67519210913904
50.9082036226881,23.86093375460258
51.95910453906883,18.44674907829611
52.83894885027514,18.10233935106344
51.00576252835526,22.25938589279477
53.97693224826148,18.71564795211752
52.14747599798528,16.88961855450357
53.31782305549889,17.28573828889041
52.24846994318226,21.58060870171738
52.8009493344835,20.51957254851595
50.66659974303609,18.91703535751009
51.05919766900634,15.5950431856136
52.2443020665194,18.56205503077219
52.88038740410487,14.17994135692525
52.24160165399938,19.6801221232759
52.45284839937246,19.57870105977716
53.43779737438035,20.59090550723812
52.91920722890376,17.8202797130281
50.83820838545557,21.76288920317331
50.36165528778161,22.0827525763633
52.63797091565895,20.8489644917726
51.91206985606485,15.02354668259856
51.30471381809429,15.17867909640222
52.23327455610425,19.43237375069823
50.412930098552,19.90316216951765
53.92479224924512,15.96217526294573
51.77751572147557,22.30367840855872
53.97198233436173,17.72597993592595
51.41235586654334,22.01399010447856
52.62660829861478,17.69565053499203
52.85906132275414,15.84999895681176
52.76468303505286,20.41652548733618
50.91659735638908,23.06946932027127
51.4139199962888,17.71429656922086
50.76075252174527,17.67241494470862
49.96316506881109,21.70197921925623
53.91306991221506,23.26218835060372
51.66953167533993,21.38791840282815
53.34446807984025,17.61710719763618
50.57579751850925,22.53255555927059
52.39992830429399,17.98925302832271
52.26881284903728,20.72297533877339
51.93936926630468,18.93887407004641
51.81573191985012,16.80920135659769
52.19368208861214,16.68169613779447
53.94196308474093,21.66177782915021
51.49945062688239,22.6537407299693
53.85161356988135,16.23975900847239
52.77667129705682,17.18730989405687
52.22589500861224,17.89047447995348
52.00478826685369,16.10241616164422
51.89731156773461,22.64321909826496
52.74816363686694,19.91963735720926
52.6028299551398,20.54957617028582
50.64024538613211,16.96626602820908
50.72186663649325,23.0836961928755
54.15555289956943,19.96699130926033
50.00990523030776,23.09335107144824
51.06601974904612,22.00419947593425
50.79008419259078,18.15445400638552
54.01013621692265,19.02067598054547
50.56675540553081,18.04726848423459
53.44639061411588,20.46476804304791
53.85630544424072,17.14202423632799
52.35765297423843,15.58014584730666
52.20692319168339,16.37206970452992
52.00717876890551,17.05414313961744
49.98763329406281,22.05165652106075
52.09455225075532,21.12433935538623
52.78397678351688,17.70113086490793
50.84450331168532,23.36821694973118
53.71190514292059,18.72374366072522
51.5828753276774,23.54157315219739
52.77617236036091,18.4849220894902
52.87452094293666,14.92126263834666
52.08635636337403,15.7515909844832
52.00615101089639,15.08472174177581
49.36981839799008,20.12371256791723
50.88137274323901,18.72418717010696
51.74834183431494,20.64711893877599
52.21700025676722,18.28565235301189
50.24044017763936,16.57783447472244
51.9993783233291,16.0333253624607
51.18703724900441,22.39537812736619
51.97031534031561,19.93577537488708
53.49902070718537,22.78854683523313
51.37537330435067,16.76308545321004
54.03854114629359,22.53093457081187
50.68348338073405,22.41803089717271
53.89374291837626,16.98733186009948
50.98641275524142,17.11591234756654
53.89356057415029,17.68784137682698
50.43517019263962,21.21125024983121
53.17378207438222,16.46488947134559
53.09976688350805,17.13381443673543
52.71366059075231,20.69748550894086
53.86384318641174,21.75335188021058
51.36689917013275,20.13426990774941
50.58043434881797,19.2912487623475
53.36263823182951,18.28509303995737
53.62122363477025,20.60216928616889
50.52169997294641,17.80397286866142
51.04229086366539,23.41972308121812
54.50289101000237,16.7395531664705
53.10906404313909,22.87928281618278
52.36905934598681,15.13756739133415
51.32722817869531,20.94316000604294
51.86396683433469,18.72351269778962
53.75427318649196,17.63144395791546
50.66740685589949,21.09660213694078
52.16557531704798,17.74992051222019
52.35150655612819,22.14257106107518
51.46728001066337,21.6957271338477
50.82162666711132,18.45882672248313
51.97517462434499,20.81043343019407
52.1971418282054,18.22513428994805
53.22666973250027,18.39864239291379
51.59701453317064,18.71420760205269
51.49413513776125,17.12249008248468
50.84393599318362,18.49847527661003
53.98073061222198,22.95180664779649
52.07703183242252,22.82220469650936
52.15620108492828,16.84407690036204
53.48051745046534,16.77787621141707
52.06982926119649,15.38947820963107
50.83489225599748,21.2103585580445
50.49563402344295,23.04471572307472
52.61025395655855,17.62922706718382
54.31089033903293,19.05153981319126
51.67878326647402,19.43305840677966
51.50327312588413,17.18526334609703
50.68093603995502,23.26170676671322
49.82346277886398,20.96173483877395
53.85277365735298,22.12522441112102
52.43296026180144,19.66774790028149
52.87253647901353,16.26031336449224
52.53434937372036,14.63814138138936
53.55151257827963,17.33251526796227
51.0837120008303,20.49453500704683
52.74889608786702,23.44553884972416
53.01387331756307,18.81055422468216
49.79109065432957,22.0400283964128
52.72852003005425,21.23067844976684
50.13700527187524,18.15494132446677
53.02035501955464,14.45269910018394
52.85982823052002,19.55502971764884
53.18162261477031,21.70013247993997
52.23460615951444,21.40040456411502
50.75677570215137,21.41549205785681
49.89609300211291,21.48691276075882
50.75562691392791,19.82898641220513
52.95035497943974,20.19574905390808
52.47038441437311,17.40124475761104
52.45297450763859,23.01993394498987
51.90434748550678,16.35849160684861
51.66780892542047,15.71234828891962
50.2103497638133,20.77706048290599
52.61243483131275,22.59137648035856
53.96243040508426,21.47209590916462
53.73830601399303,22.47529169494064
51.83260948883296,23.35984918530506
53.47220799009711,22.95836526034881
50.90704342663054,18.0926781772939
53.43787104474043,21.14622515359946
50.61858282297207,22.22244783015286
52.34090185465725,21.42256137212803
53.34144852276079,17.05348808605707
53.40149666060289,15.98181031289009
50.9292794261645,15.34125790568573
53.67078418295345,23.05201958161579
50.89443719339531,17.03926983109668
52.25566815851352,19.15550377210388
52.37993904925495,15.95873377071429
49.97863479925539,20.74815832432161
52.92191077881444,14.62059908938972
51.0189321655609,23.89879561866185
50.78006975999466,22.89049597796994
51.21231552664732,18.52679476163003
50.93689895364574,20.66942145618295
54.03654023097864,21.2138039744057
51.98341218428128,14.76211588770701
53.90965319818103,21.39535921737421
50.04359857013784,19.86185118784096
50.40281923730672,17.80309878930908
54.32419349149814,21.01818750885
51.81001278587667,16.54302762544134
53.0386813135992,17.03422105369841
53.32844759822605,14.87457760852248
50.72544147931206,21.14241116409909
52.40415392919839,20.75780525308803
51.59418102916942,20.10582977457376
52.5009157713309,21.38051412780427
53.65640747727185,15.0144883691226
51.32307133711415,17.59853498766299
49.88041327397054,21.09925494634439
50.88275845086433,15.55234816812556
52.51089394996409,18.01006336669345
51.21191555905258,17.71804439841343
51.86517439236616,17.05992743875588
53.69208254338111,17.23109807419462
52.14366981053322,20.38980367647767
50.54530848957695,19.48842050592778
52.88272781621519,22.56017091630824
53.6791204181181,22.8220710510338
52.10179729098822,20.65613761718764
51.6734792058061,21.64648892753598
51.05316591821416,20.28018376149527
53.80538120490803,21.68497631015181
52.31434011240457,17.5855726859328
50.62822352667621,23.50587399107641
50.23605744595344,23.1284495108952
52.4572723999798,14.71468552013621
50.70271009515875,21.85137167269155
50.4915879490956,21.38165866412483
53.4789050642536,20.16874617574173
52.83389584863847,15.44810084288977
53.91326449780866,14.60530138421816
52.70365402915075,23.87985549772072
52.86154466000998,21.93103642298061
53.48400051543265,22.75690067380986
49.5582780783844,18.8691238898417
54.3059195850951,17.67071966732997
51.39545799615027,18.97721281381892
50.6695188484463,16.13382338755926
50.98244885598669,18.71569945618328
50.49458221425125,20.69678824761253
50.53431668571444,18.22088861573796
52.55406537120344,23.3703959219962
51.75044624890315,22.63918046119265
53.67728238229674,21.5882819453638
52.59855582998698,21.4126903529533
50.32026216033536,23.39625305461285
52.32539077934431,17.05483931735497
52.19771810437157,18.29712281065439
52.88119209113567,17.72178282555602
51.36916172051217,19.25867885615655
51.31451297913694,18.67295823551374
53.12771047290007,16.16516201465669
53.0208708360006,23.89948731747401
50.93898561357001,18.10977801865295
50.77343281089479,19.29996051198113
50.4392185326938,22.4877814553676
53.84439884495264,16.29618548412034
50.91094827187948,16.1575993675918
49.80905496928799,20.74224086861713
52.1013158934559,22.88375113991178
53.25971509212032,17.91895345429822
52.51949273923614,16.16534838892714
51.52212634998241,19.27086762338024
53.03393018559569,15.94652212236329
51.88473689272465,23.09155155866137
51.41224611881483,22.14763277428895
53.4104324938697,21.24939696109851
52.24187432202326,14.99763295783932
52.62474938252613,20.25757641085582
52.79231563272081,21.12063324307076
52.38000509999213,22.78505389238558
51.76685532004508,16.63920030464983
50.16774589205101,18.60819826544495
53.60012896868469,14.49930582857283
50.65907971986846,23.96678924307231
53.0123686886459,14.71437256378707
50.75345871357806,18.0702401233248
52.29631122875676,16.69744378809839
54.27231829574529,21.36170746784743
53.02696852549443,23.56671235119931
52.7279689331135,22.00120035819101
53.48570138899203,16.79710117100238
51.34139220084509,19.51485197760132
50.44800504248725,19.91075892319103
52.09711519915648,15.54014996152649
52.1534691891877,16.29040389686972
51.1656668300547,17.38836529324389
50.67843610903146,20.61919086215016
53.13619413619892,14.7231050628154
50.99820114953438,16.71952426530949
52.95757388568804,20.27467921841703
53.30375321688913,20.39603669866479
52.07778023440267,20.11911203995498
50.1063676313836,20.11169048023149
51.56206764415553,23.35061893808207
50.92180143197536,23.49982669803989
52.33660199324998,17.0822879899565
51.78518969054446,21.61473711626945
53.60082091688655,17.07771763872668
53.51972433765646,17.3618176971135
50.65238335742623,22.96315364994906
50.62299115476719,20.97605590787054
51.16815413839029,17.52968424762314
51.45750281315736,18.39544653437681
53.26917945672968,16.90499970508284
51.0032721821094,22.52189511502917
51.68465438377763,21.41121470197087
53.45038924883784,23.68851107228073
53.61185422879988,16.81189302791759
53.84339605032456,22.17420482526962
51.38260860667717,16.1047322799897
52.36844427927122,19.62425277309672
51.34484914031983,22.17284825507381
51.67559213576353,19.06665874338214
51.26747645911235,16.74390825256881
53.44423178999741,21.58626720848633
53.79879429995381,21.66083641238515
52.85772503882829,22.05587018788903
50.65983915398327,17.49631516212004
52.1557212990598,15.77729034963165
52.13730366103627,18.19915032192452
52.56269013259487,15.56997356321611
51.3056723829218,15.79859431052875
52.1846107304806,22.02111433193049
51.61123110249145,19.37904458224982
52.57402883443229,19.06134377887917
53.22328637372004,20.77036386319809
51.48895824279961,16.26343421696654
53.86607838372635,21.82010544768665
53.97015330968869,19.87042406241468
52.62232335483145,22.41761957466736
50.74727729034538,19.31765940047569
50.59521288372738,22.02928356533261
51.31948390261286,17.15911517959939
52.13984914178173,17.78134898311927
52.87671541901046,14.37862252080343
50.54490280403692,23.80134849815526
51.48497797188057,15.19704363832066
51.51879511270896,20.34550159351853
51.76562178852927,18.0244360605597
51.6027839134011,19.98680497715535
51.68085230602935,22.42376575879949
54.4075060834036,17.74213455253395
51.31841259753852,20.99092104690195
50.45726849404554,23.36397519641421
51.62233754409213,15.20504948619914
49.67945355789434,19.47655020275772
52.11405926780461,19.22527951614024
52.7840847637658,15.49962893433927
52.10240607760743,20.16762307886093
52.85383923472742,23.84274285374001
53.26962485020521,15.49561657080343
50.54579383967026,17.45825779439742
51.65991322680595,20.19765616208863
51.791102854553,21.50908043017095
50.81613620160999,21.57957972173862
50.22989292826605,18.1277747666349
53.30645652142437,20.66833942235273
53.14591586273643,22.81049126144747
52.21857261524359,22.80495170493411
51.00744407355639,20.27766093662569
52.95689701901961,17.77490175702065
50.19806325355552,21.73104482677822
49.79069969565493,20.14073143202878
51.99598498977961,15.13345885339998
52.02913260966267,22.94637771772602
49.78051481430776,21.31167744821258
51.9172727335316,21.85425978558914
49.58310997244958,21.7425702571039
49.84816427052889,21.19531045687401
52.57405506994742,23.09312646028546
53.80995345198776,16.30920396147732
53.68615280364624,17.92951778943922
52.81604101051217,15.24288489768526
51.30493772897348,22.85760750287434
52.06017857372938,22.36087261931592
52.32521133928057,21.3000941747364
52.38428114459716,17.5807424944465
50.88756806143974,15.62116686099513
53.73949452693747,20.52074993911456
49.5422289442734,22.40276121219644
51.1207220742247,19.95183263581145
53.43672541279648,20.55183028557374
50.4602967012116,16.93863739387637
51.81955528733754,17.82385080550199
50.99087632329535,20.99192872639798
52.88128787890406,21.98515868947127
50.794622060074,19.14674996244123
51.2584997988625,20.06537998964241
52.77296876044625,23.51543298913824
50.37943320190725,19.30493163882466
53.84428583124208,18.30308358583227
52.80447111842218,19.82615122897335
51.1447108456218,19.97269583739008
52.21527376330442,23.15829446132518
52.19923222496814,21.49583825772922
50.70526766866236,19.14205114261227
52.57198330664527,15.45606451980953
52.85392689659262,23.08248712441653
49.72542315495918,22.60692363496099
53.39308757962879,23.00292636057842
53.72366878037835,15.14545856176466
51.68611291900064,19.9546688120139
52.83196789996748,17.04285321556921
50.61466563103184,20.12591598213503
54.01596861177774,14.74275435252549
51.95319176970241,16.47040770330613
53.08219102723614,23.28554996133743
52.17790059608425,23.32028184810533
54.18976092279161,16.93855083839616
52.32347816554289,15.58925629627365
50.73754101926701,20.05888424977879
52.0893186298142,23.25603303640608
53.68687002135705,20.64593554648178
51.75869492967033,22.59058627088729
51.9284701468253,17.66170165660185
52.96623840154201,19.67035740664847
52.25196710785525,15.45274230925046
52.29179027531696,14.82381839982615
53.36441848756517,17.17048821824142
51.72803659970251,17.06701094506806
53.95175570625794,16.86632417193315
51.00640956589832,16.79954440361545
51.55433535307769,14.93052337753972
53.86465701542633,18.68529772409748
51.70640841492371,22.16327043383192
53.50221264731324,20.66737335122206
52.93493967272139,22.66243100218062
51.96646658463631,23.13043564360112
51.2879535997581,23.45418145830919
51.5270111471122,15.86745915416097
50.81927333369882,19.42427973652243
51.53756311916888,16.02764651201608
49.56330563321994,21.92296494349607
51.70369844436564,16.152952766784
53.87320800375531,22.59247869865714
51.72737762507339,17.71294133363882
52.79327505555989,15.52809619777641
53.29123508307541,21.61173641620032
51.65029096569427,18.17843703496568
52.34356568163008,16.98527479708613
52.07600830094856,17.45499923958382
50.50420648154247,17.5954889622421
52.29179397072429,22.80596815492693
51.90520502912361,20.35437159723156
52.86469477918834,17.95636913173626
51.98702380200199,16.34537286375529
51.96945728365242,20.84421405243821
50.93971927010926,21.03508395775878
52.80475441006175,18.23726023885598
50.87486535779396,23.30923444026554
53.07381889416755,14.78805848968665
52.34865409333996,18.10397024076331
52.96556923345929,19.75265965047168
50.36077207917678,19.59762335562472
50.92270581592623,23.05989051550889
51.03039563124554,21.05598507165141
52.20787329284783,23.04407943786771
54.39819849916,19.49542786604442
51.45908259926107,19.62708658648475
52.28781747317722,16.26520348426199
51.41953492417539,16.32799202958496
53.07676628466606,21.62670195151178
53.15650044692532,14.49747017729841
50.59707814801867,19.66405512042349
50.39921535179843,21.76133597282469
53.87753968417221,18.499822807598
54.3287572825595,19.21365039084982
53.05420944994447,17.17432058621848
51.56873143142278,16.532487718313
53.67694706084798,16.38975833589993
50.54234090024585,21.13071961432908
51.08301232207037,23.83024349642497
52.94632064265151,17.62329592662543
54.13650793236841,17.98896326094325
51.7087410702709,15.47947462516177
50.8005293630447,17.76730680313121
53.27322195041402,22.23319318229637
50.04022967814407,20.49443635590404
50.7600980141874,19.21344801406851
50.35433562429741,23.3426347521852
51.7060011409363,19.89626429401234
49.41066469215924,22.7236545732789
51.76782599360453,15.03472775852032
50.31233386832962,21.86507372899453
52.76300184446564,22.22874949143739
52.21623613789051,18.9737215442672
53.65407062811403,20.45390588826308
52.06900649441484,22.58282882158684
53.56607459474849,16.51884613099661
54.47257788353428,17.00585680764159
53.39177676084758,21.47747313491504
53.29294066285301,15.20841489021655
52.51872026311717,17.67049007724531
53.34729475788698,19.64517555731459
50.6247863901138,22.10519813086668
49.56817962693412,19.0285169275832
52.9974311902769,14.39960908544513
52.2436640822303,22.95336866621354
52.74451804958285,16.05587604704835
52.12219784980775,22.22710449090034
51.95997178837013,19.82087784368129
52.80816574695027,17.06337609265166
50.42413434737448,23.32948294665632
50.61829683459862,16.8487397093168
53.73687092998559,14.30932201298685
52.08085004628861,18.40361129407664
50.91202838801533,18.73706499645792
51.15524498787927,18.08233708993307
50.05782526844955,18.86619472266323
50.84612284557478,21.07952946667154
54.14337795560696,21.01124200304257
51.27852977451759,15.52578189744374
52.73328897351951,21.09214264984622
53.95906209163573,18.1889977902749
53.18281905794832,19.42706983073166
51.24049322234868,16.81119621055596
52.14949301402968,21.84971815276815
50.43029797050406,18.64957346698536
52.42387129876052,23.17771169939925
49.41920026083742,21.95887063762455
52.40290836607407,15.33132123931759
51.80443660687765,14.64729162061495
51.72919816553262,21.61499505778679
50.96360455570047,19.15618011534493
53.6647218464697,18.35885759037662
51.43427494181134,18.76193241400218
50.23531809611764,21.1025545154536
51.51369232240826,17.12044952858345
51.78433889619092,23.07450094435621
51.94268370185171,21.81294930914498
51.57549676384551,14.87983033951447
53.3032030194446,20.80154688268709
51.17254075482329,21.24909907655005
52.21362212277394,16.86409585859102
51.3875797708238,14.97806639689936
49.64804543757233,19.65314572889172
53.4943250705957,20.66217916474479
51.50857791148444,19.06945223272543
51.52272431150561,17.65174309360532
51.62387997079915,21.76298590143244
53.59953758019683,21.71943376125457
53.90866696732316,16.5896446460223
53.05591174533983,21.99801703514099
54.0626688680108,15.96184967351621
50.79108250850669,19.32187667104557
51.15350947659606,18.58657427379657
50.72713551191686,21.56927525734961
50.43218923190271,21.26173795101082
49.80404624517741,22.25575988471476
52.65275838593231,23.53333043070875
52.57960207956886,20.69573235854574
49.82989571101224,19.15196515879914
50.61733700702737,23.95007270971952
52.66747181714308,23.57408005577717
52.54876505176272,22.97063154862732
51.68558579743053,18.2752863865764
54.33702179243112,18.51809955992968
52.01495926952418,19.71734093373729
53.5354410037474,21.68168388931793
51.01521959728025,16.50044010237395
53.77461457630877,15.41946635454677
52.61567544775455,20.57218075865632
51.02131167668264,17.82036462256983
50.93429893738662,17.12331254186995
49.62868266745486,20.95153860991092
52.04843724056309,17.94969001764009
50.9166140712469,22.29755605732784
53.57242657483003,17.4427326674912
53.6927590433591,18.62043161277309
50.35106522622778,16.5893787347259
53.22047327034456,16.78292413911812
50.94416585790068,20.06698477969908
52.60982220573748,18.12473723304523
52.6859953950586,22.99605282348076
51.94685577171609,22.89810622887986
52.65258172182952,23.53354964069644
51.54901331887726,15.9299370765477
52.75100396004741,22.31907433603768
52.50213087098989,20.05054482896827
52.87604555904344,16.36362125308193
52.7243908703572,16.41721692652177
52.86705713989866,18.46055470173375
51.16435673852809,16.64989589198834
51.16220384251493,15.90598907937508
52.77204896823474,23.42638767084284
52.12444604247333,16.06721101154288
52.28473051562484,19.16183186663434
53.49381386995392,22.22742295531638
54.07391717168367,19.51923337627136
53.52390968556078,18.25337757991488
52.32992064262858,17.90673589053976
53.49599291296341,17.84407621890864
51.76849205861466,14.73976117313118
53.09331128727771,22.35431446710564
52.63189481474804,23.51828885082334
50.36609200405147,18.00127890312988
53.50190978088799,18.35475613551705
52.09311283033037,22.51322891816213
53.66015251567015,18.72250853891262
50.84866273355254,17.77276076569598
49.99740752745028,19.87762990113014
51.86939450185357,17.84095079037987
51.89705558807712,20.82607656250039
52.81016985159846,20.9364657897659
52.44883703134749,22.05613861528544
50.11732408132315,18.59232077323319
52.62936366681392,16.51512951308025
53.09589458917036,17.30605113793155
50.57462081469253,21.2838049356368
50.97056542753912,20.20722371952798
52.47478194607742,16.54280671529544
50.01491766918895,22.50061851255971
54.00427521828573,14.96910639277446
51.73274090582834,20.84566246685539
53.80406637525598,15.82669923454278
52.16433260115224,18.26296861288898
50.90054050262353,18.70428716864754
50.53043603147385,20.28488800130564
51.95945662577788,20.33025772598454
53.07549389342077,20.63847534080634
52.18893114077712,14.79173485608306
52.07022234577511,20.01371084903733
53.98435942081959,20.4650326196794
52.09317442868889,21.01725555449342
53.76901782850182,15.47214950380969
51.66110833576385,18.56148265006966
53.22019418971513,20.29829898132922
52.05512146268918,16.35338943213016
51.54685292240995,17.84775142374334
50.0827958766223,22.82422950155656
52.80858978752807,20.464881067147
53.15794091753248,14.71398059281401
50.54496676647769,19.96540046638462
51.27990624755513,18.16622346815603
53.50533552343821,15.86325112892842
50.81642047655921,20.93538898014756
51.08986125640599,22.47568770614237
54.26907911938919,20.38612870181825
52.93334336428871,21.63967624601509
52.71472996928938,16.47107902003364
51.43364222814925,16.37885278236876
52.66123233882222,15.35378792229341
53.06171971149384,19.49192919554663
52.88567117540567,17.33628008064688
53.94206743963618,22.19186682609194
52.23353399336087,22.00069763561185
53.7884184995624,23.07380193258609
51.05889882759755,20.18453744568356
52.53678890883178,22.48122678435605
52.49075146183746,19.19575551604477
52.83973347785681,22.0573261152187
52.80781939304513,14.8282459633102
51.05333783615232,15.51280549423398
50.10129323555542,18.90728717094894
52.48819520844772,19.1100604350163
52.07995206355662,16.63241283681198
51.22570253721096,20.87648938759506
54.32414210225809,17.36547484900216
52.53934696046625,15.80456463861879
51.38697346076291,22.29908414044735
51.08528174832018,19.64397340842048
53.54619429805881,17.58308768158017
52.28418071405302,17.22827959489797
53.45211731249749,21.87858195938111
52.19683859198094,20.72053456961751
50.93724356552448,16.37243985928171
52.98593629429266,23.26092069327103
51.82214496078044,22.42580374280598
50.77302730305054,23.89288406619682
51.93412440883532,18.22153792686399
52.60431329030805,20.496847088168
50.14328441054985,22.10949219836056
52.37500561292943,18.44783358509758
50.93013433136552,17.17299591922733
51.8331668895461,16.1862521749938
51.44365860926982,20.29698631076331
51.0303314559592,22.67782037731952
50.9785864502183,21.12540794682517
52.39221535692073,22.60808362859263
52.1526485009222,18.51782998857079
50.37095694000905,21.50133662489315
53.49963154152094,20.9741437469506
50.46838361091763,23.2146998780056
52.44049108362407,21.4960619403081
51.46752162387548,16.10826858337717
52.99144585276573,16.8905111780679
50.15598519438985,22.83121123817273
54.18724846467858,17.83307461318207
50.97110837962876,21.38948079169226
53.14389526483964,23.49847696998001
51.50648521980438,16.9234354895892
50.88445353873879,15.82511909241091
51.78644159960143,19.88406940319857
50.1204182202756,19.71657766661601
53.40057675642952,22.94632697610049
52.52925552115551,20.13808380865582
50.85176518527482,19.35365167039362
53.47677622718098,22.34323514918024
53.11549258135706,14.54043482614882
50.58959653770327,16.58584973458772
54.16599189641615,15.78726203669951
53.24063200500607,22.82257272712158
51.94285827025848,19.36963577280693
53.99209943307324,16.92856277406826
52.70863815736968,18.55285362878289
49.54790103845292,20.34456737503446
51.05424965786796,16.88583912045488
53.6115424683323,22.23453094944457
52.46630471160957,18.75371620570891
51.65932275922429,21.31872597294523
53.20081380085074,18.4223880677916
51.55337587539508,22.36758004523696
51.60834374058738,23.12483975155429
51.37075578256854,23.48818944729348
51.99748087093966,23.54764872151978
50.64394519775229,20.73978808938048
53.21841981132009,23.24827278112098
50.53226172198598,20.06958994504356
53.63159217918216,16.30901987320899
50.93214885242347,21.08315483117271
50.66854435346065,19.12986704356596
53.33334760942484,20.93610571268431
53.7479677309621,19.4169672763441
53.81498278666452,15.1375316654961
52.28243321465814,22.99264083343128
52.17591339652142,15.20647333626624
51.71972423953018,19.4856748223303
52.19399078264679,22.39858534905129
53.38661939090428,16.1580567039788
52.34310820438446,19.61365805600798
51.06588514414749,22.99965973629984
53.15002947463947,22.34037740055882
52.03950246461708,21.45235725357581
53.24652911294993,19.63140118843248
53.25489266424978,16.74304782571372
51.75795830183098,17.50749749701717
52.052095608869,23.37492988940197
51.15901623376191,18.39374444882333
52.89389572632161,18.18474109693324
53.05836398446242,18.30788342470779
52.76065387497979,20.78768018494282
53.88132020193607,19.55993920391998
53.45426923900337,18.52662128761078
51.49848919454408,17.78952630123504
51.56928589162056,18.70514222568697
50.23460112469941,23.17467502026552
52.08164012309368,17.53870190074259
50.8473465796465,23.16708566628011
50.71762883156643,22.54007158980382
52.76858176469071,21.88200189664326
53.41874237131528,17.56971877894408
52.54112482318056,21.89996836025022
53.55321718946558,19.27422739843715
51.51490001389958,18.73411015033971
53.13312173139291,22.52410945475282
51.57442070250388,22.68890298326318
53.58793303127111,19.84458606077617
52.48418369868293,18.60571616651746
52.14796187671081,22.42558696791707
52.66288073270051,15.85304141728298
52.91281989189307,20.05433439440911
50.59562241301424,22.69415517521539
52.29755360024716,15.44897997756412
52.31898638255245,20.24249574706969
51.92849094256996,21.61961778063155
50.55122904244786,16.77788631177387
49.66454042746398,22.10784482235756
50.25520171176657,18.76457918285571
50.53062931878796,16.66287806116189
53.15559141914858,22.1600049804045
51.73722655829841,23.38643346717385
51.26303165707033,19.3709926136636
51.82620924185493,20.61912991089422
51.12622554669245,19.51792808596748
52.82623536783735,21.56605750745905
50.63927066057017,19.75611587069283
53.4637863499459,19.45900926433728
53.55270003151798,15.17465318179788
51.6537158588096,21.58662043648797
52.25511371298535,21.86446111273683
52.40106757200357,17.96109396792351
53.11257237098026,22.07373374531865
51.09468472567894,17.98943994009635
54.3843773257331,16.40135769515144
52.45445502034868,21.81439742778277
51.15996545824515,19.65662345357052
51.55032134003513,19.97815706871393
50.69692640887745,19.2407295828059
50.86608047554557,15.77072093265572
51.22990650313753,19.40071276816816
50.81098679789059,23.77968684775475
51.8687888321081,16.38589103940405
52.37605433282477,20.04860764602911
50.60838880005707,17.80895770269612
51.46008075793176,15.31347373789617
52.80888635312091,16.63621713981773
49.7837668697556,19.62683800919671
51.59731646175072,21.98475062824599
52.87993901154223,14.89496260392065
53.06880711872822,14.80352062864731
53.13419506336136,14.51944094321024
54.15111727875069,21.75792609687888
52.30501139795016,18.66783074706956
51.93513549378913,20.57660658881785
51.45967767498801,23.00668179136807
51.57493632098235,23.2223777148493
51.55116596148686,19.68562027357252
53.66187259746784,23.52820096087455
52.09848104369953,15.92026557459247
51.62119181985187,20.45260007559131
49.78569176712539,22.87523792254149
52.35448366403823,15.41823596885019
51.74629915463093,19.84130988701772
49.99109776766114,19.02354641461811
50.41994215506081,16.4468930878251
51.33267495590434,21.5917024293249
51.50025156760994,19.81433098667515
52.04096801885152,16.66750015522455
52.20528774187623,18.81148241663445
51.7395378821483,16.97045489281459
50.9474663120612,16.24969740252174
49.52095546446849,19.03137795583742
50.48574387205485,19.84195346565596
51.28896455421732,23.08767686987813
53.98966048812024,19.90075675110183
51.31555842251491,22.70807803845192
53.44979862427196,16.65597240801234
51.99368523386795,23.48158668138805
51.77027619443271,17.54483650531505
51.83875491912126,22.75977341275098
52.48811651105187,19.24654457051453
52.61973959334909,18.49970239486056
50.82541635751337,22.7102937096255
50.60340336330708,17.03606056041178
52.83568498394598,16.48146920811941
53.34302245022666,16.77324538608499
53.42149484191054,17.08088640855036
53.30710537571493,18.3465702472982
50.60185057660506,17.79090439631985
50.7255336957934,18.36235568147213
52.23316420894044,21.32134080188421
52.92215027816714,21.30419133716351
53.73887232102773,15.45705281101976
51.72122493016746,16.10478691301099
53.39823587621267,18.21870283560246
53.20205723001012,19.47588042068183
52.64093896810442,20.02929182727287
52.87597859208385,17.16717111526688
51.21421972503902,19.03597355250044
53.30981638205535,16.24251512160693
51.6362264433818,15.59310701124136
53.28451160004225,18.87363080714379
54.12160813873517,18.03345106843755
49.714463861945,18.81146528352209
52.67536734883579,15.29970698482368
53.06161686113089,17.54711747958721
50.50477721272602,18.72022141497725
53.91143903319667,16.80887429353605
53.00870175842141,22.93663955188059
52.18124917797089,18.80368809531866
51.192750099989,15.24545841036067
53.13250307648133,21.75068844194914
53.8148057077297,21.3290861137639
50.30459658063232,19.67378773728971
50.17251572776223,18.13481846115018
53.12668889573154,18.5337031494501
50.58247028206888,23.25134666322834
52.17712384282257,18.03690017451704
49.97459624057215,20.53827113428686
53.64703526295258,22.2019271396427
52.8179051500628,16.39088344744803
52.29438606020572,21.35631275769011
50.33292653753001,21.50003868147492
53.15438965652477,17.13465945026646
51.55239870612452,20.88193743992586
54.10670452749923,17.9600005800487
50.23807282927957,22.79895784232209
51.44464964132504,20.86073831906843
53.59977921615648,16.366592857806
52.75649271844121,17.67322628359817
51.00811670073158,22.80984888878786
53.24326039710922,22.34376120984469
53.32034161520296,18.96725013972263
52.18506586845142,20.2673112910768
52.46436188329041,15.77804005579084
49.65627219077394,22.66985436651866
52.35804268796331,21.18852800912017
52.41205323690944,22.75726515043734
51.73598009962334,23.48218934482038
51.92165843714771,19.8666471991
50.06461800650611,23.12558258912798
54.20144377823048,18.94283249410406
53.89757223012401,23.23484391861994
53.08089743485029,22.53389930022356
53.12309484022873,15.96034765302322
52.86874797282643,17.13107249773147
50.93221844066375,18.02889570502791
52.03593270528579,16.15033564512339
51.72321683736531,15.21774429671479
50.69753391457619,21.06274555865871
50.87035499097085,19.12093537749796
53.80261259661415,18.23655107146942
52.9320206530234,19.18849625465199
53.92067632684243,17.57546458564189
52.46463654730946,19.3917509248645
50.37858271680759,16.54792521579144
52.79315780194758,15.27249809542503
50.72466426873765,19.81351975279213
52.79611351006357,15.14209758902066
50.78409865425397,23.15872476821161
51.1968629324512,22.40581992240482
51.0040340311769,16.32241573749872
51.37158995631337,23.64643402118246
50.17348669483803,22.51754933024108
52.10018189536263,16.13782664089253
50.81544133795911,19.34025316676265
50.92554028658834,17.85909288442337
53.51425304016922,17.27183405776934
51.11094752717697,19.87871987667803
52.26428793083858,16.47776568690437
50.37780202111001,19.27902349780056
51.58749018897534,18.81805079505355
51.32700330079344,20.27549148556831
52.17193258999362,16.27513704887719
53.55793045714782,14.70086059658215
53.37606373925853,15.18005521118361
53.57512182521146,16.54014585131411
52.54676663615397,19.17900671864068
51.63668345237379,20.86446293749387
52.1394802696318,19.4492236605395
50.91930917088845,17.99816255844449
52.26390947136299,21.5182220700897
51.18932899001734,20.78172535883091
50.94866363076685,20.15386933112484
53.6352520529929,21.6577732266316
52.71734868717742,18.27461107965915
51.53014914226589,15.73726409186792
50.74578060968614,22.69475969891823
49.66692281546904,21.19432095927024
53.89517809654497,17.89392033055017
54.046416704134,21.64632197880812
53.9069682762995,18.40782558392446
51.94423479890484,15.44606872316588
49.99093253917626,18.33145854748689
51.71935915376386,19.45226234775622
50.58679438001558,23.88926959017126
52.18517573624734,15.39806225806169
53.57394840650772,17.0978684857791
51.47074777694532,21.76318478731477
51.82604680704431,18.12463637883511
51.67545243802726,16.98716263383737
52.361007142794,21.95723050646863
53.74077028337854,17.58502007730812
50.86000335143736,18.39837365461042
52.317362942579,22.36499959609308
53.82021581856189,21.83487280261174
52.6130831985981,22.33973850786979
51.91276494630506,15.02026606514963
51.95085016054042,15.9520156157179
52.23074216130277,19.64482274648687
50.35176840878642,20.54879942172332
53.55788881319966,22.62412756627373
51.31309255427099,20.22485922646226
52.40218875390821,22.21718942113813
53.98883432757106,15.31215932085507
50.76320324208996,22.26594265045736
53.12255281974147,22.10010272593785
50.91473717988119,15.54656828235183
53.08105534648127,20.35593498283705
53.3846676434089,19.42716450732523
53.83590996464822,20.81482371810932
52.55153784873167,16.104689781726
50.76924794409532,23.74955934525881
50.42116865438611,21.59083019015856
52.88574454578387,19.26958928456854
50.41723432965419,17.53457117105405
51.20523335513714,15.07072380874577
53.95294436042541,19.10794705644387
52.09152540782071,23.54324872252283
50.45411639071853,21.37726472755525
53.215922809513,15.39005682151353
53.24372465596005,15.73121354511032
53.7311317250826,14.93159074955226
51.65241132402444,18.73576623574537
51.20221417849295,17.75473079401634
51.03403839883674,20.30015165298483
50.52475087566462,18.46426530378612
51.92365860562801,19.34259274876756
51.25532179985098,15.43369503030124
51.84193627523358,22.01045330670085
49.73535757932139,21.3402615092479
54.14611763690462,19.19694242364313
52.07144923605026,15.35804356592352
52.59080784138104,18.01284785285927
52.1249198389913,14.68861788288894
52.66351774112517,16.39543252369548
49.21719955061277,22.22810984513464
51.86591930397931,23.25038356780168
52.24218277391326,21.83311040153447
49.61037850066322,20.4468574992627
52.92193164779694,17.69782710878366
53.02330749988672,15.43289730828941
51.10931021373941,16.8786585005551
51.23211176810889,21.38436059959069
51.61030307708709,15.40074805477007
49.49422326284894,19.70525122455397
53.26997901743682,16.43025767000664
53.71195623334258,15.11290882370358
49.98081192869411,21.86453016803473
51.1635101528099,18.55680082985656
50.91381109270377,17.44758024798105
52.62874160060053,17.97474557137203
51.17097971892659,19.12580508383825
49.99783973485513,22.59072666540666
53.80562091670095,22.50081228161469
53.55599465659835,16.77040316912289
50.68263252940033,18.28363717021088
50.96649872707405,15.37372930089592
51.41153832225068,21.87306853010935
51.05250444717795,15.19265449993597
51.43805032841334,15.08114997324866
52.00203104229483,22.94960169308723
50.93012890642066,19.0558413583626
51.92286898992231,16.40757819621225
51.1512022697793,20.36171478214836
53.32605375525593,18.83673097594928
51.29204878101924,21.19492107541935
54.12699723230202,18.58199477798427
51.65922581731656,15.95268204982142
52.4477983293206,22.22492510183494
50.41116331971944,17.32986023250127
53.462302760026,19.54313264214212
52.14004748765101,16.73790079007409
50.86833550419842,16.19257442309977
51.81054546997953,16.89298710706402
52.79549720818896,18.52938925978166
51.8454048737354,23.00634757776796
52.44222567662268,21.57197929644497
53.26385284020162,21.0709846567386
53.1818240383968,16.28728471570982
50.64223660956654,21.64610932379057
53.63908364503111,23.24948432639481
53.28704185245596,17.35642036057279
52.53568632715145,15.8023519061559
51.06982424764426,20.9489783421365
52.17634548670673,17.81736980299874
49.68655494447881,20.80031758820677
53.81420075791985,21.13337250607869
51.5559603990576,16.65118200770694
53.02633621987697,21.41960561468395
53.13190507291433,16.79868722921415
51.14233687358909,18.42480634762428
51.59981566123549,19.28934331794567
52.6606641244251,19.10518312795695
53.72250550478883,21.38391596886252
53.21437876280567,22.2490106530041
52.45565467028239,20.35175858074368
51.93125889764916,20.3729104904486
51.35094609259813,16.37128617083783
50.1364303036229,20.82977475326034
51.85686115415449,21.5198117881846
53.07017630902637,16.0897653866143
52.52600999091079,22.42724994399363
51.44649701152853,19.04990781048962
51.8119932527793,19.94718758647143
51.01667692285477,18.93984389307276
53.42744723838879,20.52051820507548
50.82053915476157,20.67121119443335
52.96685555287875,20.44009571769928
51.68807762401602,22.77975841913959
53.59475371951845,19.36121883875684
52.39801834573256,16.49957026190934
51.36854527091475,18.27448662845691
50.78682613183286,15.834578058361
51.59450857129308,20.30830806117889
51.79424190662415,21.85667237123139
51.61431622260804,18.85882511588934
52.94036596008451,16.20657910842545
52.15786531871818,22.00746272057044
54.42733958428112,18.23514845720117
53.05796635607271,20.52874268675883
51.66949480254781,19.62294987167424
51.87211792722672,20.05533730122415
53.18841798244173,18.09038646448999
54.01269903157198,22.99826382120245
53.04665764077286,16.55774742420153
50.53690255494119,20.86149540117732
49.66494875510968,20.00948312249817
52.21215426972154,22.16526992464978
51.91335664375816,16.31074658455956
51.3812245041501,20.88783614052945
52.22890155205629,17.20110481319696
50.78554958084695,20.45278729238925
51.05545350840542,19.39255022757358
53.18058929229218,17.19213122199731
52.63462363728894,23.46317686145673
54.0247109651342,15.2817522058182
52.31037048225524,22.87328678855769
51.54472110195252,20.92681662222136
52.69086780490634,21.70265903590641
51.1891687190268,15.11363499250466
52.38464925862981,18.19637305767244
54.06607869802476,18.75498477166441
52.71253496633717,19.17953635105167
52.89678901465206,21.79998629075124
52.26139003018634,17.16601983976793
50.23680321671691,16.90708646717734
53.68331174683276,16.59570780320514
53.5068683734243,22.05834228367003
51.62575245697628,15.80229565951035
50.19237115112719,21.4373689035836
50.75639328095709,16.68708309458212
51.60101820426143,16.42363109505698
51.71999502814436,15.09666962275919
51.99099304144095,19.00985866175822
51.94642467551419,22.58916605978229
51.94925191195197,19.31587117881035
51.70398135675572,18.71630360331011
53.6520794196584,17.15104473890205
52.94314942377434,23.38661557843383
50.52675748738251,22.44678781120782
50.34515878586318,18.47097984955055
52.56584716602756,17.63982389819722
51.51126964956914,19.02320574487418
52.84344337120935,17.97778320842426
50.82719484985619,16.92516758219691
50.41798830564755,19.29915579679033
50.55941365235691,21.46275851641605
50.73013554915197,18.97961509137823
51.38356165530339,17.82971487349533
52.23476763729708,19.85254133990448
52.97541216544958,16.99069357743985
51.79319757620947,21.43288631704263
50.43627683210429,23.70970954615703
49.9704114485057,19.07741681981187
51.63229313867279,23.41060706066575
50.07784149487099,19.65588610354957
50.75207363476198,22.71705608526625
51.34540288636538,18.9405717734823
51.97751339942164,20.7902479893535
51.673908543172,22.29292938967007
52.49458851322978,21.43024213021269
52.71007242514612,20.83378180988618
53.23980143492942,23.16921648733447
51.39047113520348,15.41247721224891
52.33223281639147,18.68106406220303
50.7929054400155,21.3003172079212
53.75624732427489,16.49092183969937
49.94432131106165,19.97915594565227
51.52614116066076,20.08419325006228
52.43411327421708,22.65543287269672
52.33779315610407,21.93156181728196
52.78988251350719,22.93169226093057
51.13685904888639,16.64073737285637
52.93330505689735,16.48692978339853
51.72161429782585,15.39919165924344
51.18466708814309,19.29017138035211
51.00503628719265,22.7879070934936
50.67299055921918,23.94330412479801
53.04261715304381,18.38616540906375
49.38147086934174,20.89580800004456
51.44105833491504,22.2926827056138
52.39475367966251,16.88269117431767
52.44150824474981,19.69028600787667
54.22089936125553,19.1175038433232
52.22835108638257,19.56641044732386
53.47046336739322,19.2780990089067
50.54190461389032,19.46273463390016
52.48020016220102,16.53165334361807
53.47878292666757,17.68013349756215
51.14725997059364,22.5479170379066
53.96878895312832,21.34862526057388
53.95097041410474,20.25947993428312
54.12375620309388,20.53013011441612
50.25284089713052,20.56950751032589
50.38400807726708,19.78218919007482
53.30654946364115,17.47182090594395
51.58820267365961,22.85384051030488
51.29876655195562,16.3387322183538
50.13511496841787,20.09475208499642
51.51416424155993,17.4301918429073
52.47197180494041,16.08167413562513
51.49949150390228,21.01480309540113
50.01011072658636,21.63437653302668
53.78611355691417,15.63372906405001
50.68700381572719,19.50981484388453
52.49505344918322,20.18177038957753
52.95080778252761,22.7812194412332
50.91608671630858,18.26488462139656
51.92397085455855,16.73514754618986
53.41522310471672,16.22464587143127
51.99284986299544,16.72055493539763
51.54674328988916,16.62032870387618
50.77717898296109,18.76791833161125
53.9303381201995,21.62452133086575
53.1024362802536,15.35852287021197
53.22387045080127,17.76232144728661
51.49919065151147,17.74883936248034
50.31580447354936,16.44413151269647
50.99222056638285,17.19778712581619
52.53415659240288,16.52859582967097
52.14593996141102,22.0202455484649
53.41921282113622,23.28600138550096
50.37136028691081,17.72944853342191
53.27898030364666,21.79874894571474
53.74529579357259,22.05150473076318
50.81572748557577,23.85884924879318
51.99106309916407,23.60956265503692
52.87230014703993,16.65958059639152
51.66594893214159,19.76511908262731
53.72844753086747,21.38647719114322
52.05208174750099,18.07435705087365
53.33166522395711,15.39236350567731
49.98692339736314,20.48406037901603
52.37039730770262,22.2569349034662
53.9891189852959,16.33581178159642
50.9225555766626,16.8758573747208
50.67804865209945,20.81459687095781
52.21264626137405,18.22488518146635
52.38003057962995,14.93267552141955
50.37774595570157,19.49845703108584
53.70979405595333,17.84109154761982
52.08732731290664,19.72044311994316
51.94377388393673,21.85492282150511
53.10476430662391,18.8931945699806
53.8698779367251,16.78558697797459
52.15878679185099,20.20680764561975
51.5967050314764,17.76042186362742
52.62968703219735,14.66717009492523
54.26856645761604,17.98638561213058
50.89203692677032,22.24950082217602
53.18330049959687,16.50238616497675
53.39890127729364,22.39685358319476
50.71339028698075,21.45890341523213
52.18758640527884,17.50055200869377
52.49000016064809,19.32758092311216
51.7295743255452,15.68718952898714
53.59086215396204,16.35866550216402
52.45847226714098,16.45454898351156
53.75633813903794,17.96601939211218
51.03820292218496,22.279202932473
52.33954600523816,17.29913866069892
52.01870743575549,19.23814084468419
54.10312789834903,21.57316579517633
51.96983170425732,17.57271065932004
49.65950929132605,20.98563788419239
51.37863551525181,19.54478242785924
51.90871381048221,18.15210045817251
51.89619002830398,15.3304891435988
52.39423107876464,20.17381139960147
51.35054609090948,16.70124130783494
50.23903008085512,19.85503326351073
52.76217948113088,20.50609687015062
50.66177268382708,16.59598241389818
52.93837748896392,18.26362561294641
52.16641495431476,15.66777854702472
50.38324977523509,22.89851406179762
53.64542960096191,14.42489658105544
53.20652423235077,23.79648849863411
52.62859203062173,20.04634401751619
50.77332977365866,19.16239815292299
50.73928639737983,20.96284433120929
53.43900077226411,15.30177111934133
51.74742679076012,20.07710290402087
51.75945910901343,22.24099349242535
52.21271698409895,18.89424977569018
51.45390382939954,20.46370533377896
51.83224950386189,18.10226878445485
51.21450372860456,22.30931952802833
52.20343141113064,21.10205985138902
52.28379213087881,16.41271220968885
50.45815897382587,22.01492457380394
51.12082640593562,19.13387982253656
52.77514974686283,22.25968834392139
53.33521025748004,16.28214679771143
50.72807729548214,18.05717714313303
53.24679034694267,17.82391528602023
52.89028143266047,21.37584131366095
51.89097595817067,20.32673462166104
50.17586371230755,20.71510831498607
51.13966155950923,15.63135620588985
50.26969535283158,16.56996887308368
52.48513000320562,20.15243805113697
53.53281687688614,18.77244418315724
50.94243896204898,16.514048246361
51.65456495686153,21.45395053672732
53.29081651060934,15.72087153186689
52.47151331136246,20.1204073796276
53.01879631526003,20.64687626226587
50.71183926063719,17.41409543991071
52.72180108948898,14.88867996038139
49.91973834187698,21.30526061878414
53.38873258812878,23.39148636109052
52.30542042460054,17.50511558742309
51.64631247797162,21.63618832356538
54.03981041797621,16.84664182851545
52.21775672150367,21.20645186356291
53.61946431829503,14.87424908795629
50.48738298523791,17.68995008419977
51.65810342176206,16.58782229318596
50.93842526891269,23.29011877679672
53.6571090958591,21.21595761796697
51.20578464303515,19.22451429762483
52.6239274965806,21.16075304110955
54.14567659961477,18.06759593305582
54.16633974943028,19.35351380407304
53.08920342731176,18.57499475172773
52.34988554236417,22.48731605485278
51.37188609360239,23.65074551960453
52.98398327332396,19.30523386690392
49.36057368382001,22.27810302291982
49.9748268860294,19.69632302246929
53.08247596710874,19.47046318112323
52.21810136563073,18.41737734951518
51.7853877629484,14.65528360537957
52.98675320131487,17.36607038180862
51.88939322416145,21.57971726173247
51.41163607167934,18.18630887681796
53.56837439762509,16.65405611030775
52.3765236362171,22.42201114954988
52.59867636915601,22.50414965141979
52.05497254730212,21.65613987594115
53.8377996576928,15.72622813285879
50.56523452595287,19.17115443758707
52.05290039370603,20.72939639682181
52.59287610402281,22.69958404612511
53.18763665993174,21.88177347797025
50.80245380122965,21.11766530432385
54.00051558426775,17.19361193921413
49.74332199788346,21.83731661848095
51.2693304572338,19.70887237829174
51.57310131598497,20.24457796017052
52.12549029987575,21.96075167397727
54.31641680747617,21.18921499120942
52.1193989985927,23.39859343630034
51.01275458145027,16.70182448981305
53.0430958097434,21.38692586671911
52.93229596513199,17.15955169933923
53.03399144093874,23.60242364319283
54.13421886288641,18.67719736932141
52.17449958195832,17.38910419044564
51.32295129447607,21.90410199018593
54.08385080596912,22.87270797964913
52.86006782447032,20.58688903885154
50.75518079204977,21.50222910609374
52.9394631563077,16.97566512475181
52.62371888221337,23.31749108513078
50.48627984538322,18.03479464188491
51.68449448952488,22.0986299610611
52.56377234521015,23.20024915909205
53.01719056355148,21.33136346034004
54.09151162367844,19.34428824699092
50.97203544173745,18.33020389991104
52.19567236724455,22.88540894064381
49.8984709651257,22.51098165864624
51.7976179569364,20.00732615767323
53.34901317305928,16.37050945192091
53.08035482284849,16.33409052973941
51.65443392795559,17.27469386726281
54.19263364903465,22.91476266138661
54.52495877019792,16.72871606750423
50.21390496911693,22.75537767960367
53.91738861298992,19.12692045781489
49.51105556768646,19.84892076989536
50.93283863357533,19.62342892256797
50.56995252186467,23.91196351898183
51.64527352874095,16.11972317102538
52.1060465865647,16.60211602638445
54.07934269231696,22.37710237542694
51.04175061901597,15.08648129864421
52.45222002982574,23.19416667576423
50.64215427621826,18.30041732238306
51.9319642709462,15.34041728641482
53.44556662947237,20.33237564417443
51.9783565460384,17.73375703078186
50.27786358397928,22.71052030814677
50.97499244157842,20.35373134220328
51.75647691637932,18.75504852814658
49.69291152851397,20.45596984494683
52.132274229181,21.17014354245065
50.00461488989175,19.18279065679502
54.18183579513039,22.25113446911432
53.96118309840407,17.28086392826816
51.77768783889857,22.8593210024982
54.02221927562284,23.4009672602959
50.85536011137174,19.92345543599962
54.01160808976864,23.00558383301863
52.43347185389177,17.65258013210538
51.7049993082622,16.31113946606185
51.26003735950263,21.73864427468153
52.75148485840772,21.03063508615691
52.33298760920511,18.33804437439056
52.81976838386183,17.71395134018929
50.32971127029424,18.84345623998748
53.84549137716827,15.7924608131301
53.11727066560811,22.53879961963023
52.14383510677538,23.50443418127649
51.63622882297188,20.56574975792527
52.23290944307001,21.3221066300115
53.13574705973787,23.89197078557945
53.9565561758813,19.35289038778126
51.74245106228765,19.20807889445106
52.27275876117393,20.46290339089417
52.58842208687234,21.97159773456289
50.75956355928966,19.47996370595528
50.85939277795475,21.11048104448086
50.79859680569928,22.53895787253169
52.82915221176002,18.84689037714661
51.72237402443434,16.42489284702325
53.67636694800198,17.5669465277811
51.37523765646724,17.31901963004121
50.7355534884909,18.04103588618473
52.27922719128387,16.76342266219901
52.01168118919549,18.00010939059863
52.19342363376915,19.95120364784313
53.32932353372129,16.56110742721091
53.22373559089346,21.79649777132188
50.77595435355667,16.42314283492479
52.07861726905004,22.91810368094875
53.68797201074,23.11849953962656
51.0671036481534,15.23120741107389
50.62962982365563,22.87729193716862
52.74547454440073,23.71655034333299
52.43565160686121,18.34688982518822
51.81271779968228,22.8081742902821
51.81575992401115,16.69767577491835
51.27504883564012,18.50230932809037
50.78530905972829,16.78486053138848
51.24665627765437,20.93836568645844
50.83369622422351,23.70929332755417
51.64752162427514,16.63593481349448
50.29988228227492,21.14070967589714
51.32965137364877,16.85679622688009
52.87147673437237,15.67774504692048
51.46140197100266,15.93716032693675
54.47983186181469,18.2690936431751
51.55109993428805,19.62316765367861
51.00575401639598,17.743490827928
52.48743360556662,16.9633168436206
51.52823738735434,20.47385142176454
50.89803638785272,15.57645545024183
51.69950412561149,19.07685025996528
51.06943418558278,20.60627674028633
53.30288018117515,22.75588527599536
52.7818382448963,19.34713233785421
51.67086729196606,20.9038501965444
51.92527142160539,22.99173682554383
51.311456268996,21.38904817102924
51.41089228182677,22.03138708097132
52.30622642291524,15.1491847006017
54.13902824058834,17.03749653589422
52.45958680971826,22.93842559708544
53.56112727184733,15.23578197343238
51.16751966688642,21.15424366215129
53.06797054522038,20.12270149098731
52.06441147720097,21.10695953493804
52.24090807610697,19.39791761143185
53.03061687163961,14.61981670629311
52.88669984078344,20.38705978021949
50.33187107140088,17.30781700313677
52.75448677116918,20.38148409215846
52.57623115230068,16.99703458096141
52.23434013756393,22.31179105589275
51.98990265424776,15.22189293284884
50.54965725465942,17.83724909163196
52.83200028918223,19.1999816129878
52.93086169735223,23.15303958891571
50.48371700436081,22.98226388678967
52.21569543997052,21.31615551916335
50.94440276981351,16.00081695986657
52.48619477675339,15.21160918531921
52.82645739561946,20.0114569989315
51.32415933428098,20.72873451161267
50.49030364540425,17.55340880507836
49.65217837342129,20.55645579053368
52.16355151871993,20.15010355710255
50.93727100813735,20.26095219194608
51.41878874515977,19.12091175757703
52.07546908348873,20.38144118353688
52.47529997003859,22.13860938865954
52.97167906528903,21.08287484564863
53.13835317544576,18.69520770269975
52.70451918040762,22.17871267405178
52.29656006989378,21.95723743415353
53.32464208435015,15.57075055146472
51.21622630316625,22.04795107865294
53.56005293280688,18.53009144772233
50.52943628585047,19.59243986367861
51.14750284283115,17.8857717875553
51.80420104009005,15.21077763657437
53.58519974772899,21.65171459193386
50.59545801634166,23.83923682717986
52.06491505762796,20.04025631294301
52.55282986644288,15.57657657532036
50.10405500700786,18.90551084080208
52.8189182032825,16.53600626556862
53.12885039098587,19.64745011374498
52.18219591623611,15.47838248219758
52.93995840283969,23.72835539486067
51.69886493195237,19.42099322235664
51.12076065910946,22.47610194159947
50.34583516872067,20.1108675857116
53.26234361248162,15.54561463233455
52.56540454675681,19.02271890070508
51.266207113971,15.75928736083614
51.86569849454236,18.11288684447444
52.19718744846496,21.84044743673853
53.32105992025183,20.64055432470401
50.01206550775726,21.2884445663604
49.50269649685523,19.10154535337988
51.09917404514667,19.72179560073261
51.07495246773395,15.53598535576458
52.9422902193914,19.12152753692809
52.85775132698595,19.12722846013247
52.68956802186014,23.87870322799265
53.95104437217866,18.66462999143801
53.59008615257737,16.57602744841292
51.97618192809411,18.20962218053221
52.1603568806254,21.75287047174644
52.89756266167063,16.93423803094799
54.11978894791934,18.94198154422502
50.78312918690212,22.86617447028396
51.4046512711698,19.76864227668659
51.14849845784617,21.37650794820737
52.75705241737396,16.64222735068943
53.81774321134686,23.43540656528738
51.39028717536549,17.56733513773589
52.93911310671126,20.72291404620652
53.36714682653705,22.19532298792298
53.31969422525683,16.57761892042603
51.08645286781402,19.73586659523389
52.54116414421335,17.54331262685015
50.39042418019677,16.86009553089412
51.594211518928,23.53645712200566
52.07288822576306,18.86659288992131
50.97470401272918,17.29467765780849
52.28773550665242,23.15429706029829
53.28557879109994,21.11574034734955
51.61509410191874,18.69511632561105
53.1937430331844,19.23909883902268
51.1460277477964,16.8278479747873
53.09553439097994,16.10476464910771
52.86453075700071,16.62260727257952
53.98788348845402,18.78762359464681
51.85061511525393,17.56681257598354
50.30952794741935,22.55689033930885
53.52917467989919,17.43148973988474
54.16474854542629,15.49348127747959
51.38035886681596,21.39527624407007
53.24204546808661,17.87636857374806
53.45003987521981,19.42565353634242
52.75496535083042,15.7024214148646
51.31055917354493,18.80429505780108
52.90421731475054,16.01656591535544
51.97966716166647,14.87569160146025
52.93187797839816,21.89361073995507
53.76343337965486,19.85538995849873
51.85191176911377,17.91842524648381
50.02199582817754,22.67244135865895
51.22103539125982,22.25466190067383
50.36035634787012,21.75315218848277
53.53512769725082,14.58797812609853
54.17793303730422,23.4081085148887
51.04554718116599,17.9536219948915
53.46825520114278,16.06486863627778
50.74576060986058,22.29659129939992
53.00655760465905,19.58209168574655
51.50340856589526,14.9756884422898
51.57042718719943,17.44098237813869
52.87923921879646,16.60877190478631
50.80991460788238,21.32633248218267
51.6577502002974,19.47223483542198
52.47669983873036,20.32959540101989
50.99385859195181,23.25994878267366
50.92708213449169,16.957512373524
52.82868004627255,22.46499207937732
51.97116054254116,19.37695589223883
51.28494575976187,19.90716669372894
51.77000140779113,20.94554457395162
53.69510603626046,22.66744600671397
52.13022836490114,22.55610429854498
50.70387910472537,18.71647374798649
53.26167325445926,15.70291312388184
52.70089668509561,20.59597392268144
53.23866353605658,19.7609083245292
49.85447163317291,22.10314548453279
50.1267198111474,21.26490986663697
51.49611415710017,15.5500697483222
53.5782890111311,14.38201869140127
50.65887064694589,18.62473784855568
52.74569280289698,15.66288485615111
50.03161748986719,20.41476723260187
51.62177152218359,16.16148843997461
52.67671712296656,21.88721415844034
49.90593896124489,20.22847805809719
51.51484448910593,16.96389905386308
52.78138309793734,21.07656484294298
50.13400676086839,21.68613273425572
54.01202543763661,18.81947288949979
52.87088650307373,17.82990193536516
51.21804898540254,16.61556315664412
52.33433278534643,16.34327631449907
53.54084278275024,21.21054465591344
50.88149251365864,15.87384850563669
51.85687880645835,20.71370315008399
52.28565285120725,15.07863170160015
51.76629427249908,21.15783352199941
53.48477285296789,15.87838482282883
50.88283682862606,21.81774866890262
52.55932175505551,18.6949293840114
51.72275094251025,19.35246611001373
51.93431177311209,19.20551326432407
53.32213609144466,18.75380425946441
54.15597296304925,15.57659475659265
50.29478351322727,19.25467230357433
51.07619247072509,19.01101802884962
53.03917165556747,18.73394738233758
51.83136173767818,22.97559618780927
51.97097101864533,16.92653827905277
52.16761639246416,20.36718068171267
50.4984113941435,20.22238387846234
50.038295037304,19.77814098830428
49.70155153314689,21.43192196320346
50.75620819246571,23.59346407824971
51.25608507474438,19.51095316211496
51.6223266423505,16.5089609066372
52.29527912714214,17.94569926866289
52.35784440736882,22.65182067591788
51.33260765086958,22.96424578983938
52.78939987192891,22.50330895777957
50.07359333596597,18.11042960314715
54.17819430193003,18.65756245256694
52.47726797240262,14.84147454378645
52.73562971511708,19.08618744281896
51.34189737811548,19.79408317217194
50.45730747390451,21.02749779541859
51.92445881060218,20.84660983508666
53.5215498131904,23.33636737756111
52.53670242270285,16.95090649285655
51.03929918070595,16.41696481949226
53.18477584084949,23.257004937659
50.96103951913896,16.83916431728199
50.52403666569902,18.95258742417099
51.19901786652876,19.48309108236133
51.46150538843614,22.38866376716181
51.45578349284614,16.50935363858233
52.02790591781316,16.69130667952466
52.79406482908693,17.00300589462945
52.32924558677431,19.52627546472367
53.13082766455175,18.74253851407767
51.11954512203589,22.06191867587437
53.08603304518476,20.87808633905634
53.43284979498682,23.09372825180374
51.97036051073088,18.95159393852562
51.38886093691296,19.37397909473824
51.31661039339532,16.32430444757867
53.25449007615922,16.33529938946218
53.49391093090094,23.26772023414541
53.43095065103726,16.93850547250638
50.51252015974274,22.40579715733911
51.67416191587056,16.77797184962619
50.02773513669707,19.05840306888074
51.14112919497012,22.59827373640123
53.02910984368881,18.22717202215231
50.64892359375825,21.80865930955153
52.78894597727922,22.98399975316985
52.08951325589361,21.39774675792929
53.22652096610253,14.99993735037719
52.28348950119222,22.82982745738445
51.55796613651529,20.82517086382823
51.66932742539486,22.12181969448509
50.79338587662107,18.51055045253469
51.41320113869109,17.78511655933015
53.00323878149532,20.88038138728109
52.56798004146624,16.83539790005783
54.06017212677779,21.95814841862495
51.3351556049586,22.22943791284192
53.22836514161899,21.25679038321229
51.36893952525728,22.50259388109209
51.16677147756628,23.43593574608093
54.61898210582236,17.43141099404511
53.02243733351084,17.803971650243
51.16613386797543,16.47049636871506
51.82242007413937,23.21615173506993
53.25109782524132,23.4943311666641
53.69245330938823,20.66470156576869
49.70515643475768,19.62092804767866
53.36626490576555,20.86708732012373
49.93944550076341,20.20738792097785
52.6637995855495,20.01013439296882
53.40066312538475,21.27655027813093
52.7183346426208,16.3346507595049
49.55306679528391,22.48161160820572
53.24856702581626,16.78673526511034
51.31440499265209,15.07145423884687
52.73706349351021,21.60585983350222
52.54073641042906,17.24882488043186
50.32229545827037,22.590676691982
51.41284615632716,20.29542908803958
50.69427527205509,22.8920114713282
52.17236104480999,14.79884856085949
52.54702682571211,22.83364736372138
54.15896257716739,22.44644610445178
51.00430776573113,18.81781978256377
53.58538716636359,20.18090906876159
51.9830959090507,16.70416421451568
50.68891495594548,16.95141483478708
51.68406763833028,22.37129551159389
52.51469510531803,20.5912081525317
51.71657763898513,21.98207338105075
51.03177711591174,20.99170800910142
51.29061828099436,19.42762611748232
50.78612431216169,22.11886984729831
53.56743267743439,15.41822919873054
49.97555234822492,19.28610874314359
51.2311848492031,21.30134675001026
51.43596086147269,18.67528551812347
54.1395133928368,18.54337574856339
52.35997255025735,18.12955622048224
53.03605365142408,21.93120596432556
53.69887346974189,16.48584382394395
50.57032412630666,23.47980553785148
53.10525942341902,18.5491569571872
51.53212611011971,15.65357611967188
51.80062909369214,15.04354952072143
52.63783537126177,23.21644561187429
51.51062034184938,21.60334056551756
52.84035284297083,19.21712079329467
51.2025463007334,17.53964189854747
51.52308673932022,22.35697660001778
52.2915118238547,20.48788698008356
52.34683928615676,22.61564341720686
52.2978766492982,20.12169495981696
52.07876953055447,16.02985871666071
51.22744112092606,23.18596994514995
52.99537339324606,15.50474879635616
52.51869640733393,23.35774683030356
51.6641459338789,19.6155690003113
52.92237934615581,17.97624952903411
51.64216654486661,22.25111564601397
53.04066621226249,22.7637480674482
51.76828780308366,19.12584876272714
51.1009329071189,18.24849704673651
53.04425578725895,18.47551901183177
53.37987449707705,14.40660957735111
52.3116018233282,21.8368992065078
53.84807562300394,18.38188505433087
52.71111313845113,14.63746723969526
51.89779430172753,17.57349171456351
51.7417720855557,15.02773086731058
53.06960024235909,19.22891603560119
52.24277502380417,18.01402318112222
52.79523627826643,14.57507157288065
51.31965927568213,20.86047509275147
53.52560143991615,14.59342053798794
50.30600057851443,21.5626214205515
52.10973230508763,16.79603308308835
50.2077708508704,19.22846554749802
49.76314741655131,21.36811977238866
52.95590161823619,19.93335890117944
51.36729346339307,23.43202591510283
51.58790057224741,19.45617027474235
51.12287665445272,19.97365312629399
51.44321083140606,21.29295264428773
52.77925198946477,18.30201661868797
52.03112675662015,18.60596893947777
51.96275664295382,22.35175072788522
51.57518662960822,15.17089522088565
51.52063659724192,18.84384623410327
49.15263735542556,22.57590255301062
52.82754311240014,19.40584412597076
50.84658547341191,17.37885301068626
52.69488615491029,21.9916128286482
52.4060227397435,18.46950757688685
51.83301510608337,16.05596929821974
53.16627767404859,15.85543295726443
50.87243840170356,21.93497557191214
52.22825182438942,18.92501150311712
51.45333969522912,20.5955586688731
52.01940351642458,20.37283709422443
50.82135177508486,23.46240481564042
51.72881812980823,21.06072065201531
53.26441502657183,22.87852233199339
51.78492559117961,22.76295154633518
51.82225886608789,16.40524537389759
52.76978553743371,17.93140886766498
52.59072615105852,21.49827266201223
51.93157236827336,19.76320387738016
50.79832623599948,22.46453924588689
52.27252104030854,15.34305424304756
50.40871774780938,20.23755973197401
52.47104832072296,19.68678733999679
51.49342474855832,19.17957750577691
52.40314185683046,19.2933282100632
51.47876961841254,16.0502039887832
51.77564991655309,23.4971733724793
53.95838988370903,18.54031194459941
52.15028282282316,19.96141027406183
53.8800049289326,18.09775613495158
54.35596462592931,22.87374157566238
53.1642049865089,20.7769597226152
51.47835473432893,20.12189668924618
52.5979582560275,21.02013524969136
52.3818198420658,18.41378054833578
51.29170913369349,20.0311993606841
52.17554060558231,22.55734370557701
49.96537916544016,19.76515166846979
50.74511530790314,15.9658108356145
50.81872018327521,23.04071050038702
51.70573406684223,17.56479293083761
52.96202246215739,22.03590510850242
51.62480284851824,22.29680854502284
53.8120167283941,23.51502445548934
52.43747274839339,18.69741216995408
50.5914475390344,21.27954405884391
53.14310581920181,23.85763597381535
53.88727363230585,19.82779426434648
51.50490053335888,15.24276868170796
53.83160843987969,17.66501495546126
52.81829375505637,14.34492701916058
50.96078244551127,21.55859399752624
52.97220248163491,16.43542300698082
52.09586176511183,15.9752417293749
50.61851205169814,21.53493778156973
53.05136822224461,19.80469145019749
52.62346976863115,20.39167726648437
51.95156791369437,17.93649248071131
53.29704541395883,19.3310299693408
51.2744407637914,19.13346273300891
53.83643036699212,15.86128087348708
52.01159345247879,21.86139278283104
51.81036761761676,21.60840795855715
51.20863579748551,17.28080426029299
53.56711597907312,14.44017293823312
49.85583638163163,19.0481466967679
53.75516055368779,18.57712044460995
51.15890872609639,18.31550489124121
53.10514169400377,20.6508217705746
53.31179237783908,17.34615281939515
53.56643376740897,23.34190914222244
52.81348588747206,16.50919573514163
53.48649657001459,17.4186163537654
52.09314950950846,22.99822694474415
51.50234629649854,23.58524797560972
53.72967481420868,16.00279599223808
51.98921695767685,18.18369518268219
50.0488690870423,21.82540651757168
50.65306711113105,23.48818981205578
49.2186823950351,22.31762353166133
50.68702167113602,20.7050612021016
51.92774730380939,19.25031838873349
52.90215956270105,18.82476798235867
53.22391674992506,17.84308428696822
51.71780244808449,23.13331170701066
51.01428630352756,18.4540857673174
51.72320779184427,17.19888942396796
50.74725387015658,21.34047730676859
52.68620409354562,22.85312526866514
52.58511919933109,19.06844938725861
52.55948634947681,14.86380733102845
51.37235166600205,20.72213637575962
54.07588545485654,18.18508649231566
53.03299879258462,17.62923997591026
52.09926423136952,14.90447053955919
49.76465279744073,22.69767345067335
52.33880343541787,22.10953061907303
50.51518648973673,22.27165336241551
52.37405536940457,18.16675970538994
52.94993572299504,14.3433715993072
53.48096129760202,21.85046238686254
50.14519674265709,20.65660938906375
52.76478149695453,17.421481411332
52.41651766233538,15.73358649318061
52.4463837522222,14.75249345871211
51.11347519420934,19.62163857629579
50.49136498038256,19.23406099052503
53.62996313192638,18.17482011220753
51.55495248798029,14.81908794235277
51.99016698654835,18.663912839669
50.97102857112026,20.43938548766659
51.56125517944382,15.92509605550396
53.12160774269501,14.48525904109637
52.57816631556283,15.15595331135949
53.65072487324886,16.74611417205845
51.33389117023156,19.98460394010437
52.44035938939044,19.20083638698234
52.07400186892191,16.55173002704565
53.50757058259222,19.25558185494791
54.01136122284503,23.33020483274783
52.4838535876254,19.73396680914335
53.25153898555514,21.25252404403465
52.77834377069851,17.90464535457465
52.00937904056056,15.59268029006818
54.27920427896606,16.38671802550561
52.91427804061003,21.01181297612682
50.77795848524232,19.5109611869065
51.71516557035891,20.43060540169592
51.55396125668272,20.95646859368584
53.51340971527099,22.72081386620091
53.37111659967118,14.88077079016287
53.21766546912973,21.03792162121056
53.44538753189931,19.70302085836363
52.90574028406374,18.55717589769686
52.92176685719257,18.80352572274198
53.08356906779118,21.10354746203087
53.65542390643349,19.06714839668447
53.51336477637015,22.72112355027378
52.76645107903931,18.26751898048281
52.03069120610481,17.5525272653673
52.30496949347148,19.8742867843002
50.74507652919592,22.21390301006085
50.21968231054603,21.07242966928562
52.34049159325659,19.96312514093503
51.52877898759703,14.99908874961828
51.75209181171968,16.03861992523176
50.72632340081837,19.12305951978702
52.92058622518129,15.44872925600874
50.84492497265099,23.92233001702793
51.05770378387525,22.32332521723342
52.74491054507353,14.81347857342537
54.45395905502305,17.62754410623344
52.93905300245334,15.08859330563468
50.89090699359716,18.63240198514625
53.46354273048128,16.74882637331919
52.00350609604505,23.43016099521208
51.62317374729521,15.93437888103543
51.95578702267644,22.53722428789182
52.30129752997539,19.01293057684971
51.25238536793287,21.92354469345495
52.51768432048213,19.34076492552668
53.0121257451607,16.39945024700556
51.802452933883,18.53342606738062
51.86173175497612,22.55122186626559
49.74691043526784,20.30063342563953
49.97602514591129,18.38295495414401
53.32069483549018,19.46157704112298
54.10616287095171,16.55209752828626
51.99489101262831,16.14937049308184
52.10072508703543,23.11837840896668
52.59335556542376,15.43739061987463
51.09337926135468,21.9148182926004
52.36079248716725,20.80630270788626
51.57546826599469,15.99631809481333
50.43944563342298,20.52162912907678
52.63868339464106,22.52011276365621
51.18891119251183,16.05947736946518
52.70629942677348,17.12391652808461
53.50020183883452,22.88207054859547
50.42696267176348,16.661644906074
52.30227001716422,17.25604692488751
53.22149160730758,22.7066221591044
53.44910731643451,17.40844509811614
50.36770442976994,20.93388318064824
52.37145842654096,23.15907422901124
52.17396697767681,19.41305315980609
51.17399440028775,20.60346122294691
51.67839975626391,17.34626958455459
52.49099657354237,16.75690408467237
51.31474580165034,20.00381847275338
50.97676404483045,17.94027909151146
51.91935973833087,17.77038470993812
52.53233147186396,20.49531326663412
51.14019413904064,23.50065999023506
52.07246799816332,16.12631900684087
52.16035756909989,16.93305547718312
51.37311453662542,18.91523939197621
52.88919748402071,23.18408367732417
52.03274071140398,18.28405416264825
53.09513134247982,16.28716912967953
51.48634230654846,17.62591509319525
54.20175767473218,18.84175110805039
51.35775969443151,17.42621503844488
52.85816803116469,21.84355460614582
52.2079489552129,23.19436120438964
54.07804899550925,19.16974626050919
51.35440734032387,17.25781477482797
51.73044676661381,15.13987381589265
49.59272773568413,21.61898637552845
51.34677980622514,20.92960931951352
51.55978964107955,23.27800818124537
53.29038093433291,19.59337587942639
53.16325539605946,21.67627811705121
52.50390667339492,20.4698071062244
52.04359699975224,16.58593992033729
50.4966415873761,23.45413523136283
52.05028052260127,21.19081700638813
53.20352480499439,21.0634096577515
51.94287459175228,21.34709664701005
52.00803286056541,21.00101164576823
49.65589024657807,19.30662258263511
51.44308443132972,19.53084712321929
51.52338793837061,21.29262233184319
52.81333374864352,19.29515353752183
54.18015621047844,21.09674128768507
50.26576885721128,17.81445069875477
51.13955116324615,21.71752602917172
53.43237727182936,16.68597872202919
51.17714874842379,20.85877599594787
52.57460360090705,15.89783102286217
51.00684908212577,16.5377602530092
53.56921797132085,15.97306977034063
52.07225362716658,23.22331381813106
52.16822667909661,15.84383338256632
52.38672978302159,19.23108601312474
51.54303216088157,21.95457724465131
52.81327163588638,22.01178123594796
51.14316235917869,15.92531881211878
51.82836980534661,18.54383623838791
50.4742359968231,19.33345954955713
51.03116368962205,17.15851817956419
51.06235296158601,16.82463399971239
52.29895603613497,17.90208880001709
51.00378562382167,15.19882813084456
50.53742999762645,22.94552452233495
51.54382355519504,16.06229102139215
53.65281523992255,23.04969962732365
51.81676202788464,18.87212613744594
51.51607017895938,20.56906349963604
51.41698677764073,22.85704889550334
52.82215972258364,21.73712524782121
50.97457393158983,21.55412090106629
53.06816889506592,20.90844897986719
53.38748250701393,16.47824598540443
53.80556152050408,19.65560966141788
51.5211464999169,19.40217761814436
50.86819855048554,21.27224785047988
51.9620151675044,18.7900695046625
50.17755753015577,20.88427145383549
51.90949382657909,15.09526000607382
51.74779477716751,21.8612484599137
53.9801885764303,23.3012882096621
52.57511814146115,21.86713502547982
53.16430698419099,14.92024018333078
51.05273058642627,18.67006005742577
52.37553766990254,22.28773477118492
52.00087625637421,15.29563458818197
50.11465112602468,18.18102802016334
51.34269761156261,15.42071946938752
54.2159328903394,22.86484210737475
53.12319331112919,23.58778467937928
51.315746231991,18.12647286594159
52.28682295048453,17.78379850962964
52.15332809711757,21.36936611727556
51.53717076488628,21.10280751946823
52.78821436984573,21.24054538794987
53.09802326687578,17.64264142256771
51.58948789993546,20.57973734291218
51.18359975378485,17.66815411954856
53.20918177032782,14.54329214267049
51.72679901327012,21.36239717709554
51.87686228780452,15.4773904910035
52.88691953575824,16.55798477062116
50.56046094138669,19.7351114541391
51.30495108598413,16.35008862510695
51.84276625164993,22.28555420127498
53.1994302824807,22.59665673682923
52.10900753563437,17.30292820397703
53.00248378067061,21.60921291379109
50.28853867253994,19.51829317910686
50.54278552882308,21.0380388188167
54.14613806137951,22.98871966574311
51.34613852029864,22.30398663851151
51.96541813892459,16.54264270924766
53.904691205087,15.57505319736448
50.14251496203802,19.96998850445506
53.29362029809506,15.86173389290728
53.33367859071997,16.97371016825115
53.94543132376887,19.69780280782829
50.64936281433572,23.88105210063968
51.66977695299431,21.39967795650509
51.3843030143885,19.93091772196017
51.66445632148928,16.05884977133424
50.37374842540887,21.21926767963269
52.96829115489545,22.09704264410126
52.97163083952535,23.10297465883337
53.56917370730822,23.55417865992589
49.77866114921848,21.66930868369093
51.58590030892274,17.55457086582569
53.38913506283533,19.94713296557469
51.33342637313863,16.16269573049095
52.34275556337204,18.76327058291526
53.2744442542413,16.59208725284059
52.91349732411776,17.09447480907303
53.39499929977304,18.13773114831007
52.97943095015508,18.31976235311237
51.86734061351162,20.39660857979412
53.97374526768031,16.19682808579856
53.22461377529529,18.86782236276203
54.19959215883792,17.29372320523994
51.47792467009492,19.83219933845159
51.77408961362012,15.33287067519419
52.8946477022232,19.49172951028058
51.52783356299119,19.95526328598326
51.51331370389866,16.52863258727742
53.67119510764344,15.318894737269
53.38163442974744,16.57248671167506
53.06100738332182,15.1072526151983
51.70590880785478,18.68138364204632
53.60883097957603,16.94337263783233
53.44258050339479,21.92973248823033
50.1860300708576,18.43111880129732
50.1850605162367,22.25171051496773
52.47124995392513,18.78847888222993
52.58198824000898,15.66730199713307
52.1515728450213,23.4681606984118
51.0556418988639,15.41657118695972
52.70213698133279,18.03410962340315
49.51037037465667,21.12312487513764
51.30061536877105,15.72266693445301
50.23982823023948,20.97316688215667
54.36420008283018,17.4386989789828
52.49078175200735,21.22442960033683
51.58348703332531,19.71978560936391
50.70093098800974,20.65216888160825
51.76085949226403,15.35788538771769
51.77193839394728,18.52549944024612
51.34462527142254,16.42081301058618
54.04104440418338,22.32997911231896
52.19027041323621,23.23936592053577
52.2347895107402,15.97281555949599
51.84231519176621,20.15354105858713
54.2743707252469,19.79508854996552
51.65522992832674,17.05118571057712
51.64965795916864,16.38122979821462
51.86036770767987,22.2522955092191
50.56214910209002,22.03720153897737
51.1343916430034,19.00516105927924
52.09233431857898,15.07498986527902
50.31409808672416,16.7932459254733
52.23490145085601,19.37860402914557
52.60893815487736,14.9884452048797
54.1764311112131,22.94769659414443
51.47960440129125,16.35598137372616
53.34898837453183,22.85450952565695
53.14904345045758,14.89618485991665
54.07778502232544,16.41368371563031
52.45446150592266,16.65129132981367
52.26769428735424,14.8729745571917
51.75478070451652,18.40951967887098
50.68949967870851,18.89504780841992
50.83476317137176,20.74362918801848
52.23638350796581,18.26784762238263
52.35388158029653,14.72067480944549
51.12659478532272,16.28239003028451
54.23431401749087,16.22843717407646
52.81318782420225,23.19476132402387
52.44908113950122,19.63529294612511
51.65303214544812,20.5481386309535
53.56996796688659,17.51312566166349
53.28146503306842,15.59816311556363
50.62735122760436,19.4703009448477
52.76074420775843,19.52129035275165
54.20264425039021,20.38621267255522
54.31960292297642,20.04011516666586
51.05041689149678,17.61935653983692
52.34552201689588,14.63348329047795
52.29664534276313,15.71164243963575
50.95169955696698,18.69143223908607
49.62895084932526,21.84684762685384
54.09750115695699,17.04749315217976
51.42162190979445,20.16741991716154
51.61650436011463,23.38042697844402
51.46233927289448,22.5192251173818
52.80276646023762,23.26754503554871
51.78815059131247,18.85295611914831
53.24846822418351,17.9098737115359
52.31915891121179,18.3019115140742
51.05565241737129,19.80141231416719
51.48136600005088,20.51307623227614
53.17341538917671,18.27925913483471
53.44268498708899,22.91023099893149
50.79764527101956,21.16805709173959
51.3576690935341,18.58295580501166
50.57493660259737,19.9791714489281
54.06120888050318,17.90353713341349
51.10326342085564,19.23650871912361
50.41538573588259,22.33677065923457
52.37930841234954,22.151242976786
51.28399018041338,18.32204218307415
51.65769624093683,18.62458537080612
53.04173065546637,18.26242815853501
53.94053353563827,16.01393606810679
52.44068561869974,16.41064016903508
50.8897045002488,22.36942912042497
51.4421115447079,20.50983984462204
52.19417819148494,14.74898295957686
54.20101307376105,18.04510651732375
51.58955498421613,22.16719063472852
51.3592057104599,22.6297465950686
51.73725181855614,18.67055821505092
54.01736620912227,18.92090670625137
53.30220912303196,18.85345278965388
51.07430431195679,20.46947768269262
52.95563808909966,17.22260395461985
52.40470071551405,21.73906369134164
51.0624210508314,15.91074250959381
52.7268122834331,18.09136363357748
50.19685350791651,21.04375999767762
50.97799638314916,20.20832774026821
50.91630090040184,23.47738172579115
50.09364919806007,18.35417758668785
51.08181561499173,16.80736132945928
53.78413331984777,22.81397383218033
50.626256730787,16.62406622666167
50.52330366712926,17.48961004338088
51.28602924479392,19.64525605370336
52.33130356333169,17.69726080774491
52.98471367171567,23.00669588873798
51.12997820081774,19.08179547061272
50.74630661438631,21.81523691506732
50.6012178919288,23.91998928581175
50.40478243973417,23.32124128061678
50.96774120378865,19.72303171377983
51.18073391389382,16.57854456215317
52.41706883566313,18.14127635723873
54.30775382107345,17.45849802049874
52.98035938413715,22.70774490066777
52.99124336392731,23.63256678298761
52.90602796792681,20.01611461235786
53.49030049612277,16.30745578439011
50.03595355634474,21.32501860569292
51.56855705083915,16.68262846553437
53.50041310090754,17.6614661561441
51.92423026015177,15.70500062135894
52.31674850345599,22.18541952688161
51.05382712822954,19.5863155058209
52.98653981414135,18.6147128761811
50.64976035035015,16.38251620805927
50.78947526842472,21.42581227128706
50.52372903717703,19.85312747442822
52.91989912986513,16.1828076983906
51.96770833183069,21.44948412126183
52.94690668048338,18.41377850170405
53.33519890450436,21.83129560820062
52.61404537803489,19.38203122547565
50.92239640450425,21.39057024538294
49.92059526994211,22.19576283811467
50.89302819798151,20.35447275475151
52.42942391468392,21.5368599843692
52.54316557782521,14.75138023842889
51.21230762273442,15.93735981771756
53.3185716507389,14.71188883821223
52.10286289083193,15.78674846558524
52.40549980172142,17.29662519318197
51.93469170375612,19.62731977481371
52.81756133700615,20.54054531567713
50.84231044684857,17.03439263595399
50.96589598434174,20.40355641446304
52.44047983896388,22.46116906820653
51.77753106784216,22.64239087329645
53.56674333374691,18.27738259768418
53.0012444972159,15.91974801742947
52.11563926892939,16.67871215665111
51.60602432235018,16.85735635722276
51.44481019947868,16.61587032072454
54.1091096083947,21.23047130972468
50.77582552874793,20.41415980793063
51.94596923147079,19.04513624424943
52.91248842590899,16.06310580939091
52.63808961842644,14.96317749393368
52.28821200061567,17.9113154950637
50.83275854174401,19.58551048818675
52.71610050143936,22.12175854054902
52.77283024646106,16.39541897537373
52.81158515716389,14.90272639784625
53.20204756551898,20.10024549453205
52.67657365770482,17.46123718396246
52.10204877251712,21.57116338902039
54.16115342880641,15.65847602059588
51.49093769999727,18.05916314403713
52.21067700177768,15.3330077591305
51.76609732621226,17.11230330765575
52.72479839999242,21.70832786089791
53.44057765130744,14.40294244744211
51.92164659145072,18.83050563798281
51.7121408730934,17.04338151251335
52.21366338101357,16.09613380135858
50.47506767759582,23.97637803944981
51.06800609933939,23.87040217041878
54.16244513947429,17.46118038705164
52.37862544478087,21.52494704159215
52.77333867758541,15.64093045823757
50.19355815272062,16.70415778657178
52.88896020138886,20.59973430697279
54.16695299671643,21.99905230668062
53.57079591869349,19.38056387198018
51.80219931418231,18.61722265573641
52.07172545351589,17.93135374229929
53.49885733221841,17.58206627629606
52.23154524541187,16.85365328477057
51.45355489464703,17.69970697207162
52.31167264771966,19.59993927513547
51.93366972003447,23.60090294836643
52.83749200337333,18.24498681770629
49.9913810615005,22.717839336512
52.65560139583496,19.49646314402695
52.50796079388607,19.86772796445196
51.37499163063448,17.7173795427159
50.07726412455592,22.36676244541201
52.46988466560062,14.80013422719951
51.77080793024486,15.9435729259346
52.87424174461167,23.68626943948912
50.8864471634048,21.02965778273869
53.11221924278051,20.07143998654201
53.44669911155373,22.35226389861045
52.10304058727655,16.90822480431159
52.04084727985521,15.47228475263575
51.47996795840456,16.77855306251701
51.9688065033224,21.52904300873122
53.27153357211185,20.04017973937193
52.87738330573886,18.20654201343688
53.28009780446931,17.50557360726963
53.35763532447481,23.37031344032816
52.38562157224094,21.13436792926144
53.08538204932814,16.24139688562056
50.27923209875013,20.9107823278282
53.90716440521513,15.26319666756768
52.29249063251833,18.84661768448957
50.34497664658231,22.64086025965318
52.78067550187821,20.9882654629827
52.45124677738506,19.79988307155236
50.72766061493478,23.10397663279197
50.48215013775534,21.43596057655328
52.59849829328343,19.39546891286102
53.63795758984888,17.55706557152875
52.67609222655075,18.65798146894859
52.34462835764065,16.00699861229262
53.83663792911329,22.82352369523272
51.52857494867764,15.17699194813505
50.34127419001614,20.04205851399539
52.50832961338697,22.44955329886919
50.47800854884007,20.25045186454518
52.45660124260788,15.62202478371603
51.76441085622881,15.57071312377088
51.62302768481356,18.64552848875921
52.03222000404938,16.36150067781713
52.76901377612786,22.3185657146162
52.39438749855962,16.77744569707256
50.12841853317222,18.33690406060147
50.26721047181088,22.3245871305698
51.51663538558281,17.98488720539122
53.09219857697317,19.07597105551367
53.19568630855013,20.93674693110546
51.6029819242604,15.69291931474655
51.60553192991973,19.43453088891095
52.88537366166705,14.19599382642306
52.79496544780298,17.85782213007246
51.12137276384859,21.97249653998606
51.30381869143829,17.10137990084685
53.74500891115063,17.45968901469063
53.71500596870593,22.85374716425002
51.50348109880934,18.51642624205548
51.32123511443381,21.01434720717517
51.83522386599255,16.96534769677612
52.65684927044705,20.83078208238873
53.52481294486367,16.16327290179909
51.20517634366567,16.85250755675647
52.45057071006225,15.53974379801434
53.34422335919493,15.54276909705429
50.98898543873057,15.73346412309081
54.38689138822995,20.30251001019436
50.63540781133977,22.26809946445443
52.06467451932799,22.02724680711106
50.07269115856595,17.82753161863945
53.19985200475597,18.76478161813509
51.51266043724719,20.4813872742459
54.143943909255,16.17861922270684
52.35611640180968,16.59589986646004
52.02653122411594,23.15108696376975
50.84448524713248,20.43151030485451
50.5042598503032,22.58850522780984
52.80693837762682,15.85981499426163
50.53719312029948,19.53180130369823
51.71792312017113,14.85183863725634
51.33593503510784,20.07913272228254
53.47464872972984,17.46916038733473
51.40239729428878,20.1219843495672
50.88766002932453,18.54095556851545
50.60195070797765,23.36112088173238
51.24561873406461,17.24260332421499
50.70516911973339,21.29657003098301
53.05630772036322,15.3241928921457
52.07104037912644,17.24478597583462
51.94756706788414,17.29381079240113
51.39728600350418,19.27681195336642
53.48767455189581,22.8309564561629
49.97474075446378,18.26131223279655
51.64345103141151,18.71160992874929
52.70889497119437,17.7542887245511
50.66269593449688,20.29913156207351
52.55939422593166,14.67691844461537
51.06911969788141,22.23851364752402
52.57190249136895,14.98652720578783
50.97789223922541,17.64366802389555
50.19958969584012,22.63109269567608
53.9495392873294,21.93187509927446
53.46341251810458,22.03858817997382
54.3391554892446,17.34511301530179
53.31632459051741,19.24314103443946
53.30803871107556,15.94251664842083
53.24747321339311,20.35923231588589
51.73015764977837,21.72317013745573
51.57063802775005,15.61782468493494
50.81679685655521,22.0687215537749
52.41847786434442,22.14495133176922
51.93475201710728,17.35257589310963
52.83664248370563,17.55111377226016
53.91600811319875,21.05939392473331
54.07481076299546,17.06459230931849
52.76892707559128,14.91513995589042
53.36657278038467,15.87682227093157
51.59517100720595,16.42190734753702
52.81262849807549,19.99863811051909
51.64159066637463,17.9345806508219
51.3255606099214,15.56079918376424
51.8770830516889,17.50378318014903
52.84702579952895,21.40777724332402
53.1191906830017,21.29294087347445
51.29204693305654,20.85083472925468
50.81473792593128,21.839302470921
51.37846510007424,23.49082959951636
50.88881205905727,15.66369817245291
52.5374935541176,18.35689963324939
53.92125962687962,19.46768479387764
52.03576568655236,15.21277882597469
50.55161360982856,16.43223442032541
52.50291326739001,19.70176070920161
50.74851946817856,16.20646700854108
51.05349841550273,16.23303867426132
51.62495284722232,18.16547016614953
53.06603473690837,21.03634218999896
51.57077531747302,20.67019651672649
50.64557153409551,17.33390951743786
52.03782639886382,18.52906764562675
53.22211749722842,22.57652550576323
51.5013585356222,20.47413597268359
51.17980370717286,21.73470905060862
53.51173760930491,14.80310155841801
52.89203365085107,17.19190463217046
51.83674896678492,19.6882849631486
50.24132795715283,21.18030342289284
51.1804263005141,23.41791306507252
49.90528410666242,18.773000159713
53.36084687437024,18.42162896677336
53.49889981704676,15.66664334988405
54.04902085074095,15.6601640505376
52.55606055352786,16.457334557483
52.01028001560573,21.22270658440051
51.72338308893742,22.4889960952728
50.27413617585456,19.91307416231919
50.93509670931568,14.89269122149144
51.44559786054327,19.74218201080651
51.42231052512289,21.82380123625208
50.27096089508492,17.89585060308254
52.28975850941131,17.73434691528074
50.83466417006397,22.51408971349265
50.95313137430301,17.60239195732138
52.10867813008083,20.00791149771725
52.60808587337411,16.09990905172947
51.12572984360843,22.84454084382639
53.07040427688046,23.00577228148868
52.80579721569883,18.44404933063499
51.76816863859464,20.80733111606727
51.58248772777998,19.16077081545114
52.03882238460281,15.95306826752259
52.53901324495322,23.18756072358764
52.08132991430233,16.8948071746469
52.07696484854202,22.72622658526675
53.60400272331687,17.50647128051465
50.32850793334394,16.60907098846391
53.42904714363727,21.5513946391828
50.00567250449367,18.84579057161384
51.87915094058679,21.04412419823138
53.39387985997797,18.70060176195074
50.75455618413659,21.0724477547273
51.36680358851032,16.46300109593002
50.50879854601731,18.23442154865021
53.36238804568001,19.94316930998747
51.02877227729501,23.3943608165046
52.2757289961791,15.94201251670486
52.97350274329819,14.53825487159839
50.07394386212638,23.172410319123
54.19329375233766,18.60180311316774
51.16048030488621,22.44299544096769
53.66680098435281,23.52326118897218
53.65307970992607,20.79011356522479
52.45066740296138,17.08784804259139
53.56276292298764,18.43748898164042
51.68894919068045,16.36528551185431
54.247764937289,16.01064144262911
50.62655144441591,19.94195021505502
53.49844234526525,22.44603719154835
51.65957384735552,19.93751950644584
51.23804352420775,22.37089478732915
51.27909593300328,20.60516795412312
51.16574448893378,20.50818518326737
51.44099512443829,18.3587512176636
52.73303487456401,20.05722300225122
51.76939306766619,20.54509065205597
53.22328451386777,15.13217993396593
50.05031590046404,22.94106194842858
51.83454363360191,18.28642819065802
52.12324711435309,20.90959605365874
50.78750322069478,18.84697286692809
51.5357455820906,19.95431066710688
49.94109617019106,21.32806963729837
51.30068614545358,19.33545512897738
50.69891408017259,17.59886845500874
52.94194541082567,23.65899502140549
53.55633968179037,23.40323051985623
50.57596881748255,22.39667149644881
51.89616993790875,16.40352967859374
52.41699146612823,17.04128291551005
53.82270639861461,18.90205104033483
50.88226231523275,17.12784050223464
49.95119006780119,20.85005368508076
51.64748003762592,17.19355205294696
52.83525472551576,23.88568653616092
51.98607196887789,16.91212246421666
50.2759241033358,21.38006330359356
53.34746814483967,14.56599128629012
50.50418232853959,16.42164980854287
50.07672135668916,18.67024537748442
52.80485051636285,19.05291876790278
52.29505091178088,22.33259293866466
50.19788811354747,21.7306995678926
52.48214901899981,20.71477049558811
52.39639336448645,21.92277133063564
51.02552151971922,19.28225325779917
51.68159963414559,15.48218911118557
51.0051854333542,23.7101019046065
53.62252648150997,16.41711994474664
52.61837369880629,18.84786329282465
53.29424966589139,16.96707129778476
49.90529782737173,18.97175237068879
53.68274280368509,21.88656756352699
53.453588979305,14.78470266198399
52.7954194723838,23.61119604125415
52.21759378193173,20.43921504650491
53.21623546607074,22.65113800132072
52.40458311375976,17.16734424694511
52.0530218880407,15.02715354040739
52.35894043999154,20.27917990622518
52.71517266852124,16.25507902399242
51.78443119359211,15.67914130572449
53.49517173927079,23.62237330685357
52.1723496140788,21.22372894189481
53.1524808521116,23.06543420135223
51.24678913765968,21.36508717037935
52.83834624427494,14.62489471793258
50.21765544572201,18.6256142720143
50.7020723323229,17.89123409836304
53.65778631088024,21.9846627434104
52.11650091835077,23.13355227551727
50.87800140707456,20.1895808492325
51.28117618759762,19.74855735648196
52.75685567334947,15.65688828335757
53.65575325637737,21.34241714361147
49.95342955189705,19.25070740681923
51.69334623651124,15.30170824902779
49.73146247883628,19.82668896208394
52.88029790944169,14.66167276968974
53.02323979270952,17.59331243519003
51.69709098634473,19.40004599146886
52.41487606109401,18.76576427929993
53.36546378856163,17.04039858222097
53.02004234806724,17.66862842239829
51.70153905499125,22.7223238095945
52.63592539458136,17.9177446615752
51.52714758010615,18.92575363214321
52.01115568930412,15.73383178075798
53.18124497072314,20.06129736010831
52.99476179099769,14.95207101350164
49.91219881546116,19.75446694055072
51.89434522445889,15.88108989001253
53.89520726590139,16.3803464929808
53.40468051094756,23.0370491366496
51.75175470295761,22.38637603144196
52.70140080632383,22.76485473294718
50.14434569190717,23.31107886125463
50.33960801738276,18.57996412709704
52.21501709569672,22.24833043371156
53.26024400205096,23.53226270454668
52.75720203084138,19.0090199455186
51.64739799697983,21.04179207867291
53.14117335507591,22.25997608482242
53.56911096081542,18.68062452794644
53.07373608745171,14.44167573162538
51.17625010997293,18.99541910023602
53.75913252887385,23.03037742779994
50.62990315711777,21.92213692721221
52.12690705139848,18.17662222835597
52.77190460121302,19.4705424383042
50.75218224049564,22.2420110223479
50.25802146797697,16.82698528569022
50.75407960917512,17.59052512925298
53.39032763690419,15.85038576676952
50.21774045310838,18.27283003449596
50.25754391927153,19.66887843710474
49.7567840761315,21.50309124652362
53.67855752386302,22.14453839964283
51.83237135888155,15.4904017386283
51.20079608078325,15.30972212378176
52.07322235875718,17.37185078965187
51.29129819806391,22.09897960287613
50.96992298495235,18.96619771443336
50.04326563803982,23.17372061535394
49.90321753078522,22.17362303632545
51.52557458800216,16.65220918422961
51.89876916932235,23.41205201456079
53.28813037569783,18.82270536558394
53.55699677900333,22.64507906005109
52.58256890590688,22.50359184383648
52.95758879891662,19.80098645218069
52.98907546794594,19.25365908173995
49.67718236315449,20.37882780443369
52.90913968211829,17.53135782447967
53.20253051439165,18.85525764019891
51.33047898876112,16.69771908053462
51.86712695881401,20.20010043799055
51.53254793825715,19.56477462715139
49.95767025312701,20.49499865200996
52.58180104180305,23.3768156900278
51.45366275642431,22.85289625483118
53.31927821204608,21.09776760363254
54.12388408048243,19.69460902687589
51.77275214019538,21.79168838688122
51.53260208391727,15.66041739685713
52.57001917138813,21.21857855348589
51.98515174321885,17.81340514761543
51.85478790919674,21.95112426809399
51.76130346063945,14.7306124798174
52.42944902708971,16.73190658127334
53.83397474911632,16.23320062973567
51.28968210051597,22.92248859226894
50.39069773303665,21.10887261961616
50.53859662272477,21.46001318606065
53.31472072749668,17.68957399881951
52.51947988798037,17.39942797336884
50.78457593783549,16.75099939558309
51.4127607281758,17.15067435993911
51.92218056859192,20.41903061927457
50.33366080133175,20.85897297379161
52.52881112826284,17.05873168690119
51.9842577189545,19.27674605638282
53.19646394125805,16.31708129661061
52.38217047666678,22.93239498186332
52.73525756963917,20.00789752534838
51.20425229435494,18.66220633013226
51.64534984000769,19.2618167919256
53.52930934291037,18.33294977267489
51.19884764303072,16.39831322617075
51.78499936971796,17.86356284982733
52.19178702066352,18.13610612454663
53.79447945225662,20.18284283182665
52.99219345662995,17.10341247461709
53.55958025729085,19.86166666179329
50.97833745828378,20.01669637653615
51.16849648771652,15.9883294060815
50.94525359937946,16.86238240508268
52.70723139402408,14.93208872860748
51.16842740326125,16.97017889463133
52.01610450802615,19.84695202690889
52.62443371576386,19.70108205455465
52.49960265861557,16.65494977512067
50.64813923371419,19.28545351364195
52.64062389185391,21.27620791241495
52.55229540165405,19.52932915037646
53.09460523577925,19.15765435353937
50.78395030509961,22.38290543044207
50.50041300056004,23.27531353440732
50.8609656202351,22.7852112929976
50.679581044522,16.5824798616799
50.7629284510789,16.42822224527927
52.43719103492277,23.29895011923072
50.51805968997796,22.13968120627039
51.79109709692384,20.52006332430198
51.52353300602179,14.93428508209253
52.0906610927681,16.73233311051511
52.60212294273354,17.83239655947682
50.96419456714216,21.09696303680158
53.00231851824568,20.41000166479657
52.26401155666458,18.62194082665109
51.62238360760188,17.56676827844888
53.34892783379702,19.16421323245788
51.92971716156127,20.15975560162169
50.25443683544975,21.04157882640385
53.43769293880402,19.98296093102562
52.62184238557466,21.35062279465605
50.97023247852995,18.03784430513254
53.53887712418542,22.46262723427517
51.59174621993424,22.78443185258689
51.23160251781307,17.13010646154522
53.93217999197332,22.82198845409431
52.45877234731954,15.70556457807766
51.4369937746113,18.62512149224827
53.40410900580455,21.45167718225794
53.77573957693014,15.84763832797858
52.58672492954584,17.94064756805423
52.10362979157853,16.82752151313463
52.19338687313113,15.54686763649151
53.34012448667454,22.59845274742459
53.66474356406308,14.75247619108478
52.06981040449008,18.27818285348815
52.09277283105605,23.02560057616455
53.08393915023215,19.94811911833163
51.05523666931174,22.81427018674052
52.22386402356337,20.04151233180163
50.50462110722425,22.4633531009021
50.16552583347794,17.69575840003579
52.49303444205464,21.5648159594921
53.04372198471752,17.0147606964639
53.75332567178576,16.29217831967705
52.4121538284476,22.24792411620282
53.29263940799981,20.91648776087761
52.92675818990525,20.35418272807049
52.51410213777754,22.73820422642664
50.11320753153358,18.73650717393922
51.24031941241475,20.21767038948389
52.7353838548629,16.22836763932796
50.79193669997282,17.56843532429749
52.64426139326745,18.77969891447968
52.45522396334467,18.1687462456813
52.60208319617684,17.27384720582848
52.79027067180126,17.7683906387413
52.38415136665329,14.63267925708158
54.28475411759499,16.60076644282276
53.80707776566937,16.86565003044644
52.06296762810107,15.93819025507845
51.15955390453338,16.38279046165361
52.29301706150138,16.75118016529136
53.19237770120809,21.37088172252865
51.60225544717957,17.67330265375904
52.00161162168047,19.81388927033026
52.76196528841681,23.47708972914555
54.43226257648852,19.60202070617294
50.58538165212275,16.57835656531869
52.80368597282041,14.31406469690992
52.21059494468093,14.71513243584888
53.35568824207726,15.06092997067328
51.55936946869758,20.46814844138077
51.69258870319482,19.04210126163905
51.90050143855527,19.66648013506214
51.9536001199555,22.05125106060273
51.30721627598965,15.39836101962089
50.79132088124444,16.99501869018144
54.44019528912702,17.76161236159552
51.43312482707461,16.8143747433378
52.81687751354707,19.71847052306341
52.27018791019971,18.70676987869473
50.88585250876714,14.87896164904113
53.66631210290235,19.27115340335012
51.65632602617432,16.93030035813981
51.66321639948529,23.45675051962438
50.26032967207973,18.23457063853421
51.33210966914256,19.05945729448599
50.95881548722256,22.81573906706004
50.95028607496805,16.80924063020297
53.99799497057101,15.82717885869167
50.86431895505837,17.66042527637383
52.43548434555107,19.7375995797473
53.91421798429756,22.72780700440625
51.55583954379102,17.011452975368
52.84007237873072,22.97285331952217
53.35827926705686,18.20620769031414
51.96317697443204,15.25210971612518
52.50500321562265,16.16721735399268
51.93430608729598,18.34183439158583
51.74404266958513,16.5742978052059
52.27756096587436,18.95315405714066
51.31765771560183,22.66446470919897
52.43050065652255,22.38761675034986
50.80978908261797,19.04141466126454
51.82557671241145,21.39297956482202
51.72494252470443,15.60251046808331
51.85541112620231,18.13529153116867
52.48235350505313,16.05731064018358
52.31191091277369,14.86264940592154
52.79837140248385,20.03366246472016
50.37953506985646,18.03498111054236
51.07472724446492,23.61505307128719
52.60832188295763,20.1956297504948
52.25841593885454,15.06052270975371
51.91205508897844,15.36972848908401
53.60654932257118,15.69586492254976
54.24135022468469,18.5192809247452
53.29912464257504,18.08253885926229
50.72215224840304,22.09304132704692
52.90403283201364,14.75248626862891
52.10628568421402,21.72463060955094
52.4558521554796,20.70065186255611
52.40898137595691,21.1377977161078
52.15878862338099,16.18619438504347
54.04944039857828,23.32034171233746
53.29374526754822,19.67512790736435
50.75365009273375,18.97450284923662
53.88192586166267,14.65498822748621
52.33105810023994,14.72015199940707
51.28641882272021,19.08882724148527
50.97940708316585,19.18651234376934
51.53389423112863,22.63811893015509
53.41167128722562,16.84401312996209
51.90748927388593,15.36800726693258
53.05055957727286,19.11206153177221
52.25822725154502,21.8957845067739
51.37138475267674,19.066129279939
53.84349009881068,17.81871544223644
50.10201760784457,19.34323138515877
53.1904668646326,17.35319080736048
51.0350651460016,20.5565717701676
52.67949253119366,14.69411872690806
50.58755797355116,17.41213718985367
51.10355300336533,16.09418016656657
50.23916508632624,18.61086256651354
53.40920177555144,18.73359538804732
53.5416904093041,17.25206823789773
52.56285721805569,22.38772274196456
51.63426021447406,20.35237765255227
53.66282927179984,22.08910017096961
50.55351717388603,18.1105981937581
53.26882901398021,23.70624615694184
53.04880299267171,19.45841335974259
53.01963115043311,23.52171059339679
52.77867753334337,22.47382202774189
52.35655393533075,22.3073140059072
52.45093249856606,22.13556860200955
52.57705056511579,17.78493920732959
51.95203850429593,20.8604765157201
50.8202714427648,18.65061819322196
53.80978780928328,17.51403295962682
51.89578439292593,16.92704528687391
53.17594536899313,20.03587276394533
53.02948475301769,23.2697170083835
52.71992676991514,20.55504248898815
52.82217772737819,15.80700285054547
52.06231342393622,18.11635615087581
50.90273123614474,22.70447529677711
51.16110606640039,18.19512723783428
50.74112639529032,22.98336509039728
52.55528936947829,20.07324520903519
52.77743299195273,19.76493536304386
53.37883417805765,19.22161291988401
50.48451829135032,23.40907153578915
50.68282426249626,22.34433821900013
50.47712339244573,17.74106910807618
53.02061139654838,15.15603404247111
51.01570026042859,20.02729860355515
51.26814140850149,19.11336694871337
51.54089530520235,16.66895436787617
52.97726191710526,17.55168024753104
51.52790468203733,17.24842964818467
51.04270369474425,22.48318290671919
51.41315014306635,21.40646865294222
52.43112611322195,14.66932855551369
52.9182104958138,16.35704200367198
50.77278464794136,22.72080780485873
50.400499764679,20.55547600127122
51.42644737511429,19.19994733828022
51.22421027408775,17.72585202012091
51.90310848078791,16.72967032151537
52.2303482624592,21.24479911347171
51.84634972580521,18.87179138341947
52.0321739734218,21.03310869406685
53.18776522271172,16.66866668787463
51.43175028696242,21.51161430456563
54.11124582503346,20.83943290319371
51.63366230577699,19.45370874917756
52.69221731597912,20.42313634675914
52.48683836287994,21.00359103480231
52.94101521958907,23.3525128414451
51.07232485046606,23.86139017557409
50.44035132067684,20.30857920524809
53.38115581721026,15.28276249417395
52.43882588606603,22.17900756139301
52.17540487074574,22.33696295415501
52.25060872325947,22.07782851388908
51.66537051111153,20.44268557255815
53.34758286517449,15.31252737055709
53.78570697118759,20.09842317114886
52.99583957089059,20.57517209194928
50.79543901052337,18.535409579611
53.46542991930956,20.43522601960288
52.84660012064068,17.50035875401459
51.14368080787911,17.5212765910449
52.52683524255842,22.4263152204719
51.0668252847239,23.15029605704476
52.67130114739449,23.22103237468259
53.60894976958256,22.44791773859044
52.7459643058021,14.59104994420193
52.07764182225116,16.68390803362331
51.94723679443205,20.00589412377672
54.25194803837714,18.15906221773146
53.128188198397,23.13391184665499
50.96986077758127,16.65336763165839
53.50710710077027,18.55604472706815
53.52085856557608,16.79187075223263
51.54228863761082,21.13263168221592
50.916616026036,18.47382910429358
51.89303204151922,19.85113377227886
52.18587013910357,21.67305027053579
52.83125481233135,23.79518431877926
53.70548025627178,22.77809677437043
52.0675307459608,15.47918076922557
54.39423194614793,20.30319822409976
53.99481289225401,22.54714770066006
51.16034328024509,19.30870633873498
51.14372816866712,21.69959059057969
53.07748001878703,17.79463231175637
50.11539440395287,19.76615831681539
52.27509570951057,22.26522388689277
51.49166514791418,22.77960171011509
50.40130298283663,22.58105147956232
52.68480273916208,16.74780135048146
51.73331140235734,22.52691873229988
52.26065597115458,20.74264490176215
52.08863254344693,19.0301816321591
52.87022375433065,19.71862867198713
51.82967201950186,22.80007739088224
53.10839635820074,20.28057471689124
53.28983918485822,19.0327558346523
53.12196822720965,14.84358777749064
51.85099592669651,19.46509996740796
52.33544599687579,21.12663647069934
50.1469109518582,19.19927889608726
51.5191549857264,23.39997200601393
52.22640195292666,15.60908526293197
52.16871847079179,18.21343879050463
51.70754467918949,19.27941561647639
52.91343127879366,19.54294302842992
54.15141776353157,22.02903770583724
51.27527668229033,22.95536447330858
52.89745631285839,15.77088130925457
52.11883864361069,15.64520893743392
51.19470106750524,19.95639560630375
52.83725313635485,17.33741546058048
52.62517998490932,18.80005376530403
50.42211808877843,23.8301125850092
51.29364508746602,16.89215700059911
51.10887911974277,19.44633975196361
51.61240700649594,16.8815954628157
50.78336535740711,21.13673193215779
53.62959609500993,19.78719703430085
51.1220717990991,15.03167993429309
51.07050921088265,18.58589745601982
52.15088419288029,23.1762519717102
50.69576438645232,18.54747703563064
52.51469414503534,21.06459940211069
50.10653929207334,20.805906949578
50.92505759834794,23.15270312230597
53.07391045218549,18.06036672572083
49.46100481152703,19.06898735650385
52.7929994734651,16.11402781675123
52.82418036197086,16.17460371600673
51.19109766182523,16.06456053693109
53.05412120597569,22.97564552149198
49.99797002734433,20.57321109522533
50.06793277392308,22.88497331797937
54.11744921382716,19.63315766933707
53.04553449443934,16.87781274455527
51.56648217695628,15.40728014515457
51.90633892855642,17.60100539367309
53.93343332959309,22.12680322649095
51.78973849032145,23.26665740982976
52.38953516187421,19.6044641805195
52.73872040842523,17.20816354476596
52.20506289364859,23.12082765191681
51.95839521884503,22.74911950474302
50.22707779239493,22.92116054799077
53.29737333984419,15.27901563777476
52.43463339822097,22.72345605802889
53.51435695593406,19.28548691990248
52.86460231614775,17.05510967427401
51.56324666450032,23.51479299581307
52.15438439666073,16.4209143846304
51.57234670799627,18.01325839207099
53.06485946480328,21.64624357366527
51.3116008589748,22.42087939094851
51.56546185295154,22.62447125878448
52.56646604011063,18.51629432430724
53.12412654659859,14.45070670418815
52.26758872989174,16.68477779132057
52.33663931495967,20.22309730787916
52.79443828602153,17.5192299529296
52.12260443548356,19.12955990450153
50.69744305521189,23.02068696699609
52.59874627758131,17.20009872453953
51.99731867998189,22.57771858159276
52.42109547368283,14.8016036586388
51.63200348274091,22.50470065397387
51.27012311247325,21.24036935725101
50.46126108550233,20.37143113470222
51.10208985616607,16.70591448563211
50.90472665118185,15.86332699069229
53.05269567828464,21.22724296478956
54.07341398817664,18.61741976213003
50.97266910791205,23.35915923824188
51.11037036470894,15.48590872305504
51.28063814279472,15.43740103974833
51.28496989324223,19.72862576474042
53.59369191175566,16.05550962487785
52.97473332469795,17.33610726496484
51.88264754139943,17.37100934625937
53.77830234860847,16.77778725217053
52.12759527261044,20.66654018425966
52.58077140015611,22.79101283326345
54.09402305329738,22.18836534395577
53.18520510270147,19.19635596549882
51.60560026583093,20.24375877506609
51.15671232145758,21.42554259665646
51.30777574993864,16.22995266028762
53.94475108280899,19.49577195314637
51.01502962537881,20.31784656552355
52.74284703357596,20.57232276315475
50.91384953276564,18.94916392511441
51.07173263026178,21.12379242359436
53.51645104721536,14.34421063354024
52.35023806327141,15.34126335115477
53.94980837064649,17.14052976348647
52.42525987820549,18.53095122380478
51.35507518297707,16.77807128781559
50.68539324401162,22.85874790866704
52.62118722114425,21.07898687160305
52.28386196696787,19.93835283205387
52.18177046253905,22.84364903823761
50.75767825700522,17.24707178345881
50.46740268489231,18.12480956064207
53.50625040011196,21.49324143102071
52.29943880740937,18.28295650994909
54.18332851752546,23.26725714224821
51.00074758828183,20.41878436853077
51.72832857489644,20.41548944722707
51.79631829389594,19.35785652801477
51.62180865856842,17.05315654064048
51.89140260474249,22.34696042580506
51.52776837253275,17.42682636558678
53.2000900535853,21.89987281595118
52.99553529579327,21.83450862573245
53.00556482663783,23.33138695552774
52.16021006702803,15.12462229517386
51.36898491657533,19.38927712359147
51.89145517920954,17.61314797850957
51.33041845450137,16.637259529761
51.16813070820341,23.69015630423504
50.96952782633614,20.27434336650083
52.38886340681368,16.42069678323429
52.79977088009828,19.95181411081049
54.13448905491234,17.43055539377361
52.48752085018378,20.01786158629277
51.49651514180255,20.982584584509
52.43010703127243,15.66996797478523
53.92187822930084,17.31501648508794
53.72121862965142,18.66748491132994
51.23822208405186,17.55650281097948
51.78442855949588,17.51889134562204
50.267532871712,21.2960680670119
50.86930099385302,20.71726834070136
52.22209430454676,22.87148269987709
54.06163926896424,18.97206959771807
49.73774516564957,20.08586493288345
52.35584691543306,23.2130527785147
51.03585268360874,16.8934873340865
53.50658775858621,21.59803906883425
51.64259022149839,20.02613425999091
51.67909063974826,15.39996290377088
51.94823655995488,23.13041717385283
53.32106672010012,17.92400147188943
50.98894166066319,21.15856313378251
51.80995682617964,18.9184233520562
51.02421229663076,21.53094888637956
52.96922412549299,15.15268322850509
52.68122532704601,17.83423745902898
53.96342011273035,22.02113680958718
51.31704043106097,18.61591752418423
52.54750366333728,20.46632352850185
53.21533480018217,22.07545638606667
50.57976197561036,16.49571249181779
52.53144581219125,14.90753440480223
50.97473625551504,19.56593423226312
53.15378933857195,20.1091581572478
52.72418536138535,23.40279637063356
52.51740809636267,21.7866509446557
52.16273695713401,19.72538882976884
53.85498389217511,22.56066201035071
52.29673011671641,22.03878422481901
51.00867550677054,18.47490736635973
51.16596589804184,23.06128737026348
52.97661993975553,18.87368474425532
52.86491675397396,20.87979058547459
52.66545095678797,17.16576518381108
51.98393360714058,18.93198310971197
53.59151802741844,16.21967062287805
52.79954789941168,21.97507799523014
52.39360925576212,20.99456127520114
52.5779333253816,22.28873225892729
51.89915006438057,19.19796367492221
51.84128996184266,14.72961330238178
53.72071112053012,23.57727797790582
49.30636338219325,22.63589438743621
50.68942913549979,20.01391484161406
51.66552143860275,22.253327805358
51.18609461833208,22.21927211592638
51.79235930373974,22.20010746818653
52.92176177501897,17.34208478745416
53.36455924981431,14.81446342465928
53.96356291975118,18.76751707392122
52.28753691257209,15.77508217295585
53.57680953323418,19.67783403540779
51.60662303325256,19.03516869459859
53.07259529710946,20.29195746948299
52.61086179248243,20.00729215379884
52.50569501356025,15.34285474819821
53.73866756944263,19.41765701332524
50.32896948917463,20.57055683924989
53.70077508669728,18.09622258298529
53.46668602591886,18.43512367571598
52.20045315683446,18.65013312695598
53.04082330374565,21.38128970966104
51.46149988328479,18.53148304345061
50.69363465421775,21.6927189265457
50.41889911371354,17.2752190258821
51.66093965091581,15.45635045295166
51.56010909959023,20.98620273058656
50.14607640664577,19.48759983948465
53.74759586421881,17.80157446326382
52.01933837504146,14.9665528130802
54.03778575216552,20.09065709648088
50.38150326138901,16.84054568587421
51.86247252980718,23.45301006504566
51.0736178953301,18.79371398309303
50.0781108330595,20.34528106692622
52.74192471445643,19.8848986060052
50.86959755329065,18.97658467966953
52.96846563141206,22.89133834497316
50.76235707509346,18.22913100863627
51.68323639433952,19.48806740426953
51.3077208034823,16.57460790303174
51.47969251596903,16.43940980009614
51.65945139961741,20.14768831670861
52.7785142862545,23.58940630378175
54.11679288599557,22.09032295590769
51.51265730079292,16.87975718521303
53.52890434979311,15.07222225799221
51.87218932265461,19.87129987257176
52.46143375494383,22.37016188704585
50.41118628122526,18.43826235369987
53.56694726034651,17.81467514627149
52.14165322262304,14.89419584551278
51.22530576256298,15.63845629956356
54.13608295943673,19.52179007971004
51.72458682740605,20.33497142150532
49.74631650748225,21.21016974543417
50.30506480102068,18.02960226732338
51.18455680920326,19.02586219519505
50.58498892100197,20.18843331686756
51.90100699168595,15.21757955800535
53.14448858529893,23.68000627025467
54.08531328282761,21.17257009344971
52.63083294466608,23.03374741196004
52.05041560735897,16.875209192972
53.33929130402979,17.74924089655907
51.18831942906613,20.91339097327195
49.58435193241369,19.72623614337221
52.5425234100061,19.96130611149223
53.58260267715465,14.41554150268871
50.62024128138737,17.28079835204175
53.08333075923338,18.17190863025591
52.09579023190245,18.15664748626337
49.9807675040685,22.7660788702366
52.11078480588824,17.63136962679366
52.21968069938994,16.64638359831681
52.37961002574811,19.44257656672495
52.13793995319656,16.46052839841233
52.40883227021627,17.00366747247955
52.00903087616135,19.42074500677261
49.96869302896494,21.01517800326612
51.74905052392121,16.02079132875232
52.08881403961408,22.30032712705844
50.67446645679721,19.21424707347389
51.8786291207352,16.81347487025081
52.09750490321679,17.65376666501359
51.28435294304474,21.24628162352911
53.30325313306523,18.5062957149911
51.56831845173004,21.54807640744214
51.91350758796991,14.75227929026298
50.62853070061112,22.86454784154168
53.88890019929901,18.58904548423512
50.33730867426345,22.19291716713425
51.07395372588014,22.83467350997531
51.96945982848894,21.19020749735975
50.91320173445738,16.45391833434917
53.08124800023398,20.37701157428345
50.68156579082439,21.41600849002478
52.31547106907119,18.90300674623191
52.73836254358147,18.67663136048614
51.21577634886185,20.15389345795513
50.85064802961377,17.88007530284107
50.89653650030582,24.0144946527682
52.96935173796737,20.04357024651589
52.15178839721641,21.5061802197725
53.62619454859646,23.51639319771289
52.72907350549094,22.46563390670278
50.34756041470101,22.77583179191554
50.00336720735801,20.09407635253086
50.7711689997791,22.13874765185665
53.10201565247876,20.7022536709551
54.3213864849718,22.03954291287013
53.31679703385677,19.87398931313009
52.22364172317122,16.26862541593001
50.93996438369474,19.22729738177822
52.86919399801762,18.29426448428091
51.5454736505115,14.97550745341485
51.38231961362619,19.50189601847992
52.36604230554885,17.52191556735952
52.07610047627665,18.14609060282676
53.01688338485466,15.75778240031503
51.11942846886722,15.78088496338199
50.45600629808892,21.18031030552069
53.14681923264047,16.07798427172018
53.41567304300575,18.11686745278057
51.14749237079806,21.90048460677437
53.52576827742923,21.25447710609166
50.29330978231764,18.15611624818507
52.63436882512291,15.61636738776644
52.57310125712943,15.57852955701926
53.97428376027796,17.93322596713959
52.6523694156722,23.59830267330949
51.17443559204819,22.2631748694576
52.73776133030678,17.00925114557781
52.96732938564935,15.57896089466703
54.17332470110268,22.61941849646524
54.19012147022924,17.6386307027307
53.59339371129661,18.15883349564046
51.6703760334734,15.02345383756283
51.50961514320763,17.66733153320962
52.04047450416422,15.05135070953887
51.7751887916541,22.22135044219808
52.40453813986548,19.7196312678608
52.88949080825836,17.7932921122312
53.37438512615651,16.87355617712704
53.40528530351687,22.58385439387928
51.82916843566649,20.222195209979
51.91447488510637,23.21678256383709
49.76476759169289,18.65984317902955
52.4478928209619,14.89424070696297
51.98828091274442,19.83916432850577
53.73988216682346,17.75030748009641
50.66624866957569,16.9450492905765
52.07436744418001,22.86494172070612
52.8630735841661,23.73400963910334
50.84361924864578,24.0578578537504
51.87572941682747,21.24310934037292
52.11378767140978,18.06235670032263
51.43192184528892,18.12240841696854
51.29207476470096,19.04052404624817
49.99460914189909,22.93636309410517
53.73399415005222,18.49148287792139
52.35628564712763,21.45182696744594
51.9869805543844,19.35773595936173
50.90305439057986,21.84566470601859
50.37292129620067,22.77130043213065
53.33509905283852,16.41739541045104
52.9243336574777,19.65706019299502
51.86268103526933,16.36220893812486
53.61329478496641,17.36699215395861
52.15758738598275,23.15369062893765
51.54756503223665,21.57121395514242
52.51427305489486,18.14504417884453
52.76426302276695,14.44379497026635
51.78640707037868,22.46771989119246
52.62379752201289,17.2524963444214
52.80314345061969,16.90200270019296
52.23726182356707,19.16855235878191
52.43054178966129,22.99716418312424
50.95081423530119,20.57464860288209
51.18488467454868,21.04625841675027
51.26037721911334,18.19103841312141
53.53558422606481,17.85288082532373
52.42446475662904,16.64421302227312
51.89861938031336,21.05137313903936
51.97146130502643,15.97809590509397
50.90834706211471,23.08556767962509
50.39115636276703,17.27400006686064
51.71768534538811,15.70691847123241
51.42243715023069,20.45777807229918
52.66035937815553,23.48623150978354
52.61808220526411,18.64336030546287
53.4875778236586,19.69736732755723
51.40163571778282,22.68414599109642
53.82000418200128,18.27473234281878
52.55219552145299,18.44744591545101
51.88996917421471,18.86210187211069
49.6378869039658,19.77598407131363
52.90939196200725,16.83154516910546
52.94369951634705,17.32473676914342
53.47496416313265,17.26687056232463
50.22797180042785,19.79360129583052
53.6367910525347,20.01125865851096
52.47181539887565,21.62463906798404
53.78023229373587,18.56443012180885
52.97367324393849,14.2419106620519
52.26445753554652,20.64334475109736
53.42987060820444,22.23584244321771
51.50992807017307,17.90213736045646
52.44682384178844,18.39027568611508
51.47795247185667,15.39462714110695
52.65370865276375,21.51915812586034
52.10845079079165,23.53418635920124
50.43845819852782,19.19130758771448
53.3831240058044,17.83935977632622
51.21487592158097,20.84484247710164
52.81345741892243,15.16704022977746
53.56281560512506,23.42147869938951
50.87664549364982,21.84207635659248
52.11433442276315,16.93766717698497
52.87300300885948,22.85059267020445
50.96548963994759,15.46185324295845
52.41975593582215,18.24039589269273
52.81342154537448,15.72772269507445
52.71933967514914,22.70832568617564
51.67989446698599,15.9544926560027
51.63264937120782,18.67761651491922
51.86130330524659,19.96999648692455
51.43220496544871,15.19648228284722
53.09795145094498,15.32931973244018
53.74903301301431,20.2519064370878
51.1330491294209,16.46320295154018
50.84292282908547,20.99771629367774
52.34082712662038,16.61099288654396
51.09051087346426,21.43399325932338
49.48668004157756,19.01997933125896
52.25846103371441,15.40562412386429
51.08263054962345,15.90189036152485
50.25360701999744,20.23075186981346
50.87119301935363,16.1475231360735
50.23763319829101,18.18268711346455
50.27539246821502,22.91727289657221
53.46825798857285,14.93824360256738
50.83586525312829,18.71106982771513
50.61645186242529,16.6346420715095
50.84494651407847,23.08001487782522
54.29853131756198,16.88604923154451
51.06862542074308,21.69275425614125
53.24542433662603,21.17864520836708
52.3282737430624,20.74952943260528
53.87039134345336,18.45235368042199
51.25195450869118,16.28134897399564
53.1327402999391,23.67205477909763
50.37577371445103,22.31188911254873
50.81237905723303,21.88555407874727
54.04943062419399,15.17674814175106
52.95479834418892,17.91228683874048
53.67865162336644,21.80137366811002
53.30608828927392,17.2610987228646
50.87473467450317,22.26376734717218
51.09217548682579,17.60289732508212
50.32296719980641,18.46088889343397
51.34866274162096,22.51632527875323
52.66036283832539,20.35547433224671
53.3790718156968,22.14778957642903
51.49792916634638,16.1220496842677
51.13408790356406,23.24548415866931
50.49890697280918,17.63993119151563
50.87579632590874,19.1965570659438
52.74122032268726,15.62696839664898
50.96670638141664,17.91195699032562
53.38327389344968,16.72442337450429
53.33031156061568,14.8103247615808
53.40019332114908,19.89253332050452
52.46253747819549,17.49757770593499
53.50618504716666,21.14601786667194
53.22528761672752,23.35002405652265
52.90910916089182,20.37314945347181
54.19032088373143,18.18249003497873
53.4969383395978,19.87364214348469
52.72279139711492,20.53838943745389
53.50273633699947,20.78112616163542
52.97947051798247,19.65181397194901
52.97584176069851,14.92319736096283
50.7202177475797,18.69863385865835
52.91953108591203,22.8377746589999
53.2717953247111,16.76898572268145
52.89558183649144,20.50411430332337
52.94255442142843,17.53651041155378
51.97287415291774,15.06330603867714
53.15988081727494,15.98194061198168
52.6912119452751,21.96124913354724
50.76051882931629,19.19716317225058
54.27329732836529,21.28866039581773
50.50903108798551,23.85476284055348
53.93241286196633,22.47187376809622
51.55251942290604,17.07310338827786
51.62080619173358,23.52776651114687
50.95502053608816,19.47043573572665
52.67328587814634,14.67381873790388
54.04729701155085,22.41427803034655
53.20984252726669,19.62544120351946
52.88019302242153,17.37737515317917
50.79255332246787,17.69478038028868
51.83152451285962,22.244610179243
52.36711589216792,16.19062222215992
51.77872678605043,21.04650798759248
52.57929792601821,21.03940775313112
52.3952133979228,20.3266849052757
53.30823951512796,21.64836445721133
52.71227688422863,15.60064595507374
49.74014090690271,20.99112601696789
53.65350973594555,15.57476793000892
52.69303101049829,22.95733160391532
50.66063658422314,16.46955917661479
53.71356277796196,18.59786297173116
50.4734406730128,18.46311866177178
51.04541707786921,15.04423406243979
54.19705145367578,19.95423151930357
52.52953077504475,15.54354018172486
52.26740559100027,23.13579618595403
52.56425046357273,15.98203143578528
50.53064179013659,22.64551756578168
52.00608364999829,17.8790249288148
50.9090844246207,23.62838914152151
53.61692568576728,16.46939502886315
53.55233048547557,22.96345650189226
54.07695887668658,22.38021135586004
51.51954659743343,23.06697114353965
50.18628652819799,19.97257475175714
52.60244154885341,17.70264533188767
51.38066156298875,15.93901706590188
53.42931001610922,15.22257460678902
52.19158335409526,22.79473333028361
49.93432945883455,19.78068617808859
51.73990128166159,20.79541835805977
53.68620840999465,19.29849510288352
52.26639610543461,18.23259686275303
50.87406329881897,14.95408093766058
51.39035210831141,18.68399866517274
52.74543488658484,18.41958429704857
53.551994590755,23.03496907014236
51.54435849685752,15.84830825743287
51.21762985342443,20.10553131260069
54.04092496286373,19.41252561952508
50.96981236869141,18.81113860442158
54.40768639598307,17.59844419805768
53.11432360390564,21.50388530873594
51.6284270081728,18.73848447612452
52.93407515742641,16.09354547344263
52.15681138065822,22.48731397295573
52.91117155946203,15.57788486378405
52.78011195598501,17.60862876419501
52.50922320402982,16.7047515441929
50.80433188337604,18.83382035599293
53.38784106323088,16.31069234004065
53.55562692880403,23.18360899872101
53.69868727646985,17.5348095919109
52.77288047811071,15.84585880087491
52.99125945062167,21.18907185870961
50.87612241263714,24.017088111382
51.19714297040841,23.36543055639737
52.35204734041492,16.16469061635975
50.65376590718476,18.6738221705461
51.42052444553514,21.35184292600921
51.175527743324,20.50570750891582
52.46282890274988,20.910102643169
50.84944493151475,19.13960834888874
50.49955186728123,19.60504890176926
51.29343174505629,22.20459092015545
50.67879713235386,19.84979432460285
51.80715189137118,17.86900479526914
54.3434446667005,18.59250647874716
54.07063899498637,16.51600620497629
51.72948393273263,18.52350742889599
50.91291022639639,22.18325857966996
53.18443006660321,22.00622335967678
51.2656300879319,23.16054129361363
52.69783015702106,22.38053296203551
53.23056015286421,15.48934692154243
52.05642951241379,19.29111822901067
51.29145812819565,21.35989732669056
51.68404928521279,21.25723470268775
52.71168718689347,20.99419019134735
50.10511040283883,21.91801742952762
52.02925577752563,18.23851850525153
51.02045872685291,19.16189329901861
52.1424575642807,17.80087829129099
52.58817946105769,17.72206208482051
52.74187751018204,15.83958395223105
52.53003815890527,16.09798463091143
52.51690201471283,15.29715811996114
50.62263068435704,17.08219133065055
52.19926507489537,17.88861161398457
53.88386083303626,15.86788265537053
53.42265750936747,18.68569324134315
52.07139239045395,18.87997676003245
52.76659966770898,17.57515592174389
49.88306981290967,20.75482628819402
52.62022707700726,14.79996551648852
52.8671100819714,23.39453458453685
53.5676149460599,22.08605077488644
50.5122781825323,21.76930220734939
52.78254078967506,14.39679666785652
50.90195742912375,17.32719321628723
50.61896666346748,19.77581947153593
53.32580617565598,18.4972016211338
50.56838202088585,17.01360379625585
53.30001929892765,21.69874262720914
52.61217165709179,20.36156294270462
49.78177906885317,22.64881061117344
50.56421880013249,18.27364436883184
52.57593084092866,19.60681874920754
50.95408560326119,17.31865964535075
51.69692374877192,18.99586220330125
49.98914427630692,19.4149523249621
50.17051896559208,22.31076661712602
51.82712199700836,15.4075302933275
54.3192151922911,17.79953631890139
52.41470163615234,15.62448234464004
53.90179810453073,16.30302564364154
52.41941558915239,21.08357892936408
50.77264315635396,17.50427009272342
52.96818836448039,16.78461419856685
51.36957401093286,20.29575576903017
52.04577867415877,19.03100278658903
53.36838286500125,21.24995888125453
51.74409742185176,20.039899924467
50.12708713056837,18.20215604823411
50.76666855022732,21.79379462909624
50.54137304790352,23.92352875629699
52.45543987479664,22.57873382851723
52.25540189450004,15.53480020029827
51.36755478074303,20.98765241374157
53.43339861771601,18.36240495977001
52.24033364719934,17.01145459677839
51.81570146140605,23.59727171310606
51.13446312065511,18.34105085831328
49.73105715599851,19.46407793063413
49.79957948274719,20.46078772785868
53.20497923867102,20.31187925767798
52.4067633227816,19.02822082025613
49.56954912325231,21.65854556531907
51.05402683862801,17.41375331902092
52.56186024861628,20.14999693766915
53.99387198875382,16.07277599278149
53.18773050073061,22.22041737006411
53.34807746195032,22.64115559751541
51.41343277360286,20.28377155300445
53.77123601344684,17.22336001480322
51.18632887601006,21.1277649118542
52.66517154252135,16.22458458380129
52.40644407298107,15.42195824276045
53.28335244864233,17.57283286935442
51.69510067334285,17.26177474298663
50.64925047469139,20.04725968228537
51.20401405518614,16.76438656908904
54.40779096310523,17.24909297399162
52.460314506195,22.93762400843562
49.55700300656605,20.67612303182575
52.41636632114547,16.38975426628642
50.25871416354416,20.09270845879767
53.72299469749637,15.255115197827
54.02253255923075,21.01035752704768
52.20236398845394,21.57607065628793
52.31263566378112,17.4527211655241
51.90889211957016,15.88279301828734
53.35626457946641,21.94677858679542
52.72062379797195,20.50482540441696
50.04023804203142,21.18376374987428
50.08240142583592,22.89559327083601
51.86759634678251,17.27448364621605
50.35024249167654,20.89212929023217
51.51970117469869,15.75725521354306
52.15885261600516,18.11906092978547
50.79346671396959,16.97464663986523
50.77282980972146,15.93699434190929
52.92154196714807,21.17010713909447
54.03795053487837,18.09082500150966
54.03106731257818,17.30435145201022
53.64747130411206,21.60902403780079
51.333528618858,15.27546312842602
49.89884221024656,22.38758860496687
51.69315294689985,21.1478624650959
52.60273620379822,23.38106892819067
51.8161012972622,18.76014224833585
53.48474170541314,18.66729518457013
52.71862886015113,21.5003958531982
50.80070665997815,19.57737304395023
52.71884182412754,18.00756065385627
51.83537238477771,17.81171487417699
50.72692884538906,22.39166556211714
51.08811390675073,22.39322795842488
50.4649435152398,19.60359732400541
52.6936397239806,16.89295250922439
49.51564672078607,20.52691931827886
50.06823030451464,21.51305750851073
51.04354748703064,21.78924418511412
53.48026299069207,23.66850375396153
52.40164956681573,19.63592347980213
50.20616338834379,22.14756308270415
51.23250075933816,21.62266121636956
50.97646666136617,15.83461693027287
51.76023827003873,20.7263531870861
53.28556470592526,21.03937142294366
52.91693819518998,21.51553759249582
52.68019057661628,17.96868761095614
53.03641996143227,22.13947517976268
52.74916730117747,16.29514191321346
52.07050777992043,22.44756476763793
51.37315044552999,21.62548388811363
52.24708074581567,15.84384421783615
50.71143345135886,19.31587197564085
51.26660498645527,17.31919840429405
50.38650420122037,19.44381964046824
52.59082746939239,15.40408392691073
50.31206046200135,17.51193918135294
54.23352046614178,18.08078715258999
51.57792636724515,17.62084808943514
53.44693351642834,18.39980189326097
53.02152461195372,16.97932783679697
50.09409214277781,21.74109970449632
50.90886310558621,19.08271213555473
54.23815296404229,21.81851557498712
52.20499150187932,21.65692857231308
52.46718786384881,16.12052197335554
53.20495944684478,18.63262683294715
51.62872638524422,17.34821971247768
51.41723124677526,22.65777255134025
51.62393371927895,20.88413554358624
51.47826391512586,22.84537852648006
52.81712215885504,22.09005595227779
52.04459781013963,18.90301334309675
50.63219942769406,18.83761143890777
50.9336012526356,23.38472829337137
53.05962560234214,16.44334393034703
54.05642424239906,21.37581961660689
51.6600992250507,18.26200878982507
50.41410766451349,23.88938883441933
51.38184063653497,17.96167097090377
51.78316407804821,16.54116652770489
52.64121384291556,22.9092830282688
51.71595006889959,19.05696590745192
52.80899019419642,20.33022980803766
50.11071509710677,19.49451019881714
51.64391352895789,19.53174521153823
52.55037369050045,22.99525896624505
51.95990654269608,17.66462898886071
52.59868573184051,16.84124628815398
51.15576481094561,23.61333488017904
51.01407691812798,22.54887807313597
51.37088599057002,16.68000488098707
53.49748158983192,17.92745336511838
52.98733840882592,17.49586271623075
50.22637460770247,21.35494318233381
52.66889668096621,21.42041289703203
52.81540348702259,18.26227443297552
52.11786638286206,22.31332572854929
52.92980455201494,15.97119745047115
52.40558972093275,16.35949042744213
53.66322456497087,23.01548533032499
52.64528490178971,23.51088623190768
51.98012895816524,22.123101124099
52.33317489919529,19.79625318190293
51.05450642861514,18.5163823460331
50.75619880820821,18.08842248370571
53.25294256493356,22.16793536182035
51.94326715605802,15.3586263909401
52.92649271909634,19.47157300312927
49.9692677689868,18.29989700689866
52.4554229392913,16.86874393007734
52.13539726027665,17.98578000262653
51.0192014043845,16.91767284940274
52.9135851658779,18.85390623285856
50.92877304925443,23.0386890153168
51.37139336551046,21.97166101823916
51.73263721641394,22.82492331813916
50.39830711742579,19.90804563334689
53.19066407386769,17.70008072624394
50.04763392238718,19.21642246035678
49.6628115430002,21.02276136771784
51.12933304424895,15.46781672328599
52.53086597176251,23.40639619047299
53.0632220255523,22.41303420067029
50.7478188185064,22.55724511514757
52.78662425679337,14.69030706650167
51.8223209513861,18.80942528230133
49.92869882697855,20.26296358659562
51.31618020776234,22.03835174358012
53.58997826299474,18.93544183689432
53.48988818450483,17.36384967633856
51.66365750130277,15.54450698408501
49.60747699705083,20.65693677218008
52.74699536379557,16.82449954140362
53.80363619860464,18.45861834977462
50.80915659721733,16.47294527375333
51.84833849302917,16.58825958521277
50.66227733182895,21.7601938334791
51.26199250390995,23.27005220498465
51.61884501822283,18.99123919203315
52.57441075166535,21.30554791468843
50.52248427290183,21.10292633754268
51.93803987072757,16.3599025745869
51.04443801804342,18.94505600816742
52.55477795462973,20.76935881380897
51.05582389661582,18.4707547192989
52.23728177378666,17.92232524494634
49.8774873315427,22.6929214338046
53.50328828200315,14.40068465809362
51.42343972823946,21.14496639111499
53.66778381940196,22.02059452753875
53.01279252081962,22.71292392280774
52.07781424958429,19.68912032256923
51.09592357270481,20.96437865684782
51.88934275085836,19.76903033019826
52.58249013875961,19.5283956997184
50.87525046561308,21.56736068845213
51.33376782848374,23.62931994349339
51.3027707371069,16.39734707991833
51.85156236959035,19.81583703390858
50.99249816399884,16.20930018443843
51.15672456917131,16.22049698208132
51.67234046914926,17.04234248888828
51.4076325617277,19.30199994044176
52.1516273527258,20.45651702154795
52.09937977188456,14.99522321747266
52.06218163248108,20.15158811715257
51.47813367313589,18.03107464289578
53.05627631043008,23.691450637426
51.74718403709359,17.27495917860243
52.19277112112338,15.90701984757504
52.15572456181552,19.77529161049354
53.31672191413572,17.37664695619264
51.77592308413768,16.74200955371379
51.83201579492128,16.19636375984087
50.06150125287904,18.02036845016852
51.56998216574075,21.83946669468478
52.0010520544602,23.23945606160183
50.05840540286133,22.47048001182335
51.81770221815171,17.32141923971711
51.81829735525266,20.45621673247915
53.06999697408179,22.50661888715896
52.12830952335663,15.58905325306544
52.72703115511593,15.49162717298305
52.71618505671353,19.87155676803808
49.70771572923369,22.058391454694
51.01340026432012,18.17205268382931
51.36542378607939,19.65539037035376
52.58997830120221,18.39443992667637
52.72615193241151,23.51857164939771
53.59349841550772,15.03718985145777
53.06510072377498,15.39775976739099
50.75035274017676,15.86370591574515
51.89975511775937,21.60765327334653
53.91865184789515,19.60295138894423
53.36011524844335,16.61292237273776
52.66969471841511,21.07504395712972
51.63584667015927,22.58115419784593
53.42267279882525,20.92524302158413
50.53522669799073,19.11347775249337
52.71296379633627,21.11773078879646
52.96775353667061,21.34744521089208
52.00004673128377,17.58273892951956
49.61165181705759,18.93643520180717
52.82361615827192,17.08804524327753
50.88413323692102,22.89239392579162
49.54916129503948,22.63255178125909
52.13931195103101,15.15173024331747
54.16370949612476,20.26126413003931
52.66890375768801,18.7088126679503
52.41194935409251,20.10455153119712
52.55820011545687,23.20655815927958
51.07769173837905,15.28498281713603
54.08466623632084,17.58575555563604
51.73861771121349,16.52342713776892
50.7445478531661,20.48488031572249
50.76170052858509,16.55236274656675
51.7805112491097,20.2772377134134
50.53805261166958,19.4151964519629
51.47909954418304,22.91919184350444
52.11349610667559,18.95976635989473
53.4856148160335,23.66903967736692
53.12886327878226,23.2818190543882
51.79276902496282,20.74575072868671
52.03376795285013,22.44557151200226
52.62932288054179,18.32310192844914
51.06455536895424,19.40676009419644
52.98909265493307,18.48293972007256
51.91894705249622,15.98139581851145
51.36498177615109,16.05516711916781
52.80721589367215,19.68458952400421
53.08868589797518,22.47616457905455
51.54259413297707,16.0889113368506
50.5700985792102,18.48660254883442
50.34029260981882,22.73231527641948
51.9733182213262,20.79442351662836
52.77591009178335,17.66458865349639
51.93723014172341,20.53353515179578
52.26968992671384,21.84469542524177
51.52859226911332,23.0008528269517
51.9654906963084,20.77362962167724
53.25219072121797,22.72836334412889
52.70039124266992,23.45330766282562
50.48236108152359,16.70758721645591
50.76333006887995,20.33741984501327
52.41229509077954,19.6473090050745
51.26750813542952,15.91591361983576
50.37070224180937,21.41467018127591
50.12405832156757,20.75192109323352
51.29383439062698,18.13790006160269
50.72510850018138,20.92709974470467
52.47811490906313,19.64541530931528
52.98271488065657,16.53273769091901
52.16728163177773,22.86500972984045
51.25547774107699,22.77563103813099
52.28976829324075,18.98413052998107
52.35386923108018,17.20881639983994
50.97882628660388,15.00721902325767
53.47356120120332,18.03799535422309
50.27933831885554,18.19214829044673
52.37687780684468,20.82466235352835
53.12381961343846,17.81138956039022
51.63833677241813,20.0689925872943
51.18942085861158,15.06660589393175
53.24121423250676,22.13166666090506
50.97173401408107,17.37556718567405
54.08056511491291,23.2016079131535
54.07769257011243,19.0480997355135
53.07989802645145,18.70072764438932
52.25616407601754,18.89458921443797
52.60142576494479,21.44708808950784
50.69523594606297,19.39645116254208
51.28122076519528,20.57108839926799
49.63008085780869,20.61126530241452
53.82585718594439,22.18456255608352
49.40037602890878,22.46814330290449
53.54442031813544,21.63626138189733
52.04992786567965,19.97580968481289
53.87188598663532,22.03290816326165
50.69881171117807,20.65635956684709
51.17585881162599,18.90676429960347
51.90507390660049,19.11481429829163
50.5853465716744,17.35481383492418
52.48608486432131,17.09295193796084
52.43265633870224,23.0977175121612
50.20822136840179,17.91612766271931
50.12755967364085,22.16838606100974
52.91084315399095,19.89024035681178
51.3129481044105,22.85224971151039
54.25932023857176,21.73062394220878
53.7370230755385,18.48906470744859
53.19945713973662,14.93900351361402
50.74673330051296,22.86443323927679
53.62928984653957,14.48028267976019
50.05270541243193,21.69232765773055
53.43366365394714,15.09104271350367
53.04408737079605,16.90169522203704
53.48439034375429,22.35935114581495
51.38410354915469,19.63266253045255
51.28547149475948,20.90023987448238
51.7552291366214,22.51957130157437
50.32020925193898,22.16730997278079
53.38390546466347,21.67024120527389
51.75614361563694,20.217929125186
52.56426120457171,21.82742349600604
53.53088819046552,20.01231153353381
53.01376041804526,21.9396466189789
53.4871998284875,23.61233179695522
52.61585642924606,20.88019271862248
50.89729776622676,22.7985977960272
50.64300353592373,23.75960276654744
52.48552848700039,17.99846835310783
51.25618965922229,21.52142703311645
53.27414834357662,16.81906407487046
50.18634596327171,21.22031622724321
52.87127549818972,21.39391102436056
49.88562506201387,20.06503748152453
53.91117561694368,17.94496631935482
51.94392956053218,22.29176652288721
51.24440263801804,18.83981518851843
52.37583914399152,14.77363884768438
52.3874871081408,20.50507124256648
53.9089341546187,22.96959918544088
52.70097480104936,21.08726271832223
51.96306739673029,17.44219933258265
52.14978755443789,18.36190056777285
52.98105838653271,22.28977990173827
51.65598969971942,18.52529978896392
50.27009868910162,22.27866337790519
50.30180954788351,22.7220521170964
53.08247591769424,15.64437943283063
51.20676456765823,15.32459401062831
50.82909548740573,17.34889722651906
52.27324804068675,17.67679313230947
50.17997105437125,22.60228111193984
54.21555929168338,22.72629313603643
49.80674977743085,22.55849150334979
52.3071826962479,19.52711917833675
53.22879322225151,20.84954963707649
52.34826362469712,19.69596117966963
54.08729880908803,23.42982659004081
51.28389123803696,18.83175340175003
51.67190181356831,23.01652577531691
51.15910023822885,21.87813992311112
51.31186588941909,22.77671560583394
53.40188173764272,17.95455663798184
52.9704390859542,23.10990031167669
51.7007570232911,21.73355361193295
53.87139811455018,22.80736408845896
51.88280932404226,21.67884648128192
51.88415598797889,22.11607656265439
51.33312382130392,19.30718817422331
51.4801609594179,23.29488310256191
53.37400404197076,21.16198763319555
51.42808601096772,17.81917790549214
52.34412728402832,22.19290784266155
52.9761682925317,23.30980168421863
51.56087435554328,15.73103763117962
50.76168260668369,22.75285614828104
53.59862647119856,19.22967274547555
52.0741860290734,14.8767915034618
53.48944781093661,22.92374164232386
53.14377919436898,21.70781535847531
52.43143533520961,15.26124028407316
51.22472518329147,21.13981846099452
51.62759930548876,16.70750347491707
50.95463846810565,23.76623408624583
50.03156597579189,21.45495214268037
53.90725867634583,14.97764744382726
51.19167038232055,15.92781533693265
51.31340597465542,20.70452919255504
51.24036850484951,17.50613975297191
53.87100273086494,16.99283241811938
51.02610919744819,16.72839108773116
53.66623787200449,20.95012712282471
52.89014829082763,16.98486322880622
52.10142897607229,20.22120243828929
50.92787487687993,23.43004721110148
53.39033282570992,23.43001863486426
53.43828411514563,16.7843296002034
51.39951360121101,21.07930254027922
51.04094148700727,18.09584411978384
54.14114548865041,16.05543859723421
50.69348261842482,22.37847532477042
53.81643231187142,15.1557759443879
52.47902266087367,16.94529464410749
52.11596465949835,21.67065688361006
52.8086474671759,17.27529964418831
51.90609808332265,20.53073158261196
51.5538937044196,16.75715284961397
52.66184088162493,16.95021093696446
52.97975981522713,22.15644196276913
52.97926921768537,19.22298568966328
49.97594864260128,23.11543511511886
51.41260465484651,22.30817693218131
50.51555061037408,21.02156195984618
52.50298618385659,15.61594709704777
53.84722268228051,17.27028643947763
53.96000106298602,18.41215466525168
50.89569540837525,15.5008754879144
50.86075624538058,21.66774667905447
52.16369868757769,18.39890383753767
53.70891001258241,17.61095457303037
53.45547462230561,17.35611936767549
51.33878422698048,22.65194992904884
53.17180547317874,20.51800770042687
52.00209924055348,16.19169077631225
52.108221401599,15.5303512545145
53.13428860396147,16.96592498040989
52.90393177826389,17.70041496799369
51.00356568711862,16.18446876060668
51.85459061196651,20.42043171415763
52.44499460588665,19.95508586012943
52.448369886967,21.11114829120282
53.54180763660411,22.15357000291909
52.4044619159433,22.3559927066607
51.67407104951752,15.5265581235593
52.43060108695447,21.38793864220666
53.94828831321779,15.53809312820245
50.66937229622877,22.58020705088147
54.29911203805927,22.87854964660816
54.18141947061028,20.12339481017236
52.10555702244365,19.14256796898146
53.999499577082,15.60265563888481
52.93237999149807,21.54613131478278
52.4695995180616,15.85098097677319
51.3592133262641,21.80993309663577
52.72382574340482,18.77651106728258
50.31455036204801,20.82854513332466
53.20522491646919,21.36454706988356
51.27472859291268,16.6952401757283
53.9702863123651,18.07477151417567
50.46094327258147,16.4662681628495
50.48458249658062,20.7469370030288
52.85757368394379,19.28705658293987
52.24222240806782,17.87024518719635
52.90216862199355,15.19229863135052
50.49257680912189,18.77382913106896
53.96932750256934,22.23861286477818
52.79825577802769,20.09200942825497
52.58441451832006,17.29282163018136
52.06717182159465,15.35894978642727
49.77332084869801,21.45256943805728
52.40226998877932,18.94724998847425
51.31674761365507,19.73057018007813
51.29739328955397,19.80944923763541
54.01174296433434,18.25887897130327
52.63871864153307,15.80529836069589
50.69364146397882,22.06240332698414
53.33787455297961,20.10834982785502
53.33446502606574,23.2353574080712
52.84606813002029,22.02464167166463
51.00666412940176,23.90554255359926
53.63152865424232,18.07143125299744
53.219974456441,22.36307674929229
52.44486504977574,21.30565259046653
51.63812348007884,18.85039557062199
50.23613347152219,19.63559476098742
52.65411226936494,14.77580881271665
52.76817742290431,16.49777129414104
53.04410372851678,18.56522775026373
51.6180066558165,23.10175067394411
51.76829133817984,19.34692306304325
53.94015393648145,23.32266492917499
52.21342847945792,16.53344539282476
52.33208022912532,17.20785769457295
51.6770845062338,22.31462897090035
53.00098003784712,14.5294008656684
52.94587788469322,22.47916657663927
51.54939168397866,19.70077183156906
51.21748860424805,17.01769186314143
52.09832221465039,16.26736219249066
52.09785669670089,17.73592390322113
52.53922206837653,22.37783787808845
53.95237901844733,19.02385090955905
54.17208249298869,22.75612732549777
50.52700235832723,23.55137634649241
52.41274249940876,18.97771306359381
51.63482291677892,17.31469198102856
50.87773679377378,21.43859159246404
52.40498472008467,16.10362676488309
53.04134722106041,20.41604460119755
51.31276787748303,17.21566140923024
50.9325869197537,20.01029400831415
51.31282323755968,21.59658028670965
50.56310031814591,24.04507273488912
51.4107133306695,19.5164233242273
50.94258401761236,16.63690674713471
50.42611390341047,17.22270652115964
51.39082365546484,19.66604972741693
50.94582500147843,19.64566370257271
50.10897754913026,21.68678424496413
50.2447217299135,21.74166790661196
52.36001992957785,21.39837021536454
51.80005930863695,20.90117570573999
51.04190831391898,17.26769155567148
52.90215549553545,17.79940159106841
51.29660009870259,23.14740690892216
53.31356891115936,23.27797468509014
51.94898532763024,20.43717432530071
53.78869703495299,22.16699678246432
51.09789616159205,18.38022934613532
51.04588331229865,15.59595173073466
51.62382559793689,19.83749370206996
50.57147371415576,19.38648952259232
52.88256962908109,18.28388685701118
49.59516615665326,20.36248179883937
53.72135071013678,17.49279042854258
52.17671041427685,14.98425141254672
52.27597975387252,21.7815626323717
50.69431426616234,16.06371573046935
49.98953755395846,21.60078319265724
50.71679299048949,21.88307584098218
52.02263370120655,15.93198701283639
50.61510864091711,17.17931643556922
51.59030377399527,17.31203535299077
52.79196814926701,17.98475364006776
51.04167110889545,18.43664798883564
53.18149160106659,18.3133993468916
51.75894823010881,17.65326663295924
50.48262538732369,20.18765558879943
53.04438955365342,19.25333433505709
50.71636646587982,22.0825743375149
53.39695076849558,23.60161009770945
53.79928253002588,23.52497607048837
53.2649311904087,18.2794280012924
51.83359666882316,22.0641192236342
51.91635717634144,20.25843185491908
51.95128750351301,18.06578786736523
52.71966424039664,21.62140515113091
51.77503981234938,17.14340829670185
51.11566202149718,23.83077877314353
54.20976526772073,22.61332154346959
50.34143991364468,23.19748214874999
52.07463808083144,22.32060022319269
50.25011723327106,22.94317544754923
52.82119989299051,22.17155604194591
51.22107588366802,19.67890141666486
52.20710305796899,14.77743012662523
53.56136076626498,16.16313269389004
54.18104281635869,20.50791668072391
51.17979633441927,17.32558624579523
53.2156737877301,21.58515591502887
51.59086670787421,23.45758356363929
49.89898024752782,21.82632189149207
52.04051745443785,19.08871809953219
51.07017519524683,16.12787273118127
52.86309522367176,15.33963010935101
52.28119534547846,15.8933435037914
52.76220406872657,19.64873296717401
52.75593240592124,16.55761626469616
52.72301816837184,16.32423898689146
51.90275917644998,22.93797588872749
50.77761815198998,21.95886191526819
53.01848002299857,15.07522978088676
52.4515898756331,22.89568768328294
51.34898065835446,21.90729485274086
52.10141903420048,20.14697988990617
54.04691394119322,14.947749773303
53.92298073995661,19.25349504223142
53.1310971405876,15.46230645614506
50.07523079332626,19.36196901635336
53.46082485108292,22.17072672478102
53.74450215209438,20.38420385064688
52.88181575353845,20.30338849139975
51.38115687993428,21.44771479059015
50.5130487889917,20.80109160114379
52.01975109839945,16.31013281676366
53.84870913187611,18.0856431386484
50.54788779869647,17.63859726848779
50.91925929619258,16.53177585352049
53.00551315238586,21.45366728722418
52.45973603568967,20.01342696946178
51.50677088295486,23.38027286111279
49.79572425604663,22.17690699849496
53.25913256482849,17.29803282191589
50.02207839996469,23.04391237881267
54.30674737706416,22.48184030462987
53.4583998706565,16.37157290564792
51.14612588303606,23.55911181711508
50.19683270000932,22.0750020863906
51.15736214568729,15.05395556188632
51.5919220816789,23.19105990586471
51.43379426800577,19.58345860592744
49.88665584403631,18.60113129902032
51.44396804226315,18.15009263717386
51.36280814266959,17.76803701908402
52.01601039798879,16.73349692529505
51.55484261102431,16.22875116299635
50.37700284989118,21.99164904113172
53.42579922850384,15.30352403949662
53.83747342935104,17.79779404559196
52.82652047738247,23.0583378167777
52.35083212802881,22.70696476537116
50.25030986851937,19.5990635102643
50.75876234566117,17.4594440023121
53.73266466916222,15.71860679901861
51.50567596914657,16.0180395592818
53.81266805855631,16.59873559524384
54.22948137079267,16.85397383103204
51.75409287732077,22.08594365822004
53.50702259462392,21.37211572083245
51.42894202270064,14.97680820758597
51.05451586674204,17.22262057020325
53.40707681385581,16.72245160276833
52.60930549790129,15.18994335546598
50.02425706460793,17.96749397776122
51.5046228313437,17.96143339339503
51.80845022819517,19.03625724471882
52.47570572517079,17.61984679011018
52.01657722484347,15.99057599466075
54.27071061704542,22.15769718037647
52.81397584978657,19.64050850948197
49.81931117450859,22.20479433638617
52.86949218071739,15.62815155059365
53.23835221117752,21.22489389548242
52.50757302200007,22.34001538169831
50.51854615827008,17.19525638527296
51.09271183637972,16.83315433473508
51.66064181165296,21.95844587308763
52.70344950492678,16.82691596462437
54.27300814091033,16.17942310544836
51.77274635223887,17.0087031193306
52.90269867307896,14.64923141082944
49.98730264340431,20.14441384665355
51.67794430343645,19.19714474838792
52.73455573154578,21.05233887356904
53.39044245174236,21.41146398759991
53.31900948525071,20.57363890974261
50.99992995366924,23.20895183176511
52.58814231757771,20.98403131315495
52.18906705590415,18.83351138283214
53.88674435028751,17.13190697403952
53.16312517294026,15.36886800183163
50.26147710995087,21.21379727057793
53.17600566866336,23.51947821370382
50.92094125763067,20.78842505581352
51.55216945036019,15.03321227594459
52.26865517520181,22.18430983726092
52.27995344406254,20.2009078976242
52.66348998184835,21.12247273071821
52.47214557151207,23.35656517483846
53.52317671810678,15.88941408584986
50.29375683347467,17.42689427821387
53.28254420841396,18.74044431605812
50.75728065869808,21.66071402341652
54.26337837513654,20.47991361076484
53.20301240622905,19.7289786275631
52.49476758186891,21.71970028454274
53.22013553186697,16.92592176966578
53.19642665602495,19.94285235263808
50.92671631381005,23.33978258757002
52.95952878701549,15.11901809134431
52.75284284787222,20.94720536866833
52.61005714794894,16.52854080382878
54.14965580028863,20.91603992035114
52.92425634811582,21.60939332152113
50.12901648911393,19.1134298336324
52.86323010104991,16.4995003399903
51.24329770642195,18.90675790034971
51.43352491392822,19.71014725706748
53.43668253734693,14.74638648808815
52.0978481797821,18.30110962308414
50.90526546147369,22.26940849780702
51.52885414614731,22.64053209954141
51.24245001931312,17.93658304110905
50.93626003576218,18.29099242368663
50.41283626799243,23.73456556456489
50.79181983326124,17.81655186424906
53.39499937119049,22.17765545902296
52.51553041803064,20.93030989796872
50.49947459742032,23.65559584549412
50.36515655432621,16.53239653638785
53.2684299475765,15.08915360327953
53.57583865838781,20.37201420903109
51.72096844156683,19.89656411147474
53.59592380380373,21.03841471706849
53.98831126985922,21.51280100897189
54.14712544136722,22.25059210417263
52.79298323618226,15.95756862205037
50.6276582475876,19.59554437998559
49.51237995423498,22.23616387431639
51.34856486576874,19.53940726560393
52.68755792088224,20.36663398865389
54.07041176227916,15.48242425073103
49.77013030054695,21.89265436585221
50.58960879812602,19.93697166395247
52.18955785217721,14.71034192638577
52.09444905281548,19.11094580519398
52.44511106976577,22.76476302845496
53.00867796319599,20.9617891579519
53.29318464812258,19.81473371490115
51.10998544073497,22.02254074726266
53.15170836614242,14.5400665185354
52.29708691294257,15.51032537643299
51.23531085852352,22.09167276805287
53.25580579634006,22.59685569578346
51.8679792123673,19.36041710372844
50.66738885080543,22.41327230581426
52.45986001162549,14.92946848619286
50.90842342061354,16.13178136808218
51.9474789659979,20.56399303340323
53.5547201616301,21.02254959383407
52.02511909847841,20.63956986150144
53.88014336345139,23.10685723330465
53.47884478115295,19.14527066429574
49.69187567395107,20.11130286897901
51.10428596993413,19.37275608631903
53.83416586220706,20.92559762367172
51.35267509081208,16.0069408181512
54.03007886661226,16.27013015030295
52.06253476725247,21.3843426290873
53.38632539138126,16.93960790116842
52.03693976938123,19.51183090252116
53.52052223993228,18.89833563740009
50.31047870253721,16.79208530214109
52.24407906742776,19.59821856189942
53.45569272595598,20.50598068458346
53.40881186637245,22.90719730527026
53.61418645953034,17.01597733254435
53.04938571763155,16.78628676694624
52.81875194204587,20.75524130637662
52.88962159549999,21.71709593331952
50.6540032690775,22.96548685918658
53.75547975868906,19.21650864335119
51.55123911987101,22.11863891420358
51.14385512798486,23.4306491587894
51.10855916480737,22.37451722060892
51.56130634315556,16.17533595961573
52.89857450579192,16.72489292198955
51.24578969064746,21.32246582317219
52.95472106263755,17.14576164975067
52.66255096908433,16.1801205404186
51.48435877527074,22.06011592792493
51.24738924453403,16.76433487229463
51.82609831410182,17.42374172417067
50.31134117315207,21.30793218611458
50.64419399751945,16.70527721765539
51.54162064218116,21.27190623033473
49.29186394695666,22.5007308706732
52.55095656565277,18.11218708769732
51.30124576843271,15.97738259317809
51.79027194116658,19.06222611136687
49.97294570975608,22.33954640219504
51.1587053303815,15.53342111149407
50.9613038576726,17.10752897996249
51.98253083543501,20.95458028790967
52.97540536174277,17.89331551240043
53.15113494632558,16.12700402024476
50.79321266934254,20.23810076496632
50.57099648990042,23.31133381235465
53.59011824673979,21.51949921670802
54.2587588514237,19.37530760254709
53.07216909079162,20.42511559748473
50.78832713623361,21.92800093803219
51.46392589116244,18.25982197282826
53.95590045720945,22.49572948243785
51.89111493107783,16.71210843490207
50.01817643454162,20.46439954226135
53.12066798430345,15.65028993014894
52.1406403389996,22.29831522127617
53.68711246124479,15.22033296436691
53.35491640816987,18.25333062011303
50.99678019781281,21.23858474825952
50.6625784483789,23.29920246311618
52.12608972725592,21.91826980897547
51.27495833130656,20.94667498548524
52.14719438033335,15.43976519813429
52.9835609233463,15.25836776171685
51.82225484589193,15.76610095569361
50.09812020121183,21.97902976447149
53.67111158360754,20.68627313693805
51.33410243135298,17.07004470361118
52.04817819947261,16.96913488823688
50.97129424708353,15.37499656722384
53.07299714335689,21.19829160246703
53.210206582322,17.86154519401851
53.24758806279983,18.60012546729497
54.12617541440557,18.25247261436533
53.2317629247938,16.50081942360307
50.95503546942477,21.83593505596315
52.06839522619251,16.81211917166475
52.11146278113415,17.53938346869619
53.53998025427464,21.70735959546431
52.28474844159674,23.07488170018253
51.85614219582876,16.35603443169656
51.77837020312244,23.46956638374162
53.04402517099106,20.50167086922507
51.90006967737572,17.08603907182675
52.86692170731609,23.58640749656561
53.53190823948236,18.11562218430063
53.59343393121969,17.34212986028378
51.37877413196045,16.26507570577548
51.63777240409702,22.45558804214519
49.97269669450049,22.90455137543074
53.09109771562436,19.42338654869329
53.60897427522153,18.45358828507326
51.91919875288876,18.53287642924433
52.4979616927192,22.95727996943989
53.16021175247494,21.81031997051477
52.92791736188157,15.47849364252493
52.63583812270652,16.16270326466917
50.01512151154439,21.73152203694692
53.28878764144455,15.89561595436543
51.86688718746948,20.95804831208768
53.24944716591717,22.3053717168548
51.45717028362738,16.69178042311905
53.92832492847582,23.16025231890255
52.36687315397646,20.79114392987074
53.45802587831136,22.64490588327412
53.30973412844796,19.15201252256423
50.58059402362338,22.55969884048995
51.32524453743368,18.91849897443056
52.47474895708088,19.21858081059771
53.85586673639227,20.83705816292403
51.53580435140111,17.23262916605908
54.03661104259552,16.46279866132084
52.87339125092107,18.06775826396174
53.3742438861648,23.51645533083972
52.94221570626759,17.67979633679521
53.17019604805822,22.30665339297697
53.56857406427579,17.01896578498906
53.39350143798784,19.80886341046565
51.57624638396626,21.15562480352804
49.88615807388045,22.9462607659541
50.67736191024705,20.54069840432105
50.48381425616309,20.31859363482783
50.71092399513889,23.26604964284225
51.37926048561679,17.39235405890595
52.55761376896439,15.12116864999167
51.08552277683538,23.58969948987887
51.77942738254791,21.32215314591808
53.52167334803924,22.08052047263436
52.07338285095271,21.76171618624373
52.68957507084777,19.72571626067464
50.76842957107753,18.87387915350277
50.29027316058708,18.83259467408493
50.45451051518705,23.96705719040205
53.15076416364077,16.91908328886694
53.07680295558358,14.60151572348083
51.8836217167368,22.05620655535425
51.91197435521791,19.05779300836597
53.16143390145833,22.79914564790566
49.647912298367,21.80355279250294
53.57328934307461,16.57160426152225
51.1262953324093,21.19669688715856
53.00047157315431,21.22689056738482
51.70710897906238,23.06870968449353
54.1732022224801,18.57039191165779
50.24208937546619,22.58065946443605
53.54168722193318,22.41709777289777
52.8881633498303,14.46762679907375
50.01291372173812,18.91179077555489
50.61208772844906,23.2675182907386
53.79415057433197,20.74178216509237
51.59290721036083,20.99800973686926
50.93180469329877,19.6718617809441
54.16154485356451,16.06898959320105
52.98600058552134,18.40119020429274
52.12192244218556,18.77767325450966
53.67073416812843,14.62578658375286
51.70405014238294,16.23274388261571
50.86940163037625,19.46411876484664
50.98477149915382,16.3449587109677
49.52752276121777,22.32729106063408
52.73371269242055,23.45589526833363
52.3604622590876,16.67128467840999
52.87534274678894,19.93504452881252
51.78779123015485,17.62593349510622
52.1162336862745,21.53992554092099
53.26406806589081,21.71472759317968
51.58143474257096,18.38880770196432
51.53245090995642,20.33545365470237
54.43382359100019,16.98935496630901
51.25347308678504,17.38377480765316
54.2475504507464,19.27313326839025
51.46188354782883,22.38995743766798
53.16003598866317,19.23639382673715
51.55667886173973,23.53699818871771
53.73771388095074,17.93641612533043
53.8568292219398,14.2677940771257
51.80347606705939,15.13295631832836
50.961407954324,18.51538334595159
52.44773264845271,17.40067250044199
49.99793275233839,21.12954479448003
52.21342563174974,15.84636233246656
53.02462036475938,15.52573850991996
53.43791709088381,22.9589948989878
54.18517311822037,21.29525813808862
53.50813888396197,18.78364136401778
53.98155210021532,15.99410258039891
52.16350078246797,16.62701722814051
52.63748100547036,15.25070873746664
52.9915134679514,16.67172605696119
52.03807288149962,16.93859688971271
51.6644459748062,15.98499473259413
52.35279886339116,21.65997329381851
52.7411506993768,20.36046173139383
51.89555317203619,20.4936719151661
52.87520625057716,20.5682655684955
51.7503639462669,17.90396218605366
52.84480234104098,23.14484674123004
52.66948419496319,15.43288425277318
50.92657370053065,21.68329187810664
51.81754477774784,19.15408806093483
52.70836506909077,19.78547532480804
54.30794437496032,21.29744167710801
52.01120342068987,21.57771110272658
54.13626848942564,21.59359551719459
52.91797452371695,15.45322176396722
52.87287829939777,22.50542293243671
51.79208444842008,18.58636356242587
51.68189599666895,18.07238943415727
51.6384349810054,18.41110962569599
51.49881049292452,22.05033951130723
51.88443175646137,16.36092363558939
50.69666890213068,17.74275819784652
50.13463001097602,21.90323852754844
52.38021289077193,21.80335724020527
50.57857412209553,20.66966831644228
49.93889169048254,22.5701740366992
51.59634556824061,16.79138179314371
53.55563627255557,22.49256097370609
50.98883689480839,19.13759474666764
51.46481826587927,16.87910246528034
51.76749813390455,16.5330547751713
52.38468428810576,23.18619356929853
53.31840807762035,20.90777327589093
51.65708891023561,17.35744756085645
52.24815003461445,21.92212360365401
50.51239006496652,17.79295822199162
53.72457171947561,14.80327145601918
50.5312238862736,18.26017225961488
51.21777108324565,15.51684493474058
52.79701897657532,15.68692799363261
52.0413689707097,22.5672441195073
53.26981332086235,17.24812559553903
51.53538334570334,17.85013313453561
51.64479920386471,22.45106882142817
52.55242458837158,17.28135697210233
52.00094658997202,16.37562460831845
52.3241882700343,16.36270673145441
54.02622313401959,17.17082725057738
49.94982185066223,23.08035375055582
53.2937300153479,21.82845133589258
51.66232462735946,18.81909369201432
51.52023022410911,15.58926216887445
51.50638058783065,16.57540876276532
53.21984601969215,17.1303083782544
52.75778375351212,16.29943482361425
51.96881623576352,23.62045523147932
51.17153883786909,18.98625395797614
52.66026836128434,18.88767183336068
52.04704350297729,19.94469990824494
50.47204832476989,20.93607332182999
54.03413993588219,18.51257524953104
52.61617246228431,15.49562503912494
52.0876605760343,18.34285846331072
53.98107977873978,20.38194545549271
52.07763163063841,20.06837965454639
52.23023945103564,15.05027607204601
51.86373268179406,17.48044671076306
53.905581265486,18.53352673331474
52.4916479126726,22.75481305274594
50.38610415593112,17.55747116134203
50.66947194467001,23.73394802360871
51.56656260021235,21.97784580333398
51.83695530992897,18.79282469178736
51.15381283979493,16.08969156108959
52.16527777222897,16.79812129798948
52.25840830429977,23.18392049697084
51.79978114247524,22.49580287701291
50.63771858009456,19.55050277904448
49.9815067455201,19.15297126748445
51.60944767373921,20.76768518765711
51.54146680097644,20.36452453826066
52.40897180662859,22.16487183056375
49.73748609628163,18.62891250842248
52.87473920165372,16.99691283061731
50.63470254038771,16.4094561947328
52.90477365965932,19.0372610033682
52.92869602440797,20.22434507616914
53.09067315547981,22.89625484013101
51.58849667689768,17.27298479695841
50.21862766168046,21.84127497992874
51.13425006246119,18.48504444050066
52.8074021036172,17.53837077318733
52.01713314689972,19.93459038753044
51.46354788548719,22.85589427290292
53.46947302063128,21.64314150841792
51.70214892947272,20.96562001322098
53.99381992516911,19.22598147107419
52.02197383640879,21.12761509567494
53.39385675459846,16.64445994374227
53.53745696424182,22.11223891851072
51.46234188833472,20.22483313566265
52.93252675092489,20.46328293491843
52.54890659725943,17.88903177378232
49.78061523210611,21.42857292058968
50.11846279423464,17.6941734908732
50.92439281992694,19.11408992900083
50.65623154065636,21.33500476448261
51.40902142152842,18.23424156298059
51.68774123220579,17.65497631321993
50.46570304242015,21.26545000954766
53.58188406338729,16.275473185529
50.29336504371676,16.62548079385886
51.1504907816462,22.75470960411637
50.48617395566616,17.9117137617959
51.21159035975409,15.04585999422709
52.3340243963506,22.71104791782322
52.92403360073867,17.77484147281641
51.4975081203036,21.1494112994291
52.53152696423445,22.55136275652732
52.17126620935319,20.22848641536695
51.1954040613825,19.613041061064
51.98795177092853,22.62861546352736
52.89384355108128,19.25163153791459
53.3772801589224,18.10459920302761
51.30665571335211,19.84428874516408
51.95902010232038,20.94779955926164
52.72802045867835,21.36526369896719
51.94208120196323,15.46963091103979
51.64105466261589,22.67023863654583
52.48516082099059,16.23231890637457
50.54589761505969,22.49542374009395
52.8456940311854,19.43958379750181
51.7886760164929,17.94301605784124
51.42371650589751,16.12335205528086
51.99409873152442,19.10071053856035
52.22709043140595,16.77652910823686
52.73294751052065,17.48680817896012
50.45228787721398,20.12447887107454
52.46083837960602,17.11240836470781
51.44728322791295,16.91571724140182
52.76327138409869,21.45489177429917
50.06427515996827,21.6482362062204
50.64110106192468,16.21715605159197
52.05542802650687,17.78741709862113
53.87132444637448,22.19816322696545
51.37714455694943,21.3625179586554
52.64569792770408,15.77347162944604
50.16057281907797,19.43501542405035
53.56526438700818,16.80531006366347
52.67853230461248,17.70389411965972
52.18599857802346,16.04071957992053
51.17332485313445,16.84138973995932
51.20444212038449,19.76442371302854
52.28817737198787,17.99214468152399
53.29095778250331,18.13092449407402
53.24668152278324,15.08336730711355
52.44383900912298,16.06848687503796
53.69673304339301,17.31861615397904
51.12982803210034,21.38024944337696
50.91822982756774,23.55121495569361
51.53280631269744,19.16908986441983
53.87718203902892,15.01559537305682
51.7522863270064,17.33194197622426
52.61957785376843,17.04184971795051
51.92408326687458,17.92131969551981
53.25882422264554,20.30167100057693
53.01964494397495,23.49066842442619
52.35322707211133,19.50828993811112
49.99241968280875,18.80563138261122
53.43339848668735,20.97987095240242
52.74534961244382,18.58474808837183
51.51958917247153,15.91780166157752
51.96524057616875,20.20373447772656
49.88747920372061,19.7193378232677
50.1921053487372,20.06069725422612
50.88176913820884,16.51869481153308
51.95718011689024,15.24945036701067
51.95996832542288,20.72186693341027
51.39684673619789,18.72768198328001
53.98536195626178,18.57478878005112
53.5193531801425,16.23058871667779
54.52218078000195,18.20851915228128
51.57281126805325,17.88546895216398
53.91792580355622,22.87416914843631
51.16743467072585,16.62521285268031
52.9207262212547,14.9639497414208
51.71404317507599,18.33878728405017
53.39160648392433,16.75655552206779
52.56788228605315,18.30630619110814
50.18556362660808,22.73859396296172
51.49068473631388,22.57858201927844
51.40777545783519,16.85563719851393
50.23373002742603,18.86508688523656
50.5856766902892,22.81692939638414
52.39599412711312,18.09368560370883
49.77410015274423,22.0113681405613
53.21200121158572,18.45670703519773
51.6336057932828,23.07235185943553
50.89964555452098,21.62995496628954
51.97428121415474,20.5713745980749
52.68221262746614,20.75664316627424
50.89807230699101,15.56960627716855
52.0519320630911,17.86966467511742
53.25595362926737,22.92106325928694
52.79812384740269,17.67289125963086
49.77350403409215,19.77442930710662
53.91550118592716,17.65790705303693
52.458808247959,17.29081450013936
53.37930204640126,17.07180357580586
53.95971782589627,20.22967644507253
49.29677518298693,22.02709095035736
53.1002541622838,21.60755427781905
51.08352752355226,21.34788922351967
51.72060318870026,21.29657401061671
51.09203040538832,20.0965963481733
50.98919130491959,17.165967867754
53.40064038362461,22.26197027643144
53.29666543858842,18.77649679066832
51.88505992769138,22.44483256263385
52.4098378064926,17.08955754715312
53.08328141348853,21.01519314824701
49.87585595080231,22.30865017066552
53.2426245127343,21.78550105000115
52.85469013979639,17.23862213992802
53.22052778548289,22.61151880556666
53.32252097417133,22.79456303517293
51.49837683351612,19.89385541965838
50.16832765002963,18.26489315348269
50.51749046500758,23.36841821757079
51.27793013664691,23.09849742151747
52.9920172882085,18.05128340744853
53.46551392234159,18.03911497494075
53.21980535961492,17.54373316405187
51.3276026042459,18.3657983320361
53.54498212019178,23.09911280821638
51.01826171329247,17.47355420217983
51.5907931327854,15.16931770611871
50.18782483391844,17.95236607994801
53.3650833159363,20.73629318550806
51.69091780154983,18.91691435796207
51.59311530035369,17.34193023201802
50.47095436257187,21.79697411867286
53.32628408944456,23.76805609615268
53.39664245531583,18.56320679452462
50.03491326800572,22.1447624323868
52.38168137734517,21.46456423846991
50.61988285113202,17.62908088178891
53.40251500069002,22.47264584035343
51.11156525825812,19.26341797736127
52.42285508739747,15.87959258327554
52.22571429956216,22.48677686666503
50.05245262957769,19.67216404595555
52.845531300232,17.84556232342545
52.03914432078954,18.47881747221256
53.03820499732094,16.67949794375851
51.16057190922527,16.94268858765104
51.64663480507662,23.52593733800062
52.39791474605705,20.27881319748179
52.20388995521409,22.30023776925869
51.42189571144656,21.77729324150748
50.93206033922495,18.58460754614874
50.57227726579375,19.48125174689687
53.13293352120215,19.03966106780548
52.6398809764202,21.06340700512653
51.65606169041562,20.62825985104715
50.4726281074093,16.75700336786088
49.69160633084722,22.47677583440459
53.10960094248603,18.21897594963987
52.86289380418373,20.74723131287893
53.91460603452104,19.94312379724869
51.09250743513055,16.41028659526705
51.28971893078901,20.98165454093697
53.84082823640431,22.48666550332445
51.75213749251728,23.33056320897134
52.69356240373082,19.46415897720156
52.92939352077012,18.30867485663111
51.71404051872847,15.98335197899705
52.05350549921403,15.50263122329759
53.14591795469445,20.66489039286947
52.3082129736505,14.99594060756994
52.32653041812755,19.63463564871135
53.72847190250975,18.89080562408349
51.3390069838294,16.41735619333815
50.95646483885287,18.91538514495616
52.38215265995166,21.54904730260109
52.33030818505606,15.93466365944035
53.42970069360682,14.83389165647491
51.3868070685619,18.12252300232622
53.12740399814352,14.4353857959297
52.86190689568201,22.34396588595398
52.28595478000534,15.54415057595194
53.78782844205165,15.01738998059448
51.22817500564339,23.73033532910588
51.9731770683808,23.24944180213152
51.00047547270366,15.68212746487255
53.22772834943489,15.55011237558092
52.07816353320749,23.5174647859453
51.33922518851737,17.49178587366789
51.62271810350507,22.26307733112897
53.40196186802158,19.2039323904702
52.75663583322239,23.71645969071138
49.60182183876093,21.69347127004971
53.11676042394944,16.83062614528802
51.43961532910686,17.07479503855166
51.80984480105853,23.41625927678724
52.84614719698158,15.26781606779896
50.62202910687375,19.51046688033596
53.80701079672068,19.09820850777311
53.76992231987798,15.90414116041442
53.93256554568531,18.38117654411932
54.00320747747822,21.0980461269337
54.18881666135299,20.06426236162052
50.3959653483279,22.66697844590231
53.39293383176865,18.90205282123795
49.71780166796572,21.39853299439592
53.10818478632405,14.81478985728438
53.0130868329465,19.44880580581328
53.35184859036274,19.03579595566453
50.57451791485743,21.70523867977717
52.41196933456001,20.23045889545073
51.84894767142183,20.49775656581418
52.86259131323281,18.97058804963276
50.80063718153841,23.21927092702609
52.80183260058618,17.16124923172896
52.39465461019416,18.44069269351857
50.7375142524706,21.30704772811462
51.32493906971678,15.94313049473293
52.39634465840585,15.35669090925799
51.25839798079843,21.65362191232566
54.13839823699822,23.48293019882382
50.41821438796107,19.07868316828088
53.48543127863181,23.66916844927903
51.72755624849368,23.25975305806058
51.3809918144884,16.5003389357598
53.32953600987164,16.33995551135575
53.42585090244295,15.14189715194944
53.29146856007402,22.93739622160298
51.94000052511151,18.58912944989215
51.54707079256973,20.55987343102718
52.49877770059891,14.8332496360984
51.06378186758128,22.03979422613682
51.83966002839075,22.14534808824361
52.26824613961554,19.85367503429571
51.63488919441611,20.91499238233608
51.58944121264479,23.46174258158599
54.00482111138915,22.7753259821602
53.45664000718365,15.77636140852423
50.18454048849172,21.00810485721696
51.14952095151409,22.20184854712572
54.01786388473428,15.38931121634398
50.2922079746169,17.67562959772333
50.04155976637271,20.35510399696838
53.66333987982708,15.15319048732458
52.07563861503147,21.93004306709529
53.71454887804383,17.01007966516324
51.78838369868284,23.41812696142478
52.08343026176091,23.12136549270291
51.13507507261912,16.23892204539579
51.67131808817098,17.95192691194679
51.99473690830936,21.70595581664524
52.45345667796798,14.75886817547578
50.84444320809478,16.08897668732576
53.5000223863621,22.50929223339243
51.54479602030836,20.23678539599683
50.45158193215906,18.7950821016303
52.70237474832538,17.47082869564325
51.22568788156664,19.5477834913519
53.32172369020799,14.57577990062962
51.2503392137308,17.36197146952514
54.15124094141665,22.79950385288016
50.4948665695671,18.12682124318874
51.58982947492316,19.37379964331676
51.47955455467571,18.93275147334167
51.48936279710548,15.56211471354688
50.93637438529326,22.06883201195713
53.526361514001,16.3155205766306
52.80442095452339,18.92376296423353
50.68923828609162,20.36008037331643
52.04857739407553,20.92649694815839
51.53014478042842,18.09863889142978
53.17063763049904,18.83407562112905
54.1979473826734,23.34674602345483
51.88159833524966,19.60619609135475
53.64924482717481,18.55372663644038
52.50519401245739,23.27002658025841
53.6278495292305,19.3587470911411
50.61032312533973,17.74584030872871
52.24036600477124,21.19651042803567
53.2785643257513,19.76880557155178
52.40058277620196,18.87465826041745
51.11089923421714,20.60495294101519
52.93862603149237,17.4486328256133
50.75068373901193,17.50738930865025
53.7501246374418,14.74583335116371
53.09556278649706,22.62925318927315
53.42941627463046,15.56179217944754
52.91448571798995,20.31703840774451
51.79095924637777,21.38853302572645
51.62984502006863,22.34336997827524
51.46458024618621,19.51042619558672
52.74401368773161,21.8164856463096
53.16280921092256,15.13343050232019
50.69088907376618,20.51826792248697
53.90350207625652,20.91048579218401
54.01008512929042,17.69812322273925
52.39792086501364,15.05511581970721
50.89284615505846,18.41042825389684
52.62939570217647,22.86330792991567
53.34723914649035,20.06139229723667
51.48582880807356,18.87148693502704
50.89428740416518,22.44755371461934
52.64906358906386,17.69073072796722
51.22859704776602,15.79609086863167
53.18899898244025,15.4159891266037
49.41261801657216,21.73736482208119
51.63240754768839,22.42096111818768
53.47092469060671,15.22872098800131
53.51636656038009,16.9307186273654
50.64635691308148,21.38951608133219
53.35267957301343,18.82436594976987
51.75741521773998,19.7101419680133
50.46309369661898,22.14167806155337
51.5305126948876,19.00396472478856
51.18199240202753,20.3293645497589
53.65714671230788,19.40564402369667
51.63125073073773,18.11832883530728
50.81084875402235,22.41642013860152
53.0868554398695,15.29786474052687
52.09334637103427,19.80165235412716
51.51600382580603,15.0661572558949
53.19392447504588,22.8613345419693
51.86871111472978,19.70745023448065
52.69510776439181,17.74099258464471
53.77869057115596,15.36185878065947
50.86851538218745,16.54090443998602
50.69396392518288,18.77946086778436
52.12215932667047,18.56472394546492
53.24573795363261,14.91251204468509
52.78176494839699,14.38668395237004
51.73334760765935,20.89529156374682
52.74698527752394,22.11645856536628
51.15557052748176,19.01080184521234
52.28156750322771,18.04642499370834
53.43345909362382,18.62192513117639
54.27446064959462,19.10620911396961
52.57107015689017,22.81761706254747
52.41161536303133,22.03372902119331
53.91847861833833,21.5275079010732
53.5175303295747,15.32081803322157
52.02803722640237,17.51687340247987
52.91784942941435,23.1592607117836
50.49168796062451,22.02929973112964
53.01432154359482,15.98884705688646
52.53376309869967,15.49386021164601
52.4012988679892,17.48706066668102
51.9694605946478,23.31451575585089
51.30707512776835,19.28248883779277
51.47387929169715,23.0166260303404
54.26179392548571,20.95333998930764
51.89181330592265,18.47023203017371
52.83595687802644,15.27476326358546
50.4658281713638,20.84759254951429
52.89806401589789,19.98658539606493
53.35128867440712,19.71879468448419
54.31622515812994,18.22508716751699
54.2598195034067,20.82738554345875
50.58495316049881,19.63987978195676
53.62389310463139,17.8809982634783
51.20901622201471,16.63385075560443
51.66078686128419,17.57631642609355
50.58257759903243,24.0205030603002
52.11486510440196,20.24915282069229
52.08692000326813,19.0014004745437
52.27503028753308,21.71643707018746
50.21787991313739,21.84701166051107
52.08069948942456,18.09694483156234
53.29259107809192,17.21979154852306
50.71825719132027,21.38375486227091
51.92099694117425,20.55198946482582
53.24530021115887,18.97767429167849
52.17214423118211,22.80806871245071
53.64387549589028,14.35001857842791
51.96991035860291,16.79482694082768
53.49704263412912,15.93229299728953
50.82074181202178,17.19117058164098
51.60772376566392,16.22763820593581
52.81572717345751,23.63390396706032
49.56280306470138,20.89538804013267
51.42187229418477,17.51620954089661
51.78589614568784,21.30196806104638
51.37931292784258,18.51246791967671
52.35334941666943,18.96557783345148
53.18514498469436,17.5393598412253
52.59543320804433,20.25007963901532
52.39444664172058,21.01410138996442
50.46752356459886,18.06099340548549
52.07360768094404,22.09600799679074
52.32341181405074,22.55390888541503
53.12490759292125,21.24672647432563
51.03284229813301,18.12751189942771
51.27035762556223,23.22301926034625
50.65248704706339,21.25172675325209
51.55015588204436,17.73659904756759
52.83970009036945,20.47648854773254
53.28678675357307,17.70244767191373
53.10241734168459,16.65757473095889
52.80563189947986,21.50033316483204
51.63266180228469,21.95059178653083
52.22209759430346,19.61715042998803
53.9982116528052,19.63478331686884
53.23409038491425,15.30151774705023
50.92351364914468,23.4380472264375
52.52601070778898,17.48422785192372
50.58410332245657,19.07062853833451
51.66311708266337,20.36092558169726
53.79185980733499,16.2929340768383
51.39514737075646,16.25768375254805
52.66210015441901,22.71791348163904
54.28708197228412,16.25596130527979
52.85721003305202,23.72191776338237
51.1255705733579,19.20892992962713
51.59011194584293,21.56247623969304
52.83345104742161,20.74148386142866
52.08804080994639,15.51696621297546
50.69430024299893,22.18254325442848
51.36040220708085,15.81907229841652
51.80742032571987,16.11767916616541
50.42204095052416,21.02764920117378
52.1084789844403,16.50215243127786
51.56635283429699,23.25843823303141
53.67099715914651,21.99387980055441
53.04201846117067,22.85432083295387
53.22104307462368,17.63150886289737
53.29147537227532,21.95760829733362
52.47626386537338,21.66455869720872
54.31294125925504,16.75077522802388
50.4363576401846,23.6963335787269
52.17169404677701,16.22871674443558
52.67518153233372,23.85923118216754
53.46636862934695,21.53531758475851
51.03162140145894,22.49201682392333
52.15817679373897,19.28792401758009
52.20894206097972,16.82601328988125
51.83674630026378,22.41159349878747
51.5106405138642,15.99599757636001
52.00492643486316,20.24468365936016
49.79244685309404,19.59262984437585
52.84260322878061,15.87472567921426
52.84856061346842,17.9330094780398
52.53972671513679,18.08263559617481
52.44023318326825,18.21809615333128
52.45959850725234,14.65741766347575
53.57547052370616,17.23057807505414
49.70675405788677,19.62460856075103
53.65840503658141,21.14193652672393
52.5601859523322,15.42988576331316
50.99336074835356,17.96965839129265
52.1506561498524,19.21857972477836
51.07815846080487,16.03444643505762
52.59266742019663,18.22397192342445
52.40979231507056,15.51516332625868
50.71965093614286,18.61379446964029
52.31307616207953,16.11948490299429
50.57370820755987,19.95223688807461
51.81684843924104,16.48758235243622
52.18273100234532,15.6821171804421
53.5944148455852,18.25596171281886
52.09232525529196,17.59354578867817
51.74302161205689,19.06878377659557
52.37969543548168,18.88416089783232
49.48488695689982,21.15404351758764
53.30174391647803,15.79592169809335
54.2452012665377,21.69416823810408
53.03473174084626,23.39347572304076
51.45941920589097,16.92968283269667
53.02954384111845,21.79708589916932
53.52516538714082,16.14125060838042
51.90222607630167,19.88171166598324
53.09703752152536,20.04868557761627
50.0884854510996,20.85639544858262
52.46903882563043,14.79572694177945
50.23456193321972,21.7932498565648
52.35171153802168,22.27437674473011
50.44758122942289,21.71194267466045
50.79558891495775,16.306864561063
50.41701401144054,17.61268724247104
51.63101297837921,20.99231548086601
52.49410014953786,15.23199495772514
52.89205427129615,14.74509571730345
50.85407919096327,22.68845394607433
52.89908390573932,22.23185167982959
52.96472553786736,23.50629130907764
51.49675336695683,18.3005116484208
50.90253330310509,15.90290983130429
52.62293819622185,14.58273084225333
50.19691956688334,18.91563527553013
53.65734885955055,16.48455938005302
52.30343303984503,19.05946476662038
51.07737149274251,18.24347961131431
51.8396281722391,15.174978444992
52.93088482502517,18.06628743277437
52.39536363561285,21.19802909071324
51.87128602910694,23.51492514982352
51.57996289958187,18.73710418608207
52.10368470864655,22.75825097031905
50.38018735214465,17.81744005300097
51.78953571031118,22.25256224892362
49.69259868556371,21.00906936205233
51.89723532367965,23.07027493224413
52.72412264152649,21.31795658720418
54.04571470169608,22.74120749775932
52.37743794329103,20.34724192729105
50.44307036613562,18.71419246569286
50.34430197013759,22.992253186298
53.24731268269998,22.21336099941345
53.01860945724316,21.08025043170357
53.25506151178021,19.05284814777833
50.72763878777744,21.49062888077729
50.67862734366596,21.44799398129826
53.92654150343161,17.08819882701613
53.95359509337879,23.10049425650024
51.8053722349465,15.90530362452697
52.56977151057857,17.17384589074846
52.4907786150229,20.10125439880199
50.93847994434376,17.89113342518131
53.33725123896437,14.60499466127507
51.9699290223404,19.72292031773532
53.34670185204335,18.59547860574287
51.48060148138369,22.2640730098361
52.47691449242144,18.17951875291214
53.04625719382408,23.5535532919824
53.2686399049885,16.90299209012497
53.1795558306288,16.7268257404514
50.68676995180402,23.65835070133222
52.04492836852238,18.82341275439163
52.94673474990717,23.08417588687077
51.6189719278449,23.34822835143599
49.66181711013578,22.43394393409895
52.04448321791283,19.17057381914239
52.58376993282735,15.0568232531217
52.10508858903168,16.31083942969107
50.98273085853782,17.28755352109425
52.51278277522447,19.04253297623531
53.47114793201231,18.63308187969912
53.14464540492642,20.26135412708835
53.11362587990352,22.88545340798086
53.32412472022733,19.90848361072196
51.16852109563594,17.57546958221417
52.83621875894021,18.45467345267322
50.980083081744,15.70028366963631
49.8514323801116,22.87781021755743
53.30376290725351,15.76353743591057
51.87280164433711,22.02497784281246
53.55912401683088,20.56008725838509
51.6785949642383,20.54905945580079
52.00039736519152,18.82562935339946
52.43236056357584,15.68940555221127
52.63045440555254,14.74750444799977
51.91181850131098,16.64395036831299
52.95258667533615,14.20017680846775
51.37128068928254,19.04789666955879
53.23921418261595,20.24015331323104
50.92316133028984,17.79427082422228
51.50195428876947,19.21196728077429
50.455115618842,23.90015649529106
52.02552830869184,23.01504891097774
52.90230000319825,19.51474607052008
50.94518147214131,15.74128521427802
52.68284256259427,18.39555413581254
50.69845801059501,22.89419916570062
52.07801472309388,19.34623119172982
51.62718437784626,17.12538565805095
51.43235122126041,18.58563818896686
49.7698910890979,20.33639509091121
50.73833035974992,20.40430470236414
51.92001691836967,19.09018467627376
53.13541191311447,19.59971248343845
53.08139687528887,20.71940118797791
52.08588466103664,20.27698776203793
52.19303085674814,21.75406500466817
50.35647252102133,16.52143049254869
50.65930095998515,19.26637622260505
51.25177260584833,18.23554551570793
50.84341167934225,17.93994128922031
50.37446494375996,16.50703811312034
53.47104775005698,21.75727746502752
52.19867870826824,19.07640567368021
54.33515063921557,16.5925422286139
51.6810385955615,15.57154025182932
52.90811275695845,15.96572933926796
53.98735823255285,17.32212642193129
51.65024558389493,23.43218769781964
53.68764825071287,18.19780803059535
50.27741023355355,20.33726010399547
51.83865549670369,16.55656897248659
53.41580416226331,15.82928634790132
49.71553643270686,19.36920963464658
52.92910070077596,17.85888716328233
52.73981215708793,22.72173949607241
52.41008670626923,15.87736120513842
52.97076341608977,14.73664599548964
49.97134829524481,19.41282104534438
52.24936293068112,22.70181394353546
51.77674739815791,23.51675206584632
53.20033077190463,22.80973766590882
50.31088471230535,20.87872965959417
51.54002617280804,15.90900497808781
53.15513761315768,22.75120436462779
53.48506457574363,20.12892908921156
51.74427561633932,16.41486417642104
51.9036051070938,22.39587661136118
51.20238554107629,22.11561438239785
52.15307135249238,18.99966460729307
50.22300662961401,20.3814204841607
53.36809713967958,15.58649807684077
51.46347580566331,17.17049884041804
50.24387131920552,22.51123747666558
53.33187759090169,21.28358920626738
52.09378169737423,23.54577600446061
50.48344786714585,23.50899064042838
53.01444883001807,17.43052789022022
53.23063129339435,16.67735722822211
52.65551610937278,18.97265737922079
52.88399112008538,19.82432836754639
50.21949615650718,22.43432897082542
51.97327150102641,23.63337793719393
52.74751851567171,16.48977182739122
52.10966543650397,20.68950455581398
52.9760408334252,17.20485921669446
54.2404644171039,20.87348605268961
51.71338436408679,23.4304563307882
51.76284026953539,18.62486721352726
51.36700888555831,18.66613435175405
54.23551676899837,23.23836323970886
53.1764768957792,22.05658651271674
51.48622386141547,19.99984664392431
52.99392961380438,15.63407772601733
52.81606874872694,18.31199863087787
51.39492168338592,18.80216159385523
53.19816136273264,17.30498790980628
51.04338964426896,19.64067679966766
53.21072582526362,18.57890772057157
52.72150774889291,14.73232723963236
52.16283639762655,15.20370457387767
51.45467752022751,18.65173435728334
52.32888687390159,21.73603784322675
52.91645797893811,18.72085129236738
53.31299073306297,19.5761211303452
50.44954223727939,17.33241000189269
52.16511071184848,19.50184461717547
51.25308409447926,17.09834937003628
52.12955695957888,22.77426385211053
53.02778087099811,16.63857761770265
51.09962893443624,15.95252742968787
53.15948347914376,15.40439907949396
51.29622212710441,19.42018726219741
53.22193045841061,21.6712295129742
51.17416878365609,15.21189568537541
52.55704582562581,23.34381859659777
51.58828374849538,17.08645151751497
49.88956794867985,21.17665882258794
52.7750822675152,21.96005956849649
51.38502887780118,19.29877847534076
51.44268825244119,17.93310206724306
50.2936609577042,18.35129520119028
52.91156105274728,23.79590692956758
54.00729990725451,15.79038494431986
51.01356629174857,20.10564666271557
51.25484094849583,15.03917681294773
52.25027145112759,18.72489538929977
51.53897165435005,19.19749242889483
51.13675649955459,21.05433827391498
51.83005902987325,19.66151933841856
53.28512741135856,18.46782816690535
52.06561384338092,18.44320760358456
52.49537803874166,21.64402564908096
54.18148421109882,16.37833271962609
52.08227606988552,16.15552717316858
52.26005774036406,15.17925775746685
53.48786317817387,14.71145851368697
53.88506736118799,16.56031455778074
50.96414260555615,22.5403851569102
52.08715157487332,20.75665067957543
52.37302708692533,20.94071585852043
51.49555272201477,19.6014543900091
49.65361417150876,19.59152180000299
51.35827478840946,19.36093829938778
52.14669517881542,17.19224782802039
52.96599908043471,21.21817248403438
52.49618441576759,18.71723207178856
54.20357107303178,20.21398216239097
50.42812020946015,19.80806510849506
51.73332434686837,22.0936834864418
52.64936800330466,15.21565337158897
51.96728841390792,23.55866092292793
50.88057386380714,21.30364430712098
51.93644173895256,15.45829225773314
52.56709083953272,20.02142648973361
53.1609526904332,16.04549280117639
52.04555811305573,19.6004360359921
51.98627496303099,20.26838274954583
53.13358095616485,18.40233643511373
50.8463884130239,23.60801481534731
50.16660288410178,22.44991156015194
52.37125732332582,20.39618924660391
54.77090356549614,18.0179568789612
52.46568645445969,18.83511249501499
51.88168669711711,16.00421694334882
51.62279682396458,21.82996106656379
52.27062938002427,15.38187103361732
52.51847138949545,22.32652036460167
51.57760332175126,16.84459160413866
52.86369979080145,14.63159381258999
53.91444928334716,22.5220200671606
53.59142448845858,19.79522513655676
54.3507004967019,17.67779259759359
52.90778560659898,15.07501793532355
51.36968644499108,22.79094005906125
53.20302995667669,22.46410641323889
51.04259856438895,15.16975178568251
53.70623896073239,22.55614354031972
51.52723143318461,20.25150601368595
50.69167497536962,16.74872370840629
51.7937461336896,18.77479572101657
53.71857135755504,20.619601166506
51.8668563358637,20.69127220746752
51.64520620350277,16.89747054248409
51.67376383129857,21.78030906533953
49.75524400771542,22.19588544787954
50.27453616904278,23.19020041672441
51.41396739526677,20.97408762946233
53.33912621091071,22.68500744178751
51.72210302596245,22.25757379162262
51.30860290368994,15.74470867304275
53.29995089366547,21.80775371393896
53.33830808002507,22.13171731908735
53.96579606403935,15.1276241158191
51.63769074847328,23.04134646577086
53.60154632551158,17.75651992221896
51.17689146596486,21.78607795680258
53.40493780618048,21.7898790627401
50.60824746294833,16.55822066187515
52.41923078275386,20.73526725334785
52.64665856087024,18.65706063896644
50.69088448592169,17.08870091125706
50.87700943910479,24.09160443500798
50.89221918220326,17.76081514011615
53.99071205572464,21.11913901174435
51.38167001416344,20.66833707711905
50.50007182525614,17.28565493165547
53.83622798244652,16.38584543321646
52.9672108984153,23.02092254667966
52.16126334581796,16.02697937746437
53.24873591547575,19.49615987488033
54.13774132574266,23.27741533926099
51.19068119494749,22.5956658622045
52.15769519708117,17.27699428060884
54.02769009481152,17.65606433974445
51.96411721892708,22.48194635180891
52.00158493196545,18.91648519676392
52.47048823193968,20.65140775780932
53.55112639115183,18.79508459509739
50.33671019397165,21.28936980930415
53.73271234832507,19.72170927100267
53.91135575440379,20.06908315409163
52.77083416814691,14.34364333157099
52.41278420225123,19.39576655301088
51.56162337647705,23.3705444654438
52.31418651790651,19.25583126228488
52.9384630942489,20.66498978839219
51.0090256184187,22.73313473453716
50.99993722330179,21.7471489729043
52.09014297207945,19.9323353912946
53.26542627183181,16.12741517728685
53.51999843360041,23.08184758253175
50.61712348877086,17.96907387924595
53.54727833414248,19.35714140950314
52.85335819137146,20.16570558358438
51.3055618608948,18.93473323538548
51.16181025782463,18.61791360095032
51.19482107412956,22.80682027496718
52.7650520250471,22.43555347280233
50.48967092924067,22.64127050598171
52.45298516211495,18.11747454501443
50.69032269222273,20.91897022283137
53.52564395192761,19.26646988950532
53.32232826254171,18.0656561259942
53.44970635984232,19.29667114516264
51.93098417075383,20.6722322675883
52.90617554220218,21.43984722517897
51.57852102281859,16.28553210508474
52.51646419082473,19.900430156968
51.68366279550438,18.67095445484612
51.09735295257975,21.21965789356303
52.73341582251663,20.96027586502732
51.30269122493877,21.14636520426317
50.79716130566149,19.00916089768751
53.52698711936993,22.51005716323047
53.80677734428416,23.0570221101809
50.13952957435513,17.81229854975789
51.61308846252832,23.12150496236836
51.01016050875593,17.76782073817228
51.87246445383524,19.23010241729498
51.98370608283745,15.6157200222877
52.52784315467236,18.0421089693608
52.92024376828459,18.53143073729217
50.70453856230055,18.44529748970606
53.14960571015652,21.99514662795837
52.03952956236474,23.471696671798
50.43440147576814,22.98026443214152
50.18290327048168,18.42420679731062
52.60842477559093,19.58930779188409
50.89820624224848,15.97845215336409
51.81460308592492,18.65294382360921
51.09452569165812,15.11007318985506
54.33192341908966,19.07946955105587
52.68670783108332,17.99407858814746
52.2441987666832,21.48817515056741
51.05247728908854,22.43093459747998
52.87600983737769,15.83041932392088
51.75220035027444,18.67546397557903
50.89537573290759,20.55339349866826
53.67826311593532,17.53637243463013
51.56278377151132,15.26377629290607
54.51405582685729,16.76046989982512
50.06788811274989,23.12295019931592
51.85437484342265,21.89329231607615
54.18694539789848,19.85110278763938
50.28697087470163,21.66204473858496
51.45495365371018,21.02618249768259
51.48919020390888,18.6925187018036
52.33061559769355,18.73904853463918
52.05247823056498,15.7152366815758
52.19771571288464,16.22361061910592
50.99536438856006,18.84494609605918
51.78548707792187,18.64210663528039
51.64526633060801,16.20911055057955
50.23458889023942,18.27281565655614
53.17081192845473,19.05023805888215
52.72164393339416,15.61626958067321
50.98152766113876,22.11778311801832
51.86110171789727,15.15038350678169
52.60321954842222,20.75472167461297
51.81776454143597,21.99642910664259
51.95588444531933,21.84434112371915
52.63437671716729,16.31445327480141
52.26679363149613,22.61494271881777
53.40952661381411,17.13364104173307
51.89651185846894,21.74828891242023
51.92103391105768,16.1082688568931
53.41072559952583,17.69637013613186
51.13452163705489,19.24541108241266
51.24992599609986,22.90009511616682
51.17100024410338,21.02306756875676
52.94973639940577,22.14168971171416
50.33565808339819,20.17875244650099
51.25139707377171,19.826833456323
53.00827394300021,19.01414391569742
50.62295716673226,18.27137582230478
52.81080383778929,14.49784185988156
51.43765087047284,20.38401491209303
52.99331314826875,18.22423869152253
50.2912119083163,18.35384499816468
52.62700182464555,17.33376437216471
50.73498847658097,18.59575680826417
51.82174521354263,17.39630428589553
50.65637142316998,23.1457209954737
50.4119787629545,21.8361496975324
51.72123332908032,15.78508682971803
51.26162588512909,19.4550812339282
53.4042832716245,19.34601149559444
50.10079684853975,22.61167948731129
52.24101703794116,20.5033563093699
50.52974515504001,18.130221235032
52.69431633971671,21.35332034649796
53.79791615295926,23.20042097792884
51.35040478807909,22.51130361908967
52.58056197974499,17.64046198044621
49.53862196758679,22.18892658025424
53.01709754993809,15.2732732830277
50.25194102998637,20.36354229397039
53.70870502096176,19.97762363796497
51.55378296028675,15.73302767735401
50.34532254065481,17.5490998248906
53.83719059957227,19.69218215370768
50.72214585389882,21.40917882955282
53.80520691406532,18.3252445696199
52.8543814699415,17.43735761893444
52.98032096238546,20.12974787818217
51.53895967573377,15.62409864157956
52.03254616540218,17.67588824888874
51.33725864111777,22.59962034723169
50.64098238992953,17.73779175314081
52.70838654712959,19.09495885254081
51.33338980576092,21.705220008996
53.20286371031815,15.15333076170521
51.00775381267799,19.88860561014503
52.77750939757134,21.34902804383808
54.20474956334856,19.38538598139143
53.63398945184631,19.29561865943382
51.84341022035986,21.92943610676496
54.01526757553022,18.49627384723299
52.30069780239394,18.79907772184012
51.7580526961722,20.58836266880258
52.47976494026715,21.10422250790345
51.17223191472109,16.4154682070787
53.45615735737399,20.83974387967589
53.66835344543738,22.41964366636288
52.83580327446409,17.39051633533392
50.76359424919161,16.72260423687615
50.74683795742398,21.60351662382534
53.30297470886144,19.20286932924343
51.59303330009607,17.33405093714988
51.5746634108009,21.3629929021719
52.6689451398863,17.11651429221932
51.43262627494215,16.77173572330051
52.02255297233574,16.04737965573615
53.10925853225923,17.04222798718735
51.93762339638371,22.47540732740587
51.8212022719804,22.72687412231778
52.77205242741258,22.73782975342841
51.11864458434839,15.6985370729482
53.47305606004838,18.16094786587475
50.69642024608491,18.847142569803
52.4696334770591,21.28707709240549
50.52392544499637,20.96966993551878
52.257765338067,20.13759250967564
50.66137999507357,21.29100224747476
53.47970508833745,16.60120797004537
51.35052775269257,18.80690378938163
50.70432645602536,17.67892636124979
53.55153098983534,14.91674744428605
50.3658907383921,23.62617523852652
50.84474118830087,20.86398443751201
53.27936188156388,20.33506082695943
51.0331411802746,20.85489624665286
53.73357026574462,23.03379840486916
51.06026170327739,18.2064345480435
50.41668550705321,18.7848052356942
50.84315421329215,16.42464864395965
51.62872128926699,20.48570624535921
52.16933722025165,21.9099812787803
52.7423055309657,21.48639723935528
51.62146253933047,15.7022576488685
51.73907025890855,17.31554496352069
52.36071880798441,21.65432210647693
52.08665127937073,23.4671239290451
51.73048077323867,17.53991575017162
50.64473179896265,20.60956173317874
52.57492616938421,20.05423790247056
51.25795121411152,16.68249780173393
50.48543031341071,19.71283647670094
49.83305228534403,19.9565157661014
51.47976898813943,19.42968739558899
53.52006744045588,16.77686345531239
52.64953417276203,19.84505695848236
52.06200681236172,17.55621310308009
50.40651433256124,16.59340714411984
54.15521214587826,21.89158025532076
51.04414499557301,19.0012373642916
53.61674184881745,23.59596431397348
51.24045876167781,17.00394510035981
50.29567366681087,19.38266001648037
52.90974331524275,16.62073674762716
51.99508175738286,17.7580255504624
50.79596260512965,20.04082409710648
52.65155914624768,19.15494060924246
51.67685852030768,21.86277627498163
50.43443910888565,16.26822780276301
52.41325753651814,19.87682497656943
50.18912198051856,18.17985272592997
52.56836779816722,22.12407236791976
53.33736210628563,23.17182856631075
50.89167116301309,14.98024285873194
50.88840714102683,19.23299219089818
53.7751879085508,23.27948112135378
52.19912194935462,19.56078956212755
53.46419862944324,20.02216430921203
52.24368878179454,15.50506495062698
53.37666389751985,14.76336693019738
50.33548389823762,22.10833195718795
52.27316275914426,21.49779868723513
52.7675404228827,21.20148842729045
51.79777956415634,18.49720867637083
51.83438822103355,17.03192751930113
52.29917052055374,19.83580838220747
52.41320130490679,22.29526849963354
51.80431873777748,21.6731377088266
52.60776936687568,14.64266171435504
50.3777804989519,16.78968741712456
51.14379034548237,22.11918603446845
52.46817177983774,20.16989973163074
52.53825740317792,23.36288199474583
52.04638491727423,17.91972862085428
53.77289586903706,17.57177186320149
53.63513992299224,18.6900563309671
54.06326177321569,15.39413277397172
50.85984959512523,20.8217859563482
51.9032626644298,18.20968847154065
52.52157738491113,18.85323408017441
52.46114682921891,18.06485017619365
51.0172534112577,21.77798449953443
53.64022091931476,21.18283199993268
51.52440037665836,16.69410987905837
50.97610033793654,18.2023938059991
51.86425914176286,23.49399312267635
52.30927946022807,17.84247589578728
51.92064874917377,17.4969758253669
52.71917400243841,20.37360715326176
51.99879032652449,17.02124161465874
49.90421851176585,19.3237945071112
54.07822452734232,16.41868509933188
53.35958339104382,21.34479727296422
52.47624568191787,19.85183842376536
49.71899479473675,22.60691865638744
52.94408312860511,21.15381973318931
51.22868154693995,16.76810567611014
50.48648312187747,23.60678988156408
50.83099244364349,19.37402220515632
53.21798267745086,23.200842227161
51.16898974535947,17.44882058601814
49.90702140261922,21.34737790975526
53.06118299641959,15.66397875427291
50.37479519694339,22.94399151858518
53.94125155326122,16.91895901463913
52.70911487978484,15.82620975303904
51.16582608158406,23.05971269677917
50.44812188971936,17.67824955162477
52.61557378400175,19.88327338828302
50.87030872931815,19.33445095287981
52.12458233360666,21.35484022953245
50.23439114759356,23.20859648835112
52.12451200571298,14.95704460330379
51.3297946151241,18.78635031011538
52.74437829383921,18.84757885119062
53.27771828547089,17.7567697878534
51.90115560200051,18.55097494827885
52.87657589235199,23.14668387794493
51.35713977397677,22.36565576353658
52.21389106500218,19.45397603314125
52.18490376445209,20.77364906873719
53.53572226109035,17.73067866522893
52.80178399185863,15.65204277757457
53.4659583071574,17.52038028990176
51.84231466183805,23.56860671293976
50.6599199506525,23.83088065043603
51.91382265873009,22.75059682167077
51.13525495429732,19.59179165357467
53.37406949980033,14.96751902891757
51.47508854439857,22.9691329796252
51.29952319370072,22.00160556080292
53.90709348414772,17.01628755479811
49.86124936892452,20.37834883294273
53.27560385034367,15.38915631821743
53.45619508910713,18.60260481828958
51.17695050503958,17.83147996820539
50.53354502764709,22.72953089120901
51.20742417446883,20.99142992691194
50.36613390456161,21.48304780365762
53.09840724136644,20.83131112485198
52.67003526173173,20.51384912761505
50.23505714959683,18.4580783782684
52.26094289293729,21.60125339399001
52.29596601173849,18.37887418878178
51.19259450961919,22.65198496765736
52.10143580156578,18.71591163893665
51.50340362245274,15.1696706157488
52.85007976991596,18.27541495653099
52.68356652256814,15.33695532692552
50.65604714001681,22.9390721326466
51.385688325551,20.40766049720849
50.20685659574195,23.12855976068406
53.49713522129595,17.31836980412297
51.68022345250566,21.18198977816425
51.55905771528757,22.62003220883332
51.98068551407906,21.21646268886709
52.35132412603782,19.98927721258769
52.89003269182443,20.83624374401263
51.69874544871293,18.10452509747902
49.48772297371303,20.50747681055057
51.16092581572948,23.02828538460953
52.83602812091236,23.05548673453481
53.58540796430162,20.31796231467899
51.937076433035,22.69120609535414
52.34761879828068,18.19382637921106
50.60231345561454,19.53711201081486
50.18362459122081,20.44873473887552
51.61066107753351,17.07091993737667
49.55032568828192,21.35520018220225
53.76735605706931,18.47763042739441
51.86590369993289,22.97707177958839
50.73621928834023,22.49183114330865
52.59755317120447,19.30933399031856
51.13672170027304,22.65404933282576
51.59078455389611,18.41963493794387
52.8992215350996,21.27359181057388
53.95675410836476,15.5655459384287
51.54025943391021,19.46535557355167
51.40781120009987,17.88719790955228
52.19015612082178,15.13280444833548
52.13926526869047,16.50611999552445
50.18208673161369,22.53297803804587
51.83825660069682,18.57834349818875
53.6169980312488,19.05065733716798
51.54165208519591,22.17445972278369
49.47434873984481,20.95624035738783
52.49364249462717,15.55055248022639
53.46541686721788,20.94946479379087
50.88066123618585,24.02354001480736
53.14418260046839,23.50826586267121
51.18840718291335,23.38123881793332
50.74114558128997,16.65413092263949
52.04996144276998,16.61228542516816
52.1186304859176,16.24464482062428
51.28825526370227,18.41052672275663
54.03044125346222,16.05868890301247
52.71856857292741,17.93286404984772
52.69873936539643,23.78828485264674
50.56345551248154,21.11795667482674
52.33206326097236,16.65715311040159
50.04300038282454,22.03111273024702
50.64569864375838,21.08892472727167
51.16633867003597,16.75213903307469
51.02937182544359,21.90167357639242
53.52846556755899,17.91726009265173
52.34956440085688,15.26598981402848
51.1112048586124,23.31906265086533
51.90473045517476,14.84132893744519
49.70610619383903,19.9726069621217
51.46450310817801,23.34349053745958
52.91566108078013,21.99270552049632
50.60524911572359,20.09170482377667
50.95989252532924,17.35243296140532
51.75552659027416,19.8620236626795
51.17221162994181,21.09023917887403
51.23500424754467,16.98481387570792
51.85878367048382,17.1769541431495
51.87485229616707,18.53357240342948
51.72827088160845,22.57950469187809
51.97247305583986,22.57027599198121
53.11493874365294,16.61822415563226
50.88490829970094,14.88088007257451
52.02102299429874,23.50957321352752
50.71929059422513,18.00145176139067
52.91859863415929,23.58735378343913
51.61690770289566,16.21805193663359
52.30241793210583,22.84219992657539
53.31121055081264,20.18899652734497
53.18699657588424,18.03909781716646
51.86524976446506,17.95283660419403
52.67428021434699,22.70062057537859
50.96138835565191,18.85959294279003
51.04105249864157,23.13006320881913
52.87278206832529,16.14323023199647
50.1203983096192,18.81421791606102
53.53480955622564,14.73006224250481
49.95522263472743,20.34445365673725
52.20133746605599,16.49526561005552
51.14504338669725,15.83702326446076
51.62200797096853,19.20476754719601
52.54928275294878,19.56500901654524
53.43272118022569,17.24726567285331
53.00014743214461,16.59165215281719
51.21442385937646,17.02700166225923
53.18150498215427,22.34877008286688
53.08998241107955,17.07575360817335
52.87198927817731,16.14049394967925
52.54531061952876,14.71852330568611
51.06399419331706,22.45836071402648
50.3808940925128,23.44111788685254
52.33251968246496,20.52202152453395
53.41508191308608,15.4181113784543
53.93985851377339,15.03466193569708
51.45028379507848,17.91946516061264
51.48511243170074,14.91976035453384
53.07456773773434,22.70488167345426
53.81179719951255,15.92022828632002
52.23396440153839,19.51073895076652
52.46350949411973,15.56898734432551
52.66845936948023,16.26237067557319
50.95807785734066,23.36209809476469
52.21737237493753,20.0976175537323
51.61303060902421,14.98951594687842
51.47807267268261,22.55052935190879
53.34998098704202,22.59151905798555
50.08226272697853,21.67234162728721
54.02396040676329,16.17302371339766
51.39853223796876,16.66255150818172
49.59806065450559,20.02764893052512
50.57331322206102,20.59000475370058
52.84803371674891,14.1433632699182
52.52245199160262,20.32527960098436
52.13171895612933,19.71145872861539
53.4521435649544,18.86257741110113
53.38443886705153,20.80848386095986
51.06465266422521,21.85800349873959
54.08251451469511,19.3877976262817
53.04077947973879,15.41690678528011
52.43746181752258,20.159758376322
53.4676182424573,21.90973773576748
50.82613055148093,22.42913219527017
49.50271741609868,19.8840688527124
49.61023873299951,20.16902433374378
52.26467456887207,21.40937466992596
53.83614794887124,16.00525572712178
52.25450582939213,16.53191888685078
52.74246780217895,19.66672158242454
51.84446764517247,14.82939363184456
49.94215463154764,19.30203639976448
51.40922756753013,15.79439775251403
51.84772612423319,23.42871817561141
51.81900946963406,20.31644504270876
52.3224039768742,18.99377895121199
50.64753077084903,22.28948926338117
53.16068179971735,17.21251835007192
53.59293408194021,18.592650043389
51.2553792143818,22.82197948652842
52.50320161829222,20.82350407616988
52.85821434988463,20.80142981220417
50.62967934206302,23.07612784769094
52.35343699431229,18.18519271071467
53.16558593287811,15.68577351428137
51.92196366823102,15.41710585755651
51.48825880584747,18.9635327615702
50.59653695198813,16.44884360765755
52.50802988801533,19.17470838932227
52.9763883684181,21.52463331197827
52.93655336722642,18.92025601061071
53.58931162518657,23.11036829951541
52.58649475436263,22.24117395692029
52.81391970688428,16.72698491441473
53.79125823571285,18.50766865449692
53.64661091955796,19.49758924069496
52.58065548053661,16.72121805925136
51.54426594476699,15.50469205341729
52.8167015521629,22.29458119578761
52.46649970410193,15.08155170856059
50.92391309813323,15.495853264537
50.58946380839473,19.15509535342241
53.01312528291874,21.71779704187787
51.17204634960646,20.08719011544898
52.65375162043242,21.6508947857302
52.01199563560757,15.49203833121602
52.14153810369255,18.28302467021545
52.09687107148206,20.8204821209823
53.40477617804112,14.95574061249774
53.17339847528504,21.23238170223753
52.25637452671778,15.47672350535069
53.93156288933955,15.81419918800322
53.26553473604974,16.00132905484284
52.88676671857828,19.90709231530016
53.88298023414549,16.34504766489411
51.00865730012638,17.18064803105183
53.20657197656686,23.2281310414578
52.5484594619007,19.82423028015311
50.63516972416044,18.35356707785138
50.955611671808,18.78860026749267
54.392564247527,22.88082005270218
49.53512912603694,21.42421541112369
52.20982733328701,19.2584605634078
49.78932098253296,20.49838448577266
51.2011396765141,16.50467296630775
53.12616032448808,21.20234023067017
51.99568459178428,21.32444358001879
51.11902346938292,19.82427043460381
51.69921123945135,20.75401471684133
53.60186422530808,17.5870411868435
51.30389403623575,20.83585723392758
51.95046487888004,19.44847431512787
51.62278745345197,15.91951996934928
52.70204709960406,16.91257717631386
54.13888184162185,18.73198175249091
53.86301080897395,16.87854787703767
52.30969123077764,17.15443016271428
51.52469474161667,18.75767635956249
53.01196282990416,15.7434531751889
53.80204521032172,17.6564373463924
53.17950570553469,15.51622403838298
54.05823093667919,16.77123750881364
52.60099580119175,18.94737736464025
51.01528135109702,22.03206698808132
51.53698081110446,17.14883845221823
50.79769130265226,20.48079474261149
52.68387658786301,22.17499111347391
53.2334117024799,20.02817021628344
50.92507182536372,18.85189298629
50.95593470247646,19.80894178698367
51.86278207316836,21.21973965911781
54.07101722816842,23.46592707914674
50.54276046522396,17.62424681774085
52.73602672738599,23.42173179799945
52.07631663639157,19.1253845195799
51.71380673534799,22.33018047376022
53.02805499782481,23.30963443376755
51.33659882348723,23.52845073924055
53.75154067530841,18.86958971493277
51.03012700891848,18.00909180081541
54.07445851312829,20.50486467503749
49.9950880087481,19.10204914440365
52.56366536539679,19.4704824592232
53.56535109957551,22.9757202872397
50.67316820817667,19.5527712061172
53.39233076172489,19.59821504435707
50.98486543286106,20.7567516471859
52.94813257681003,21.05775508300665
51.27790813881231,18.13527953127506
52.11980239039525,17.31448881812219
53.90188600621212,17.29621594699007
50.4577309417373,23.26510375951111
52.61807537087557,17.20861988439431
54.59053124007755,17.69109055807354
53.35536646996819,22.72502767892198
50.33116417927633,17.67723735891488
52.45583185479159,20.22075077553967
53.93905534179702,20.53903031510822
52.16626023987581,23.38290241663004
51.921993170926,18.20599171933487
52.785498203587,14.43589668955651
51.79063575473029,20.04304534041382
52.58718209047785,21.55177868577927
51.30099915941587,22.94695310512537
53.06072791469035,14.35697869116233
52.70771701638016,22.49938855957267
51.55419349505995,16.37778333717257
53.51109709776466,18.10881668083166
49.71280181636084,19.15508260550132
54.05573992093834,16.97571518002162
51.20607385353855,22.70619793772061
50.82574713301608,19.76807567067738
50.16154698597479,19.99276209280204
50.30360622089098,21.01312134978899
51.74110697260429,17.94532212717745
52.85391235426519,18.69709879200433
53.41217468945053,20.41047193164199
53.09208433506961,22.69173563401796
51.64528793903327,17.51210198404136
52.66999559991709,14.88049997792745
52.97794324817593,15.37015025915799
50.63799771558298,18.5113037250847
51.32347452016488,16.0476969042039
50.68679156754657,23.65806150843445
51.93363001687129,22.2082998634186
50.96418343210222,15.54330076538185
52.32732587609147,19.51194454933053
52.12621087689563,23.3783798035673
53.73600111754401,15.92259707999037
53.71568412705376,22.07387194233679
51.9616700293479,16.24093409251407
51.33671968301086,15.68440316836927
51.17527614445158,20.80036975856382
52.81252260089514,15.94500208265859
53.23077564997606,23.08181317869207
53.11855620204902,21.85394023096602
51.56674666255604,16.46943152337582
51.26325406919275,21.39911930363008
51.68578403899565,15.83118750083144
51.74413491449499,16.19926596074967
51.87344228067353,21.96876251844196
51.27652634583296,16.78498060108405
50.32784424003535,20.99438672521953
53.37041276381963,14.66419681066983
52.19001927260977,16.88550762719344
51.62009939698477,19.76663074787605
52.71279026333735,23.48938967309664
50.24075968821701,21.95648806058915
51.07589563732308,21.88804824096596
51.48221939420431,15.22731264522278
49.71773783425218,20.04929261426524
52.72261248029253,22.95908167007353
53.03117365292857,16.12535235892351
50.09047289688247,17.92845351797245
51.37282086283444,15.2907357655276
51.35329037861241,20.18012110202572
51.79401683901718,17.24122602521034
52.75688313386345,18.1052762233011
50.97038102436596,23.08190083312573
51.22445320738299,15.93016227579283
51.96609077119606,19.99352051478276
50.98781914153986,22.61930284217804
50.50798768402753,16.68273697231992
50.48558837811311,23.98354399459981
53.86837647005054,14.5865592537938
52.93948478352937,16.34514935169851
49.99196989174285,21.46304618639134
53.41744868041769,16.20065696769058
50.13745343709287,18.63329177889112
50.47740598366546,22.47372775954651
53.41685754731631,16.7398094167548
50.95041703550551,16.20875568882536
49.78732947277419,21.18578883389079
51.42372162914516,17.91506658391781
52.79746848024661,20.83033944116973
51.26350084594041,23.29593827824998
50.88158724305461,16.65546752170231
51.44610494931779,22.3147078934085
52.79063396654495,16.09525867982804
51.57632972503328,19.63633888783264
50.87039764543152,15.73785788525211
50.61791440762366,21.7999954432439
51.89230172373,21.69821669899338
50.50075949885791,20.56532901909305
51.17991946317103,23.71954890739761
51.94445964660682,20.33701272458908
51.34257644896484,21.26862631591592
50.35154260048543,22.92591686665623
52.49996362080709,22.08907123289777
50.58427833524102,17.82733501944752
51.05475630417314,21.11993322560457
52.19468631770224,16.54609871496726
52.69613551062758,22.41482421754133
51.14876270330495,22.79467573723921
50.47395868114145,21.48506545927502
53.04914979048912,19.50011677927182
52.34609419444219,21.7141270021618
51.87115936248955,19.65514665864029
53.47338005573285,17.57079025890869
52.01121059927321,19.6321175940759
49.98094414501628,20.05724009308849
54.02427233811267,22.03419080724948
50.00304922228518,21.21083363759543
51.42287597283328,20.23711940238674
49.88092857881804,20.53041321981737
52.68550927765577,14.52943206717978
53.00261756208662,16.14667256551913
52.8455210784167,18.18563816769882
52.5955587835729,17.32771465294109
52.6494533609209,22.25750252535734
53.4648749873968,16.54438829836826
51.47595279648022,19.91511684645342
53.01746474961029,16.94999704574792
51.85207053279255,20.84335393425862
50.73425676688873,22.33840109636354
51.4809427220458,19.23415418271229
53.45975705270745,22.37896716233181
52.30848342963409,22.23601736530153
51.03671110209824,17.79670370213462
51.2119303105199,18.41338599787554
52.69606668504805,19.33080989101876
53.95183657176088,21.799660132855
50.76717390151278,17.91490207580556
51.48886579231193,22.75758018716633
51.25427211814412,16.63627281432207
51.76642542228819,16.76524263883613
50.25417093177562,22.18817791359599
52.03766973309506,21.37762239419081
53.31635551412511,22.15188594015364
51.42132327059436,16.97611878939273
52.57172417889425,21.08949763323484
50.83230683822773,19.23359609544377
53.05460628825094,19.88795305237116
52.24841800332802,16.62027801895932
49.92722722803501,22.06455891967818
51.17472495942258,23.77859585058899
51.95275441632887,21.63508750894092
50.63436997426163,22.96857518817452
49.7540002320509,21.28904659270377
51.30422492130385,17.05207229237172
53.160979352341,18.32928698785792
50.54897715884498,17.06498497450027
51.02210573958538,21.73747066626936
51.04097354546104,22.18794921989358
51.56010250120788,15.26207192639821
53.46824797921484,20.04774745520666
51.08846987135247,18.3270755849256
51.27855431673851,16.91672761108878
50.9619501477113,15.405411344606
51.56898552031743,20.38592380780577
51.64817104539504,23.52644259114174
50.9560502201958,23.13785618091798
50.88115623143432,21.86152937645668
54.33755943390199,20.53174032328921
53.78788056605542,16.48543594191899
52.35663673621153,19.90437093806197
52.09970884105011,15.91352567122023
51.84140800289235,14.79864640080017
51.99402465191974,20.21014520646058
50.80962778079495,22.79940909568155
50.93453627215866,17.47293195335315
49.43079182708689,21.83374223514644
50.56233387628099,22.23062522025785
50.08336358861678,20.20924923372062
52.74134947272216,22.09596495602558
51.923264683661,17.01559838795252
51.65716855070648,23.26955518932593
52.27172002646071,21.15375684546415
51.49306469866457,19.79855069322011
53.98057161100222,22.61059638813262
52.92206432802465,18.03367203917032
53.93235252343893,17.73908502499031
53.14622000834517,16.39613234060813
53.70288288352469,16.62245060274867
53.19802510158009,19.1129087746628
50.76148496647775,20.39547288719184
52.37717039372743,22.0753185578558
51.71548404436248,18.49890909730448
53.26215144308691,16.23521468001748
52.11898721472345,20.85396638171276
53.76411609241728,23.34037786237963
51.92127102807638,15.55333010625533
50.63703356745344,20.54126497900091
52.0378142968219,22.35865035310781
51.82378175489709,20.26977906457206
54.15719433439124,18.37529802165795
52.08354920144127,21.57255245375164
50.78941999242564,20.31833485214475
53.08498079501701,21.33086298438018
51.55960756794725,23.32184017547085
52.2711961137106,18.78917003660387
51.5563561435244,19.22461672304691
52.77158934974291,19.11997709369426
52.93146824660973,15.88795212365137
53.79707311558615,18.37777924870947
50.89895238988647,23.99573508034238
50.84966647833006,17.11817888158372
51.17009281589779,16.01779615937302
52.81963673090581,14.43554506428574
50.08842837584876,21.32061652558138
51.52285763010071,15.71796833697228
50.12446836797851,19.58424444147128
51.86019295887379,18.69403828295088
51.53492656053041,21.92666371042264
53.15401486681455,15.29164410612487
52.71129888152151,16.59656854544502
53.47152523240052,15.57782295349045
53.37231926801444,20.38979272949172
51.02736578872597,22.36620565447237
53.96192678538522,17.59705792308365
50.91379241622577,16.02808246291755
53.84215359307053,19.54813768457908
52.95033901250205,20.41451573360159
52.19044357004239,23.25136665522032
53.54837136478419,22.58372379669335
52.9785974173926,18.53431208310857
51.1344129586734,15.25321144221129
50.09642853888304,22.86068582435143
51.95448039763798,14.7784995936107
52.54232436202198,22.00467607495069
53.50378862278528,23.64497391088129
52.06206252626363,18.59357747419291
50.40391756352754,19.81796856648635
53.37168491773052,23.74165998271027
49.86467469388279,20.5912490614692
51.49221871468444,15.90482899637844
50.43095501613972,20.91821030658068
51.44643027306117,20.8120386372899
52.5023895416363,23.22317968639396
50.99654137854812,20.2071038259317
50.01608501369,18.22608321094234
51.82721648172873,15.56885507255265
52.63553534754003,20.6869995702989
52.94539330532994,23.12169203607118
50.4362717998658,17.8979786916136
52.69444084725321,18.98395233634891
51.5272861695014,16.06870900100249
51.7407327694646,23.02866327853499
50.96205605275661,16.49526569300873
54.27160975094906,22.26063877832498
53.65936311771752,16.85438291851094
53.63816092032534,23.34140184082537
51.65591211249956,17.30914229150713
52.80131760385353,16.54094142445813
51.52719396540351,18.01808380324332
53.54271108012315,22.15640937320823
52.21935989629058,22.11125913581886
52.17193225293325,16.91066840268633
51.03517989684172,17.74031163263198
50.79514251489319,18.83622084785952
52.69201731801638,17.65815580702745
52.08877199907293,22.64548898008702
50.83657332760711,18.97716274550079
53.28901101181578,23.08491946856043
53.14189892846971,16.49167917748906
51.31346387936229,17.98363337587076
49.71030000163201,20.61879999494391
50.75684079291521,23.23081623361319
52.04593341283379,20.42637178757225
52.57762527536762,16.23275926750438
53.8371723425297,20.45817668796643
52.72277648580447,21.08032596829524
50.03247219270935,18.60478372276371
53.18537572971714,19.64057846674872
51.46128862118002,21.35763260267112
50.5771232385033,17.66014983810101
51.42202210493581,20.07737372828173
51.10920036184375,20.56535177106045
52.65494890238955,19.70762160787989
51.42702600998605,22.85360712356083
49.86598040726776,21.14967589299849
51.31000582724181,18.46617167608418
52.4691675533536,20.67508033300211
50.04940400428509,20.57697133622996
52.56754277316526,22.1922216082114
50.60116756379549,16.95317253878283
52.13455611652559,22.98094890890162
50.38657129359121,16.6481160826347
52.39593604272225,20.21563777947777
51.66963029146386,18.60697938405522
50.32103655484686,16.73937999829261
52.86013490758548,23.03455754105904
52.22777265037616,18.23682476920409
53.47291548353434,21.43021762786042
52.25520998401709,18.11006407124455
54.14725165787905,15.49268858242839
51.11755120689318,20.51340175960562
51.85948999189187,15.36459540719964
49.52090507223953,19.74971737075184
50.81284706306997,15.42861731754236
50.01397601298144,20.73840229956593
49.74023368365633,22.46680234707371
51.31262501182283,19.02579892542822
50.67175644130942,18.09510609077142
51.47111551591281,22.89933456807459
52.28589465707359,22.54980136157102
49.44348847461413,22.26363594113015
49.83400049982748,20.1280160280882
51.51389776042731,21.81832534343166
52.37544136580096,18.24443257106775
49.47902540765995,19.71721062027073
52.42952836380179,16.93953995968216
51.16620054263036,23.64202821986344
50.76976543408224,22.99275331726019
51.07353717657953,21.81093002791868
51.89284517550919,19.98272295372852
50.95057109132081,19.05087607672484
52.58833638647226,23.46847664516622
51.63493946339819,14.92819781154492
52.72731654058413,15.14448786858389
50.91569277396537,21.19156759149344
51.51379385129461,22.64447955548636
52.32059052478876,17.9591927602606
53.85197047360548,22.77636271075872
50.54385512677602,23.65862694467737
52.78409170493752,16.68183801518316
50.84153058930153,20.38833070467081
50.59703216502542,18.97286795478014
51.50536801663036,15.07328868091161
53.36865337291413,15.99871802306513
50.3738905047272,20.3147455235402
51.75439106385441,20.90712081596245
53.73876964990363,22.1788218360557
50.64363623264613,22.07772753915223
50.92757807908878,20.53702784259632
52.34765365526809,21.78326822394105
50.06476951751487,22.97657974295056
54.13008758995039,21.3937283367765
50.98792504299859,17.32446309652523
53.96667957165393,16.04761767666501
53.59389009272864,14.35891516631168
52.20775615221118,22.06182428592121
52.35120893745981,20.84568838905411
52.889486680806,14.46972703317121
52.74129988791929,16.40166966304394
51.46414694072683,22.06902030215298
53.97847839357136,16.69161176075742
53.80083485595188,14.96748019986399
51.59912117133791,15.10008010513062
53.86302885486661,18.75864336782184
51.14399213362774,16.27303709816874
51.49326600914844,16.75822035581347
53.32392633047574,14.78735581731553
51.57423846141621,18.79001675282806
51.16474682952208,20.22506898962571
54.07724853439932,20.37007430121845
51.69383778959247,16.34105302354246
52.70687774447379,21.68149579885229
52.99239511748109,15.61964791878464
53.35491564510169,23.49274568742917
51.29252804446008,21.3334967530215
50.20121120895078,18.1139317254555
52.46354854048791,22.35593309694456
54.37905223493396,17.64779662765059
52.43415336659017,16.46797646229887
52.98488742615573,15.04013409831433
52.42573540758111,21.93750114620882
52.3275436469297,20.96156321472897
51.62697377017651,16.44443913047563
52.50236372639485,20.956305671156
53.1543679747823,22.53628058723485
50.75308326883044,22.18726311174276
51.37810125647004,20.38693723328928
50.3382800164545,18.70900420675653
50.26671486991374,21.0894015288152
51.15897216351232,22.28290717627222
51.11297256547201,21.26123547692314
52.22148417241789,17.93920612907925
51.20457187598531,18.18187333796361
54.46754363851182,18.39946897295387
53.17379177171278,23.0392834161396
52.53044775646068,17.43831587411884
51.86855274374326,23.31786491206904
52.26085439933092,17.76920983152759
50.7401837374878,20.69783553587922
51.44003373721899,20.36148124086856
51.05469701163801,23.89117901462471
52.74143540610797,17.35345415527037
50.21682377557853,18.78268209685057
50.40239096877988,21.97117417337244
53.2562526621803,20.86775125897213
51.79874664662825,20.12563549389353
53.300171330574,16.15559969028038
53.65633515754673,20.23578581387549
51.14031918110911,20.87345824456274
51.50656840882397,23.37995174224879
54.16814528785527,19.70910971514703
52.63472630947619,21.67115245923006
51.62768053654172,20.40141275426105
50.92711982566513,23.36767491558737
50.10821816108537,23.01401314228497
53.65610727169238,18.6383037732469
52.19850666479697,16.19995704758801
51.13516938957795,20.10461195459257
51.77338671675315,20.33292956808528
53.70664576361427,21.78609205718665
51.5562833771675,22.18321768808565
52.42553835819589,16.0087497396739
50.84041098527019,19.39615644998464
54.14815675036962,16.95325118743138
51.15037039082451,19.24120831747921
50.76405831066345,22.61961627105747
51.42265016057173,22.85621595536996
52.37937407317932,18.11439830749971
52.00156051471948,17.30942407609114
53.15475849229055,19.92201363186337
54.15842277476585,19.04220275741883
53.16708710656984,15.22524917672351
51.60044007412816,23.14039068561581
51.68578079258202,17.7123649135612
52.17988846886634,18.58459472846215
53.69852926984387,20.89036181097196
49.64749871893234,19.43828605137363
50.82334774084912,17.20029081346881
53.26023447984807,17.80918665513595
54.01512954989744,22.30403758945844
52.07668715248817,19.76127240707578
51.86403366307492,23.30417856774152
54.15119885661258,21.42125634314542
51.73756404692267,21.22585339111358
52.12236297120001,15.42241023846979
52.43301397575887,19.08622606132246
52.71768930423065,16.05841243683234
50.27125893525617,16.90784456930627
51.7983955072694,17.06097952563607
50.25900976302818,21.90504620288607
52.78660169908849,19.49715643223181
54.35595557343825,20.92421131946528
51.21159329175143,23.3441589022829
51.11738949050893,21.31314864124774
52.45788248442533,15.93237250387486
52.63489715474984,15.00776261866353
51.15157596188779,22.88190992174446
50.79624392331799,23.73000625283698
53.29849601720047,22.6715683750552
53.69122177794918,23.12561749535538
51.01655759980485,21.0867600131296
51.47939948905505,22.17043052729423
51.70291119263624,19.37091496110138
54.34304596399374,18.84441364215261
51.57686192893753,16.15813295808105
52.79178806281677,22.11000725985782
51.83091033998437,22.63885217489502
53.90065807720196,14.91910447607875
52.1165249375825,17.76996208313825
50.04522903377448,17.99681996370824
51.74370105918273,21.4367260739026
53.1240051649601,19.43295550507973
52.69791600381011,17.95066122056159
49.85105616935726,19.73846580426541
52.19833644032268,19.25655650797783
49.77528743926077,20.20441493132148
49.53307719843887,18.92019559779892
53.85212636659234,23.42722100816523
52.28439044888188,19.47155198208278
52.82155645106779,23.68125881584676
53.39309506194297,23.70789922950368
53.11511118761366,23.84268890905328
51.4677493131638,18.55437983095067
51.62428094015527,22.90150698173514
50.21280242042591,21.42358409072189
52.66549951721588,15.14391628336177
49.7016979435592,20.53788014346731
52.92634085689596,15.54784083105236
52.06474101739681,22.07034239752904
52.86179568412724,15.59525607784401
53.76618730597244,19.50777491618973
50.46450844829638,23.68147836258744
51.3611782355724,18.14497633742897
52.91819291526635,17.25792728221031
53.96751240413705,21.56072814178598
52.50424849791248,16.73424544461522
52.99456637329323,19.46395962878567
52.30337116389281,22.19823547879676
54.33656112524247,20.57912916576391
52.08044100801444,22.27277193777836
50.20740709641649,21.46176090270999
50.01668814021904,18.023716228503
51.79972524434365,18.74728818721568
51.49367941809157,23.22639879609077
52.63667995899087,17.15371871569488
50.62197830676249,18.8986607517631
51.94011880367014,20.8228159350214
53.0919656703626,16.85469757689401
51.74029557574699,15.29037462994535
53.34241406734846,23.73424735214933
52.66521390552473,23.38678810661603
51.48253718605642,22.62410487282841
51.63805832166327,23.03740691569178
52.0186850459508,17.87021944727674
51.7066460174432,20.19017540251532
51.47364764856311,21.56928364359648
51.99026593617455,23.00227963771693
52.25245850030517,16.19831734090794
53.0723532103783,19.43978098690454
52.15390080630016,20.68254684048554
51.30493281728287,17.68845943089734
51.48468495608528,22.25897711911758
50.74376440910733,20.13975377347574
52.67973109975613,19.98131476701582
49.88281505227198,22.89076673547638
50.61490036065016,22.67407848361218
52.18498580986476,21.80572322524807
52.14616932764829,15.9931683545823
51.56031894739127,19.01933453693519
50.76933664921928,19.56365527237246
51.35825101838347,15.32025109796287
52.48383069630967,21.74613249839442
51.69702356162984,22.69267358032624
51.71665343692736,16.23561202619265
51.73157352224913,19.31086053048033
53.48230106376688,22.52645657817741
51.33153067937641,19.22496813350341
51.42170244510282,18.82809003514629
52.32595731518301,19.15694916031123
50.5859801897445,19.5018408179967
51.23418406181018,18.49155300691065
53.27965307020762,15.59606558806085
52.72054333635756,16.67075517622499
53.9581681244277,16.52145151654516
53.77676992650852,17.44641700758584
53.30904428101727,21.29114311115445
52.86495290331189,21.73230185235877
53.91675137071254,18.90870448054313
50.35775272302989,18.26491877726892
54.21918221025761,15.84904476589846
54.12048504873817,20.42260702506843
52.22456150476861,17.67723384442819
51.65875120992661,17.43092980799501
49.41338406793476,22.7159307485557
52.36211179377133,20.02017280701989
52.04529174827842,22.86508523780008
50.11126711915268,19.6925257312935
53.36030476853721,21.81972017352238
51.85612768505024,15.0242901176624
51.63265296091171,18.54268146687171
50.75683457292623,19.95077424828632
52.02977344851521,21.28941141323553
53.92543954256423,17.2985319453737
50.01844674873377,23.01004157766048
51.44913190969805,15.09126697818171
52.11765856761981,16.11674569990733
52.24452553849607,17.17535756695143
52.12822315932035,18.3787437374975
50.41992858821139,18.2552798801515
51.83747687591183,21.54462952541163
50.31284886255935,16.57980090215708
52.31751450245736,21.53789632492606
51.91940146021715,19.76322247511908
54.04211086254742,22.20689087217037
50.39433413370627,19.09878932437982
53.42820442842546,14.45212182302295
53.058207922298,21.56510299786157
51.92526450108136,20.71623897701005
53.61467526344612,22.02541025870219
52.41917852895594,22.97256245739941
51.2960721081696,17.67223701291893
52.74863599669576,17.94191609892445
53.56885419119025,20.90270379341682
52.28888744757907,18.07389660150479
52.85587855459227,20.02957829265312
52.64442283421002,22.47821473182923
52.33152475032836,14.84819421977054
51.25206434578083,20.80660537524093
53.92799638515442,21.59926800786346
52.40279176363266,19.76951581717512
51.43113759061097,22.63090114939095
53.43106663780446,21.19489505664717
52.83011550985769,15.02379872961343
51.53584559443966,22.57452623800596
52.59105480071979,15.38423298082025
52.04443075781878,16.21178659726963
53.87184214985901,20.30191468380321
51.21177271362536,20.11611037918188
51.86550965995907,21.75905753414811
51.31049435092783,19.15172317569437
53.03144670812257,18.65757002135067
53.05883644572994,20.18516389612292
53.98303169583928,21.83987266745694
52.3781749558136,21.42563549491494
51.55110026231067,19.82887004037372
51.03921563068701,20.5133048991929
51.99981417782161,18.14106263405467
53.52318873194779,22.29619639771268
53.58280883932043,19.76525995419617
50.0181611068238,17.88524508998944
53.47525773040618,15.28837407467493
52.36556632164161,17.44224209870251
52.25220687094469,15.67028015220135
51.71526636060096,17.63892053019757
52.90283516745554,16.27476221985532
50.6696772849302,17.88243227311287
50.92603142678745,19.2441712913671
53.11304427678392,15.31257782881301
52.20573669934873,18.59966114911277
52.03521093827521,21.98508002627934
52.34214181876362,20.86396712694323
50.32159614027962,18.76309881520319
52.25494612119152,19.66346005092523
50.63896575304395,19.62847647687443
50.77433067113253,17.28468597912656
52.15628800218825,23.39387710323017
52.65676813198692,16.52249535711358
53.62030723536522,14.927846697414
53.64183263976438,14.39288691465471
51.19591429012519,21.69946113817981
51.97331340309051,16.605787956755
54.08090662578406,21.52065216130587
51.27679233745817,19.48666430908079
50.14663967066517,18.92556021866458
51.15463977588595,16.78461161948943
51.730650546799,20.86135808395072
53.44661766412761,16.38276569856436
52.21059807244884,17.64279492313862
54.17057857472054,22.90449056592468
51.17664413417693,23.73766652996098
53.90999976302469,17.92189696172292
52.55736097229809,23.3828317736646
52.30152991281359,18.45255004434984
49.92690926329918,21.16324673512773
50.96053812649649,20.96280384174234
53.00085337707479,18.64518912016136
52.26374990481273,23.00881892736371
52.824982004976,21.25760861250958
53.68563630433957,15.13325783018564
50.35092116963762,22.21342145563605
50.82175940178624,23.94013247053888
52.30344425654047,21.93163131975861
51.95064870699495,16.02045501934776
52.19457663424376,19.13948281367655
52.54894648698436,18.67152596441713
52.07540498980481,18.22158390626102
52.80581719165875,21.84750088995554
51.1143348160818,22.66749364009819
50.61335141994481,16.98287832887084
52.23077676673354,20.33833039588246
53.40100717151489,19.54291481949111
53.66679119325387,17.81090012135192
53.20091716375651,14.46096759823557
54.62687482283461,17.98617487810845
51.95040993934299,15.70055755244703
51.71693402249196,22.61754553065482
52.31405492470748,17.23588707226478
51.89176839720756,17.74686220105669
51.85336968222559,20.0201884992607
54.25899311462858,20.26628887770655
49.66069733153405,20.42658203459625
50.6332239699152,16.88103522918912
53.0165336460278,16.74524195317318
51.06132357686036,20.44257115848264
50.92111396057448,21.46079205643727
50.67659864329496,19.3447934980758
51.97275059885817,21.05350742686377
53.12269926452331,16.08597476753444
51.98430676702147,16.58036261751877
51.25465708824074,22.25852390917591
50.90612464190971,23.67175063358258
49.71151243967778,21.74105040821203
52.64165465022261,22.04578534556928
50.86558675149926,20.41943929148584
54.15899908990283,16.14527483239305
51.39633489243554,15.82420758667665
51.88973530792246,21.43095645149242
50.59164127111688,23.41038512611646
52.26783288653719,22.92021423351857
51.55278115269941,15.45357076258944
50.56012362273913,22.6596236313767
50.41524153109027,18.77080543506921
51.46696191479528,22.1706562739276
51.41359552162897,20.42049834280401
52.54524824213087,22.40898748736002
50.71459773234894,17.34607838073507
50.87181950005758,22.18070543216063
52.55992956999124,15.86238322923062
51.32113589066839,17.03161279276815
50.41670832468369,21.85577009319339
52.92064665805411,15.10874330156835
51.54929071762572,20.31667891864019
53.00334537925263,19.62845666128956
52.28703223799767,22.51721223686073
50.32286909103915,18.11991461316888
52.03933951702411,21.10912151581429
51.41545188301984,18.27162368426998
54.4239335829128,17.83193012669092
52.3880492076681,15.40689209019505
51.13632302768853,23.42289247741074
52.69135866713719,20.71300524279004
51.09601795749833,17.95330754372646
51.23165985897703,20.0013543243117
53.79524238068601,18.41360894097372
51.79598521904219,22.70811664145533
52.82133430474651,18.89922273743054
50.26571480915155,20.38829269051252
53.79065273123695,21.99068318430363
51.85867307978224,21.3780763173701
50.55850098143576,16.55637609689641
52.01605104301361,16.15981101589479
50.85715432932553,19.99025060153269
52.75880913460092,22.70093046015981
53.15500011745085,17.63726894198342
51.13361528772642,17.48131222914625
52.6114283853886,21.9531954452641
51.55954445414601,21.52264465176822
51.31333883253595,21.81514891500282
50.32428121352998,16.87692409599295
51.32248868433449,19.33271648004111
51.7683874530275,19.98952683089868
51.91844920891761,15.68244769809188
52.69886496421658,17.41959815404233
53.93500985329743,15.24128386532817
53.2711454314946,15.87142806863786
52.10159333428642,20.16780183806712
52.48465926540678,20.28405786020009
53.36572005742801,19.96470360811064
51.78884920256863,20.22161973391151
52.56101371884213,14.6724683141234
51.0286464386429,19.66118665987086
50.37814743390054,23.4832458918263
50.40173709090433,18.14097719167327
49.39755642229492,20.75776456180892
50.18299861637376,17.86094373257467
52.66300041802854,22.4565149378441
53.55590059756486,20.0464992014474
50.50214035462715,20.68158239963932
53.15274252319431,22.8496969207098
50.57339408339615,17.18599619290167
52.69595588621254,18.64702081210572
50.99252339127089,15.39018280278654
52.75738404393122,18.66326793944958
51.43400534489711,21.44632216001507
51.98982799316431,20.82339250948174
53.19820076600013,19.59869897978727
50.86655313814485,16.32779093638908
51.67618734868029,22.62862614295776
53.94245070346474,14.55024336622011
52.74816320459291,20.51976028356588
51.136198347754,15.06767780767032
50.30314819787849,18.85787074305337
52.340941024554,18.8436920295701
52.43027993036929,17.42254674273304
53.50427953563933,18.00961027921051
51.54872861638421,23.01614457841296
51.38077300376473,19.76864105679903
51.98509852036317,21.64630003212942
51.26037196425441,18.60280402282527
52.54233336679083,23.24599721463654
50.92371644546692,20.36083742358673
50.74879012266614,17.85598951151126
50.57077159626567,22.209264064403
50.91772112807223,21.0512794819001
53.78318101561752,23.01809676928594
53.14430701158878,19.78251440035488
52.32598298945458,15.11445958953083
52.50388372785108,22.84442165168505
52.54022533046152,22.00120207470787
52.07875718800855,20.86915638586869
50.78846389147765,21.76759562469455
51.54132821884413,21.05828000603605
53.04616551329765,23.36412992791236
53.22008742178414,21.46236295655572
53.12888330547466,16.19623302205404
52.06782531358251,21.71590309418868
51.76471141479075,15.85849781799925
50.61282750837407,21.67695263362598
49.59550534619959,19.91063757566403
51.07588838335759,17.83869536189178
52.94437625782208,21.57661913438959
51.7427418524038,21.97162834774204
50.5160356987924,19.55980899361561
53.98465382507923,17.6653862591398
51.89555071537731,18.04302651446645
53.68894972462743,22.43939845731843
53.43825719366014,23.29188098064261
53.38581200994755,23.40097313390746
49.72063908890268,22.02022889662324
54.18335559569297,19.22016456939185
53.56637140544372,16.59379439815382
53.5170113055762,20.19157539019418
50.9254791746312,18.20103429827585
51.71230457061421,16.61439617865703
51.90986513945017,22.88810906757721
51.69972550119912,22.00150558569038
53.5639058820237,15.76072540663164
50.30602253361399,21.22580721157733
51.95445436182599,17.3295505895145
53.16407929660514,23.14902545393916
52.57557134674163,19.57851169502001
50.02257673563793,19.21373546033143
51.27700855615338,18.92937533584263
53.05176882358245,17.99883261632798
53.10670575112347,17.93892066604209
51.21571139558292,20.1547451645282
51.84416320033514,22.90347199316212
49.91019970163288,19.95998768558198
51.31737478598725,15.96950411588215
53.24704919756585,16.8920405217312
50.84718681004529,19.4343500952352
53.99271363707201,16.10351116107444
52.50016157861155,16.12402404682529
50.60137750475292,22.16453539984726
53.64716453678616,15.40812668792874
52.46130743853572,18.97894488184996
51.10649125330139,23.27102765710848
52.33334610238918,16.70962080106622
51.07256192514302,20.44250562748208
52.77263992020226,22.95463809451508
51.61386898090201,18.90933437791851
52.63577902597251,21.75449213048503
53.27939265910238,14.82828770644254
50.96946983890319,23.04678871559969
51.86720642476784,22.9436053625959
52.4443811607311,16.83420522111397
52.64182521528436,23.42643062097815
53.07198586601702,23.71316874686527
50.63898505288184,24.00801070986953
54.24292816143307,18.8530021954949
51.25730427544958,20.88290003056439
51.12921060073966,23.46640729571961
50.92536984559126,19.75141687877784
53.10796412956549,18.77891657067008
51.76980943337172,18.87019956205096
49.5656430286627,22.13744338853354
52.51916633831217,16.21799918873572
53.67184291633146,16.56499834908944
53.52957120482995,21.74727352914681
51.57523002692507,18.2224356879702
53.28628758687154,22.09153950140906
54.03977168196877,19.75488417653965
50.82132362988625,20.18922204293127
53.5252744969338,19.72405326030607
51.63116835942854,17.73942824036824
52.23474950680647,20.63093965549252
52.9666319409276,17.04034481865525
51.58118286534916,15.12497053971616
53.031717973721,21.03724441202691
52.90117827540129,20.63391581276991
50.52519673193607,19.51002435718755
51.12478640366172,23.20248507764816
53.49310271020705,14.71115182757165
50.72620026664138,16.55477735033545
52.63372164347204,16.59738725502109
52.47684851935304,20.57354350574256
52.67216035122519,21.84981917469258
52.52853337075383,17.35031513214906
51.15572477911259,23.6132427877115
53.60907130014934,22.15860443506579
50.95005563101846,16.98439390142345
51.86480807789722,21.98962336169432
51.97804890789447,20.28680944239402
51.94760204499028,15.36303460006142
50.67971850763131,17.14231877152219
52.66689658847099,17.37878271279326
52.26808430121089,16.41395442127712
51.49308948606508,18.48387040542801
51.61837249098127,21.48873858238134
50.66556679118514,18.35800076945588
49.66337866464362,21.88945011770919
51.21549880751882,18.01273051637721
52.89087688774502,23.44325220111714
50.71311563900269,19.09086569514305
50.58230312540515,23.59980067361979
50.62018952613932,16.6403519428357
52.06955213116012,15.29512306181024
53.29509374601853,17.92153433428122
50.42648360032003,17.91163238251449
51.04046641270679,19.76858077689027
52.40013913932699,21.65644114746969
53.9047165469202,21.66868031082164
50.44994038135323,18.45376680293564
52.85656671781234,15.64386838287987
51.8357543309766,18.58948952755477
51.50344057667087,15.2438758534583
54.10515874542092,15.37822081096092
51.23947298932934,15.05285049329701
53.36352072216279,18.62921989939259
50.47562257101448,18.72220318299872
52.10386980647446,21.29493672359083
50.57346172274067,18.14638242720156
52.70258262446091,23.31991601542746
51.44156908325422,16.73150954448885
50.91199960287246,23.60142903154603
53.44811680820042,21.38961844451215
50.38003077525678,23.26519067620707
51.69920096552229,15.37496002496626
52.96952809300721,16.34427331803715
53.56015156416587,19.77734965701509
51.83293577318732,22.56895276584131
52.26647525938206,16.1263320917615
52.72802318955957,17.96044653595349
52.87531693922033,22.45688579289919
51.78052905010554,18.68566725798419
51.94754545444374,22.88316661741867
52.37601454162243,20.26926925305488
53.14075790641125,22.38965145107156
52.61321543660336,18.00631997410669
54.09411432320228,20.58314898860726
49.83068016815926,21.0295407882723
51.11682309614859,19.04900554440966
50.97080762577524,19.07749775043975
51.79462619381813,20.26193878978039
52.8273199378419,17.15201364559203
54.34048996634233,18.73005997123177
51.52584249737176,15.46257158149206
52.8729197108368,20.91355469765642
53.46977372374744,15.15542568032363
53.58679776003292,22.33693029790757
52.12246901835589,15.26005609258681
51.14732567542978,18.02634708854006
51.58428712054628,21.36022071959174
50.38712059161999,18.17670190618303
50.68086406238572,17.65083935534287
50.70429358484949,21.24620661949303
53.22716733584835,22.78550809086852
52.11849242962568,23.42338110481624
50.49665221103279,20.56281736265032
51.58770516376529,15.97242519931842
53.23638388396957,17.95416127109181
50.68932663786104,22.59245914090931
49.80377972208361,21.13196879395952
51.81685037553494,21.57699105595849
53.61020189607557,19.18159054147841
52.04776245417508,22.04642211869215
51.47970155977074,20.73882536904936
54.28863291828766,18.05989048741746
53.3992332491562,23.51473486582575
52.91809464268104,17.1266293449507
52.45884923142268,15.70163214913265
51.96283586538964,21.01988499331153
51.96569010598488,17.27014820231919
50.55941773827801,19.99841603560569
51.35842158035263,20.34828103273213
53.3022174564247,21.21784334628135
51.31152118534571,21.04309971430405
54.06907892875461,21.88644862350332
49.98240065394655,20.84003197939494
53.0332057796193,16.665138555806
52.20347714985752,17.61919952188352
50.94357688674236,16.30064748729187
51.98458985445286,17.17609049886812
51.50048497163532,16.97400543866409
52.92402928081858,16.70638324581847
52.12938793386783,17.04291320668884
52.35743966980068,15.72767473975175
52.75020093532537,21.98301910337662
53.09363070490324,19.29741149462369
51.74635132576638,20.40184982860148
52.39695919807254,15.72813657614278
52.83194351280306,21.68201773205845
53.3033561634709,18.16405903173838
52.46956801682217,20.25305383712288
51.91652202045834,14.83797293240772
50.14138713213259,19.09306755082509
52.41542025485425,19.95898132322976
52.49664455267589,15.78368982856462
51.96049109365197,19.90823416164736
50.44382830599834,21.42973750752009
50.07884020768184,18.53734420973132
50.73654892677251,19.94146395652565
52.54809730350834,22.27455982950606
52.73090538664005,22.07857036620996
52.70713887747288,19.01589398971194
54.15257788007288,22.89576643511663
52.75570210482035,17.54632323373768
52.53151723015861,21.52408052013597
