Latitude,Longitude
-31.41529207517021,24.20165802053632
-31.79273997661099,23.51512543807179
-32.84797400117787,18.9260477855013
-30.00727045039877,22.29784227049049
-32.49125539890685,18.8851775135203
-28.61140979986501,20.22858406740383
-30.70746153629996,21.66843188823105
-28.59454437218153,32.1467878606606
-29.88156634361613,26.30446077005373
-27.35792000882931,30.13958751806401
-30.08392436759346,22.61368397868789
-28.31737601358207,28.69444285465152
-29.46883707585485,22.22599729711499
-26.51523960958346,22.61582813229541
-32.5598429980088,23.45908526842792
-27.57947523832432,29.27847724692531
-28.16314641398095,28.68298588165241
-34.35470854917762,20.49831443322143
-33.46446818189153,18.48522607155775
-28.20649530261676,23.85970334350673
-28.21950887867076,25.53230592073735
-29.34116896540395,26.38112086818575
-33.57467747517393,26.60345546349412
-25.74866999331531,31.47263804332137
-28.86404335651844,31.25691719484443
-30.25943418463466,28.79633031558848
-27.50924144780864,23.4559456173403
-30.85275011585092,24.89553211342782
-27.6242251271735,26.96717124339303
-27.55203001380983,27.35380126823014
-26.6225568145187,29.18618715466806
-26.57146273542436,25.32226123420574
-25.05826352003317,29.72152591625163
-26.97819133888947,24.33511482425837
-33.58396936874056,19.13338917036439
-32.70151051521909,18.4829495238081
-28.24787204987036,29.96460999762396
-29.6698230125159,26.27099578517489
-31.44532363131572,25.50718514949855
-31.66839930130938,28.98353949731666
-27.95077541049766,20.96275174502883
-33.62492708209833,26.76181402008565
-27.88110728060265,27.44610406860949
-29.08573078168322,31.4107554399438
-28.3397617023431,25.53084759911897
-30.23228553773648,23.12821595339224
-25.13786258021294,30.59229154970067
-25.71424887029972,31.0607151785125
-26.8186566273654,20.64412717392864
-31.06659451966728,25.7283498973724
-29.51875060185508,21.01502773398509
-33.99923859130205,23.95002285324778
-25.61664333422778,25.78190132846028
-29.77569021998972,22.67808543517324
-29.16617803222854,30.13906900041462
-29.24579033009262,17.59531728985537
-27.57578228666564,24.22257279896526
-31.26289828095996,28.26627159523417
-34.17232697312191,21.52784426901576
-31.45065967222913,27.04191570819167
-33.34928041699625,19.1715766328912
-24.68099951983161,28.7941403196432
-29.62374428197405,25.25635584707001
-27.81351473506456,30.1770526290358
-32.66849000741163,23.83965631085148
-28.66242335453379,16.54448640417206
-33.57988982316654,23.3029003970669
-28.73274091417191,20.69962888769235
-27.34370161847988,31.74641543352341
-27.80135443396622,30.91662284653096
-28.58574971630408,25.14873523589467
-27.66753011962237,25.74301429859504
-30.77133984421715,26.27677964450011
-30.01433937641682,29.91860831289117
-31.79380536569473,23.37973724387857
-29.6639233874984,25.6323857738425
-23.5351276928397,29.90773774250142
-30.90565084662017,26.3129511167843
-31.57086312542057,25.11725218966755
-24.47807850734763,28.18573376772638
-26.9944239682162,23.64172271275888
-32.93330504428354,21.61716288892883
-34.12788983874701,19.69068356390068
-28.90665693207733,30.28455632658857
-34.37641562485599,21.81721505724844
-27.6969213370487,23.00210230357626
-24.76015343599585,29.14533627499526
-27.92339718574385,28.38895446069413
-29.28373941959969,17.34315669870844
-33.67225928993876,19.43133035144426
-31.18967601431268,29.4466733921489
-30.26211599622926,30.3560978564666
-32.86619672321905,18.21297440519263
-33.98548328243941,25.2942874504314
-34.72324934195641,20.02932876590871
-27.16551513110887,23.37599940020542
-29.14940187123128,31.46152829226504
-28.79682847088192,23.77997050777209
-24.44253106547801,30.80875341886243
-30.56624488482954,26.47183211195006
-27.14283523771633,26.14980914799081
-30.75060994579803,22.53617988477362
-27.55652666826153,24.56275741454512
-31.99339305014379,21.56253939922106
-28.93584231376379,30.83324034166784
-26.34917275597489,29.87592209286115
-25.66698039292196,28.7971021338691
-26.60405805466242,30.47766766339457
-31.29004555359399,29.48908245205594
-28.84273499373903,26.12830092228024
-29.23630814074961,26.91214852402007
-28.27439978522591,24.08113354805012
-28.52795070528094,24.70307169629958
-27.67038212163459,27.64539795115146
-32.80158689138284,26.52269557577237
-33.93449748256484,23.4952977743926
-33.48034675208348,25.19106474653175
-28.13712627516488,22.45701448999716
-29.31219736276573,17.10131778246998
-27.77263355344711,29.45961400247935
-32.23358456228362,22.80244514856601
-27.58421569869902,27.7873214097871
-31.25901875517019,21.13682807310609
-25.39734061574829,30.35259985641483
-32.36145621925874,19.07214047983426
-25.42851837782547,27.5236542885217
-26.81141533311125,27.84465315573246
-31.0433964794325,27.64468191563864
-31.59257257507159,23.28110089279103
-32.84513542222195,28.11816958139445
-26.59998154957268,27.60310207709722
-33.24517290017133,23.63360806819796
-28.42737170045912,30.55940303472934
-32.67009230619882,21.89500250668152
-28.81955998419859,31.07167740993453
-34.08487419326289,21.55057596902233
-26.6051454878719,27.11259919902432
-26.74333818716127,26.10038248055858
-28.43665288232984,29.72462618415747
-27.89816317483466,22.17119427794769
-33.76968899324945,23.56732675085267
-28.36194911529546,24.81913724065373
-28.03090062549394,25.10669321476946
-28.09933932555949,20.06827561094789
-32.96219401303762,18.34103730186166
-28.10110421100692,21.79113924736858
-30.3571910322377,25.26070983886034
-26.12819149165235,27.23713152104454
-29.44656158793394,26.75275776488036
-29.09040058746751,21.15518744307391
-25.07933306322892,26.40807328957565
-32.05429500548313,23.46751745414806
-28.90635644472479,25.97693517860654
-33.15133472188211,27.70004539230289
-29.45597014549545,29.95316112291729
-33.61131690228576,19.81753088965764
-33.94231217866954,24.31025144469459
-28.16525527087103,20.25660185703815
-27.81371163615823,20.81728614762054
-27.05986579240641,30.73434130663063
-33.96154212479181,20.15037301158567
-32.40501783645063,18.33428636331013
-30.93614321635732,30.30090135381689
-33.37414624065509,18.17844604299083
-32.69365744141336,25.38438162503828
-24.11006779869174,28.00422677769532
-28.37010277096809,26.54913109670081
-28.95418263581221,31.76666463004193
-31.01554961547551,29.54546117862835
-26.98718771829491,24.66239671020741
-28.23064477662126,20.38706620267266
-31.69493864559031,27.27716034074014
-26.30126850645192,26.95131404077156
-27.11745549257787,27.69328260738994
-29.37976380054764,30.17392325416582
-30.40181731722905,26.22756637505045
-27.47219958468866,27.56710304871129
-28.89165196513516,26.95472391310894
-27.4623259719389,29.87431733196364
-26.55807942483385,28.64692221868625
-28.64997645191017,20.3636763646852
-30.33634061972195,30.41304720648299
-28.30193475646338,24.31572630858213
-28.96055842324164,24.2395224418679
-25.75279244023753,30.85853047141019
-29.78231943743909,17.38720987289888
-33.99961470097209,23.94848889626323
-31.71479803686108,18.67518269328153
-28.30622242365244,27.94471063979464
-31.84920975274705,21.47142102626288
-27.77393811967729,27.58005557017617
-27.94300320097268,30.15048860929728
-27.30230980062752,27.37567292923345
-22.95913629323969,30.56426937821585
-27.65181158829403,29.63531756687403
-33.72010916360487,25.31382304182726
-31.67911012006362,28.93310114186653
-27.14032558383132,26.70223480432334
-25.4387270323623,28.64959106551197
-24.71260520449374,28.5548344145537
-32.46570132044746,24.01066250056713
-24.31344061776306,29.66185797870612
-28.74118228569757,20.59819706235664
-30.72805579774633,26.35266534118153
-33.56034016348189,24.07280386592861
-33.53763554635985,22.80664102199663
-28.47771739998751,30.45344714532738
-33.33522700864699,18.22450957394965
-28.24797586866239,22.88809748567916
-26.94861755813853,23.70058668817865
-29.58620819905213,17.22359598697526
-27.82624208062752,29.36246448399905
-30.11880276452974,30.08331304689675
-28.90464827566939,31.65717680808799
-29.88601813286968,23.77141761888223
-28.14342341302464,27.77392559674098
-28.46569111637413,26.2385370768479
-26.15702944935821,25.45911416675905
-33.26645039942105,19.51567131807485
-30.49153828206599,22.3733557794692
-26.39913538362778,30.42757059399693
-33.27775102610006,24.78986541446102
-29.77135984938977,30.65254323467429
-27.31746932665433,28.48054084050452
-30.70572511622015,17.49718130194887
-31.04530778794868,24.3916863771772
-28.25113286990196,29.09290920998745
-27.20283514631894,27.15022015032539
-27.36781638868015,26.82265046313551
-26.07072222790763,25.32205154138718
-31.00711258852688,19.34312491817247
-33.25886991487652,23.53631656612223
-30.86637521583031,22.33182128247486
-31.39373924024118,19.19269234108224
-26.77215083681504,25.29901691887134
-32.71084570260754,24.70202825590575
-28.21212602069708,30.64847269895317
-28.13881863786343,30.37997508922253
-29.62532711310825,24.08055151136841
-28.90086040276501,23.10006024766447
-31.02098574797905,28.90533416706529
-31.97366181472512,25.07701659792401
-26.73417200422098,27.6513368764372
-32.93328696117609,27.30993644640779
-31.66273274332192,28.22087127827871
-30.63390762749485,26.79485266877487
-30.39832901603862,30.61021796304557
-29.90163292977965,30.44617669783143
-33.96173127913239,23.69391374721899
-32.73793253103292,25.59322343816711
-25.63427963297964,30.25377813400554
-33.22117803892079,27.12711210861342
-28.41400862781807,21.59929235371241
-28.37819253814698,21.4982466123272
-32.54348721034797,22.96561098221776
-26.96884664029132,30.34662033328265
-32.3228231939953,24.50678141308569
-30.46094394767178,17.9475425459921
-34.46910516673569,19.85503518294164
-29.17909548525832,30.35585595686101
-33.55204641772044,18.40462759082821
-33.0042322277525,24.45389641126212
-26.1603811506112,27.44253241509647
-33.40882463937237,19.76222216166267
-31.46228467261829,27.03624200006915
-28.32357690585908,29.25077160277566
-28.65631261492801,24.70977888696271
-26.07607249674785,30.23034635392845
-28.57760687434471,28.39782488184433
-25.29982520625699,26.61921968132274
-28.6674988945172,30.46185810587479
-30.88107864428541,29.86937527830423
-33.88528396143313,22.34321728143248
-30.56965266058953,23.06450986029339
-34.6217684952474,19.34902497817886
-26.83884469926496,24.5212779528007
-27.63843623944216,26.92149662419823
-32.93002269001045,18.06052215246164
-33.94328806835274,19.83355780898157
-25.97593616008558,29.02446632995223
-33.65517483634947,26.63671495027715
-26.44459176354063,25.53937242797109
-29.4114667327585,23.79183054545489
-24.39487998695214,29.9912935076017
-33.14642766872277,24.97099271154614
-24.89998690193882,29.31171135694464
-28.01696697040301,25.61017518247603
-30.95953962031697,26.82128014616859
-29.65013183983019,22.57162678552197
-33.38661321954904,24.85227812734346
-26.19559925413553,27.16683988047317
-23.6509496578904,31.47544478927003
-29.80516565016192,25.37148603575547
-29.13573204470587,30.63358325647385
-31.67558628397933,29.03837063522491
-33.58441004253358,19.40649743003748
-27.9547783933932,31.65171044961443
-31.44290965237313,22.62162175518432
-33.63046326867228,26.21627667184926
-27.00268207091144,21.00559715761091
-30.14345883850307,26.59779228985412
-33.65948179805289,21.18389768763754
-32.71121034619417,28.33873521811955
-31.67889095212217,25.79614154403923
-27.42527606354824,22.83218489635964
-33.4968911307517,21.57578530725378
-33.7650534001142,23.53873854249051
-32.53848520885089,20.73294050573959
-30.43042643718399,24.36369099648696
-28.3814343266017,28.98279284831265
-26.44204191016503,24.07365311826196
-30.91360253324362,20.34673695428981
-29.30876622409956,24.44801645956487
-28.55171042263709,28.88491835749212
-25.92322187822768,28.89360102627541
-30.53553594859076,29.91534849439917
-33.98086098413867,25.57117367617519
-28.81993292757501,31.07096136576996
-34.14335767258523,24.79776015524824
-31.94026960550985,23.03482925999198
-33.72650885200039,24.70498517598648
-30.67686801903889,25.85676078723331
-29.30739279191054,27.28928039719524
-31.47241578375592,25.9855063751649
-28.85302340999285,27.11616766964582
-27.93848978343471,26.90861702514406
-26.97735154256689,24.05700739641708
-29.52622879782447,30.08742495983318
-28.51878825876366,29.35970201043883
-26.71477864343982,25.41538088176878
-29.69210073020166,30.49825881417252
-29.85418100124069,26.28231684303194
-28.25409350229288,23.19919911490589
-29.81365376623163,27.02542820392404
-32.50303892822717,26.83707422502993
-33.27186271680797,23.85968428129868
-33.96774436411791,24.78953428944116
-28.05006765910944,29.01530425706717
-28.68120916348925,25.00214880697586
-31.37771583861043,19.15548693815169
-32.30082893322067,22.53940828432153
-29.16885900596938,25.83888810977542
-31.96871036075427,27.81669237880823
-28.34180056838831,21.24745198238869
-29.65590529648913,25.28415410336673
-31.01555869450879,30.17941914392166
-31.20877794178764,26.78978340850585
-28.80167164802398,16.63741224314484
-26.1595491128819,25.89204953437894
-27.86567355788831,20.9005493352178
-25.72442276076069,28.85204787178643
-30.25729166481387,25.26467216162969
-27.63345963212417,25.09621551675237
-27.78816823814395,30.41696612976119
-28.19114510235298,25.84355182394881
-23.46761838066861,29.1526139175987
-33.00964633287632,18.35193454673889
-27.03418886950551,26.5621192616974
-26.74883718097276,26.54516728948026
-28.24669985538891,20.43136121850164
-31.41535883561402,23.92566084383073
-33.89760471870667,19.87814004982253
-28.62751034490594,30.87182716455364
-28.50868193947716,28.81432437806484
-29.72444602069102,26.00142375305559
-30.8946422725095,25.0511903958945
-27.26083205447387,29.77893583193229
-24.56110414824995,30.66906782398757
-29.26653466695436,17.48691907632108
-25.39280930981507,30.60583360839485
-33.75733474429875,19.59077847168161
-27.54727179139264,21.64687169822549
-30.81409182643282,30.40981382062833
-29.3797423427647,24.38222997790285
-28.10244563319547,26.97943702282933
-34.04630036219424,25.62657137771578
-25.53991050595822,27.4655829584014
-32.72666887875622,27.50403440187795
-29.03775143282377,30.78843435382685
-32.51160959540169,18.34354837697241
-32.09318693795998,28.2740082248161
-33.27311922586232,20.12917110672369
-29.12980825644926,25.51159298117604
-31.63958115632108,28.89597280504161
-33.26143248508097,22.04796882444716
-27.04609297649005,32.37372445643464
-31.70404935614645,26.95265720783541
-29.5157721354677,26.19448710905705
-30.24639837353675,24.58560960513082
-33.08255407009457,23.4755762789938
-27.76151502050758,25.84444890493279
-27.61243427520055,32.43763251176206
-31.63873627476386,28.89083024678341
-32.94393104792847,21.7189412382588
-26.88569980659573,27.58344278561045
-34.54008428713684,19.71972764479541
-27.57215234471943,27.57167441136992
-26.52395165825042,29.17885019169928
-29.93703734841366,26.41113077247237
-28.7212466704662,24.39447967170704
-28.33464864424207,23.18430123931503
-28.39040711596094,25.16837300340883
-25.20859670540975,29.2977980693215
-33.27285355099367,27.35265359099561
-28.18480397505564,31.10890713076556
-31.46184490422868,28.55708653856389
-29.40203671032736,18.6018653089737
-28.251515272621,24.49887760854478
-31.65207876268268,25.80823438338806
-28.30536630842123,24.23312264121205
-27.01263125910458,28.37504104064407
-32.3614769375494,19.07221603656283
-25.38650236036554,28.47189661142457
-29.88597140178293,24.26411989555351
-28.59210978550719,30.06181366968539
-27.62551418995708,25.58695065372024
-27.3605874004978,29.16768314524525
-30.59652762840508,26.02170908855293
-26.10676848392378,30.16000264575371
-33.18534912605054,20.58375047502964
-33.69586735568028,19.97353060217885
-30.96020702425802,29.54798730847072
-28.96034950077373,30.30240290014289
-33.19816757934454,18.51322856524249
-26.91331756974914,27.50743371278233
-26.62023051806128,27.99520127214687
-24.56935964078749,28.1665686711886
-30.51970606833991,26.79709430798653
-34.4905792913439,19.98700546678653
-25.81094117316788,28.10191875444805
-31.01750132850635,26.6923892800724
-30.37345722244908,29.9292629659011
-33.97890212673939,23.97447075723237
-26.61961695811687,20.63150349001409
-31.06430390081076,24.44249169357282
-33.5939745725755,21.68473773054218
-28.09458017508676,27.1472255297712
-28.19355335434801,25.85153157826718
-31.36992949637791,26.08836554061231
-29.65972521507141,17.57828174568901
-29.67798510935724,25.59206255794843
-33.5237809529503,22.94209465574801
-30.38743220446281,23.57628724514543
-25.90911269729421,29.92852558411076
-34.18695008324014,19.27148918322677
-31.09819891996725,29.48633636726649
-29.14246423767115,25.37289062845673
-31.25268237419414,26.02286433674331
-27.31854218975851,29.18245653430084
-24.26071581379666,27.3293800421228
-32.64342403919233,28.16439023477537
-30.97911988061945,24.61493055628339
-30.26575956157433,21.92571528016721
-29.27389003077949,16.93463196721729
-31.48034348861046,23.9948348903969
-34.3392324812507,18.98490142141116
-29.14133577389296,30.61961605778569
-29.17573215064412,17.82205336448924
-31.92025124082974,18.66768836028594
-28.92852871605488,30.57069753813946
-32.5213267262362,24.49559730157234
-29.32995380784241,23.41150444045596
-30.61011333428124,29.46190904541662
-31.49408673519885,21.05191694870581
-27.61384892608693,27.08014718732279
-33.31251099028479,19.80437525958348
-28.3391282307809,31.81848269755897
-28.81585410409141,23.58520546001948
-27.44941605142697,23.17780475714164
-26.98058909689053,29.04364369059393
-32.55232805943351,22.99746787209811
-29.4513876213913,30.63905446186265
-27.77312122248733,27.40454129637882
-25.40230527247351,31.21874502631043
-29.82175197732545,30.47835726087537
-26.68779398512171,30.69701065171079
-26.75611354917228,20.00082489427287
-32.74057997654657,25.79584074855068
-29.49565542373539,18.34659397600836
-28.6823645031333,29.061723310459
-27.75752757689313,21.76358746516962
-31.19131673911952,26.2804408792008
-33.59617750006973,22.03001078757041
-28.59589354683744,28.16924028260303
-25.03565845370269,26.73013079159354
-30.65274461613611,24.0007042997264
-27.1175519835588,29.44790474249461
-30.37535049366561,22.08509373917824
-31.37626004862525,25.03323728563907
-30.11163561690739,25.57700899168671
-29.32489937458466,21.20922380158594
-31.4819275353535,25.97123120507659
-32.84167626637645,27.96845267911438
-33.12390354068617,24.86199772213649
-31.56288220420955,18.81199551736278
-28.57758245090091,25.32485412509854
-29.73096404948244,23.97838257136557
-32.73378713035191,26.69623349700064
-33.8071080401449,23.68927169640439
-28.30905966178886,22.17535253756439
-32.54276907733949,20.7298661145787
-28.47869282309997,29.81875494349775
-33.03190467585267,27.91150548759568
-28.41981071597545,27.56342660526106
-31.29010772348532,28.80645409518477
-33.40376551446244,18.69385230599766
-28.89494945047474,24.67748897731338
-34.04020425824272,20.43057015401949
-34.18611465841445,21.85683485462331
-32.83320433148687,25.79466320141628
-28.74399607105284,24.6541743050405
-32.44444031721357,22.40447056381942
-29.78802492160299,24.41313565550914
-26.83223387146739,30.44108477550602
-26.43059133895661,30.05451899093618
-31.43647484048943,22.42264535104059
-29.22503888757482,24.58300606848406
-27.44213900934088,32.15820595137479
-32.84242669468149,18.14129202612042
-24.05620705641517,28.33029689884207
-31.8895701686825,24.54915150035416
-25.84814573234628,28.61289432543836
-32.30613958716162,28.2274116854641
-22.4625693115687,30.48612791650001
-33.98467648439605,19.79178973546307
-34.04876521507279,18.77662577026388
-24.60388135239401,29.75830155820142
-32.14811530005947,23.97455606334502
-32.13737721288996,18.5055226526644
-30.80533455751674,21.77213746775149
-30.37732933830505,22.51107729048912
-31.4264523142864,24.26355687328886
-28.16743093421027,30.21170934645907
-30.8573399104989,26.05600993292558
-26.72535038293555,24.34885842959141
-30.72289170655099,18.07964599330323
-28.07625482708233,27.12302103917794
-34.02074583829103,23.90988825685437
-30.72892841906688,30.34534889927336
-25.67422638199425,30.07033867336646
-31.42227239074334,24.23451324386056
-31.6410121224863,26.66566502061315
-32.6269717984752,24.19196161440491
-28.22662820477376,24.37412832095936
-32.66890337205013,25.30639551835586
-27.28607193396171,23.09167211768045
-24.51416056563711,26.91892373148509
-26.1503561946205,27.62428351998934
-27.50584151374953,26.48453139813702
-30.96347636269124,29.30579792211798
-33.29498161102902,23.47987089006307
-32.74078171849268,20.50104585192669
-27.63483162533198,29.8039758143277
-27.69672914999887,27.8489124986834
-29.25825101182849,24.74255463556194
-31.85470084104266,18.60733319157729
-25.65028911572047,26.7701200260154
-25.95692897930367,23.96854484927691
-32.56096897099153,20.58668280535429
-27.88697662092787,24.9908101316634
-31.09975097365981,29.59003098050027
-25.86429163504372,27.1199562744421
-26.66276654822839,24.83030897942479
-28.64704376202116,31.68620062634167
-31.36596418054883,20.08862830981691
-26.98690590852457,28.93728557391769
-33.27857884074265,26.91354576019094
-29.54365642369086,24.19443449139325
-25.3748813759483,28.43766109128488
-31.37850725554348,20.44133918037579
-28.44593164970804,29.62976427494619
-28.84754697301111,24.51843288851455
-33.71054734803205,20.05580704259955
-28.99324469906665,17.80548200060181
-33.29100106068317,26.72798451729642
-33.97502203150733,21.73204372795449
-25.42003179984539,25.95377731839643
-32.61570852885487,27.94705607088363
-33.18894885127992,19.15285602542763
-33.09392914837922,27.79432265086087
-34.09319680391284,24.89912782729017
-28.62732405918778,20.30564108067123
-33.60404313524769,19.859852608946
-29.2946104880793,17.23249046180864
-29.13825329177604,26.43857223010893
-32.10562694157266,18.40474901618008
-33.9969133704661,23.11564627987276
-31.48350082863979,23.74897161475367
-32.15158410584482,26.82399434342126
-29.31103379371115,17.07051781031882
-34.20154415208251,19.14381556245536
-30.28914003972589,29.5691510534261
-30.34663958363744,26.94825915982727
-28.59031781938939,21.18505706039637
-29.42750631404184,26.49854872203775
-29.38896866091603,31.12709720375931
-30.85391075052883,18.14316776796934
-27.15163780691813,29.5674151979426
-29.75054767696317,31.06204889587442
-30.43026017731421,28.642715244017
-26.14109734518592,25.6057348063976
-33.63712635621009,26.32132089604353
-31.94763816490391,24.7261043542768
-30.6648001258593,23.99115861165933
-29.97802683957485,30.68930810837796
-28.8460512259974,21.0392452504946
-27.1425583714137,25.22440038385525
-29.12116239812214,27.49927695034204
-27.25139838166793,30.67640554809215
-34.11101669211574,20.76872552937028
-30.42559486734599,23.29511715402611
-32.50214472521093,26.82265648589508
-27.79583967041688,27.33040042934014
-26.54352926762841,25.7225568255646
-28.77694486798505,30.90363553707065
-32.87457027827849,27.54593154034718
-26.56912913043902,22.71998588075483
-33.31175692413988,26.55745432037873
-27.38576297697407,26.58223365203123
-29.32100780391396,29.74162738857689
-32.84367766519981,26.63004449589361
-34.21220184012512,24.83662710679109
-26.52429478746918,24.11236047419973
-25.7726017828894,28.06500957980749
-33.64928100520476,26.51948580819128
-29.3935158036017,23.31259104906201
-32.8714667704082,21.92091427908075
-26.80314785474079,25.65630637577592
-28.07280073904932,27.83686449297786
-33.10080831534392,21.46680055868377
-26.95277860751094,22.1200224703239
-28.74226511131194,30.3067232586988
-28.3053649385031,24.16865246452677
-27.3697603934672,27.88346531259054
-27.26973872505839,28.59209632072737
-34.27458130073921,21.40282623139527
-32.55572437715309,23.00971585773063
-29.96326858053608,25.82852060041881
-26.37747136452092,26.21289189517783
-30.92598869210659,22.23688081458638
-31.13281798493315,28.42539364602461
-33.67535343655111,23.08368898496221
-30.77933449735451,30.17521458056904
-24.65609043847239,26.57207980053143
-28.85263826141449,20.13176182853669
-32.86104361231965,18.0453189252548
-28.86565450181659,20.02097944697344
-28.19492484317636,23.92300346440411
-28.92705186729065,24.27553272612067
-27.11577027483719,23.98375333429209
-34.35676793618268,21.41746058628828
-32.56866077260307,26.69545152711569
-30.20750901979528,30.11288225298126
-25.47307428955205,26.92586773037956
-29.91720068991333,24.45009139992479
-30.64951794400166,30.0042713366453
-28.88118296712165,31.42173848491579
-25.52217761313632,26.15787032335718
-25.63610273399638,26.87726535059342
-28.61316540451698,28.20946229476883
-27.02836412635062,23.102484001209
-32.59493938527381,19.03046259544765
-22.51077069012531,30.76004482829147
-28.75036559789315,20.75992810055962
-31.14858509127226,23.11812933080873
-28.04330355187221,21.16374715660594
-34.35094184020862,20.01567368997452
-33.49569826368644,21.62839372392148
-26.95209295138427,32.77026726446819
-25.43043669191826,27.38421766437171
-26.58559396693718,28.12257705138593
-26.94512303450818,26.87272402774959
-31.75905095600776,23.0388573984976
-28.72772899834568,29.17518849535474
-30.97029824681441,30.27523723678768
-27.04541825840093,27.97055141167941
-28.36711416775143,31.05561012673121
-25.16490502180227,28.79391959312149
-28.2879637335804,27.13863140383485
-33.36709054642541,22.10678514884148
-27.92194491386401,32.21109449585009
-33.25383131597894,24.68513485298595
-31.86506955349148,28.51428617348277
-32.34981185215839,24.33470423556936
-28.13808814231016,28.50703733552192
-27.43764351915408,27.46128481390751
-32.79832250251099,26.53133748615253
-27.83758457861415,31.33223817943831
-25.37205442935161,30.86413293410721
-31.46754083918906,22.34513112877701
-26.00067774516916,30.16022261797578
-29.83901107293959,23.85085649525872
-30.87960923529814,21.87173158833861
-27.71229428257833,27.4936940971663
-25.73841370017202,29.4223040386021
-27.55299444265646,23.19226738563634
-25.15494560870773,31.93613498435551
-26.00931249678511,28.76152629006361
-28.58837988788076,25.36084849287865
-34.01355744908678,18.79897980849407
-25.25825945760185,30.69203397348076
-33.39003155220355,23.3735337178744
-31.6530786364183,18.572519251197
-27.73421936693566,27.69550649514077
-29.3790428290766,30.12628375303153
-32.8707139488152,19.29385254512634
-32.89729064513522,20.56258861631435
-31.2634845933194,18.55068774022093
-28.17108949051665,21.4420341819116
-27.59000558067022,23.45189392396178
-30.00554362273905,24.63864200602327
-30.5623014118332,24.07037087633566
-28.99535169253749,24.82133546428775
-31.21206073876013,26.78781321159341
-34.11289406672358,19.80252741513428
-26.06268286097326,30.12163021505862
-33.46257437717829,26.8124196219999
-29.08546590531315,19.51464727172466
-33.1183764579928,22.57591024336513
-33.15867229634735,20.59124662867192
-34.59043355134278,19.54816564631679
-31.85339792469256,18.60774524306111
-29.69120506805547,24.24359386318994
-26.54288791843077,28.82443011091395
-26.44348146429961,27.95855986739656
-29.22917063565264,17.69988811194963
-32.70147208790927,18.4832527486781
-25.84115798295316,31.92749997845506
-28.35551335940065,28.72161008314598
-30.20401013823494,22.5421325012698
-29.84992082455907,26.27888315144917
-28.89327976994676,22.97548375768824
-25.21405880457135,29.11515182858477
-27.70108553543225,27.09682670410259
-25.81908245074798,30.41128861124183
-34.12554888232446,21.11092592044564
-26.44594441293089,28.69921868800423
-28.19373412320333,26.10403955956855
-26.99229040027366,28.90399705446228
-32.39533970326613,27.21449782987795
-34.00879404480158,24.16720985509024
-29.81733279924099,23.87643505363345
-29.43924335272601,30.80727519634776
-29.25712270393605,16.86802876629282
-33.99878329253995,18.58028495626133
-28.5581542398677,26.2331712886404
-30.07567100113544,23.04312465615196
-30.50695346622631,26.79884380271467
-30.42825457179202,29.67341368096347
-25.52700713148749,25.7004642006119
-31.79760736407239,28.52715152279541
-27.20044916501856,29.87730869784754
-33.20976444415339,19.32572803019789
-24.86945699173167,31.33903726451051
-27.33779046832088,25.95757542427164
-33.53293483532629,26.52857716857511
-33.37421634910714,18.65796817185234
-33.13895397595475,21.12615207438853
-29.34166294578169,21.1678974888125
-33.11350837967735,25.88273635484106
-33.19771290593474,23.42787099517717
-33.05402915021739,27.60417484337596
-31.95691654073831,23.72009201487792
-24.80022911869569,26.99894460182792
-33.98237084045223,21.22375175150464
-31.06258423319818,24.54454714938211
-32.463314990044,18.33914538487247
-28.13361713589826,22.46814148270953
-34.11962109518615,19.31122150044277
-33.49165378002734,22.5388061657159
-26.96008795917156,27.49035538229549
-28.2708963715921,30.10516705731697
-26.02174807830866,25.7427270786638
-25.06571760951245,31.809946617625
-26.82432601548474,25.16229446350033
-32.43494423710431,24.22688346756388
-24.87957969225007,30.88440176787006
-27.49268309829431,26.51033449919446
-31.22324020930256,22.26048801386425
-26.01029550142821,23.98211149279599
-31.79817745219134,27.06797815859818
-33.06104680082426,18.7124639417554
-28.79125917394818,25.87918977045826
-28.06817355195379,31.56684394469908
-32.51898619095391,22.8773493266151
-28.20284964488245,21.07581737986806
-29.14460150680131,26.27525685450571
-30.20101740720269,23.11087555633891
-30.58407346933506,29.91003997026611
-29.39488741940369,26.42150778219014
-28.17612124264352,27.9956917451526
-27.5351143384546,25.11197446447497
-27.21322053612318,26.82790251591636
-28.40440156367464,27.43757502755668
-31.2543086362331,21.21799192282056
-32.77124615595355,21.96513728168895
-28.9301121107192,29.78380876601243
-23.5151995928039,29.65736471839874
-24.94444620274629,26.22000829932364
-30.92059095469216,22.24206831802502
-28.12742633602636,26.72349279606117
-27.22017200603999,28.10153779270953
-30.84286554105339,24.51141929486689
-27.7133109591742,24.80586954374244
-30.79192876366464,23.35205435483822
-28.46766027634452,28.19783620783236
-33.74799028838446,20.11271233775834
-31.48848328146968,24.36575158960099
-26.85528476291315,26.79537752403287
-24.91548326436086,31.02244585868899
-29.84081660561356,22.22388675033834
-27.29042256260418,30.4453185939005
-31.98621915550308,25.48519117249778
-33.18536919244701,27.17650164317327
-32.86666514118237,22.5623484988039
-33.39639633152103,19.83400821044986
-28.86792464047586,23.16322633238405
-34.06204151761028,22.05982877067787
-28.79862034536261,27.51611520289539
-28.40288201716152,24.5714690971127
-32.9992229763001,19.02427147391528
-32.74519735323926,27.64611102957389
-27.04555881486586,28.41559194755692
-24.01269549711926,28.76076105886218
-27.54892983014132,28.49845053178412
-26.66585304507099,29.14906417754705
-32.93850762054541,25.81155578210733
-32.03928329591556,24.17329249521181
-28.94716712163893,26.40122458630118
-28.06077255221753,25.43760441923398
-27.4301577434825,21.36215803123511
-28.29833008398596,21.11759914106951
-33.49442001837608,21.02371539735993
-27.33946187971288,26.77644840666582
-28.503191517254,30.03843892235659
-30.80120463711203,24.98636605049114
-24.55602407159495,30.73711705536672
-29.47857800899243,18.40913692824073
-30.61308092961704,21.92644859785527
-30.63444647913006,25.37286685096997
-33.79815456238737,19.6897991450305
-33.6326168775032,25.80893157690562
-28.57556028216434,30.43981048881426
-28.98092365349406,24.79890013597879
-25.74553162025011,28.13059173611149
-27.42099941082032,23.57028435328776
-33.63937785165859,19.3461593476436
-29.12619754195516,25.46969054065838
-29.66746634512661,22.95093486493814
-29.28448047792514,17.33620028634469
-34.07721755830216,20.90076334849852
-31.25467779396718,21.20517810563139
-27.7436545755149,31.0089583785458
-28.45294309046412,25.00205485288459
-34.275673167787,21.89224405940816
-28.89188152394899,30.55184323861022
-29.61932080756714,26.01138919458396
-33.23489668466836,23.71769642618701
-28.3517677356202,31.8446123131277
-33.11860902318163,22.57831636801035
-31.23853763533603,30.0320878429649
-29.13237956131809,25.06396121723873
-26.80349808811153,29.93197454821743
-29.38112788403214,30.40346736008397
-30.76998191870039,29.38274087675334
-27.39034358843296,26.15763593550308
-29.6671928590385,24.18793352174357
-26.9691376489904,26.56885731271709
-28.50889058144014,31.25329289877574
-32.75079211131451,28.00914522584124
-28.7808654806793,23.85836054534242
-34.17870887512058,20.40921194179286
-30.1209924706723,24.64784392952462
-34.01631245705696,24.66698875437464
-29.79848602289435,17.47676472762249
-28.56445489896514,30.01857003793706
-32.13253185482656,25.77174768110531
-31.98830106497979,29.14718342924146
-30.72105937959443,27.20474688508246
-32.66658080516508,26.63643182298959
-33.26199907491765,22.11109726331929
-27.29478103680533,27.72617575571294
-27.89985031339321,24.82089813905193
-26.21526330307712,30.80003607717954
-27.97336966688081,28.72552219648086
-28.68845118834701,26.55380673712324
-33.76588331876695,22.81711271354374
-29.08526587427574,22.03731842425455
-34.18531478921327,22.15959260359725
-27.12813730898751,25.65367957177427
-28.478046936041,27.88830776618413
-28.72822680663212,27.92675667813281
-28.92031297838081,24.87740158691205
-32.39793920498239,20.65714393515171
-25.24320783915246,30.68857456241929
-24.80503084959462,26.03207285377188
-26.75498249661491,27.58778512515275
-32.20058945196862,24.4879591288713
-31.59116972323183,29.28283371360168
-29.15762820171508,25.75009059484305
-28.27141807329476,23.16385094106289
-28.71971247096434,25.96558511614139
-31.20362633708967,18.46834622561489
-26.88349083402538,30.61195951245679
-28.02055466691285,22.66851841324167
-30.23093551393529,17.85833811431302
-33.86011754737823,25.43575179819544
-27.69096456053381,28.92710742074473
-34.62655311158157,20.17864029932325
-30.59325035497226,17.87372462561134
-32.04259892209618,23.48981925733264
-29.39794443493632,31.02125056158911
-30.11872028425863,30.01362985400002
-33.99292395293744,23.73534895513605
-33.66324379227766,19.66885022684235
-30.57518669846746,22.98625359370828
-28.57010694873925,20.85033627786012
-23.09287543939507,28.10972248306521
-31.39794337935188,23.13327720831605
-29.42259303757041,22.14331378422519
-28.80607568128529,32.09795848938953
-33.23375670379357,24.59013272062277
-27.25765727344601,23.04862075699409
-32.49528324866932,23.57942435246858
-26.50404052630234,29.8766958637768
-32.1165720315602,27.93472713197822
-27.35815930900344,30.14869961892895
-28.377145766175,26.97319283400355
-27.67947625516181,28.08966165877759
-31.4944369876534,24.44406598407778
-31.79407957341843,25.76883947577535
-33.32665028882296,19.43112165409958
-30.73436269885917,20.39066833025401
-29.04989718884465,23.74752920185404
-28.79790961188193,21.91875307607611
-26.14092724563541,28.26435689950666
-31.92879685483843,26.46797772386622
-31.49527039317327,26.47755420020965
-33.81753140220646,23.84142861872257
-25.24728183330078,28.207631393153
-26.64048856415591,27.05593403977922
-33.21119936739551,18.67529569300095
-28.63877862258872,30.08532820848241
-25.37015097644662,30.68355403084429
-30.5908905347021,21.91501197318471
-30.68266744425643,25.51809042807491
-32.05251425866613,25.3315568381033
-33.98441623531076,22.07947320901064
-26.84407647131347,28.8726629872015
-25.7639956796525,26.2950688681372
-24.04624555322393,30.77850072715642
-26.02956556180467,26.48859806285042
-29.54409264308917,17.34715450938482
-33.8919793452899,19.07278858139646
-25.86680192404654,28.25834270082505
-33.83360144669877,18.94982817236342
-31.72389601242518,27.18504231089198
-32.60337425695826,27.75572654861872
-27.05553835545653,22.36476416190836
-27.05278734441534,29.25154636955807
-28.12126171241694,23.56621736222098
-33.84240564104492,20.08803778361284
-33.224194370528,25.89895470280601
-32.50595420600153,26.80575336107135
-33.99741554985673,24.6882953870146
-33.02093493829378,18.26634231466521
-30.71108833876906,21.61311169170827
-30.89900623932019,22.26996611529461
-31.42111658396425,22.50890748470336
-29.49670253241558,26.19585726038991
-28.7253532455418,26.76728188815197
-26.67092653538923,29.04685815146948
-24.4008170645804,31.75255099054593
-28.58796691057375,28.91204052996527
-34.20908588591229,18.99333273705044
-28.251743115357,27.52487934521854
-30.24030876776608,23.61954315042273
-28.15553603556823,27.29691565505171
-23.91182204815974,31.45317686029417
-26.73299317746375,28.85583062229433
-26.43070950465105,30.70987468485474
-25.03759823428992,29.52670937052917
-31.35222360737034,18.61177436648246
-33.21821382329641,26.39826288948879
-31.7588555588096,18.55318430733914
-32.26698727766685,22.43948824655604
-29.55285228989655,18.14635380429884
-30.10560841870832,29.32464193272367
-24.41135016472386,30.08066928036931
-28.45520648775965,28.31819089481769
-27.11174159608573,26.55775023566759
-33.69320194130666,23.04599168991597
-31.89209954580515,24.79325299774112
-27.75569019063844,24.78462362220284
-34.12194831047699,19.83865713949893
-31.47112625323014,25.01227143602223
-30.07513318127291,17.20545877280562
-29.46590803757286,18.45183668749731
-30.51059104886709,25.83367633358518
-27.46255164673196,23.62809089990519
-31.02135928482487,28.89172620507493
-30.4182110629225,26.18847596612124
-34.39126311328735,20.86299797766289
-31.37266101587715,23.04505876665176
-22.50198554674603,30.01214956276311
-24.48607124215872,28.75011388541825
-27.08513783191257,32.18435802087955
-34.29288882813848,18.93855074375783
-29.59142960936558,17.75842697799467
-28.61394332160481,29.43723204316396
-32.37944118621449,24.24211222945041
-33.71490407392279,18.58256203792299
-33.68894594248304,19.58892214448917
-33.99667082639824,22.81639246912755
-27.3839130611331,22.99847266016384
-33.98797503150828,19.74087042808737
-25.01789758195277,28.94666044235613
-29.75867467057901,17.26438037933835
-32.57810671508635,23.2259544933105
-33.83444044408518,22.03623199536874
-24.97353535329178,31.13620239077174
-30.71078182644931,24.08578908903678
-30.11927648576957,17.92110792838825
-31.59094459969441,23.08635309832978
-29.06177210407475,26.20349593357983
-33.27748505000332,26.80281823237249
-32.87889534221917,28.09820947711955
-33.52391487441305,23.84261687125037
-29.82551261197239,20.75593756504894
-28.21266418432296,25.89022076577043
-30.7324396408059,25.08359200852123
-31.78819836419934,27.91938078654019
-27.38324580054929,31.55578973717884
-31.95820642539562,24.271863552879
-28.46888925935677,30.13820756060335
-34.29988595037335,20.85034982945304
-27.62683276029062,26.12225987401828
-31.02394421610489,18.25085049795438
-25.2861116556926,25.87432434175224
-34.81326743695808,20.04952295153554
-28.73701015838132,30.15533425082219
-34.07467508082596,22.95250521780033
-30.51556268772175,26.02400704239109
-29.16265271258409,24.31318361129849
-26.38991414830183,27.5226995899295
-28.86634268274426,31.06130812826587
-33.93314303537373,20.009008316351
-33.29297289841975,22.44102726326293
-25.99456748721837,27.29385647461892
-26.81534862571129,26.64974642828724
-29.37060627036221,30.88578341078704
-27.51062155611011,25.7240898275122
-27.54580825962699,25.00208001592896
-27.53682427307377,27.24093654092996
-31.47740322065606,25.13287900927849
-27.74721003975039,26.4663917801516
-28.60360264121896,21.09883256282102
-30.67330311282915,24.02939809906745
-29.1710714923945,26.78356033460952
-32.10336113484286,23.31619260473955
-29.35583801331164,31.27808133445745
-29.035628936315,29.80685529522948
-28.08208707279269,32.0436985220917
-29.98531135092458,30.74378456327149
-29.18178225993777,22.05885087478996
-26.54752549824508,30.73228300297505
-27.74141122308308,31.70740176306478
-22.63074542875124,30.14068349121477
-33.50234597884723,22.50245388431429
-27.84160817126507,32.38378917445362
-28.35122393675941,23.47481571027757
-30.89118303169543,26.49314187254187
-27.29011986392682,27.7998174328659
-33.26634248636303,22.13822480847966
-23.55350707749452,28.95134664236442
-29.81803499791943,24.71118847026569
-26.94935175809319,29.05621436602386
-34.31431586621413,19.51453033136994
-33.92981522136278,19.34360713278785
-27.56936917716359,30.72403374848553
-33.95210803061392,18.84905044579466
-23.62190190503548,29.37664895151507
-29.51472445495483,23.16823309252292
-33.55273827693397,25.7013569664446
-27.1455275600098,29.97131572715143
-29.12965918278486,17.84146214244064
-31.45773924645784,26.00364692829817
-34.0110744011605,24.33913681280483
-32.2182072106111,25.48610132444157
-34.38922950699742,20.15737225128726
-28.02651154290104,31.85631929052035
-29.27147476263535,26.32290898075227
-29.723664316236,26.01018771168944
-27.25736471071217,21.44119977382911
-33.55466467289109,25.25033815581597
-33.2998754701486,26.7659617571994
-33.83701388229223,20.87424903355739
-23.28137920684346,29.59633903308285
-34.35138195074034,21.8838861950863
-30.94362785267908,21.94654131734016
-32.41272424248511,18.33444705308839
-32.89681265473268,23.62786777464746
-29.82893295877218,30.57721134049238
-28.22735710287022,21.36354817403954
-27.62649411538145,31.72039219942877
-28.19168231716471,28.5897980203338
-27.95182494480857,32.37689074947994
-22.94309078738841,29.07340345787184
-26.19140499079137,30.6169500711765
-28.58116184398092,27.45547449689524
-27.64914137924291,26.57325960417811
-25.11794191310814,28.36534553475141
-32.72051160034528,21.93901367925223
-31.5581769929805,29.51315300561807
-27.54306902220805,28.51953035317259
-32.4087179271807,24.61728876560391
-28.11575428647074,24.87314482252813
-27.8871422840904,25.04693518553448
-28.59096079638292,29.60003071225939
-25.33068328101674,26.16537909217093
-25.34983249426881,31.80642105046112
-33.58911168702726,22.2570961758164
-26.41901185686985,28.48180316261442
-28.79703517467886,23.7139239697639
-28.55357499164862,25.5785738673983
-26.80404179820897,27.73022862335912
-26.62612437556681,24.84331296143798
-27.53303649819858,25.11407676986881
-26.44678236434672,30.75057114916963
-27.30381314135587,30.30478810840679
-27.58774223853984,24.81650674420764
-31.63902373694069,24.98340498671725
-26.80289870433858,29.20982657148969
-26.27683704138178,29.0610318179803
-33.08005249557458,18.38807258742347
-30.57790409657882,27.1829235098707
-31.30423800530482,25.78312027874881
-25.60053216604049,29.10624379432627
-29.69637128097745,17.69484537081528
-29.13959009417347,22.65149082592236
-33.07951787094816,23.49255952126651
-28.13335265351676,28.02193012351448
-31.36739251197667,20.75546110981767
-25.62034750706232,26.07908366563656
-31.00465829477932,24.99556145693364
-28.98921922814259,27.23631099171393
-28.27799242275947,28.01512032233064
-33.33501340835382,26.63284695281355
-27.56720703884699,31.63243180119663
-25.30316719332213,26.2357769639328
-32.67841458484097,20.45501618291037
-30.89265636597194,29.96478935423019
-30.20701539597562,30.80166559087865
-31.10729106888003,21.69774227442947
-33.06068152946061,24.85543637335418
-28.57718866007287,28.13224407561185
-30.71330273697997,27.05653870911555
-26.74311223117944,28.39655853536723
-27.53023869127767,26.79254240964086
-30.59016010751799,25.40588021459214
-29.40498084977875,27.09794459124329
-33.20112078955027,23.430351727032
-32.14779008179586,18.30945832739251
-33.21439699661907,22.03257017283122
-32.83281812237949,22.57351047946963
-27.41581647424181,26.9067242860108
-26.27752472078765,30.51421402495813
-29.0683694364037,29.75357829428049
-28.91696563788396,16.75335572270409
-26.37259294932621,27.87670810328221
-27.3899526093814,21.37933830248649
-28.20081945384954,32.28584154905779
-28.70545317980657,24.92373508944275
-27.18991788478245,23.18813637819904
-32.88654045351264,21.86953387964609
-28.83243356992376,30.01736053940862
-28.32425481320412,26.22802753794948
-33.25268858575416,20.35193490578227
-31.65134900760064,28.32166702917938
-33.25143628527645,26.95374810371588
-25.61319712563079,31.87066031788734
-28.13058795806062,29.15599588824533
-29.72583121599088,22.04750934778304
-33.13558909314779,18.97924375948707
-33.00277010113707,17.93906642702294
-31.83250095875075,23.59518709894764
-28.51853691658842,30.83653825534471
-26.053555403265,28.81530533490117
-32.87120668248932,18.61746500954749
-33.26347093340036,18.20548912917321
-31.55232324935359,18.40609393387911
-33.91100701071739,18.76647097951115
-33.30873848418652,18.433199414678
-27.28257541798454,27.90180247147005
-31.82240713150877,21.44086135279029
-26.84459045707279,26.68713094262496
-29.67500487735698,26.3183106414085
-31.55377792820075,28.57590797782476
-34.0963163071339,18.8152835792416
-33.96348881974982,23.70937906350071
-29.85237924287955,30.28396400702377
-26.85058497580074,20.68020357479201
-34.00618244724769,21.92611009457135
-24.4042370770397,30.99497571470209
-32.79285376660829,21.60489976421786
-33.29018828811918,18.21554060597366
-30.88324019681865,22.31103024529522
-30.52496535048325,24.46711095999044
-26.6690923634652,29.7512916636302
-25.30079306865738,30.84171743334567
-27.35995737921475,31.51492675258743
-34.12647004772556,20.34475334463818
-28.16338704149741,32.28772915576436
-29.03224694569934,26.40464725160217
-26.68275318735962,24.8234489085067
-32.78328682386524,27.7256228084945
-28.19456107105556,23.08159518823813
-28.03145032306801,27.55589821978654
-28.67377177886857,27.93568105633196
-32.60043466448027,27.95074956438922
-29.02298234558713,22.66608638485419
-33.94685352006215,25.03213211422094
-28.16029225141317,22.92319400158659
-23.60503989893838,29.51670911617703
-34.41819514623563,19.99992258755743
-29.71365858123748,30.6229652717811
-31.51068821226922,24.95985395305333
-32.89556665998958,27.63209489573913
-32.83122909626235,23.68203073367008
-33.81743022749517,23.8209462129288
-32.94323401034627,18.84098901082249
-28.66268236924451,31.92282020140201
-30.3241826553732,27.16228713478498
-26.16863526420351,26.52915206119026
-32.08937530251159,25.1126825938308
-25.73820530553578,30.2350797245847
-33.4444593366071,19.83707609090399
-26.82603576531938,27.7961697088647
-25.44215425987888,31.90284466160157
-30.86414932444738,20.39487013367377
-24.72388948502831,26.53038618077069
-28.40159394883619,28.6088439679565
-33.49646202200098,19.58236380223073
-28.34357064314744,29.70228177772509
-31.39701604154794,25.59828780179448
-28.92514508015375,29.13662556345051
-27.05245214817468,20.50257790826775
-33.48568032732918,23.35975897427368
-28.6183516899677,25.58495045982956
-31.71864007606626,25.34625532491728
-33.47153666916451,21.48116960463931
-29.14063302514707,26.44975317379308
-33.49636318980063,23.10310666140952
-31.14524657736625,29.45906628923997
-30.50892624173632,28.54330941768758
-30.43659095013416,29.45426870737954
-31.92597751452488,26.11218407496165
-24.07559253251585,28.9715437344691
-32.06160259954959,25.86528102503989
-32.48663237838771,23.74498283913701
-27.31052785098821,26.46818615109348
-27.15881095729104,30.42198612027413
-33.76791998084491,23.55734036024739
-29.22370019946295,18.91564079951926
-29.34319278439155,22.29753292806899
-33.77049579713091,19.46751027704451
-32.82958969027791,27.80967848413418
-27.50534805974983,32.01243408889538
-23.42782704882555,30.32294128066974
-34.33723800190312,19.1575835868378
-33.29447002133244,25.91721026580825
-34.01843143841412,21.52236806703634
-24.39783643287074,29.51189610100311
-27.88335610010998,25.02501407395331
-30.14258537885262,23.65200610545303
-31.2247501130716,18.52509413571435
-26.41627200866137,30.48708653947329
-29.65224881998787,30.68306418857515
-31.70457350402317,25.41084604791302
-30.79114273993173,24.12829056411362
-23.86874124526828,28.69309559368513
-31.29387655499244,18.17891258942684
-25.22187147876827,29.75344619928227
-27.42803623814489,29.38699159094392
-25.46832024618137,30.70751448016534
-34.1015915278514,20.2205107221446
-27.7645551218155,26.01835849671166
-26.42699809857124,28.31202179605138
-32.10579915192766,27.11078432905378
-30.99564566016427,30.03527015292757
-26.35817725698391,24.03324167622794
-25.63189799286237,31.30297671264096
-25.15924537154054,25.89316068675863
-34.10639038456858,20.23889399249474
-34.09935192812437,20.17632362809589
-27.64658359820158,32.39063727366554
-28.6822620810389,26.41001282492791
-27.99759036011751,24.59126201852792
-33.6809554881518,25.79709141182201
-33.28839604571782,18.68316624853391
-25.50583858939582,26.79656765878901
-27.74975698472466,29.84416116035729
-27.64110070930643,31.99787061131514
-30.55332665929038,28.52169655293098
-34.11232874072677,21.23471389806893
-32.79601129853442,22.57789105203164
-32.66248780095427,26.64243526901465
-28.64601024851519,27.29015362786799
-34.17119275894493,19.00247479728346
-30.57626282461718,24.99178482368404
-27.07078278564146,30.86291155137506
-33.67604079229359,18.70665194336383
-27.1678450013113,29.61706833736921
-27.3165352828215,23.81623474309056
-23.87300885206131,28.45590220472764
-27.64035239922491,29.67289675672432
-33.82556698709032,25.65810663860956
-31.25039265250971,18.29994878776131
-30.87573348507935,29.2700359239309
-29.2676747008696,18.87018391042655
-32.62613139437266,26.66948594834155
-30.4797825766164,25.59574429359049
-27.38570842698119,31.66503318035818
-31.45930839235654,22.37459454435515
-25.69917759605556,25.84816725959026
-33.90785655351662,25.16807463845522
-24.76789574241142,30.53663235016379
-33.77653167679175,25.57217834044957
-31.18523932134728,21.553133991521
-25.50710700642921,26.22953412957041
-30.3016800437864,21.84305986062128
-33.47562879187969,21.51203529707013
-29.57313079186161,24.13851897925753
-30.06515703700284,24.65945177059399
-24.95392008707084,29.93486864941062
-25.35782669477113,29.06982949219682
-32.0390639421589,25.22645572645981
-28.34469056683139,26.28249290536858
-28.91609523481704,25.98727827858388
-30.65908001813884,30.00953932495112
-27.78976196657968,25.96324667711153
-33.1773010798982,27.10977917310668
-28.58743396256702,28.12820061081103
-33.3352484186825,25.9253625838636
-33.14680785332139,27.13556283232094
-34.00900749733467,18.96532417639906
-31.47217358175629,19.31087962576775
-24.66989882259039,28.03378929228844
-27.02376939403259,32.67954610776227
-33.20689694137103,24.84203891886208
-32.54615300461345,22.57015322077945
-29.65764230337199,26.38090362753248
-31.54470191922076,23.58492519276029
-26.38094412313201,25.1735136483365
-33.01176219905752,27.69774628771336
-28.89890721565512,31.28348476901675
-28.09191482224519,30.63646709012059
-31.88963687169798,28.4726233745458
-26.22736575332645,26.96041418868413
-30.75955581430383,25.05131239141679
-33.49937268578795,27.07706957693401
-30.29927430250571,30.42615559632601
-34.04638433207703,25.626078807437
-30.6546911533219,25.30901775184335
-33.17994179436172,26.35713484515581
-29.63264571841007,25.66622032259074
-25.57068204048023,27.22411291809307
-29.42286374979705,23.27783897969641
-29.68014639274214,17.53667102390679
-29.2393684437942,21.17417598832656
-26.56310409885367,27.4527896858963
-31.43607338718673,28.85841854291618
-28.60023085912304,25.53319406653527
-26.41365453742808,26.82232352592226
-31.20644193763431,28.1872892732467
-30.20180010771583,24.60859770587576
-32.23925187551079,27.9390631028426
-32.96068322390067,17.89528417426333
-31.63295796681218,23.10043433582421
-31.48122166617693,28.85979649189477
-31.46852030855016,25.01517259746429
-29.59904317976246,29.86402922085788
-27.54442189426002,30.85662256544177
-28.64609124156611,25.65329588634686
-28.55231483130697,26.57222648888269
-33.16429918454936,27.63444234600899
-28.08190031746336,32.04401936711869
-30.0129616845479,25.80330583054305
-30.12295202298401,30.75363468165245
-30.79898862656439,30.12078752051157
-27.20750948302332,20.79081167135883
-26.81536607056032,23.43181983089429
-32.25150271354634,25.6826696030991
-25.9899798641819,30.0198241481766
-33.59010939595114,23.34920744834566
-29.30841946207764,17.13266499172427
-33.82432410305243,24.97435716042337
-31.06629035189357,29.55794680586658
-25.58349284306923,29.45640516676303
-31.01750515145327,25.73221431556125
-27.45123892939024,24.22104646769862
-29.12374820129761,19.4131191796852
-25.60435001048469,31.31827155290143
-26.54818517446572,30.62785357415497
-30.27491686328329,25.27501985193718
-30.31291077949463,30.23437448425801
-30.02580184584244,29.8451964764756
-30.55156544434707,20.42742399514495
-27.59339007706967,21.35654088010161
-27.59880555533233,26.58284404582714
-33.00759102806924,18.66760136949583
-33.97337319249393,18.4320477453783
-30.87319233558711,29.67121715981215
-26.40638348606228,26.15206068508699
-28.63303227542507,31.3327713030166
-26.58114633434687,24.2030221471629
-30.13732270672102,30.04135191666937
-26.22193993509281,28.16879198179765
-25.60520817215498,30.47335423358488
-32.54011493259312,22.95345106423675
-28.11206273873584,21.16061701487866
-25.81800092395684,27.83026457315161
-28.65757271535997,27.32318730294837
-33.20683656125662,22.01987510749589
-25.86596289367085,29.17186355488704
-31.56822724673415,25.50676584309051
-27.35486379776325,26.60613236781564
-33.36701705720121,26.6991310070389
-33.55548380413028,26.98528930602512
-32.86203977638871,21.9393655540263
-29.1050308607908,22.02494704570787
-33.50512900709555,21.28468953875813
-27.91975057408917,25.94263548042752
-24.84345339848903,29.81143543778088
-26.40203413040784,30.34964443663245
-30.47520870124479,25.96121207374143
-29.75535211284753,25.66307410096359
-33.48144746140471,19.65560802997835
-32.23892581358108,18.85135607431252
-30.69786572619557,28.48453315630426
-31.29631050335484,26.18727865962699
-29.63889584680005,22.55735766588378
-31.47683969463628,23.78743819235346
-24.8578413462766,28.82861682836524
-34.01471623380964,24.91319595821525
-25.8784710386167,30.01711484629712
-28.12669602287482,24.61718311089308
-34.31246929777598,18.82904683627307
-26.2115281006741,25.47732197778812
-28.74922743902518,20.75709437253304
-25.23603769464357,26.06885022422391
-29.51680861155939,25.73576291918984
-29.1791633545455,25.9208987274336
-33.5814105032895,19.44125324289516
-29.5900472807768,26.18853058976829
-33.40128657804805,19.88021497231217
-33.86938541750154,19.77484022060242
-27.52464110966776,27.1469434327366
-29.42491960952242,26.77258633945183
-29.44484412916809,21.07450033452311
-25.03281918350212,27.11961489442444
-33.67731495716309,18.98571743842703
-33.17674617373991,27.28391742523271
-33.02271688679268,19.30879661871436
-27.67595783399709,32.42139661633304
-30.80699546494696,28.86095966306873
-29.33231370356032,29.79885659131028
-30.40356162569402,30.21022252741561
-32.76858625941237,25.69765322472636
-33.21575623406991,23.46840865543945
-31.10801949328059,25.7115569234518
-28.55282880560116,28.41722307836066
-25.08344285950944,29.10153134954821
-27.66150103074524,21.71428471257399
-27.1791859876144,26.85967128200957
-31.81294428181597,26.93371930597848
-34.05777361131737,19.10055782540201
-28.22449173008565,32.48861244165155
-27.7114462511374,25.38641899058837
-33.25464235290697,19.3280441784937
-31.93429708969432,24.05787890794324
-30.49185130232384,24.47173290234528
-33.05982013003867,21.78420632521792
-28.46380965945874,28.44565838452759
-26.94303562783378,25.85168122290137
-30.98568921593735,20.32031813932636
-33.43802106884993,18.78691435225448
-25.11328760996647,26.49182446224487
-30.53906754943468,24.96640760355915
-25.29489650147953,31.02764943243665
-33.66832630307051,26.57354002038199
-27.00341898575196,27.3524110536656
-32.77985495576835,26.11057578686176
-27.90015496354182,21.37668718793156
-31.88393268243922,25.52338111947618
-24.8737865610895,30.11819146271058
-34.35983562988393,18.96181428132299
-26.74007485984939,20.03111201216648
-25.80840307092783,27.45041814222435
-28.23894282069672,24.25592897306112
-27.37998160364773,31.62410955049722
-25.7935166717511,25.19913665339037
-31.62774012837397,25.50017099561872
-30.25129928171225,23.61677614912909
-30.45175537272097,24.3403235889484
-24.63244720489028,30.145101478278
-29.50832976278179,18.2885840109616
-29.77645051940337,26.90284674244598
-27.43426131290988,27.075060459409
-30.78192707928323,24.11674461412009
-25.58333017963966,26.2973980022455
-27.05345345821945,27.16351317047509
-28.47573850879259,26.63688318907564
-28.4865442301014,25.09182425170668
-29.71857638647665,27.02565415748556
-31.21380395175858,28.16788698552074
-29.36540574269046,31.10437290785438
-34.2463186505303,18.47461800737882
-27.49024315691153,28.3571141701084
-25.71629692899158,30.50536947724119
-28.65055127411391,26.74824991036839
-33.96395534688858,22.96410946654977
-33.64307777409403,21.03122498200016
-34.15270186946766,21.8775616335984
-31.98972972449168,28.36154938785373
-29.87091287501146,29.71719276163731
-32.6206128575899,18.29279687647566
-28.74935761684974,28.88195675917266
-29.10973392980932,24.64529219640478
-28.76454846568186,29.5277495892613
-29.25942273571612,27.32123711244131
-28.1515153005343,26.40973167118567
-32.1422837191076,18.64489339431771
-25.3756934811816,28.70992913625085
-28.59653295882017,31.08552332697044
-31.53440142354797,27.64866242264478
-24.42154581921612,28.13297434646624
-29.69278070733979,22.88287442457729
-31.33887273358094,23.1118043102065
-32.55439776122182,24.48147227160517
-28.1764114196089,21.72528742886613
-32.11556369171733,24.02328295520949
-29.33179166946445,22.30789873277973
-30.66666077150211,21.98838531749007
-32.68671357439997,24.69365843025397
-26.78464204679063,23.34055853647707
-29.25463018431532,17.54092262508485
-32.63357005206961,27.41252168814953
-27.82715396647124,21.80298755159047
-26.82709549447195,29.68324168844115
-29.04704279113851,29.41577030772881
-31.96719000364563,24.280137149982
-24.89899970619166,28.00976646654429
-29.1919638263965,19.00290803525521
-32.79898741503483,27.76342470952704
-24.03855109493169,29.25032605241647
-26.21096509334846,26.71453273435685
-30.501374177546,25.85855521863417
-32.59305774451335,23.91542714469286
-34.2323502915695,21.36561278392689
-32.80600012565547,18.79934373563784
-24.92631932352802,30.77061699384825
-25.05851152804144,28.88377216260115
-31.80025862233621,25.14830955557975
-30.52076364765541,17.94083342175293
-28.46839771402768,32.29532622616974
-28.07082212621371,28.14434346263746
-27.93145483220869,20.94126168178694
-29.69947761786302,22.75536401321862
-26.45570541764258,30.59754619125134
-30.19182854721151,17.29487570310497
-30.56834144773419,23.08292797681075
-33.4994864150898,25.35361912952512
-33.57433863860109,18.73828741593421
-29.2653307675723,30.76368595088273
-33.77003105308104,22.78547090219122
-31.39792635223652,22.79938392218682
-32.77144113104237,26.44998439744367
-33.18960126157516,23.43110081381179
-28.91081500142239,30.19160302820592
-31.96231624703796,24.58758703051858
-34.30440594711627,20.37243283368688
-25.73097263984477,30.45244836543903
-33.58594773171482,22.19069265184713
-28.78001889282742,30.28892823108255
-29.85766551474881,22.92414351675411
-31.14327142976512,26.15629496229867
-26.70656166918371,27.16376742320523
-25.81119227919508,24.93004191708712
-30.51455428176098,22.34410790016484
-31.05623507885009,30.1411564512001
-27.66439959007338,32.05289960494836
-28.09850930207614,25.07528426623666
-31.59434305984412,29.2699913303999
-32.49904728802193,18.58906215005678
-33.4653005083996,19.63432755654857
-28.73981806603339,29.5336920726518
-30.85509543408463,22.10563580214525
-34.25702584828996,19.61648384569439
-30.35531161679613,17.89031798044996
-33.12573763824739,21.26425791004772
-29.20482557383707,22.50860619070149
-22.87110439204571,30.91507691279624
-27.52267966904671,27.68149932902187
-32.99798362774649,19.31280445508083
-28.83640790743191,30.30121665973458
-27.57744626211295,27.86351118009071
-25.40258263444146,27.34842631556178
-32.83658109730954,28.01249443178876
-26.07940627728748,26.34762960667264
-34.08057984588954,21.32729281158941
-32.70970439622307,21.55713778245816
-24.43634806037197,31.73210825357878
-25.80749095356552,31.91816548986966
-27.95156682495501,27.62361226238222
-31.95638918346718,26.00889665254787
-32.41191699735501,27.98437183101399
-33.89315440456793,19.45032562089346
-31.68239114477638,26.7210484183411
-33.5462052748443,19.8698682276046
-26.48283737407294,27.53930101195755
-30.16562267725142,25.45467779716763
-31.54293164815289,18.84012161086891
-34.72488635009016,19.61239625489067
-27.11764993546835,29.80990906424709
-32.59302784054177,21.85237701499758
-26.59268453071497,27.20662409097337
-34.03276647787597,23.00872572011602
-32.85896731517037,20.5600496183339
-33.84691136817013,23.90068704496679
-25.64520310092874,29.44172937905165
-32.980989437503,25.81469777650092
-24.64546914099056,28.20536931256056
-32.66899700988805,20.45105422131619
-32.27636370767753,24.47408267462696
-32.66855093943181,21.50252994782655
-29.62347059309133,24.11256052124147
-31.32587423353137,28.8063684614201
-30.14507968612033,29.30299848820409
-33.9132538535975,18.48114439936569
-32.81210159417559,28.10500678221298
-27.29329762615512,20.78990038901811
-31.18513892619832,24.62294786405142
-31.16988436022666,18.40355586230754
-24.48915769384665,28.06040325983205
-33.56159674198926,26.87892496041583
-31.54151887855397,26.53356843445309
-32.49605393016084,28.61148598465552
-27.13767655113735,20.65622865944311
-31.98028074943362,21.55702479202557
-29.18928907923155,30.93475381399633
-34.38456944609172,20.42150573605827
-32.02521530195107,27.03319867537233
-29.11980023302381,19.13802190265567
-24.66462320733912,31.04545474837991
-29.28285936473455,26.16539099149782
-31.46505354648723,23.98811427815876
-33.71736766938074,21.90024282825749
-26.23263585447626,30.87125948338367
-33.98672700543391,23.14758822197018
-27.1661982627822,26.47597336322272
-30.55905719933858,21.91162529125459
-27.26886433203742,28.17606829077683
-28.35681725127327,30.84170034620185
-26.42452969813684,29.20912440374645
-27.36608811816596,27.69002634117894
-29.74083365982854,29.88346822602595
-28.27162525168764,24.83634420258842
-34.04957164043907,24.4904948696479
-33.70180472947823,19.20431889281713
-28.99670790470529,25.11086630135827
-32.63080839637428,19.09164425338229
-28.46913381590847,26.87200263055657
-28.91098470365672,29.29096299562618
-27.16812322244731,23.16233962887852
-27.05450630272897,27.32800830847165
-25.92046179155378,30.59709771846452
-26.71091939875887,25.98528851735139
-28.41512824237494,30.55506487545773
-31.24333652439393,29.4545560319644
-33.25265245066417,23.57223918713182
-31.87426857537004,26.87192525119536
-32.82855937658297,18.10037737661376
-25.50395390963142,27.70071592930779
-27.51160910412711,28.06695702456995
-27.08631739787416,27.36968497492191
-28.20886826434905,27.4329644562202
-32.9941054798628,23.56143556864375
-30.50869433487319,30.17925310962001
-28.03107958309038,22.79660180712445
-26.56072402655585,28.56178947422241
-26.04569692403684,23.9758990881086
-33.55494498051831,21.87015494760914
-34.57932068625799,20.17469662724206
-33.62822292271441,26.20454940083371
-26.29594666105217,29.46169911880703
-33.24296636853231,19.65058057779795
-34.23836582175174,21.89442592749102
-29.92177787494533,30.4021518134484
-33.5088846913307,22.58994570368446
-33.82572392011035,20.88988427189711
-27.79019002416145,32.13396765235684
-26.43631354177898,29.94611232609717
-27.46265110496863,20.6781210890059
-32.57514065073009,27.6054546330716
-26.17598719605812,28.303516229447
-26.49582211816826,27.78624128557514
-34.24094047896496,19.40105253486486
-25.48080853849799,30.38214314639493
-32.64196648980703,27.50197339151442
-27.2719125914107,27.15580565376209
-25.63446762087616,25.93551400859227
-26.11726425490744,29.23646846065081
-33.56560954894616,25.7351311266213
-27.63511318339086,28.88268950910629
-26.40860576566906,30.53379824565544
-29.14622793559105,19.12898800171888
-31.55015322806759,21.0883846130432
-27.77805218584264,24.86549897733067
-25.66436954138249,28.87144728165494
-29.40712365772381,23.29647135267125
-30.57982328740893,23.72685206801529
-30.44085526148468,26.10020322299511
-30.38455664293307,24.51023918672408
-34.0378806614245,19.59360987548804
-25.92744672864295,31.91336350370447
-31.82763029279374,23.33730881647854
-26.3805441460031,27.98161805581419
-29.71101243828269,30.2464247707142
-30.13398802704989,24.64446523288468
-29.31698297017242,18.77498652217927
-27.69286096311988,26.81417537667224
-27.61487772600167,27.81888133160411
-31.96147556955702,18.72597637726067
-26.61909453177238,26.03520265515202
-24.27617025235781,29.72393852802841
-31.81834967624684,24.85964798764403
-29.73299766528571,21.86557794674935
-25.71913189855326,28.76864659737952
-32.54860808780555,25.05954761812031
-25.46378602043639,28.97298366251048
-28.60319197001587,27.23360535651402
-32.81301687182108,18.39250247817583
-26.99840825065784,28.86022718180645
-33.00073526399044,24.50254047981694
-34.25188271267913,19.05392303047099
-25.75724051201028,26.75807065833932
-33.05925564126571,18.06318597189906
-26.04367651610292,25.78963952063613
-28.20030660041575,27.96874464785624
-33.47294912802716,25.54453162350369
-32.77630848969685,26.10942201844632
-27.34424161514553,31.7576302170131
-26.04586729118144,29.75064001254668
-24.99606295817998,30.81207880708052
-29.51645040390156,22.0301782597693
-25.57559513644061,31.83282680321503
-26.67660900038137,26.85109391747032
-30.9299070912473,26.23724052066994
-25.39196284118971,27.07059897649562
-31.55430759031175,24.03255658936023
-30.86777571437112,26.11767167110445
-32.04772260398995,25.88893155076992
-33.87820380369791,20.29441101655289
-32.79453220132249,26.6841432387486
-33.71322118613837,22.29878421371599
-29.99043599807881,17.17087193718209
-29.61753458120847,17.14086853249166
-31.16015173120111,26.80459312286314
-29.78286150594967,17.40155339770719
-31.65700616880312,26.92281185595095
-31.49803282909639,26.48465923646005
-28.3301785717594,29.08545969160251
-29.92651645035266,24.63343782067101
-29.22177445939746,29.55071221890736
-29.65396123203996,26.17138141908671
-23.36933264281696,29.58654595606263
-29.28922163926356,16.9906302332624
-34.00578792539859,20.11152188592858
-30.42793759134256,24.45477889964696
-33.28442739792116,23.9308302535822
-29.89596504619145,27.02460611168703
-32.6885490394916,26.20730382512803
-27.21911984055409,29.7071114220413
-30.94794696400263,26.62474979178721
-31.48837306698965,19.43766901849031
-30.90430159791321,30.16212174628442
-31.89293549616393,24.69897220319623
-32.71047344481631,25.60045340200375
-29.29188914969946,26.73115778720145
-25.75863773897619,26.88639659615949
-25.94455284273234,28.34252590363961
-23.86132685762142,27.90160972004538
-33.99105592002444,24.10936810465576
-33.83971263867367,18.87902581822948
-33.85427633415472,18.53576078959584
-26.77448156451051,24.79237510749086
-28.90971785033003,24.34190416855944
-34.34687193569242,21.75072537241257
-30.64523082233376,24.48897741544224
-27.18859884283457,27.68478000031201
-29.48259328255609,24.29062481255956
-32.66435831283835,20.44936968577307
-29.60172327814412,30.14029282218213
-29.67513806692177,22.71151454553
-33.64161169015912,26.48538746342822
-32.16481351439179,18.69262864220492
-31.92550844719982,21.52735901163902
-29.683273522162,22.04020228452672
-27.43477777466062,23.12813279547814
-33.10943833389997,23.44692108629532
-33.53273501530441,26.05273482470815
-33.58432918795221,19.27975962552639
-28.32929454177287,24.73500996587941
-28.59449946612082,16.48062774279438
-28.61844686079149,27.43068229827591
-33.88305316298264,22.0208557466085
-28.29631699671192,24.12619335960109
-29.15194451121544,26.51152767165593
-25.87757907336661,29.10357908346975
-27.56794648423768,24.14903201193393
-25.53982440018348,26.57785889045731
-30.62556922827425,21.71952520293248
-30.69874182429843,23.44389356113797
-27.79801622962645,24.66932461927114
-33.3826804471901,27.08733178183925
-29.0298963319293,25.95543855668841
-27.99310173449805,23.60362986997307
-30.34992874627094,29.91954881571387
-33.8478617009584,24.99416967527572
-31.65807137936923,23.47240855351875
-33.92647744519874,20.53158786199567
-26.8734024372957,24.29755408143369
-29.28619525644229,27.28941376782087
-28.98944352923114,29.8049343230543
-26.62924975900475,25.8334788399297
-28.92028489748695,31.51778339982662
-25.11389839008017,28.30449784454527
-31.56980506097543,28.54742606452943
-29.28036515981225,31.04314744335682
-33.20880183195563,25.15594891572351
-30.57786587261022,23.75505681612746
-26.81604409904112,23.19383588633338
-27.80803368947674,27.07748240566698
-27.34972344675712,23.77165003618965
-31.57999077067045,28.53165008656993
-31.83149893077232,24.85623758912104
-31.35936391914014,26.08728092482004
-33.7248120476474,18.98573358103359
-33.05352441665764,24.84824047150533
-24.70745094199941,29.12390563896504
-30.84302046534694,26.62462374088981
-30.94257993253016,26.41036899454759
-31.22492554778525,24.94934400301993
-31.36446911432297,27.10985188706172
-29.03842404995232,25.98481734846056
-32.15367060261846,23.95593210886607
-27.45205796835417,28.19171257352705
-34.05926074414415,19.28885459387126
-34.05398920559551,18.33626488989389
-31.98092802336134,23.56152239510475
-31.1635651282806,28.55226029159425
-32.08858521805105,18.35632856314198
-34.57973424503494,19.65442288436785
-26.5695601535234,27.7317271507946
-26.2417411556127,25.28215277022161
-26.77135763743311,22.55917526960394
-31.56895902375583,18.36063481664391
-27.35928514426748,29.85820953926154
-32.07560467059199,26.32036513931517
-28.68389782131149,29.74376387021168
-24.62714387890005,31.04055393603459
-29.43637230377427,23.26180832011772
-34.5615780429374,19.35327430751448
-29.10456338584425,24.26382347391504
-28.36082582233022,29.59319729318006
-25.24041781020208,28.01093165556724
-32.02018794884199,23.81126432247395
-31.54706917965136,28.66131778496078
-33.32936290089618,24.88306584301619
-32.96236711875108,18.1269016084682
-28.59636729800577,26.16882779981218
-28.28295824680436,20.5907134996347
-27.78311693746297,25.86007472671344
-34.46149929940837,20.15844062467363
-34.4255043024786,19.19076492459424
-24.76362785915205,28.3494326925618
-23.38383303981251,30.17287670682326
-30.0200848800069,30.91956657323335
-27.34408649594319,21.49978753209899
-31.46294274090129,29.53224711666838
-27.04940444084202,26.59450132709989
-27.32700815783017,31.46197879439104
-28.63370149548748,28.37524254145893
-34.40671377849037,19.20555629891732
-31.60760211962429,25.78556141294486
-25.35855420825687,26.94164525166821
-24.01592989811446,29.45922415765565
-33.89689817494127,19.14122553665322
-30.59595200627901,21.91555443515033
-27.45290708948295,21.36620246471212
-27.05799205481408,21.21166492184442
-32.92858879065744,25.80311445316102
-33.6430166175769,26.37405594202809
-29.39415366093212,23.76954665580192
-32.49674318685287,18.58373206577914
-31.21611093355598,26.15678654813556
-33.29945888935392,19.44019203457855
-32.71773844626362,26.88641340100423
-25.88616193249269,30.20326787761497
-27.1680185991161,26.93049211585747
-25.12814351676838,29.30262116683229
-31.37667136522822,20.46966668314555
-25.70066596382021,29.90719485770344
-34.18976188051334,19.93849333874498
-27.72123733872924,27.77342700800483
-27.31336067010214,28.22472357262118
-28.39403969574143,21.05679530494011
-25.9726254505555,29.47874716062864
-29.87815805018375,24.17018387688149
-27.69112176476536,23.28238488230065
-34.21083146793923,19.95170200094053
-33.34990922017576,18.46902664203601
-33.52396249164087,25.67445361876361
-30.31912676996338,29.57703955196001
-29.49602295045148,26.19592423095009
-26.82059267004118,28.41373108945305
-26.25135237516025,26.43976603961781
-27.06856081979125,32.45857707634804
-28.84110047927603,30.36625389104754
-26.76211380038072,27.06333415957646
-31.10710845076932,20.29256097344342
-28.1554194990082,27.29665959656595
-27.26485532926866,30.6961053771968
-27.36949564657309,22.86070400769949
-27.08222750895446,23.19868940182234
-30.83241871541886,27.2800015478902
-34.3479483981879,19.29129761466168
-26.59175978320914,25.62660461917807
-25.8076532331954,27.25024096694595
-26.99084573980127,26.31275408509319
-30.49540266294738,23.43421352042881
-25.55251204627014,26.21009201751016
-28.16724473342165,22.10116849036405
-29.36076987566361,17.78867627702987
-27.89710267373936,25.09967334287329
-33.65258025324921,26.53038870102855
-31.08527128390996,20.29545194031451
-34.07579796440827,18.39821587988121
-30.45496067951684,27.38631784167458
-32.97520837651751,19.38223241600542
-32.71681247991502,27.63229571807785
-33.56524447652121,25.75894699403678
-33.95414171612711,21.980635991239
-28.48089761035303,27.00583191469359
-28.84276240381618,21.03849782585356
-27.97367849511753,28.21715695587782
-27.2533653631452,32.54054131144466
-34.19415384212764,21.78710602112625
-25.88566701973502,28.36374171904794
-28.4768438702796,21.27244926733476
-29.58881798899585,22.84321487975656
-32.62169283007568,23.88668952911841
-33.81835389375018,18.55769973206621
-34.61282212445626,19.95225279540429
-32.46570968401064,23.84321617066696
-32.47340427602668,23.81121911350358
-32.6040370418381,27.703793280197
-31.61213894713999,29.53879894805971
-29.94728334043302,20.6871267297579
-30.1434494872777,21.70755087391487
-26.51792050073644,25.91043894349589
-29.93474885134628,30.37128992081767
-32.76820271235062,21.58888457167225
-32.13659925850839,22.89902615026258
-32.55652842879219,23.48855684965789
-26.3186612193468,28.46946305452684
-29.22928077730702,17.68525474919053
-33.18789551478592,20.68342115898451
-27.9056343949312,30.14814413367595
-33.44685937903134,25.28424670879777
-26.29750762571748,25.30207146986382
-32.44622515721728,22.74788858703392
-27.43105647566822,31.03414026410084
-28.94399424982081,29.55172058632781
-29.32323618620499,30.26247675324749
-27.54413174414746,20.80406935342999
-27.34988222618147,22.99178435160692
-29.89382876368467,30.67610336078949
-25.58712054178464,27.31738725275938
-27.20027152069575,30.38723185240985
-32.78448503744814,18.18437022014307
-26.97312874107304,28.97273769426004
-28.53074444645726,25.23773549383771
-33.42484882162621,25.38761811514604
-29.17982758278001,27.21639190331198
-30.37161531584268,21.99030386084868
-26.62073124665625,29.75712996826875
-30.56862992076621,22.8798506479272
-33.28796692809407,19.45617312313338
-33.51191155407501,26.87500108190641
-30.05536781216311,26.43890341425647
-33.93957559798841,18.46274327846533
-33.99388291812461,21.62957002765448
-31.60501674037635,29.31250246774484
-28.76393847062549,26.1088272792431
-33.77659482294801,22.07352436772421
-27.88375556902701,27.38704021787853
-32.09588192795088,25.81766199762095
-27.75475262512535,25.33139597905731
-22.60839736692781,30.54790990468784
-31.28858149941116,28.71614972650031
-30.91188438430713,26.20441600516012
-32.50618607384097,22.30497841391304
-28.28740900730804,31.40836394503402
-28.89304280548049,23.02672302053051
-27.14478632074545,27.91161258574344
-27.4585138004536,31.91685876677464
-31.95421182355443,28.46555859583079
-33.61110393615432,25.98525568079551
-30.62561646096917,22.76596709792094
-29.15110259238093,22.62736251561345
-28.74768424038093,16.6096341106452
-33.96243596146348,23.34097819691685
-28.61802254930252,31.09561585796217
-24.62321268823613,30.34921691254189
-33.89572167926641,22.99724908010555
-32.57863740154508,23.28862152387574
-27.10516970413445,26.2834856638941
-25.03499042875512,27.85595564949334
-29.20252526797437,24.8603791063899
-32.97151964666073,27.6479814039884
-31.18680917432138,26.16918982255118
-31.9894816460055,23.54906620753231
-29.75305191306884,22.19508691606666
-26.04915672120147,28.53800640723939
-30.72799505227439,26.82053322810393
-31.49810435886909,19.91714088994637
-29.73770664212766,24.76113637004509
-28.03779183181094,25.58265103261911
-31.49551950723043,23.68566048891848
-34.27386464940099,20.00533026676958
-33.07052368539648,26.22420473544761
-29.17001820352923,24.55685018867475
-24.96543599236855,28.76309454443204
-28.23375138979288,25.40759299482438
-33.73236265806403,25.38148077814323
-29.64423133268627,21.94700754130981
-27.14614728795486,29.96997974204046
-27.03170377212265,23.82300172558647
-29.12040353368992,26.34412135658738
-28.26381733241383,32.49491811064144
-29.03796237930376,31.54791762183114
-30.16347316856897,17.8081803656916
-32.27280327266983,18.88225579583112
-33.2909169842131,19.12138054456451
-33.77519737359369,24.82962371188335
-29.44003025765252,18.52323345083031
-26.30981998994066,25.6761259703315
-29.06285562859532,29.76526498186375
-26.39037603797983,22.5039762759842
-33.27276147516355,18.62601695102101
-27.8492874662132,30.50408827264556
-31.23521657155306,29.45585248299522
-25.71118314325979,28.37401302609036
-26.39034656438032,30.80080920039498
-30.67951010933963,25.83418992472425
-26.1855858476451,26.45355275814177
-32.44126910146503,22.41128697758329
-26.8159333907215,28.2223055469491
-34.09470479671749,20.73010383715245
-32.45703224847098,28.66019755544617
-28.58189278707493,28.76657238305394
-31.09419749565082,18.33547429261814
-33.00498527042449,24.44279402382654
-27.63937755544921,28.8860860526725
-29.75984291741952,17.50733827181811
-31.99220411269901,23.88868414139107
-32.27728072279223,21.64848404363536
-31.78324126407195,28.61129019940518
-26.29595346812776,26.61940700765528
-31.7071003688389,23.05238287536329
-33.89693366793745,19.14137953434098
-28.21701309342612,21.69680187050245
-27.56255235845746,24.45668220332443
-29.78149144798657,23.91871245460084
-26.10803046035193,29.96363795657932
-30.60134802690228,26.00125281511018
-30.24141555052503,30.14000611937168
-33.36262171732998,24.95638190436333
-29.65401340697939,29.93964774868207
-28.48132569899125,31.10093448525999
-33.41609897170419,22.27391640803359
-24.0406824573568,28.84563329144227
-26.75468376816027,25.52632439695034
-25.60573320501456,29.44537526519936
-32.95709765844709,27.99610787322195
-32.01651859687433,27.63402602243047
-32.10700837942126,25.07095597601742
-30.06947165596612,17.20310527726673
-28.79402047479848,31.10788712482732
-33.48340349517647,26.21947601141103
-26.93658997495486,27.90188159247305
-29.20461391052855,30.93952652122695
-30.7773790616179,26.46766125625222
-34.37593991563892,19.23710592975681
-27.64806840817398,31.72252372896948
-33.76680086509561,25.35483936059824
-32.48732041048608,28.62984284408104
-34.07639465820444,20.92024259175062
-32.11065117765578,23.82853349458864
-32.0278412401608,26.79837127869229
-30.35350995288538,28.8588216793609
-31.88777273985231,24.80334617983418
-29.96493285431117,22.99783191930112
-33.26673299000676,27.35198022414502
-24.9393172550364,31.01176152525834
-27.51610020887366,32.57298523991139
-31.88625218223562,23.21835748218142
-32.57170501109619,23.08083499601399
-28.86713426623626,22.00523625419511
-25.80923809606899,25.28378684659364
-29.76115737336152,17.28329028976752
-31.40523177325905,26.47259270032438
-27.77815312909935,24.8648604124379
-33.93786885128058,23.59653101229656
-25.66892807035743,27.13362276994424
-31.85946029089565,28.75727384219326
-31.92043823150326,24.82721281288537
-28.93473297112842,24.24460731369039
-31.00204000746628,29.01837722756322
-24.16245085274027,30.48883944154312
-24.85168178903579,27.15350184163547
-34.18250175374806,19.69109098919719
-28.17512507594075,23.57057307405329
-32.10580131970063,18.8509351456139
-29.10021845748097,24.81398780317531
-24.8852020188255,31.21118717626343
-31.17200032253251,27.76563630573331
-24.68928950011567,26.41253369073748
-34.09274400054117,23.24293944383207
-29.34177303931935,25.90023168666738
-27.57813086211834,31.57707022342858
-30.84463475917761,27.28362080858975
-31.1988421434178,22.2375146202216
-25.23180850202443,26.83452738082952
-27.62355146554577,30.36594533914988
-28.14183510628989,30.16860631005438
-31.01102345154301,24.35800994059892
-34.00429975520311,22.72168083043264
-28.83493255183831,17.69491050488518
-28.94729009625381,24.177040696574
-31.42103307804813,26.39563582282974
-25.37672029668685,28.78476584140778
-34.27692381094637,21.83284414904065
-28.71155185308527,20.4918291967159
-24.00939748071175,30.3682697512689
-32.01126938821557,23.39067373835856
-26.97593528088924,23.79556921827438
-24.0210683009885,29.30559565983097
-33.93062849426792,22.85981051759822
-33.54584273177996,22.73565948856399
-28.32616350318176,28.98798805060152
-26.14772673772237,29.74734141858803
-29.62913231683455,31.02731424690541
-34.61207141102215,19.89386971025057
-33.26325487428521,24.72093301715659
-34.34872339383087,18.81175692727041
-33.97472061824521,19.17235013277888
-31.00899248520548,21.97444932497091
-31.32949154517707,28.80704116985889
-29.56699836027606,22.04950753852891
-33.61565948783236,26.79476249567403
-29.33271542514583,30.96552765571329
-29.92734281418964,30.28338435857076
-27.64359960839221,22.98943279552046
-26.48758655215933,26.17604552874759
-31.94266939364595,28.46851893889198
-33.41442438896509,19.28964557945663
-27.65332559854436,30.19465210499943
-28.76049524937252,25.84744998408723
-27.75769178451921,31.18765078114451
-33.41444298303235,26.36378539602507
-33.98060107546874,21.84904750594805
-26.80986034405332,23.96219023951736
-33.92712479589812,20.56760743591511
-28.93487181777844,31.74214671970393
-28.7144687347105,24.21925636851574
-29.37493095389425,21.13556447774168
-28.98074475938564,17.79385110495363
-33.18923873196506,20.8904831957295
-26.25443943814222,26.26855907851131
-26.70350622911679,24.81640694326139
-33.60556426457649,21.07318010635251
-30.51479673790086,29.31011237134879
-34.38481548179868,21.76627711033164
-27.65889917115801,21.96794134083545
-31.41182823354018,27.04444498962141
-34.27681416876487,20.86425774165549
-32.97867833076135,19.27443730839143
-32.5908484386513,25.13847414727826
-29.90880763374128,20.70742672887859
-29.20482913138308,24.5328993573718
-31.35829288195002,25.91818893989401
-23.80100885168963,27.84073597123183
-25.17765482175048,27.89279085437285
-26.66063823150641,25.17405093108982
-28.30149857515377,22.12987029369537
-31.50683025206815,28.86244310493326
-26.99062118746495,29.30153449008388
-33.25719570138019,24.6983333405565
-29.16822450754993,31.12468236559295
-29.86581229846887,29.42775297410135
-29.20527727719459,30.23679852297454
-29.0909332644509,30.71326938558859
-24.62180056140271,31.45236627693253
-25.15775680610923,30.16514049224942
-30.28532485655026,21.88193411700788
-33.14741782928223,17.99917286670956
-25.82494076694731,23.70426262724256
-28.92186825426077,26.43893384931786
-29.33196268854783,21.19311874094139
-28.37399913418195,21.74458416262104
-31.41459848962455,19.24028867592891
-26.40101371078261,25.70956005482801
-28.45747672005623,27.53222790890504
-33.25694909513459,20.20886382130098
-33.4987638830651,18.66517116315086
-29.35003530210537,31.33475681569736
-34.03160364066609,20.49678311088299
-30.32641454935332,26.37635999203339
-29.88877318508285,31.02187765436896
-24.77079087774857,29.88280095345373
-32.92714548549519,17.98570764245371
-27.38591882935041,24.78127970344206
-34.29656091724793,18.9382051359601
-32.40759975352655,21.72963372764942
-27.55012232561689,26.4370565929529
-31.55571543600861,24.79609315213633
-31.72833354658617,27.11706372741622
-32.48051520444879,18.98990437991467
-26.24247800289336,29.82234893399963
-27.55852031752692,24.52461913203101
-27.54437759984278,24.9123716964335
-23.47835689495419,30.25154579324641
-28.59009149164738,29.66976166390967
-31.4910101359968,19.38848704095643
-28.70081047647799,26.44964341451159
-33.19179939952355,27.14852157352408
-28.17458357158965,23.52339380141047
-32.1820040003177,28.3629156860306
-26.28180005668574,29.38438682066632
-24.81735554192957,28.79592870891992
-28.99942319953392,26.07676916325121
-28.88897655854319,31.30959830058724
-32.9422010010043,28.03432316535957
-27.12278286339273,27.40251759739051
-30.74150330794741,25.64820595326508
-26.10852354733128,29.42072724810933
-29.7549003278009,25.66949701585529
-34.12364213712635,21.10251676936845
-29.23144565938061,24.9082168581777
-31.99481238089167,23.01157724086082
-26.72285309044801,28.29520764071938
-27.75656736953576,26.45155046346705
-31.6208352165639,29.35745976051734
-29.11824815875064,21.15925825628157
-28.73276166749435,24.59651109828126
-30.26011636175845,21.93845457308912
-31.34387943281033,25.68391292562521
-30.44543435814519,22.55089795259291
-31.70158061235858,27.97049939944295
-32.95719093966125,18.76544394358313
-33.63465617658633,19.06083449476446
-28.60101767261896,27.04088184235514
-28.64976802032549,26.754946420916
-26.78515964063503,22.75962991892638
-27.86893089944905,30.22211308934073
-32.92256122752504,21.76277133758462
-26.99967177743769,24.83933234407776
-26.08688938134424,28.44167689777732
-32.04271423149468,28.33709262374636
-27.54407433517528,24.8428379919523
-33.2709314722983,23.85396958034237
-28.90052976330099,24.37740826239217
-26.84935315102392,27.32246935670994
-27.47432931460067,25.49114317690681
-25.18350317845298,26.56845863828944
-25.61699563848523,30.40936152351498
-34.08400230653746,22.95932901470851
-31.47761583080707,27.35507195435276
-29.27992886756452,17.37240210691805
-23.43253053348704,28.4111784818583
-29.07879595919346,31.35157132018614
-26.17264473879773,30.36785759268135
-29.45377407060041,27.09203207410436
-33.50332568474742,21.18427820199643
-29.47233766811496,17.76956132651683
-26.86481695468583,32.82936723748005
-29.20231436861762,30.07365700455767
-32.75607009996644,18.02399217646249
-31.23172768039882,18.30583499691085
-29.66996279171776,26.76919993926566
-28.89404673759505,27.56759466286384
-28.29860727247317,30.71607314584431
-28.75265013733457,28.89435372887015
-32.3739951063727,19.0637634312832
-26.86579434896928,20.50429126833
-33.66879901114758,25.42955877517634
-28.99007806097886,29.44675822159593
-31.83599361939497,25.1334101172773
-29.89511024906421,22.54667024237186
-28.61192952675058,29.07654751963192
-31.06375188011467,29.52723514478065
-31.71253254383845,26.7334110456644
-28.37655828719732,31.27518839991138
-32.48268720891794,28.6487306864408
-33.27468483699242,24.78138449573755
-29.79569926360017,17.83804324801444
-27.84887985712631,30.50320727229511
-32.07305594184798,25.39799055945522
-28.03336436575357,25.10489091409299
-26.94127400714163,29.76325481865734
-25.51579006870239,27.81722546497017
-31.5011848915373,18.71704340499819
-27.95821571685243,28.20626956100465
-28.18925005529955,30.77113165548215
-28.89101901466647,27.73372123125217
-28.87363019520701,30.54252031163718
-28.87289025522284,31.11241054799526
-26.73995062472807,30.33763883279433
-25.94544099790688,28.05697331775559
-30.52961199297017,27.35290563224616
-29.65879619531042,21.93172245861859
-32.83067294703295,18.1914289755034
-24.76466117769136,28.84582069637998
-33.4636021978923,20.58926888038798
-26.81465872354944,28.14117345575594
-28.06182746415163,32.14109521333448
-31.9727125463307,26.34153224844047
-27.89308609973316,30.80318534068293
-31.72177395731573,28.00016857803508
-29.49432162547564,30.30738120855471
-33.38044304117055,20.9847943802477
-27.60702316673765,27.43550569279157
-26.36769165915802,28.34110076139905
-27.19534600122778,28.47982400263571
-29.73617415314911,25.45255747382065
-27.78840768477706,27.96845107046986
-25.7779091162784,29.02167444833304
-25.89633666475644,27.88835828223523
-31.34064531993435,28.34040544172042
-28.78434935644424,24.73767955954846
-32.36991656797128,21.70272795172215
-26.64572583165631,29.97953469334775
-29.26648245827199,23.54800192395885
-24.84761740274449,27.16253995308172
-26.74722153439531,26.22880656512227
-30.63078707966091,25.90796240135765
-31.46309529516988,25.41604727939943
-29.57189449575777,21.98718952492227
-31.47279562035817,27.00453911240569
-28.02976588879599,28.40906780000869
-26.28841065159971,25.74165792443326
-33.4748289018486,18.7980815714003
-24.78840969335191,26.92340702306491
-30.49715930954544,24.19247166570096
-26.19593308770147,27.95544229358967
-24.17693142434003,31.83813427744789
-29.9028487591785,22.53662331277561
-27.98137615835128,28.72026865580454
-32.83936909435005,18.7841956788667
-27.9206390658387,28.00718016813774
-32.32733974985739,27.99286022561161
-34.14479130259386,19.98195357626485
-27.90091079619464,22.9426194457445
-28.92321702612018,22.19199122075453
-25.99530878643419,26.0559229038825
-31.05450270307709,19.29722861744843
-29.87277458932034,22.68371087266839
-26.80400312664512,26.81654383867141
-31.97485818884881,26.98095032136796
-33.48770051942278,23.33048569676276
-28.78401262279158,26.392935506615
-34.0291993780034,19.29472276559866
-26.40419082424025,27.90462604170645
-28.85975097306152,31.83117065381611
-32.71321515228226,23.79469269973667
-29.65518323437165,26.3582933949832
-33.56312636850539,22.36276493459881
-26.33040720537597,29.97311475187508
-29.31488200070297,27.02370283031116
-28.59003274317598,26.17239229459775
-25.59847663053889,27.1554637050229
-28.74289945050197,32.07238230166271
-27.2383116701068,25.0466725477132
-30.47519813873516,29.66421573598986
-28.51736405468799,27.13867861641226
-31.4611770009573,20.10829061736576
-33.19568839538562,27.31713722901566
-25.38395464067651,31.86321220734413
-26.61265037453068,28.17876483845048
-33.56908049163347,24.10492483082255
-30.12050850648707,25.75838549835079
-30.86028917011929,26.07348043426701
-27.04440042568718,32.30581113731704
-34.36839220288371,20.15303197156053
-30.63270789598231,25.90747115081331
-26.65949120533257,26.01125903420743
-31.99611471041834,27.40727956738428
-33.13679215211376,18.46542107508361
-29.69463419747336,22.28105820137015
-32.16564294370779,22.87226311536309
-26.06138863508269,30.86537857253536
-28.46224398617854,25.53886055137436
-31.7571896092236,28.651899467189
-31.97653776548171,27.80405465217965
-28.77102241115937,28.04422596856698
-33.63138901034772,26.7388655881172
-32.34973205972616,28.20718417362415
-33.97450207561767,21.73394809267814
-26.80087909114604,25.77188409839453
-33.78754797538588,18.75964554690789
-30.96679619780617,30.29055858188429
-26.09197228692655,27.27848282201599
-28.14281544678391,23.08038137066965
-26.41457581125118,25.19724151832759
-29.34754198618664,27.28033745635263
-32.68601526047325,26.31006914064766
-29.35908045042413,22.16495441668691
-28.75840130023213,31.72545786438517
-27.11228210200897,26.46477287300591
-25.14489519176534,27.65078120122653
-33.03157583913205,26.64582827446987
-27.7460215000862,30.96468090030769
-28.23482948563869,20.39262667840211
-31.39593541217781,24.11290191651026
-32.34971482652904,27.17698436034721
-34.17094557218963,21.35297887915122
-29.22157928196728,31.50008203800158
-28.09582671785343,24.65378579479722
-27.85650287411664,21.61425478960524
-30.76728781917556,25.80136433683328
-24.68435733974589,27.32357479196618
-26.48546769845629,27.82638079865068
-28.24057273423533,31.98745330488657
-31.2623354546628,25.91144002119493
-27.09881345110095,24.35728256393521
-27.9026372663092,30.18395237261782
-26.0617222971572,30.79431718206811
-24.06077068310158,27.98599712464599
-31.31435438580259,26.1934680309891
-27.27603890840747,26.23902822895872
-23.2491802529849,28.40943550876781
-23.69597454267997,28.41559729584506
-27.65818593684365,31.11500879850718
-23.49459703964117,28.51786308061396
-28.35789750733057,26.72859091877987
-31.70376427066965,27.22282704480546
-27.63249955288031,24.80151917056744
-29.02062970561854,24.69321352114925
-26.50971002218795,29.8308951826985
-27.2927057713722,30.83368717847332
-33.46460846480448,22.55804480353242
-33.40867586229548,25.95720299617051
-33.48877946363972,25.58786537186218
-27.79669715293923,26.83258419432398
-30.22459612750091,23.62238360582853
-26.89422044071121,26.27820880577554
-29.67764082105926,30.63846667085857
-28.99378179260646,26.2040612444237
-31.34483724302772,27.91213100067019
-34.29065018061689,21.82494550397979
-29.38508601289409,26.4160424205728
-26.44516966562372,28.41889127397582
-31.25960147776205,18.00760777433729
-33.42714333397238,25.8470535727923
-28.7522507807874,30.34506088295296
-23.36510670954852,29.66359851612325
-30.60156896849016,26.77092187313169
-26.83493423994578,24.37657102980477
-32.83125077086182,27.09568295531179
-27.60997164033076,30.71320491344955
-25.43907347903798,27.09791918478439
-30.48937541250272,17.9432053143004
-28.32304896438902,26.12539541645029
-33.92086754514954,24.21357808806883
-30.32051388383544,30.74046023763517
-28.66160542464918,29.53456772943114
-31.81606263196884,18.23550132788234
-27.62329480548685,26.62861774777098
-26.263107641498,29.60773308571119
-24.83159435993117,27.97977029672851
-32.12075648142051,22.90879106064929
-32.9697646752695,24.6210483686122
-29.26578654381897,23.70291134753646
-32.41895067658838,27.27402147581023
-28.31185776731119,27.66296942167159
-31.13769881271723,22.20008542624696
-28.57054186620197,16.52832567852596
-32.85056154060226,18.06729933438548
-28.30441789593053,23.27829729674258
-32.43417646637629,27.32745206181479
-32.69183018974301,26.31576422889659
-27.17837469295189,22.80759629658976
-31.44544988539287,19.27782267951867
-25.79788360460599,31.10436294003411
-25.2686376000021,29.44343903327085
-32.17192021952443,28.2543037036292
-34.66979612163268,19.69129887974687
-33.46811154332828,21.33837948399492
-30.61491906983098,18.02025508449349
-31.99100803274413,24.79719075220644
-28.32805755677331,31.82425849954191
-33.86958134148526,25.6051821258459
-29.3947786804853,27.09885679776025
-33.16935372600147,27.5036622318394
-30.10053792541216,21.71672701207561
-31.02629238714348,26.30427292117219
-34.01493518922588,22.50132063805626
-29.78856338832336,17.11834162138492
-25.84095684079552,26.32940805513907
-29.57100196558774,17.30924911562214
-28.11774945202517,31.52570280465464
-33.4769829473836,22.64966609446833
-27.54210636552732,32.58150334905259
-34.05535854955433,20.8567386466391
-31.36565196443671,26.91461448246481
-26.75651483807637,27.69874217007295
-28.4050807309695,28.38049681281793
-23.08519416140737,30.3018964612842
-33.67425578408309,21.88665494019387
-32.56353140103489,28.55145388670098
-27.82570565522302,27.37153553131255
-27.61831457439998,29.00183038008182
-32.21611442181638,24.58099391123161
-32.36890316574301,24.60059984774557
-32.40386388684283,18.89508993343489
-27.15999867977819,27.54343385507138
-31.37353325486614,18.24138519902024
-27.93151185397302,29.94560276996988
-23.69381488255977,30.12760832067736
-28.60610173849363,26.93644754139192
-28.81531560886419,26.77181066302868
-30.40443428032726,27.33631882290014
-31.71965039686846,28.68673928825831
-31.20486679373996,28.19190277727372
-34.38707220032044,21.42643480938479
-31.35206436203771,25.68816837552987
-27.04059863180448,29.80418938604905
-27.38579809400608,30.958337444109
-28.88022181873484,26.91767865055569
-29.12648236723912,19.2033202715844
-31.32038218493322,28.08258260614735
-34.20027216041266,21.47047526255023
-27.81618916216464,25.24733600478192
-31.98764914040865,23.6633244093988
-31.63636910647559,23.49544010944079
-31.54067697967137,27.64164943299524
-30.70577302728519,22.63362011182252
-32.13786249880272,24.41736865827
-29.62148305597461,22.43239994374996
-25.09525835032145,29.47081661243124
-27.6920591239661,28.48673429730165
-32.43276250404112,24.15408346294811
-34.04779155127053,24.42541360726901
-29.32446922671494,29.83378090386547
-26.41886871289226,25.32890920856842
-28.91754782346759,29.28238356105938
-28.35073554705576,27.06166683442429
-33.69443928168654,19.69694573910431
-28.69345039322304,25.85043767164372
-28.48352323716732,21.18521179508246
-32.14743519363456,28.35416942065773
-33.55547493352031,27.01122048131417
-27.36974162836786,26.02607759152065
-28.2316429558741,21.08903727294853
-28.63934117428072,29.45277602707787
-25.5005790256044,27.09105510727914
-32.43177350909737,22.54484843656708
-30.26648419810027,28.79722005392478
-25.83559853897764,29.5343121567867
-33.3328570993754,26.5556710806931
-33.10687727174911,18.82059383212841
-25.28861391559407,26.79400820477263
-27.36334174050565,27.11565455767388
-31.52421102211217,21.06442108661445
-24.69937947891557,26.58778085951026
-26.32851495312469,26.91938449135796
-33.80934270706004,19.82017809226693
-33.61887132916471,19.08796022306643
-33.15921521755326,23.4301879379882
-33.44076546959336,26.75349610151654
-30.88886098751354,26.16334529053573
-30.79577361523737,24.13410647462388
-23.52057192115354,29.12544609607126
-32.64400654066735,25.94905257012577
-32.91170405776744,21.62765946657704
-33.58161771878817,19.27605335383842
-31.59277517352991,23.53564780969451
-27.62203131070834,23.50187467200422
-33.59679459042996,26.11575857280076
-27.47568652090405,21.5945445641395
-30.24413460091823,27.09748718473044
-28.81744710985775,24.83426968555248
-31.08394045821894,29.49063707707674
-27.84899180970373,27.42396903398645
-29.84023333025864,22.60177552740992
-29.51554326378623,30.4545997362907
-26.11291691307004,27.5871306640544
-28.34049604912076,31.2607823008324
-30.56454905751973,23.33576426710358
-32.00481392184336,27.05551281749963
-33.74553191283699,24.81545059156713
-30.86964706025308,26.12789430134886
-25.90880785102883,25.78200524007772
-32.37370701775308,22.57876641889634
-26.20158657414802,27.0416648976404
-26.04774941850813,31.03573122529916
-30.88042206003807,20.43986813618507
-27.63366313379012,28.06389976871894
-28.40757351506345,25.53003498756956
-28.26847770123512,27.11547627879298
-29.41229364868052,21.1002479552281
-28.28941304354182,23.34573617711365
-26.75727566750335,25.92734801962629
-27.63593671486323,27.0206900382053
-30.44852425372166,29.22329598878166
-27.03812301699143,22.83818539021913
-34.17234670811277,19.80182968317827
-24.46592748472283,31.0291333018633
-29.72148358680878,21.86235597631885
-33.47347561108567,25.08415315018426
-26.6361821141485,22.70375619363828
-31.49534798860035,19.54142666287331
-31.45075019553224,26.42107391503243
-30.88261014218105,25.75854936961803
-31.43846847523089,20.27628373540361
-26.46980419715018,28.16058988996531
-31.7889480706082,23.38425155382739
-28.18905811865198,27.10367452092347
-28.6144124414303,27.04637403330425
-29.4891814027618,25.77773670594111
-29.17249213950605,30.38087021311603
-28.6619364870784,27.33566055481955
-23.98075094818884,31.77654067507962
-31.51511470031869,24.00998772561439
-33.53623592161345,22.84861954340689
-33.36862531845683,23.44152080240691
-27.09503859723633,26.7319505130461
-25.13775747372205,29.89139403588612
-25.54838741931299,26.0895608849979
-23.59336489894148,28.36950252681205
-24.53022680432376,26.64216816269344
-29.28349138528505,30.56272354330107
-34.75344272008123,19.68868867361569
-28.99087159114224,16.79784897214844
-34.0028670749207,20.33178790413422
-27.21308864613359,20.79225881082275
-27.97303320879065,30.11181310649336
-32.48163446113525,24.64614380291817
-26.09949259886874,28.22078319780072
-28.6492614690237,26.08522043059117
-34.04060117495165,22.20379636966852
-32.05707636873419,23.29271331750538
-31.53829487336843,29.03536474902345
-24.46257817170879,29.8586498469009
-30.90413192172804,23.28361962159708
-30.35686985280751,25.83016195381668
-31.93935871000104,26.05179778340375
-23.97634411116981,27.67347391962549
-33.74423503521436,21.16036785904693
-30.60976180350757,26.55282807444186
-34.02401191705843,23.89321707776563
-33.10809865288384,18.81979827317573
-33.61966818038128,25.51442613241138
-25.40660068118516,30.77552416622091
-30.91523564327601,26.4722125865104
-33.91136962936221,18.38849022154247
-28.12484701348383,24.84007563998247
-34.07578474186083,21.43889350760275
-24.29539853484107,26.86207654650826
-29.17520914164644,30.1164336755994
-30.90983275579013,30.29849345811939
-33.76978402076823,25.47229616383891
-31.98178455594831,25.98652430547993
-26.92862482225436,30.54833316792822
-29.18292108333253,29.76829634012642
-27.92768027207785,32.320481266624
-31.35852487427147,26.78278029140463
-25.78145825424575,31.03362548283027
-28.22089280937557,28.2054976520233
-28.60666733568528,26.35947616930301
-33.67806952998764,18.50600894884764
-27.53998756044933,32.51827969552696
-30.68289537079225,24.49181553316819
-30.60340412996277,22.82809269020389
-28.99865742748146,23.82728347998455
-25.19627722969785,29.0142059153951
-26.11113411269797,30.07293222024681
-33.33735509585984,25.70786291421888
-28.48794349194134,26.92470067920226
-31.90624521438328,21.5154881344877
-33.28271901233055,26.89817611083817
-28.28174871728105,23.38023046717895
-25.47838524655467,25.87566290305682
-31.24902182259319,24.94189865832959
-26.15691698188035,27.15588454421697
-27.09164826166819,29.68458291918031
-31.491397624545,25.95672843827564
-28.40769019501866,29.62647009978349
-33.72031038276516,25.31572976433604
-29.897167724253,26.38457480580454
-32.57807742840085,23.23426202267922
-33.55046688210319,25.90899001801936
-25.45527148739872,28.88064203718495
-28.52937148153928,29.76603672063423
-31.2826981723851,29.47490185652755
-28.7449183772613,20.94322277895822
-31.7334965971842,26.95628248576881
-32.56453914747439,23.04148230821914
-28.2779869545522,28.91974219151501
-27.26380251154049,25.37361389711923
-29.67735722046379,31.11345464615812
-27.37769380518741,32.5122542905756
-27.55558928448061,29.24581550038333
-29.98757571329417,29.91159294822042
-31.27389710603426,17.95832418938076
-33.86770284162522,20.76319536698837
-31.95595171955766,28.35100044042747
-26.89116766449293,30.65919664710837
-25.20268161710525,29.3121710809335
-29.03820924004764,26.28715472651255
-31.37182231082955,20.55394342763517
-31.97910174193492,24.786980287192
-31.39572135738177,25.63055463453058
-33.91562932760775,20.63813672398423
-26.29108537599223,25.71394677146149
-32.2696683034135,21.64318867644776
-28.74104246702492,23.98846520286028
-28.30650756592053,27.97103739469696
-28.40178086295522,29.38963272252868
-26.01049635257964,23.5755143636099
-26.15679157911017,30.14845407799335
-27.12044020666152,25.96189358463784
-26.56056259384677,26.53885022157308
-29.99702178826491,25.72639676401725
-32.05765499444389,24.32161297238265
-31.6931733419833,18.22445699398461
-24.16513301300268,29.54230947102963
-33.2423653261768,18.98937665683124
-32.36106287094857,24.49246371718893
-30.70493061448892,24.49296687258375
-31.57060149681919,29.23829258532447
-29.24114414095686,25.21819682724267
-26.33760359190191,27.37321949474835
-30.41216618942947,24.40264756132824
-27.2618713228378,23.4760762390878
-32.87453492943605,18.62173959621685
-32.60552318818461,19.01904263572184
-29.92240382740284,29.39331685087155
-29.41475049966408,30.36731534619604
-28.27497295522297,22.04136940014837
-32.45495088292327,22.55234207659908
-32.71245757768879,17.96555843502173
-32.63308440227026,19.00400777426249
-26.10838979743573,28.04278862607882
-24.45965305094236,26.61727236004528
-33.28448842522847,26.85506146153379
-30.92671512865743,26.48102580991639
-25.46555979636565,31.55559532962805
-30.44082870708307,30.14765472325832
-30.17581680451549,22.57312062763776
-25.59710197056356,27.57380694801601
-23.6969694471541,27.5942131961025
-29.4017763645218,30.63081030427222
-25.24525090767794,30.0910674893786
-28.27699328913075,31.20757353261844
-28.45672347753969,32.22383962049148
-32.3996266907376,22.67144182300298
-29.1653074351864,26.5913826386809
-27.35347604193307,27.17185147210119
-30.68309316135994,27.14617316135314
-29.32716705671427,18.75589725136431
-31.10312570747557,26.20564738870242
-33.51944864496028,23.68568999976305
-33.4486978026468,27.19549995057741
-26.51145493652091,27.3140528894888
-32.55206582883783,20.60223243722714
-31.36939429032473,27.00621587382768
-27.44266550590464,30.72870042637598
-33.99133334591183,23.71453733967708
-33.67726574581474,19.68996407660338
-26.52013857251146,28.78665821269812
-28.0172670802137,32.17311394592883
-27.58482967026266,25.08822345703813
-33.48546488006298,21.3685952122218
-31.03736984698957,26.74179104881027
-28.07881445818271,23.06813593062404
-32.09756797432026,18.82745967446247
-33.92647764510934,20.44407861993025
-30.07188221219097,30.83052414546016
-33.91048841692064,25.33693503318123
-27.50274009200302,27.38166043270171
-29.65213708915914,30.80102728688635
-30.0010753456303,17.87606786369711
-29.16218128608516,27.49261336444281
-23.74010632664522,30.47953107081839
-25.67363490117804,29.63318996262539
-33.59170770037412,22.06453876687425
-31.38916331181803,24.07035826449705
-29.20729710147577,30.99736891682929
-24.77476906666712,29.51324505369032
-32.55210978913495,21.83235298581879
-32.80143088344491,18.65348258165835
-32.01706380928199,26.80133127965008
-31.37953196677842,28.81030329832137
-29.86959336022022,25.84849859383149
-26.58349588100813,27.16287363326643
-27.57197373394017,28.37176305209718
-26.98790824083977,29.19740985862279
-27.89884711406942,27.20656702402648
-30.70504027468147,17.49756093803912
-33.69705287307048,18.66657478909642
-33.74995662285143,22.09209047915345
-31.50593499341252,24.46519782557364
-33.42671231803931,26.33804985302706
-26.61800618400955,22.63036160131574
-26.8368048441994,24.51690321601787
-29.6132925924558,22.95421592188681
-24.41273127231296,30.63885171508892
-33.65571201976731,22.07694416180614
-27.02360112304246,27.69421863581406
-28.19220978345516,24.84161484068787
-25.6723697048766,30.27119653794053
-26.47114403654803,25.50088139231219
-24.96630367822608,31.76070389404558
-27.08575128663418,27.86378588172354
-27.2054040030005,23.41841463609761
-32.37450552676149,20.81162463696505
-28.28743391749095,29.04199718994805
-30.03269493148856,25.77382896273897
-30.36693863865693,26.29841106182674
-29.12456122840202,29.94886654328485
-28.9283875355034,22.00333655095396
-26.82391306488481,20.41992653391189
-27.12623328810093,30.77970988257556
-33.01653822526199,27.58528180823933
-33.79215434946541,19.78521498007544
-28.25437461803032,26.01896887105403
-30.87957822878602,28.51418060757479
-29.93182302069634,25.68406997744744
-28.83836570860396,20.26821591133709
-33.38143676796246,27.32542667594153
-33.94412978191868,23.3247268116458
-28.72685295692149,24.28118325259175
-30.05676748252665,29.87157644748045
-28.2955289798966,28.53506298747903
-23.91798900127445,29.34413349603641
-29.25411841703516,24.93796444274092
-33.71851080770222,25.78195991981157
-28.84580534393887,26.59054865360172
-28.15178809786486,23.55767113863064
-33.75886228441738,25.33708630484632
-27.09170229651415,29.25733996862741
-31.3774185687927,20.45847128659225
-23.30841034194323,31.52648731915724
-32.06035300214765,23.82215911436528
-34.62903958087335,19.30344257371658
-26.88113040031376,24.61200780606842
-31.37778465714315,25.66097933990504
-32.68068263585734,19.21015079017552
-32.28551360460811,22.46368103827878
-26.52054893083876,24.90551532623249
-27.43468447627924,26.72997440366656
-29.52309259588919,22.82865145910063
-33.28074313901854,24.7980705325044
-34.14836396177984,21.42195001582288
-29.70861903166881,30.86063179720663
-30.5747890177229,21.73328498114942
-27.73691662114842,26.48804431570735
-31.69849664203131,23.40390773433755
-29.87702898236414,25.84519534189685
-33.46532499998178,19.62949109147317
-27.3580321239499,29.99924040226504
-27.41541349112636,32.23464969962436
-27.27057465598309,22.97618532841685
-33.28712788588545,23.95417727296184
-28.4871164392108,24.60291972518078
-30.95662767921446,20.33176272306306
-24.73279232973211,31.01905802994774
-32.7007609026217,26.59063728940725
-30.33795293463663,26.97492356161458
-33.58561529197792,22.41680869717425
-31.58778804135193,27.59802184642263
-28.14297043305225,27.77429714422651
-32.32489472175028,25.74707390030803
-33.97160107856965,24.78197158562664
-26.42971744401402,25.72517873501072
-28.32160961565781,30.11352777291438
-27.22530717843741,30.66932413605836
-34.21044891404212,20.2648971776654
-29.19549154429676,30.49495551804734
-29.38539878636275,30.47474331407757
-27.05089218603063,26.9780236908487
-30.68645088831548,25.24452177283591
-30.25039426223814,30.01263541050697
-30.9168650238439,24.26822355084555
-33.43007126132643,19.16919399094609
-27.09522249528215,22.84923493918376
-31.16725669103071,24.31935111985563
-30.6039529880246,23.85514001185494
-23.69491775818781,31.54913726427219
-26.97168067015925,28.81058091181377
-33.32318876968986,27.09264678336439
-31.25391846186642,21.18104451402563
-31.41491021241185,25.75484612588323
-32.48007836781115,18.337943048142
-30.70215588180098,27.21562647008198
-26.94700846081309,32.82131046957097
-31.6050817564512,18.28295110083888
-33.12188156351559,21.33757811673556
-29.67509640227199,26.88316222325513
-27.93195594574865,22.73597108701939
-28.64146585128838,26.82307349417153
-29.73217626902534,30.84564294463402
-33.27301365822481,25.77661054061992
-30.24930595882668,25.28074405180481
-26.22046552092742,27.60935090014415
-31.46487778818436,25.43723644492898
-27.32323932211214,23.83420990217058
-31.95315355855734,24.92929021366005
-32.4782641292869,21.78927574321582
-25.70203758203522,29.55406211975831
-26.11314178464925,25.82252367215247
-33.4986343015057,18.8322382221435
-23.67658796321259,28.4637558626218
-25.93401624824072,27.49402023319595
-33.53180805952927,23.93239421682477
-29.6583036962487,22.72975301118681
-24.90916122079737,31.11557901068061
-26.60537128683863,24.17066401828439
-25.89520898403893,31.72951310174708
-33.24529112652717,20.39276213832204
-28.20643961827658,21.392605997454
-28.18599685767102,31.88253513890741
-31.07376841711767,30.20029306432799
-26.0283392955777,29.16436895120668
-28.41597279485065,30.96570763315144
-29.65050721238784,26.98294830439242
-27.6148836015478,26.10864198649719
-26.08355247070488,29.32649935804235
-26.61227456112591,25.35963244501934
-28.32255232417491,20.80240792972699
-33.03753329449403,21.74049669193131
-29.13590354982949,25.57955329942194
-31.94074872089585,23.76359045196817
-27.68149042179436,31.06031185905006
-28.14135217562916,20.17261855018908
-34.15286023784448,19.01907637463557
-32.35959154245378,24.59397442215456
-33.21851459358701,20.6054167003076
-32.52920413226893,24.10525434677452
-24.96753325991182,28.45272080171614
-25.78299595791955,29.66942676422837
-24.40619586648754,26.89930978868859
-25.80137694769667,25.29007319850437
-33.73505982800043,23.05995104929439
-33.50227980699695,19.00524809032457
-26.6232006381511,25.07275584004681
-31.1825931732297,24.94001335117501
-30.61588887696728,24.47993873843833
-29.27649308414839,25.15669965092798
-29.14433484544218,31.54799601727862
-29.76999348548654,25.4370109237277
-28.54861395606791,31.20877142424498
-25.71781837328006,31.79960891489509
-26.8732966219181,23.58856983707423
-27.78452085150277,25.27624763142244
-28.92261298593186,22.16855636112775
-26.93410431222134,26.18437987941921
-33.0803960644519,18.3886741618314
-26.01077584305053,27.57139748705017
-27.80800705474472,30.08668508923259
-26.8472216097957,23.90314486315966
-29.468017257059,18.44470310528794
-25.67751164877462,31.28658746266671
-28.17944045431118,20.30332476933426
-25.94102181191428,26.55435015681174
-31.59187975708678,29.52807384852071
-31.70802758864819,23.41162908010659
-31.26029307935455,30.04193250669841
-33.39245320754701,18.27320427970477
-31.64052221832888,18.60757310188315
-29.00496256009452,30.47670404862239
-31.23475766712918,30.03369212553301
-29.23602780113245,22.42144464395354
-29.26037741547417,17.44044249276842
-27.12724201171211,30.67439551503174
-32.02979181593746,23.31936347308623
-34.16718040006669,19.41614024374833
-33.93523726745571,19.08004959010527
-29.26542817695625,30.62337344951318
-32.92422383436416,27.48567877287477
-33.22599049872338,22.03726857388903
-29.44342659254609,21.07563490913794
-33.10735424183803,21.4071529889907
-32.29566778801469,18.60036453672649
-32.67192464583932,26.01958979715467
-32.97337785866882,27.96287837088892
-28.54049954895483,27.48051299241625
-27.85458755327635,31.51592204771879
-33.47930313204915,21.46130510917216
-25.09305711126601,31.60185429719436
-33.20442899588426,27.36587263599086
-27.30259839966432,27.55191039215381
-32.96859870865854,27.29789800177807
-31.56516449934021,27.61811174613006
-33.05115115014402,27.84766112356465
-26.03931279943065,26.39880937333618
-34.00502608451101,24.51957109799628
-28.25030123277082,32.40907317503471
-33.00771147604782,24.40361203055195
-30.25821773031148,26.58442388101655
-28.12575266240905,26.73470394308798
-28.64574043690451,29.22631135574571
-31.5413533323667,21.080086708428
-27.20558734565422,28.31079779635252
-28.4482915026332,21.41625473901273
-27.05822552603594,21.1162435917347
-33.54229361485232,18.41990090324007
-28.20763580241323,26.29844475832839
-33.02997810236106,18.73073862472358
-33.99740472032043,22.59926432922824
-33.28855506860332,20.10038595237972
-31.84155847673735,26.9895542781014
-27.17339299203748,30.66648563275618
-34.3002714392548,20.09517165966354
-29.18183499426709,21.16348108075619
-33.17031411996811,21.9868826851112
-31.97290437417763,25.69013902776597
-27.00788165706778,32.7229588718564
-25.77024870044892,25.09811885039739
-32.52369436338803,19.31654270753676
-31.02768341172864,25.73042591034357
-28.12157551593043,26.43587114394366
-30.76874982946594,30.44003605676161
-29.38318417008438,29.66203483432051
-28.22281902911633,22.19661834335134
-29.31190449892319,23.44939756320303
-27.38142669160429,29.41547874379766
-28.82853230628349,31.49682652441521
-32.14808935854377,18.52849714370106
-32.37801165197924,18.87093052187963
-30.84821667338305,26.00332291563407
-26.6318490554777,27.63843139557036
-27.68656026352499,25.58699374717411
-31.14966970980219,29.45902936766197
-31.39308013204944,26.06083634583605
-33.54997065617726,22.7475104362845
-29.42822286701262,30.56239412223686
-33.82380031039513,22.48341428687107
-29.92069082731854,22.29767136358494
-34.00069163240744,22.62179516693649
-33.71037871688717,21.16278064190726
-24.59398920516901,29.92583493636015
-28.56442303501224,29.68993445472968
-31.27340598603723,30.02151633774024
-24.72742371176563,30.584210822102
-26.62129460928187,29.77411511579042
-33.11346646629296,21.36529965818635
-28.75201311297274,21.89511358322506
-25.24387056053214,29.05510220134158
-26.48299954097324,29.71511314633907
-26.01425184235729,26.44355579085999
-29.19133907315224,31.33567075804792
-33.71703469133266,25.49707743777244
-26.90881940220544,27.970691630159
-32.28338305175881,26.86721907799297
-26.25864930614892,25.87094948042176
-32.2600656341632,26.85620093847666
-29.57110111678513,22.04982929021574
-26.93583599090909,29.73334872221552
-28.33300015706657,24.69709954978852
-33.07324002687437,20.59416042949881
-32.81598213894194,26.98921600811357
-31.72723360430358,25.78596053268907
-33.55964453701627,23.38736876206075
-26.39622190798945,28.37752759729293
-31.6617209802921,28.93070353899689
-27.20406230093013,25.30495598420554
-29.13034175816586,26.40501054383946
-28.6554708401789,25.06344583282693
-30.84807006246705,29.12296293431279
-31.32313465566549,24.96656258088224
-33.464622745573,23.30996185294516
-34.33421386114518,20.1600682269477
-26.04777187583959,29.09746473365848
-31.06061929156208,28.89594649855374
-26.14707166315195,28.54287778681677
-32.52790189414861,22.90943932357007
-28.61343055016775,29.13469818149419
-28.84539363578442,24.52296331955587
-33.54376238772237,25.12194721877516
-33.77193047949844,23.58001749651014
-31.88702638689745,24.69461537708904
-25.45935619532792,26.4637713255961
-31.36702955106247,26.36759780022208
-29.4530279250873,25.80511434011868
-34.03285495972937,20.53859891162432
-30.46248907151156,29.46524038327328
-29.73636042282357,22.70207439896672
-34.3899119073676,20.01161586619532
-27.39833146015014,27.78554162578526
-27.0324855473051,30.94033580267929
-33.32101237056676,27.33573282901328
-30.50869438358739,25.1991344823591
-31.82865802852209,25.75966685166906
-26.13337921914648,30.20745156075171
-26.15380472326778,30.03446835967253
-24.60714233750409,26.7131151572693
-26.98139217814636,22.17735234504405
-23.2244534331832,27.88069622216334
-32.6143526138486,18.76885914074377
-33.72180415877563,19.73057074265285
-31.92902145906904,26.46703759321655
-29.20360290893669,31.44782479514596
-24.6362884163128,29.09778834150321
-34.30144247291287,20.58796011015318
-26.88590529197017,30.74404510695124
-30.41580214102293,29.1089367697483
-32.20579128223383,28.23795179100484
-29.79466351537435,31.04354032256727
-29.29867247559416,17.02528057441461
-32.66478218257512,18.9335471859607
-30.5212223200523,21.73788154673602
-33.94573750274053,19.64610940815702
-26.92248135781602,28.78842116238777
-32.85343734237329,24.73241318268507
-27.03063728169251,24.94109184773023
-34.05559724230546,19.61770614231839
-25.89496070368281,27.2492705872946
-32.68475033305027,22.082694597534
-27.01573848668728,24.57057355083072
-30.53668089890672,29.69035911774231
-32.80449338896154,18.33491020220132
-28.71540767865147,25.92357392836609
-33.66018760736471,22.11346108164993
-26.58962302528591,25.01862131989126
-33.67097863890722,21.88881649552896
-31.52517299899178,24.89481519351737
-31.31531283639894,27.83133218526363
-34.31324983179277,20.84503897909952
-33.1560602855135,21.05861353748477
-29.5168279001936,25.73568833577796
-33.27836817042377,19.50426619348878
-29.11556632738544,23.72944010169776
-25.85237442123049,30.54017418942874
-27.36191111716421,26.08671715362108
-26.66607031348827,28.31410461776946
-30.96900273614302,29.3019658822089
-28.28772640387236,28.82734983526594
-26.74384805017774,20.06174113993319
-29.08034739940949,27.10709627958727
-26.50059490721232,27.07716555654514
-32.85244133365828,21.62707458979881
-31.0935990307548,25.7160125081887
-33.24519394856016,23.63348501906487
-33.10227045655784,21.8393603587107
-31.09941181866722,28.86714454866053
-30.24341301609914,27.18976549503893
-32.69462261350048,18.93636191092798
-27.91292164807383,28.78227658903416
-29.63257607676508,17.54391124601643
-33.95309420160052,22.1718539385466
-33.38726589451915,19.15664247167666
-29.37531610117362,27.07910076180952
-31.79188775362612,25.15743428044061
-33.82479910372371,22.38699568805955
-32.80222315800339,19.08810471010295
-29.75528387487642,27.09036488938208
-32.07028400665057,19.12466244523532
-27.19772733559619,25.23836501492784
-31.00639779158118,27.62717409973695
-33.05375114574464,26.65494905693951
-31.29819923992277,19.12428623695405
-25.95493930398325,27.42118707702155
-28.23006815619313,24.50189167796308
-30.30185992306864,29.40625627218345
-29.66998994382405,31.00721567654417
-27.98253705072189,28.98101379105468
-33.05722926527057,21.6086643905562
-24.4074697017826,27.51814837126076
-29.76336549685002,26.91014619232643
-28.42094717390521,28.39302813730223
-28.89679748630869,22.8167897764539
-28.3025668039786,28.46547893022922
-34.09042677142646,21.35816345419492
-28.87500165580961,24.75677114074036
-30.10835280059713,17.91232138481062
-34.18548466650443,22.15956404118331
-27.64449932456744,29.86486062172113
-26.38716740488403,22.43858195207878
-28.39154538611702,21.03962255587712
-22.78521334579759,30.8037917277389
-32.96275489195007,23.58288121747893
-25.94033434723996,28.70531636717678
-26.66479849358851,27.5740804655421
-32.76493352653355,26.41818198724896
-28.12464664194187,16.89144069453856
-32.41397268039005,27.24858269769647
-32.56084177921532,21.83631786074382
-28.00685011639271,26.5300832095703
-25.32064138045239,30.81157912807489
-25.63747881385158,27.04725952681874
-30.33153401522678,21.74352149319184
-29.18047501307892,29.79300054149562
-33.95666615003832,24.96066189586513
-34.17953885846975,21.56788479527299
-29.5020135848384,24.27121601642381
-28.3871388589023,32.41188764422431
-32.88893311780716,18.25535684583927
-27.28315261369713,29.53035727141072
-33.7734626615831,22.73618694186024
-33.58427994583679,19.4066702617761
-26.93610345984465,25.49780844650008
-27.38944749341816,22.847594216211
-26.5267893297379,29.35093270189868
-30.82677278234679,21.81584863886451
-26.56023855238693,22.65184373247072
-27.56918606998285,26.71931368525771
-33.15940157510421,19.33779363339273
-28.00678324166857,23.04700105274712
-34.04272199897173,21.45662096677657
-28.55975703804192,31.39267742235161
-29.91852257634911,17.88019881359491
-32.99295201138231,25.81461581267935
-33.959011589041,23.67031681330679
-33.17598227940322,27.28131235011444
-27.84378480450499,30.11329829423977
-27.58061588335292,23.32294573014429
-27.59160181576557,26.37866149786304
-31.42899470950377,28.40908536090599
-27.57124196730018,30.8416411107516
-27.47551793037847,28.52716158862739
-32.01199160595631,24.36544457765858
-30.57480288370517,28.51389295126785
-33.37703267759568,25.95801677975385
-28.2675040781343,32.02562263190635
-27.67988189232094,29.44686846438359
-33.13852405476322,21.12877758818152
-29.5171045752366,21.0163464668099
-25.54846747318512,29.4755901854272
-33.24197370258442,23.66934256403089
-31.01572660031784,21.95177257408918
-25.43099073037703,30.21125178417038
-32.19304760470141,18.33380438496987
-31.78130195282001,28.61474305262335
-27.87174490350752,20.90416982909004
-27.34254815009109,31.46995268712169
-33.32233132891434,20.92308101182369
-27.40095186610242,28.50389869862868
-31.18651184348655,26.27876250101773
-31.24379235257283,23.11731628044454
-33.43464676179835,18.43219976944987
-25.29664031369659,25.73170044145588
-28.23114175881506,30.19568676710608
-30.73612376327925,28.85620158509407
-30.51299935845043,21.90445564644065
-31.37200402955677,27.65368507174827
-31.43840549964982,20.2765753438926
-33.978545336971,25.39441038185092
-26.96291444989975,22.13342181233314
-32.85353033044746,27.74532618599697
-28.59060578446114,26.35119293305442
-26.88551652854418,27.23429096456382
-24.85074972042324,27.49152626415315
-27.54305080338423,28.54330781443841
-33.74064930339014,18.74423204372356
-32.67402366140911,22.55578232222263
-30.18151282940677,26.76689660350901
-29.42616903307437,27.23591176073349
-30.60655434815861,22.81919280031935
-31.90128375343609,25.53340975480188
-30.21482609910522,20.56226754725344
-26.61895002074938,27.29745342164752
-33.34045264385927,25.71279802901915
-33.49543415159916,21.02890230960373
-34.04546081407757,23.22946041471906
-33.26910812100481,19.71837306651502
-28.79078219798963,25.88382606787885
-30.60070489674336,20.42652728954361
-30.37850308318562,22.06340240842834
-23.92672732140059,29.27027644507092
-24.88955839924112,28.76321435768266
-30.34405926771256,30.72834916203877
-25.44128467982435,27.83489254652093
-33.95364041901856,22.17235104888196
-31.98838842000956,26.21932108350746
-28.39790749636006,27.46882899627691
-27.75990868357197,28.9536048911519
-32.64862827952096,19.04197338205801
-26.81695267230613,29.32335982679394
-29.7895512210711,26.23265777457633
-33.84442297218915,18.81051276207128
-28.1790798585265,26.35818566503847
-32.97746289060741,24.70418815067537
-31.36333853394887,26.76463541415021
-26.77433642508445,30.70408005974418
-34.17650007870466,20.30139116650518
-33.85078043116119,20.84749462988821
-25.91621296883298,29.9299823417185
-27.12984429910859,26.61173144990845
-29.20452368663992,24.86556181958665
-26.88719343541684,24.25847685162471
-28.34867311333358,31.26620119949493
-33.26332487506691,22.07811999351422
-33.90474835879997,18.429739743589
-24.67899247056554,27.92300235201845
-27.08444355978166,25.08333763484185
-31.47793315937167,18.30092305647285
-30.55458830707311,29.91272563313334
-33.97472751336723,20.83326479504427
-26.70411640118517,26.14842206483356
-27.91326448364775,27.70777029438372
-29.59184856869909,17.79149371486116
-28.89050903553019,27.75793778957512
-31.30838970761794,20.16381832388947
-27.67762754359899,29.87075020757888
-32.33306360044986,24.43756653385539
-31.62249929501195,29.53925105294908
-28.34170238687389,31.41761586641613
-26.47958033795827,29.2873166370743
-25.23646890689972,27.55585092740762
-28.63401545781404,26.14699972414171
-29.49776476914474,26.09263957417616
-29.08626472180152,29.50818462359332
-32.61434395318101,19.04953264367953
-32.89815482767447,27.38770199032559
-27.94438363413764,25.95776028482507
-32.02630172333451,27.03533086621462
-34.19225323573136,21.71709218338858
-32.09849015399801,28.28832772289773
-28.01693092263593,28.33349872962708
-28.94043523005291,26.33714478948476
-32.88781245122074,24.70304633053259
-34.21277284291255,21.97120343086516
-32.34117360468531,27.04931874943165
-31.54295763284565,24.82739819061224
-29.06631318756579,19.55153825723782
-33.92158837503355,25.52384811330488
-27.20417639491435,31.13904181731301
-27.69578211098303,28.12130464693544
-27.47237844461952,31.93013572716757
-30.46156996842537,24.08465179206957
-29.62168625287292,22.52475937618976
-29.53914918177759,17.86328089410427
-28.39226483373441,26.98553748912305
-28.50059795046603,29.57564112585861
-26.34843195690141,26.73126417360251
-28.27894034224222,27.06613048414717
-28.98731017072257,29.49869276201072
-33.06255064216013,20.58851687985355
-31.55324858973497,18.33297359862322
-33.80573099965592,19.99898562895876
-28.2730006890657,21.22491077781566
-31.58594449272565,24.99714114382847
-33.68361810377139,25.6440170966735
-25.62244945048048,28.75009725073751
-32.05426434045444,27.83883337740532
-32.81468839630523,19.26126086564984
-26.87663537737058,29.70594983354278
-30.90058041563507,29.28150302043922
-29.58778435284459,20.95951477440845
-30.74886683947673,17.53126675634872
-31.45229083483773,25.33191264462903
-27.99430466258396,31.03578756690019
-25.47802959979581,26.14061743760852
-33.24372317504919,27.10409016941161
-31.59361331507305,25.16075827692855
-32.08989673830438,23.00762486437036
-33.97277287579873,20.81871777940756
-32.01474288882368,27.33960842684783
-27.0903732178068,27.74577214766564
-26.39781173008465,29.68487446632925
-27.35064025167102,26.54136587292067
-34.26137080312932,19.34099040045791
-34.31733944626932,18.42024002188663
-29.25446703228094,29.98858151819929
-27.66839405958826,21.36565190190304
-29.12995804949304,25.51331526787573
-28.34917717347362,24.30394166928332
-25.83502755235083,27.65550622339845
-31.11052397160461,21.67774596593501
-28.33354459433185,23.16146582909476
-31.39924658927125,19.02770328554842
-30.9943383643346,28.92406355688932
-33.32023916077416,19.10214948260052
-32.57070848756692,26.70355360603965
-26.42381562713654,27.39543941697261
-32.23417026596137,18.51900541551746
-32.81714761919596,26.61935626220873
-24.46642598253018,31.7847856582134
-26.80849426334992,25.84363793085631
-28.17610424986328,27.34216485781668
-28.76096419378061,23.92349248356727
-30.3001175777112,23.17080893463809
-29.59574819147425,26.18750508737687
-30.70449876186993,27.05251880142686
-33.59922099996502,26.09622111149467
-32.82120697771701,26.10894675016284
-30.5744446212583,22.99674786715223
-33.06247243528566,27.21329767262644
-28.8120866006267,21.03128365145964
-32.01817550320453,23.42095163789858
-31.76689016716756,27.93518362545792
-27.29409535769555,27.4870692951236
-33.77486461762717,22.90676590636641
-32.14437341708232,18.30800833867018
-33.3622557508448,18.70424731099719
-26.39470589911203,26.43466326746162
-28.54331199120608,30.85722895261583
-28.37219448234458,29.33566579329608
-31.97877982450589,23.7167089146395
-34.07203278340323,18.69374917843502
-31.51332916074281,23.21244089471759
-31.45002823872317,26.69288667545958
-24.61356910035601,30.78374975433875
-28.63954332866465,29.18227557166399
-31.34853569509544,27.98624170378333
-34.34582258429874,19.01518326643096
-28.6867606341975,27.42429053667459
-32.55970253583459,26.77165232651771
-26.40380110784353,27.64060105214208
-30.49670207587357,30.63132361048407
-30.12392721492309,22.58723878321786
-33.98360756459415,24.93193216821447
-31.72908969316565,27.11577870647128
-29.15165540159558,22.05169903333372
-28.92088618276663,27.56184299358278
-30.88770257043939,30.2155546211516
-24.97025518801727,29.39941605379278
-30.02190666350525,23.66690861319508
-32.56968222935057,23.93950686444528
-31.28216950402216,24.83749755196733
-31.2552064223712,24.2079693947583
-28.82076514221173,23.54178193881206
-30.64093673275562,21.95282419173219
-30.44104604559709,22.27600879520526
-23.80445327276113,30.96683432437257
-32.48405163102549,23.52307481141482
-33.23011385223926,19.68035970745073
-29.94583808091631,30.87076573879942
-26.71415534692159,25.47934126266242
-28.9248246097719,22.25838087276502
-27.19178581022561,29.66468220777355
-29.6971037786712,26.10811883806842
-25.5252861146424,27.3587109204062
-24.37981974413253,26.88092929048317
-27.37476200626943,26.20066954023259
-32.68466105839023,24.25308704526861
-32.64716231686857,28.26394489051047
-25.70035323777143,26.60592037613856
-33.41905930585383,23.30725668760681
-33.87228539478083,25.04523057003608
-34.2723730505534,18.84278927069348
-26.63926663900175,30.56976975270561
-25.83930167913886,25.74137783621672
-33.59790673248709,24.18493440239057
-26.97227647978862,20.85133745897519
-25.2068901629796,29.76823184570801
-33.84097433343754,19.915363670805
-32.47927377936092,27.99406519958826
-27.94555169316899,23.60679588812837
-23.58411597929668,31.65999664906587
-28.96802818644169,26.0447706758379
-24.34264529315059,30.96935964691979
-31.45061146610235,27.74826106650922
-28.0638131425328,24.9320970294117
-26.87513861147781,22.05368057387768
-29.65070585650449,30.80279861179699
-28.39577683678994,27.47666813652082
-28.23598821253139,26.23892314952561
-25.45297354829038,27.48840936239211
-27.69081109084189,32.44863494115353
-27.42101115906645,26.34664557950283
-33.25799805607085,22.04422769417505
-27.78455396605711,30.71002486064603
-31.66489572108458,23.46512343994853
-25.03449454570822,28.33206896297597
-28.29609246825924,24.12568867549686
-29.33150205583097,23.40825199092798
-32.08500740551371,23.2240021341784
-31.39115771681298,27.14515184274137
-32.07834641618841,19.06468639856049
-27.90000726432509,27.67624263429953
-27.13403779963354,23.12432851549359
-28.18462288056291,30.80394161480093
-30.71937060560953,26.75830660413253
-28.9178083316836,24.31131597189779
-29.86023274227548,25.56443293827318
-32.96150851623209,27.92155384183486
-25.3100548336413,29.24256466163994
-28.21974320649332,22.95557446517023
-27.69247857884526,23.53021880180787
-32.72462916305275,21.94417772004957
-28.17494366958661,24.8379688158086
-28.94842360369556,19.74779638864761
-24.27199184521139,28.00590040737687
-27.66230230130309,29.4277384502543
-25.99331062128338,27.64223172501664
-26.65955731315891,30.48228157730281
-25.28033434294576,31.1981238990841
-33.40848470622093,22.02749178978832
-32.24350900409893,23.41430228578557
-26.91444390260367,27.05729369028742
-33.98305674427555,23.90938851406237
-30.4746492080611,26.80566355205751
-31.29251758539374,27.82934515351766
-27.35094407667307,27.91220081984553
-27.30539563305451,23.87634101653812
-28.19252723750861,20.34221084006365
-31.6058097091187,25.49874920296556
-33.25848929185768,20.22355749794796
-26.38764722498376,26.79263626973086
-30.00591878467235,23.66767710137236
-34.07503749257339,19.12385559816085
-28.85374340943267,23.20313149955222
-29.7218220881623,26.03637606152068
-28.16632357734246,31.07456017263047
-33.28656089304463,19.47890224456679
-26.27342413948343,30.29089741067875
-34.01159358604339,20.00607701545923
-24.93308022147362,30.52774912259091
-31.35761474071914,22.2981667115981
-25.7413044698712,26.34812891514224
-28.53637399012426,26.3079125686282
-29.95557465259957,25.81268189255673
-28.46062254311322,27.8736971285529
-33.91828021640409,19.27933228794202
-25.80264588805505,28.73825994534743
-30.17992662786117,27.08419816456108
-25.91647642047329,26.90345589307681
-27.57283804616177,24.28029023390611
-26.80664069363165,25.25294449472535
-25.65397088188287,25.82194994153257
-28.83244973424075,26.77841510915075
-29.88536830529443,24.38788277299253
-27.23746246946089,29.7422272997976
-25.72918859125313,29.06077808943716
-31.40180034612979,27.21849931959211
-28.88030946762181,31.648639412324
-32.89758577971737,23.62734251728018
-33.6400851856657,26.7163032090823
-33.93504725292706,22.40977202977786
-28.27763498744712,28.04403078010832
-31.42541291244919,20.31665057798511
-30.83726461318633,28.88712148827846
-33.84692639254463,23.95577546624313
-26.18443867468007,23.69328431276654
-30.78741671683803,27.18756912124452
-26.38029840600062,28.07084666906093
-31.80547016071942,25.48572293560794
-27.12571977544732,25.57554059726067
-28.26851590327306,20.50158329883919
-22.88181829413177,29.71445885216051
-27.50916571015532,27.50443542011411
-31.36883111534769,22.2952987664373
-28.70202988979241,29.14232691251476
-28.72889831104174,26.65608084125371
-33.7547101281897,19.06762364105501
-25.77545127499283,29.6111178232017
-29.01790238658181,16.80698312146184
-33.97172498004858,18.59610052919736
-34.40968918014075,19.59748601955791
-27.79446375709851,21.78798082404432
-27.88884073653032,21.36935401057212
-30.42020889417577,27.36510140885697
-28.89105506496907,23.06806994438429
-31.5190625266161,27.69962778221421
-27.62603140458871,26.27357240339604
-32.53654648695993,28.57536117765283
-27.75927600699423,30.73266951305431
-24.26667869182831,30.60621146549693
-32.78380867182847,27.74037901756264
-30.89582935890161,24.52335839855757
-30.06032189827589,20.62742090386279
-29.74959964646181,29.82530389355782
-28.22050958586783,30.12928551181497
-27.47384538906367,27.34145818863048
-28.05755386461896,31.04588506134553
-34.08865101302529,19.05532648709825
-25.71381454547327,31.62367126382444
-28.01972501852952,28.69515768145738
-27.51995279229996,27.59884659170095
-28.32286856299693,26.22010464457462
-29.25737920408504,23.5683749236173
-34.33462337559546,19.71375994923455
-26.50318364401855,29.76767577889596
-27.08198252428761,23.94097486914775
-25.66863482649466,26.67100185164646
-27.73119970808944,20.81393107446979
-27.66369402939092,26.88065438481668
-29.81742821323045,25.44123397180273
-28.01275479429388,21.59221179014836
-29.60686488286492,29.94060266608561
-27.16616602759637,22.87104408223793
-26.71002683070083,27.72157932638479
-29.42282348033613,29.90863207233695
-26.41267670678358,30.32619029192878
-30.8426162428676,27.34748573315875
-32.54482344876229,19.33129982318445
-33.36234980624039,19.13564262515254
-25.27344024303805,28.47287875671027
-33.95827358805193,24.31229017650958
-28.41037747123365,21.58319565026741
-27.76797139761794,21.28913988808966
-34.03730630845648,21.37604264947288
-28.17970590162328,27.10480942784558
-32.93188748184247,26.11577128596311
-30.07060214748632,29.35385695571634
-33.6176972185722,21.84313545903167
-29.99151658857683,30.24619983555498
-34.03352757662108,19.12018470758143
-32.37782617320123,27.20602381049319
-31.13501658245679,21.60028052137203
-31.66811741563233,28.98307601754897
-31.50186270483913,28.93674714392505
-26.09411640245512,30.05765909610519
-28.24457566290981,23.65608700906861
-29.37190124850249,29.85871006131137
-30.04280834649347,22.6405949507375
-32.3422747747927,24.37165658326661
-34.19961896137701,20.10650426954466
-27.21704732513011,28.18227379556839
-28.26834851884485,30.38162795906893
-27.01548347156746,32.69856234211471
-29.13366850814813,24.62902893949121
-26.96732117002891,29.86287927139473
-28.66762476276511,21.01246867826243
-30.22404598166854,28.74484469672462
-25.35633455717328,29.8684228664412
-32.41802450584613,21.73496400238176
-26.08039931059085,23.96530334720707
-31.59943979315902,23.52682175223293
-32.30965409579871,18.90922970005987
-33.55529613589528,21.67678463677566
-29.90119318960189,31.03897703600737
-28.98247894907027,29.69297575263659
-30.79117922237258,30.37207560370809
-27.03323037741191,28.59567152872341
-26.78306139323971,30.40947442208732
-28.58924087185346,26.54080937180689
-31.6152317243554,28.73932988919859
-31.2159877643763,28.62007597617891
-32.15473803783103,18.7402847787727
-27.71831258218536,30.7268860323749
-30.08250649897051,30.15042535278382
-28.24545603343058,25.53198803454006
-32.7142601081813,19.06316798757038
-29.32383112915597,30.26413516069285
-28.44907652893542,32.25907772987784
-34.13697856559786,19.29613042252173
-27.780063486867,29.91563664511172
-32.36016600494384,27.02486358837643
-30.79088425826258,29.55838416267984
-28.71451185996813,26.09236788420226
-32.10379328220063,24.40484358859404
-33.22894261792755,20.55481797262591
-27.02297007280237,24.17931817597826
-26.98616850678532,30.35791499191532
-29.8351128412239,30.94224511824149
-27.35712771833045,22.99314574224523
-28.03139291001872,27.85116840413252
-32.35472391457714,28.02643318651819
-28.24273596314231,21.20961541771068
-24.90634395031541,29.06114030500337
-29.14494531053487,24.77677333395314
-27.98428277882159,29.2713106017446
-26.80112607108473,29.45866236489433
-32.64483711791951,18.78656365110733
-32.63649605974103,20.45425682914202
-26.7482226847568,27.19156988507238
-23.67102538910311,29.02857458370876
-32.8610987057258,23.65522134059443
-24.56227932594668,28.08438410135906
-28.34122642599326,26.2695250416161
-28.43131940657621,26.78214931390341
-28.47772828448284,30.27905495664574
-28.07308444265235,27.5565647007232
-33.72714433587615,26.57165647362124
-33.15716393757581,24.85381220338343
-29.29381967591431,23.48733286214132
-27.87382923434629,28.19868847798228
-30.58226143427385,26.50837347022652
-31.92858985616989,26.12579627114193
-29.2918530576298,22.36739404995212
-29.58734125126593,21.98352391065999
-27.11277391651288,25.7764448745732
-26.79783566651597,25.74594128821683
-30.70127360516354,18.06984390289562
-30.03095718547646,29.830930682786
-28.72717332208752,31.94733547074288
-32.45755274736493,18.95995291442602
-29.76205255034667,17.14945205636648
-26.87112528883446,26.04509481665011
-27.48211328144634,23.35079194164085
-31.98807454600137,23.6533147402809
-27.89154283128863,22.14952105394812
-29.41187390874445,18.58149402277656
-29.40917041556986,21.10312722650838
-27.5259813456749,31.41352388559625
-29.75726861350332,17.21703514962353
-29.08716503666757,29.92092474284451
-34.05025486496705,21.56360016322924
-30.29095531303739,20.53410160329186
-30.56501039830062,22.27484271990034
-28.28819736106111,25.53148183754901
-27.77715393490879,24.69919270657732
-25.25199832662162,31.94368252680223
-31.03862769472343,26.72650164600405
-30.83889121930548,29.76529970357391
-29.41375030472233,24.35073720433986
-30.63749056371233,20.42581668983785
-28.15765692303487,25.48071561200329
-25.44801583900709,30.81662254155327
-27.84763388069235,24.4475163292445
-31.31570621233044,20.96155802725047
-27.70677833282971,30.34957485410354
-25.37673872444648,27.84077711011024
-26.31906784497836,26.98982024092698
-28.15891565550032,26.07579794249702
-27.71790865865795,23.53953536017747
-31.57565597319942,23.55265249646809
-27.902770501577,21.82082751291916
-26.79788231806082,24.25552066533615
-26.45554645032136,28.97221475504232
-34.00437046667251,20.62820857557116
-28.4185005527132,30.82189422796457
-31.21449934417522,22.25202878130658
-31.485285178563,19.344606869684
-32.72250511199675,18.46767731227415
-27.59981557714548,29.9311426714034
-28.64386594694289,27.28402685127976
-30.10613548241672,27.08530139573033
-27.21693186531808,27.35843763715242
-24.64747396292509,31.35109587051758
-27.82877511485013,27.21675770598113
-29.63582541250481,17.10756292262044
-28.01320231814849,31.85055233686285
-27.21070828524861,30.67870395526833
-25.08271587027674,26.1614754512637
-32.72377265428355,25.49498082698605
-33.83393076644903,19.97108511637125
-28.23280548794174,25.93680425906767
-33.90218703637107,19.15622716016088
-31.25376234662771,21.16885263476063
-29.01205264816855,31.60144734602191
-28.93413782319703,23.89213582283345
-34.28758293247729,20.5069156863451
-31.49533347185768,26.49412006781527
-30.45433948680801,29.68656176813116
-29.22030605747798,31.5062582670494
-25.8017998263422,26.79273885049208
-33.91413447498781,20.42019164330596
-27.52147496054779,31.66648712758141
-32.764915301956,18.50187323367096
-33.96805263193384,23.72539434145203
-32.64287933835569,22.12578762754323
-32.09514377264678,18.30194195471428
-31.95290223930413,26.01664733018954
-31.34559028448999,28.00011996985996
-29.1321585055886,25.06519786503264
-26.32844987032298,29.33447098193934
-28.67792599844839,31.09469673676596
-34.20141230445999,19.94497529478281
-28.38207964741847,25.53034383986513
-33.85230406127573,19.80879922659277
-32.71389783942484,27.3816872378615
-33.28171431466723,26.6638642792903
-28.81380769973834,29.69442261124326
-33.78540041770439,21.14489514211441
-31.42069397172543,28.8716795437421
-30.17814193590408,23.63275943727968
-31.24959384296654,18.54176944945699
-29.54426365271896,26.63575706634589
-30.32932552633445,28.80900636912042
-29.12724145082658,26.04545395048177
-33.5248609399248,23.84412855319575
-30.72049504179424,21.62815145811717
-28.99173757247857,19.70149178513254
-31.57264095102855,28.64915571082389
-27.5852073955877,22.86517162681137
-32.83460590737568,27.10920356494464
-29.01014789065876,27.51848226841269
-31.10115043687699,18.34308766022315
-33.24460662687789,20.40768530923017
-28.40328226830506,29.78371256517935
-33.59360465992614,24.181010108689
-33.75215806904714,22.95102295022081
-29.48629104897103,30.2751981568447
-29.32021836526414,31.30187047409324
-27.3383942803509,23.68937493826796
-32.08130168185903,24.60204763199095
-31.25311546177599,21.23549377174394
-30.71224629836886,26.91078209910136
-32.28010482293485,22.37663850416671
-29.1483811257381,22.05097611588181
-34.62584702101205,19.81795193772692
-33.29246530699412,23.99876958695016
-24.7030072195896,27.3262368865716
-31.95575571918574,25.0107306504319
-26.32007059876348,30.87917077734821
-26.59898895346253,27.51240956079316
-33.83822845398718,23.92413107578478
-28.32053335905388,26.1771095691859
-28.81656063397899,23.57890395457394
-27.39890780375067,32.55061035805016
-24.01995379967876,29.69706568861177
-31.50002844516408,19.64487006664066
-25.96611368450424,26.18917201109953
-31.5984473243911,28.49704908223924
-32.99986128861885,24.51009915061329
-28.38786032787906,30.93132728566403
-28.37545656382279,31.08786182521157
-32.37185242884117,22.4790071879234
-34.02876548645957,21.40328773626086
-27.61574677707957,27.15671203953551
-32.04067312671143,25.26397938509998
-32.07549488893745,24.36918755078211
-26.97881623969151,24.33660184469499
-33.53231044825408,22.91085184598845
-27.73443192173099,28.54678041539988
-28.55325641101713,30.85283496545753
-26.14306823137806,25.97192613178855
-28.91683672579763,29.51627508404626
-25.14983709051364,26.29450620018197
-28.29841666434731,32.08668650769084
-27.37294409467013,29.90467334101759
-28.18070499301102,27.74854605166736
-27.42044573478159,27.08116200404436
-33.32502040381458,24.87031660923297
-28.21691041167276,29.96302489136432
-33.23676285940662,23.76111126038669
-27.78399762971458,21.27456622427394
-34.03275828562463,22.89654770118057
-26.46392864288491,30.8023908446719
-33.68365078338663,22.05744816208588
-33.92403171692074,18.41493423089332
-30.06097565096252,22.27237049210802
-32.49253228671407,23.71293754086513
-30.42551358394719,23.5633245861716
-34.07917316030879,21.65073739700487
-28.25442031911161,24.34467794380713
-23.23686352933885,30.36096293373859
-27.30903193381358,27.94858597867655
-24.10698354806511,29.04872931589187
-25.96571770361668,28.24990913714499
-34.46930622325557,19.80554326877232
-33.11118912999041,21.91258003601745
-29.57595028761071,30.5569034404795
-26.21002504327234,28.97524914581204
-29.75995222679206,22.81849255919987
-27.25293365160783,27.66158071935615
-34.57555353113127,19.68761444193532
-31.31996256193234,28.08714887069331
-28.3102655720375,26.94275516061995
-30.31214971551585,22.46992602006965
-29.18024415479205,26.64364754448799
-28.72091558168171,25.98816043696126
-31.90251088592064,23.05617060712756
-29.73734203636165,30.60610067201202
-26.30922667826248,26.79977886864991
-29.24709962275643,27.01756565878989
-31.98663325122489,26.21745545188545
-34.00471110807484,22.54784273342569
-31.25103408031291,24.74024079656231
-34.34207660865533,19.76256160332913
-29.04023120931003,25.01053758785691
-32.88224496899629,27.50192895286377
-29.0981523188104,24.86337012129592
-32.7046507683811,22.05722292747161
-33.42439609457514,25.63701297881299
-25.89644053228225,27.24567466064391
-26.5958826516161,28.41338442701975
-27.51833307561855,28.83149104223498
-31.98530850254973,24.60836618439198
-31.78126189796401,25.20727384507288
-33.28739866284934,19.45907116264182
-32.57237855645964,23.34562124607522
-29.49108626727283,22.26583553476915
-28.77322150982319,31.10734266927336
-28.91081378100125,26.16821273855856
-28.58784261626236,25.59479915610313
-28.76218288309737,24.79070192038895
-31.16167762140939,28.52990615279416
-28.01980096605044,31.58879075753067
-32.28559494613757,18.41281443665899
-26.85794536160836,28.38012734658575
-33.9100119068994,19.65113436816572
-34.06044728489019,18.75184246259494
-28.91591389323163,31.83984550598618
-33.51973929642875,19.82187137772125
-31.42616432107469,24.26268658161299
-28.53236469004986,25.25857558466324
-28.18176805801176,20.3108798712132
-31.1156121882491,26.30781400570054
-31.4535231989691,23.15705746371622
-30.75530399591185,24.088378141611
-29.07878168201417,31.35099343350285
-27.80555304512449,29.37415730711198
-25.99376942927658,31.06755609624538
-33.50739064922373,19.2571982041299
-33.61642956582644,26.79083799691542
-33.16921876869295,27.21787511823796
-28.36893031175492,25.17086177962551
-29.78418961870362,25.94565646924129
-31.94632776302774,28.41580195687525
-33.35086216912138,27.31381102244744
-31.24410782331801,25.80293733868968
-33.20763925653791,25.10069150924367
-26.2496233870768,27.25911841843373
-29.2135105519917,27.38974672940644
-33.00998374886044,27.73893219102291
-31.02900811997732,22.13753621079086
-27.14646675696441,21.33042795225253
-31.25337427462769,26.06399880207736
-27.91757067253975,24.60833138819585
-31.49092132312967,23.18458004684074
-27.45349656989228,27.12598531325702
-26.85644380832013,27.41038790860911
-34.03420504975112,24.39037227366324
-29.05052002759156,26.3919123990939
-33.71820398365369,19.02303844832937
-29.01558814326006,25.89973816575751
-24.90359882296983,26.63981286322893
-32.73572479412029,17.99942431634382
-25.67002874855166,28.32418095008736
-28.30113085406363,27.06557414937292
-28.09968921808168,32.26988701008298
-32.55925857047403,24.66912910372217
-33.55658201935165,26.90069452816612
-33.7205559675503,19.19053646236376
-32.06444364521674,18.81475037323997
-29.24126739865205,26.05868743682831
-32.99495256791624,23.56085611975333
-28.35863976633211,23.05095132559329
-26.73043019637781,29.94152828192167
-27.27799623838655,27.4415920142668
-28.50716625944807,28.62580366593769
-31.46998301924405,19.99943036293755
-30.89394225034151,23.28859635499299
-34.22406576303625,20.1022689814014
-24.33825235554668,30.14648550524111
-30.21753964949155,21.81180414774719
-32.84550055136808,28.11808198448007
-33.24481654963321,24.64434001484564
-32.83608871699722,26.91242105317958
-33.33710670761542,18.29011194012936
-30.37590411531442,27.23689252181103
-27.9167885591124,28.07199118067488
-25.85150730809053,30.08585936273461
-34.45421703761043,20.16829563363586
-28.20901291373924,20.36163462535523
-26.26876019896273,30.79904380765106
-33.08752896925341,26.22877646393308
-28.7835500028526,23.84955515737327
-33.51295545929093,19.56892047108552
-23.25228140844877,28.06523922274197
-31.27395641751951,25.67666225505938
-29.47762357183529,26.197699890606
-34.01398027620664,25.40714154570748
-26.46426155675921,30.80443141990985
-27.06751260737111,21.32223399934719
-25.38478701526308,28.15373591835348
-34.03340386942734,20.57487642409825
-29.64950200611269,17.08388751863334
-33.25431576817044,24.49844325723256
-33.52535829074731,21.73493188846505
-25.20387195984925,27.35611041051826
-28.86510935144135,26.14140882004241
-33.26656968902794,22.3207350852061
-32.93503195186869,21.61717389687546
-28.08715471913057,24.83682153537955
-29.56327157213908,18.07449520526284
-29.93404523257558,22.9852369737314
-28.04505152255712,27.55671222011111
-34.16334281048964,21.80844668492653
-28.14578019139968,31.90260865405229
-28.13546100949389,30.63261827743376
-26.41830539608112,29.50048539056352
-27.72736704827829,26.68513194863823
-33.58327990044652,18.58700662382659
-33.68941942336426,26.67526525229463
-29.92908210096527,25.8399542634682
-28.27132384251466,28.07730751545355
-27.97217359146873,23.03648571024191
-28.5982082976248,24.77044979307737
-25.68979096115063,30.96486534344855
-34.37299115022823,19.52331709169592
-27.28791072781931,32.11451778297369
-33.74135146255732,18.5628153678494
-28.7321423810124,27.47485199822957
-33.95558564906226,18.38690113207782
-26.75599934419574,24.15676737451041
-30.57145594684626,30.57695185559272
-33.05134591023933,18.1174057988054
-32.62052134354951,18.29287761861362
-28.90640375780826,22.63758552633405
-33.36332886893254,22.06347308972017
-32.43134185421034,24.2719244067445
-24.8108190063715,29.81344923240777
-27.76039185516902,30.16106092287682
-33.80207838305208,22.33255410188313
-25.05089789641078,30.78174311675564
-33.78160097580317,22.67854326575476
-24.17884234916961,30.1063714485288
-28.85833210074684,26.55324072608082
-30.37853566607734,17.90222668092744
-28.22265632247085,28.49777778403064
-30.62271617711828,22.22606997417767
-29.36893830085884,22.12992287109466
-24.7232549823148,28.37856218803029
-33.7310617445667,20.95744805725903
-27.47415173227982,28.17676231505431
-33.57292952722143,19.8750602483385
-27.73314242521201,28.15744856824189
-27.01286029615185,32.26708626712026
-32.63040879634769,27.57330934930971
-31.19100503839142,25.75117091211363
-26.41863230969249,25.16626996782616
-26.61845890957717,22.46821996893584
-30.02412468706013,22.33625557597067
-29.49276077683744,27.17079546099833
-28.58990342008309,25.49486587444193
-34.07326748805708,21.74507833434057
-26.29264819174959,30.19115385151891
-31.27434741260471,30.02341804365091
-29.51564713460447,30.37074918387697
-31.52887864262382,23.06807494334205
-34.38064499952137,20.32027850467125
-27.25613266968305,28.22533565897835
-24.75601813125564,29.46209364954357
-33.50521215213491,26.82903853983439
-27.97905783461686,30.22118878955388
-33.29180538303481,22.43352069799419
-30.81754263421269,29.16674435132148
-34.0988584332823,21.40533899080371
-34.60850905179868,19.42439354869518
-28.96651184547583,31.74537294358642
-30.70286496473667,25.11473015209315
-26.66170621228875,28.10927652936983
-28.09974108123669,27.0496826043783
-28.45500742689366,31.00133685830415
-34.13941698449897,21.94635719296882
-33.48510604048393,26.48917224440154
-26.64337136907663,28.37655871030871
-31.22726671816249,20.25450511112087
-31.24113071886889,24.94428730259068
-27.12353621813809,25.17810381770625
-34.61726783841905,20.17343172985985
-32.60521977688538,24.04077838206147
-30.41538777393735,24.41477950661846
-34.0513506101905,22.40148458110959
-33.19852182352786,18.39564259725578
-25.53130519101464,31.38033185037972
-33.51556882977133,21.32947739384871
-30.68648692638734,22.01570838813308
-29.88321961115996,29.8472855397578
-27.56644168292121,31.52466960846401
-25.11811123493305,26.83140926727781
-29.55786705335052,18.11562113161101
-31.28450232428061,18.14617755540741
-30.4436987035157,30.20535845878268
-34.09275507981317,21.77147681543161
-28.06857843958483,28.29512834029245
-28.24436387306583,23.08156401346417
-27.5039486680328,24.78969314978723
-29.29344229956303,17.23685011835577
-28.62437918806749,21.81866489776007
-28.10877506130618,26.71592943737344
-27.8174826747711,25.14333642764559
-33.99089883138743,21.79076452696461
-30.39638385447551,25.90779311673985
-32.83687540829357,27.12892889942253
-30.74588666319501,27.17938500654604
-26.63092220210942,30.6732550956255
-28.37494310598428,31.03265444399458
-32.04453393505978,24.2075461660984
-24.50692403293774,31.06496556384436
-27.87372078310019,26.88721616780854
-33.64394176988829,26.3533789325145
-27.87668302046136,31.01764578680657
-26.07525769942982,25.75938515669689
-33.77236907220311,23.49873587848748
-26.87517049690447,23.59152596795203
-30.08043200116798,17.90256425032059
-27.69317108278863,27.38634948715082
-24.6517175196984,26.92452879715631
-29.8649279962412,25.56810825383835
-26.62468392169676,22.47177867324573
-33.57416771268411,18.3760396941804
-33.20042205382644,19.22518182935371
-32.75732121897393,18.91962709170966
-25.67706594629633,26.20883055250618
-24.98523609592668,29.30883262089237
-33.33415556659838,19.15864089666486
-28.18389729041058,22.93614413454675
-26.32321045949536,27.09103400934156
-27.83615871817505,31.55401810775365
-30.28270601796837,30.23006724176189
-26.80438962823952,26.11414841404731
-29.16204891328995,30.96450608611845
-31.25318620310212,26.01039499494873
-29.25958666682734,17.50863481920695
-27.77285075395628,24.80956172657245
-26.96864074506475,24.27445640956439
-33.90721415819934,19.05947992205131
-31.20138626778764,25.76346961509269
-30.52949623654684,27.27720653444772
-31.33479986109906,24.09380579554835
-31.63800899398121,25.81111797437219
-26.9124305060556,22.71243054094433
-28.17463154283218,21.18483355475534
-28.41937527516566,31.31287225167835
-27.35226418382162,29.49382948538636
-32.99802086412574,18.18918592359391
-29.55738671911196,18.11858469618805
-31.22866034976578,24.70055250469516
-30.15025174873864,22.19724888790272
-24.45364475046851,30.27575082009211
-31.66424893886273,28.18720670961111
-30.39445351270429,22.18983742968903
-27.5229007414142,23.71109724323989
-25.83309259134771,29.24304641307212
-31.96958405076529,23.02178450314082
-30.50703174626126,20.45492571867834
-27.60957573669274,23.10434798130035
-31.43562879039121,22.60738953359096
-29.24355090960015,26.30564687245179
-30.55492888589694,22.29626508741661
-32.48755287788977,23.54888237852319
-33.80911040051483,25.37283466547161
-28.20099730643173,24.26708989825394
-24.37491556341883,31.09709171872986
-32.11235962523398,23.37158633090289
-29.88571313058098,24.30548856148341
-29.52257451276821,17.93847131301805
-30.03812002227361,26.42592925546347
-29.44133258591359,26.51832499173928
-30.42329021739052,24.37192333327019
-30.75313230999994,30.05415769385143
-31.86270892207992,25.74370729106161
-34.00191956166019,22.0987343430989
-32.46375189100255,23.96321756818962
-28.39276041637125,28.94258536681757
-28.89673547534425,22.92090525211871
-32.77142446181753,18.81906299901182
-31.11614712976841,28.31832289557736
-29.1467099484914,26.47887682289042
-26.36433891807223,30.45434589116993
-28.02868263256506,32.24340733871316
-27.92966101655431,26.86192582505452
-29.59984493749089,17.51096378164584
-28.81524270750289,20.42854599209098
-33.71517208121866,24.73324964112858
-33.94833780662719,22.14531771579106
-30.86654673496918,29.63459021085288
-28.63748040271654,20.88644089648992
-29.33977678285145,23.39088695911575
-26.50433692122935,26.72147227428582
-31.45720122279398,24.32776397405233
-32.01217874118314,27.78781047835534
-33.41176795285198,22.55143022343669
-29.0157260609783,21.13397077124871
-33.26007117605963,20.1910165082168
-31.44567370094626,23.87943306676556
-27.53653463312616,30.85909339263813
-32.19418617237518,19.94891260173818
-31.46722004621254,26.71819310290302
-32.63527356164661,21.87645222804603
-32.58367255496911,20.49571967884044
-25.73832394627788,30.99371870892069
-34.27948170399801,19.0916396271024
-28.3657874627766,26.58466675856018
-26.77602416173,29.91989714518418
-30.41662914794888,27.21566926838247
-33.44285103557035,18.71758028184665
-33.60235614775078,26.86037303745177
-32.12399444453823,21.58853723020663
-27.40675534798671,28.13190282316254
-27.07707551221218,28.6599663304144
-32.9058691499756,27.52061405375957
-33.81117360223706,22.34153972981403
-32.0905385287995,22.94252781432552
-29.92793211082809,22.98273432343265
-30.84540772220185,28.89345056148423
-28.49675074645044,25.1385378429846
-32.71063339146396,25.45822769355096
-27.29681547759145,30.49541507092001
-33.38032386947472,18.26637173066635
-25.98406186827183,25.8612134495689
-27.5735740779096,29.89781446457342
-33.4444736091998,25.09653476071264
-28.80102272177876,29.91397568842263
-32.34073934976757,21.67283651833289
-28.50238914000966,31.1614227810268
-27.66959122700617,23.34194335130803
-33.31503645489602,20.92260268124752
-32.75694787355228,21.58232211122426
-28.19524317723352,24.84238384988793
-33.5130494135126,21.10771189163158
-23.83813488528307,28.42549819888909
-28.33587313054462,29.08208564372096
-24.70153418563783,31.81733009822586
-31.2751014371694,19.14524797671526
-29.1191751237058,17.84550447287858
-32.57248755651322,27.88970808378307
-33.76189533239823,22.84736356743649
-28.37337469621808,23.44263414699526
-30.24346748094682,20.55171878781878
-22.76910258072133,28.39059788649784
-25.28856923809812,28.5953711936141
-25.41239066686702,27.62051255598421
-29.16788464377193,25.33580605411137
-30.7737090142981,22.1811305522148
-28.6511774605278,21.75824710904189
-32.80454543689456,17.90115801508987
-29.57322665060696,29.86465173460219
-30.91955667584414,30.16744079972101
-28.2688260432637,32.49189325254145
-24.66207562104274,30.61224736882581
-24.31781009124826,26.79436754964155
-31.03846941228669,21.8917216990594
-28.33547552305837,20.84594465899902
-28.33762467732968,28.32035774563323
-31.44780317731269,29.52639909113363
-24.95533206817567,26.61444280756201
-25.87679930288861,26.95540882765053
-30.65172137955487,20.42138490926996
-31.24499675012748,27.81787750952509
-26.75162476103413,22.50112610992795
-31.25530173009388,25.94316149209596
-27.35250754567262,27.6272181510996
-29.88788233408175,26.32874673265728
-28.34374749619428,21.8355999022891
-23.01317457455589,30.47615355901328
-33.08540782058451,23.46662289057924
-30.43442789800438,21.81640330287709
-27.17424817511083,20.70709470552898
-26.68019559990578,22.7261076354561
-24.53533123541629,30.16391689885621
-26.69437884136183,30.17428528486758
-32.80924927330111,18.92511890496582
-25.88018681801179,28.07951472562125
-29.33010088189789,24.88508936419051
-30.8655913809317,25.06150474035802
-32.68236842651899,28.02121073781655
-32.53128565672829,22.92162659475276
-31.8854645226023,28.73163506553662
-27.75785904391428,27.51761883308175
-25.5836037881566,26.59687185448314
-29.95290416496382,29.3562946311604
-33.91104055826624,25.4084540367523
-27.91951350148412,22.9731368820316
-30.53766430535778,29.3450380310452
-32.95833187165103,25.81434699283435
-30.31945196134923,29.61143543671898
-29.87678473529078,24.17298507234756
-24.97378407205774,29.21283511498998
-31.2853870417845,20.19171591214894
-33.67738271671688,19.54354432154392
-28.25155068631297,20.44759714449399
-32.75158431079541,25.59812681750612
-27.0722390955981,30.54797182645755
-31.43016390898217,27.04339542146268
-34.3731481994013,20.36685148375795
-31.21932590026322,19.21371770803813
-29.41554245633651,17.81656550056034
-32.25965381630296,22.74669248817662
-31.5528991593377,24.68498056720736
-30.50463825273173,17.94005005851676
-26.05938497460294,28.63943634133256
-26.90674924535505,28.20541590033206
-28.38033390597558,24.8146120609973
-32.83724692963268,27.75114212546773
-30.63325377704697,25.17272296622422
-31.97503661204028,23.01934550132908
-33.91252209344719,25.05293163334155
-27.33873695952992,32.10882274042856
-27.25852684481503,25.93976856293092
-32.67869492401039,27.99990373480232
-32.52302608843048,18.34187000946565
-25.0147415357495,27.95179573054451
-26.8078256576167,26.36235376965696
-27.82761996547649,27.94340236555601
-25.07065990289829,29.28623374836467
-32.27291895045568,27.97155197402446
-26.41574609851478,25.52920845816919
-30.83988683718694,25.98328151055214
-27.30881421959532,27.19743772121928
-29.31314539060507,29.77314058078935
-29.44364561419551,27.08384505393187
-28.92267616480175,31.76756938743819
-23.73698032744194,29.26137699217526
-31.39040898725903,22.80812780233729
-25.55234788044419,28.94417722399134
-33.01935594193135,25.81718520415725
-26.25656390162638,27.50713868772622
-27.97195350900871,31.63783050515069
-25.82537410914647,25.5253697236178
-27.89235251695812,28.83849057870814
-29.08698832006043,17.85626248285465
-32.4101556694433,20.78575851860684
-24.90038691467741,27.74395697675183
-33.93315071141358,23.53170019667523
-32.67523586928196,25.34238890331951
-29.2788112541252,24.47617250145769
-31.4528746030065,20.20999107392345
-28.9444519206325,19.75176087741094
-27.38503548248194,21.38722970309865
-32.92207066210391,25.79970249670718
-26.4155463726591,28.66689917938222
-29.05952024303351,30.55966009642817
-30.69449634056875,24.49244785477635
-24.19125149476024,27.87245280903221
-33.5682028898599,18.88859619954614
-33.98053920187797,20.84100154776811
-34.02419589948727,18.72992403744971
-34.60867835636238,19.90976865595846
-31.5999615272887,24.05054627365826
-31.559798425525,24.7707655380115
-25.55013780485256,27.63265734100143
-31.48390313930088,25.50218768269244
-28.0547408716738,32.15967073446728
-27.07903887833744,27.54465475464752
-27.30448157070203,26.40629052763984
-33.75816593447841,24.70861543310139
-30.38482241186309,30.69788503943396
-31.78340896884059,18.63403668420187
-27.33592641158582,27.08322430320279
-29.46446984182534,23.88644699824316
-26.40144835009228,28.63765982217255
-28.18374036262272,22.32132856666632
-26.67273306558518,30.70540652162381
-26.13684319239419,29.85280759971253
-28.92051356754382,31.52801084364855
-32.81957301503442,25.71806667101073
-33.42049510288889,25.87873068471205
-34.66505557012434,19.49297435036587
-29.1039404621434,29.48754622318565
-24.92951181271074,29.25629347919562
-31.07967840988705,25.72052418747459
-28.27928010881358,20.62390039460899
-29.53264045059707,17.4068582695701
-29.72057326026393,17.87513796057795
-28.89302734118318,30.16422152092799
-32.5448747186411,19.32927131011036
-26.1707647439452,29.04607451965317
-26.56859795877467,26.06203551721015
-33.37562977659169,23.42696429194034
-28.59512426741779,28.40053985007365
-28.16079580429939,28.5786292847479
-25.26543857315143,26.31857190280239
-32.01402982928921,27.34331645150087
-31.82483463136305,27.88106433390976
-33.58992282738598,25.90688659396006
-33.41982890489928,19.28540117142282
-34.50381568970732,20.08307013059704
-26.31606271016837,26.69857651206328
-29.33895693718598,26.20693374621576
-30.53062545906517,20.43039223051823
-33.95045295158834,18.9144204461625
-25.14226748317726,27.30821607248008
-27.29856020783951,32.43872581696725
-27.21749490004814,28.2106644408919
-32.79245020382491,27.47247221123182
-32.70955056499777,28.34117986196868
-33.40371979249449,25.35174853901901
-29.1914205121343,27.14407729411342
-33.50844605153939,21.60128588327965
-33.00562666158954,21.65854575806162
-30.54874657357362,30.25671274439677
-31.34501137190411,24.07024747991427
-25.60862280382567,27.4407414105039
-31.24541357326752,24.22336716391959
-31.55993103570576,26.95422513869618
-26.30785037195297,27.1432510043991
-28.01743912730334,28.06497152925736
-26.47175163968089,27.16367166338949
-26.23308108037545,28.56369221618612
-31.3685596955672,28.80907768494173
-27.4229804624945,29.37055650708581
-32.63704717398922,28.42318192478314
-28.99220666566071,22.01713168135257
-26.03136734289653,27.22970913512126
-30.60118933263165,30.51727821373675
-30.07218484499204,25.6696478439755
-28.96573565904909,24.07629785780745
-32.43288542261358,24.13562666580155
-27.98722508809525,31.85074719123015
-33.90535839460401,24.14067019445135
-29.64916692443427,22.92965341126007
-26.23613836138844,28.73570164110446
-27.92213662234173,27.06456931306025
-27.27106935948837,25.97703432291114
-31.77670514792035,24.90616866467982
-32.67199077801637,28.15288896205319
-34.686890616217,19.9270086740831
-26.6629688003409,27.22080329411227
-28.64039114281863,28.26324060085308
-33.4742815891077,23.06007656987709
-26.73880121441882,23.25390984084072
-34.19013488837974,22.06154640978967
-28.67197414143279,31.5006338226398
-32.7449914849126,19.23050113229492
-27.47483594297865,28.45739525708812
-27.98531291604033,25.97690017587668
-29.11058227659421,16.84354961861775
-26.24975089314011,30.360763264115
-33.75056580308537,26.52857401822804
-26.33912563363942,27.65742923225224
-31.00897661639794,29.01039700315136
-31.99570592013576,25.98660991464455
-29.79332304455242,20.77530531464407
-24.39425888004065,31.00822901071551
-31.59285210478676,26.93783311870919
-30.6074628584711,30.35173875657291
-30.76935679493847,23.36854626952728
-26.49319075440047,22.62592248603193
-32.54215148328315,19.0092015088344
-28.37355802792183,30.37299927855186
-33.5133153925912,22.69871416579599
-27.21925760665772,27.64100455859712
-32.02841066496784,23.81631889631303
-27.4079767407975,27.45065285132694
-34.03247823987331,18.38889338179342
-29.96322471432815,30.62076600499134
-27.20473307014329,26.50732530086618
-28.1683575882489,30.86938751860438
-29.97574671312052,21.63725248257284
-33.50309976398063,25.74133719124086
-24.86272305635593,27.89465533288684
-26.9976477348733,27.52138036551207
-30.74596816446204,30.10483744741363
-32.79891779458678,27.46914791585149
-29.89717298435665,30.56425058451724
-34.56868239261614,20.23610084822795
-30.97839978944374,22.08161755736805
-28.25130415087588,21.65838418695904
-33.37116031768235,22.17651094345677
-29.49303340436426,31.24052816353047
-25.68362174571878,27.86659341233639
-24.83847026585288,29.46828231139008
-27.9200663588334,22.03200262355642
-33.8878359898798,20.3268310654511
-27.50590968311123,27.55189176143561
-32.62424337857922,22.1455420322994
-27.00759199917585,24.59499270124796
-24.69136737405754,26.85684122877331
-31.21913068761019,23.11321829692075
-26.75054792831574,28.03572350248492
-27.47398867980424,22.99711927743332
-28.6140962787412,20.21628906650087
-32.26982979669812,22.72332322225703
-25.19949521661681,26.50010473997266
-29.27310520316522,30.75553014758322
-29.3279495620526,30.09641890028794
-30.56568870005332,23.29541327163614
-33.94526008076776,24.80421888068823
-31.16457081049051,24.58203025872729
-26.36157512491188,28.68372336350971
-24.56047427086953,29.55454178297437
-25.83772498124567,26.84099312840794
-28.65299501306243,32.21180752385025
-31.6206845780899,29.35709383115246
-33.95463365024025,24.35730541348345
-26.62770287208362,26.50029522429836
-27.79211521700883,32.42498220898877
-34.03780073841658,24.59625564625736
-30.84765279846404,26.42122276991927
-29.78859152575437,23.91033090909988
-30.86515164486458,20.36024734714371
-27.28888649698515,26.8075298459029
-26.73936606977328,29.60368373071919
-31.08906676870307,20.29530595092858
-24.49849302447499,31.96932457811027
-27.58907568449187,22.94738335687795
-28.63429031610266,29.72227394611708
-30.47956420847643,25.58984612183048
-26.09901464920129,26.22008914281555
-28.26597129476049,25.37541907771696
-32.63725204152976,25.2518017312623
-31.88373216122804,23.13690258704526
-32.07850717704932,28.32127906133587
-34.08956949061623,22.97545012445624
-30.9330744803156,30.16245403368979
-27.63534965709561,29.81765469304473
-28.30576771259017,26.7523042949373
-33.6936072393299,18.44007358246721
-34.1161683829235,22.08391036062936
-33.20737055819772,25.11345994181621
-26.45463851241951,30.02320765683313
-29.89448286620236,22.96517729008313
-33.98126217277687,19.28224062326449
-29.26113253321658,17.43071457302058
-24.406498244055,27.4006076316488
-27.5288149524373,24.73809606185305
-31.07071938415458,26.86139915296033
-27.81280351356833,22.97944865167894
-32.66809937448949,21.50255760397212
-26.44062498656876,27.04800161077631
-28.40909976090585,28.91295413915376
-27.055629972987,22.97764309922929
-25.69550912638214,29.4550516101955
-30.80048099015023,25.76038083877914
-30.81372249529471,24.96657389639661
-24.86417933847532,30.32333818401803
-33.20894084206232,18.39502824352908
-34.42879431035538,19.50794330865682
-27.32115529789072,26.69673915860847
-26.65522469094087,29.51414774123317
-27.69682315693952,25.41597143742194
-27.83582603358619,32.38489704387105
-34.00554336809434,20.6705167735503
-30.15773915101813,26.49988643898193
-24.69745646034167,29.11951686092637
-26.37048593465776,30.10218405813573
-27.65015801861214,30.27223412050565
-34.15296180746402,18.93977440893572
-34.01235937603094,25.47624414049725
-28.84096940531527,27.88975591719639
-30.56921398115928,30.30178056526976
-30.51968014383937,25.80578578029817
-28.21187658716316,24.2623781337101
-28.1039637718743,22.5516256530794
-31.74692517725193,24.93600750277958
-31.0387032512989,26.72544531112509
-27.32479288959426,31.42357755308217
-32.4961975247397,24.48790483347454
-24.89667443752213,26.28042763387155
-30.28534559215268,30.31425248163261
-33.39921065254682,18.92068934185249
-28.32708526266848,27.59240049852482
-34.18726415407286,24.85558216433468
-28.87321026604335,29.32445945907564
-33.9831420785318,24.01580613055291
-33.54579844630745,25.46635426086094
-28.36060807770642,26.61419294364162
-25.36175809175119,31.17933160029523
-28.25206643084239,27.5255532798434
-30.28132639363056,29.93318533600451
-32.47901820761852,27.4245260838897
-29.18427701294152,30.31004025316501
-31.32515243586414,25.66845503517479
-29.54867898762995,18.2160149893069
-31.94432908701912,18.70056336138401
-33.5041677115425,21.04936693886612
-29.33821797903655,30.20550913716364
-27.61287390015142,26.80675923748541
-26.91780403199734,22.98409309295916
-29.79230332081995,30.86137475236716
-31.06872242912005,21.80724065063854
-25.08666244372488,26.73058097957058
-33.43711600320024,27.22655311204755
-34.01476773127582,25.36820977253403
-33.36858104268434,22.55712840772156
-28.84521019039629,27.8845973460613
-28.96566088140634,27.40044771252118
-27.44509101556842,31.8876044675309
-33.45431995221344,26.76058287461429
-29.58069682639055,17.23715610159945
-24.5142334994217,30.06161592811376
-27.97227381164438,27.55064170775618
-32.8306878956911,19.27973612149541
-33.77332162156096,22.0783966222602
-29.33662357496043,23.7687666016755
-26.85257953036112,28.56894007129193
-28.79607992406983,31.55760784984444
-31.77178961606159,27.08920377753028
-28.64476490358663,30.45740465634845
-32.12540262877184,27.11295261968828
-26.87537676812387,25.98606991790231
-24.81978938268217,28.43013536003533
-30.40392990211643,30.13955703263014
-33.30504901878551,18.82240578349868
-32.74778521315351,23.75990384527922
-28.34189384971466,29.69777230407303
-30.36656701752279,22.13459352204926
-31.25668899203665,21.35608893201408
-24.5412243824426,29.3175985874092
-25.03683509625285,31.00566538134555
-28.63307248621816,25.7479405115346
-28.7331594706368,26.11352248887857
-25.36383577531106,26.38619624509799
-24.22266119238143,29.03884726694624
-27.39652163030966,28.97159188033669
-30.83476067825352,26.79114565167475
-25.82453896735363,27.19413161046976
-31.52161211647415,28.52747068953956
-28.79797939656823,23.73971012437546
-32.43474184635886,26.87330117971653
-32.43448191464049,18.33940167752569
-29.50260816426506,18.31351077996804
-26.93154575958198,26.24500019942028
-28.66813469758031,29.27096174644072
-34.24306890865562,18.42680269538976
-26.2489768795404,29.34649973651689
-32.70179572393405,19.22008144679255
-29.81624465833209,17.12389881010038
-32.16982754790743,18.80517527037284
-34.47763279307129,20.50714250317145
-22.47021020725463,29.28110631891428
-27.36518016910098,27.28589121079225
-30.32332438872875,29.93770065652455
-29.3051472731833,21.24377456403714
-32.80791690068266,17.88496297482776
-24.77594925436435,29.4199949965281
-28.3372206475908,28.69272193588368
-30.45116255243013,23.55771882083677
-26.84435380270567,27.71109632585332
-33.73694850245381,21.92320794739287
-33.48018214069037,23.3868727279629
-28.95091130585028,31.67097319689766
-29.19513706753966,27.13301042666443
-26.19560741411315,25.25134317758923
-28.74948437724589,23.96080479439233
-32.43609310908645,20.65535594268904
-29.5455939650008,26.0635774681705
-32.17323029904257,24.56624568197343
-34.49100895332602,19.73780585376588
-33.41187043917278,19.7142054466416
-28.96614033803437,24.07347228934426
-27.75900812473104,26.03384984894114
-25.83783021737704,24.78563630171365
-31.83854618506331,23.30700355196888
-33.99014301787042,23.70459596981948
-25.75019575983328,27.67233405411148
-26.87002049943232,27.35224275679281
-32.02103896334803,28.35523696961302
-27.06748345529479,23.8226393357549
-27.08688092824437,20.57203541956089
-24.77110063587195,28.05488302033294
-31.20113940337153,27.80960424266082
-31.98106047676432,23.70944816125377
-28.84314065070368,29.45022635758869
-27.11904164861613,25.80576610111254
-28.96233353930309,29.20291488004365
-33.34012660322853,19.54701532793191
-34.22433916449539,19.46857181473412
-27.02305978191051,24.02787682940041
-26.81453621141006,24.46910648396266
-29.75801801660784,27.10611947362973
-31.21563462308654,24.95261931634125
-25.25146676966691,26.67458161683256
-26.33199632054169,27.44411709628707
-29.67716377935385,30.31476960757233
-25.83214250940233,29.80491497982716
-26.0476943365661,30.39236397623709
-27.73776559764276,29.93808652993496
-32.34616447269106,27.03934715325509
-29.18722087606069,25.30999165656171
-29.33345119872667,24.84181216433518
-32.00215607101544,26.80386637513763
-25.68500855206642,31.49064516947334
-30.54605301603219,20.42750154662829
-29.50771030570874,26.08880189246387
-27.99374802812562,27.18317154650161
-30.80697831046971,30.32569054405994
-26.64079411366059,28.66465569743612
-32.95488474325333,22.54322269561325
-30.9933578183273,20.31729800208709
-33.76070902366958,22.87037133597676
-33.02717996066191,23.53868804312271
-31.00570029323661,28.68081230618334
-30.91327486035867,29.97379684535254
-29.18947467870085,31.15782650016071
-29.7539230096306,25.34135542604196
-33.11340513578546,22.53873023018125
-29.27125675207392,30.02466331201079
-29.0614472343903,27.51031190801982
-24.38576367119313,27.11050541380522
-32.00615032416451,25.66713785476623
-30.94014462005725,26.87582222468057
-32.80544246420222,21.96962201034739
-26.15431077617532,29.6144269479827
-29.08019060454522,31.34680661440622
-32.75991238791502,25.63116950194224
-25.81750310432621,29.59014465193593
-33.20200239355472,25.07939377679246
-27.93119381031213,27.94829585403231
-25.78862122838647,25.02883060647205
-33.39615082767055,23.3622771310833
-28.92108020061486,29.93891474665841
-33.69352373299272,26.66088957918513
-30.00442589355838,22.64197921955253
-27.72554794908271,21.3317000943345
-29.52332400703348,30.92685443252472
-27.38365696343883,23.5082550301855
-29.75188061733769,20.81978895202494
-31.17929041413158,19.22700413419916
-33.08130534636429,21.81770112730559
-27.72706064427702,26.79716452179034
-31.35295861722299,22.98941307041774
-33.52927159017624,22.47842341149131
-32.64564381179667,26.92335140591837
-28.69120484011726,26.52374952630473
-26.61017965396107,26.85244849729359
-30.53647450151462,29.68629921974716
-30.26044850591109,21.94723669605354
-27.51642905609143,27.77364512396803
-28.89562672097177,29.75809675156038
-33.91061681739342,20.65768227947615
-29.62118603372527,20.93260172113028
-29.82377420737467,29.56902303259244
-30.94902408071858,25.03223728260411
-33.23714092846925,20.48797746278797
-25.16197878323926,28.71116005162011
-33.32770503668991,26.48519309574093
-28.43538963426423,25.17225968349246
-32.73316014178594,25.84071443243481
-28.74496445337955,20.90393589650525
-34.62623581101248,20.05725284947314
-27.32862777736542,32.55646058972128
-28.15659212890051,28.11467540375167
-26.41542890118093,30.50149305156489
-26.11851104144891,23.96962307630162
-33.50163328961707,23.25405232030939
-26.06488398998185,25.57165694542851
-34.12204579430564,21.1223340190443
-30.97402649510881,26.83376082288303
-28.10982378769004,22.88517663710943
-33.49199690714364,18.8253541657229
-26.3892999686602,22.48208139997379
-33.91356862063056,20.01974789416202
-33.85342369078973,20.02057335143694
-32.34168147058985,27.16920735074291
-27.06563785866573,29.91787952245634
-29.75368182167284,31.07016354043481
-30.42555951219631,30.20305722368548
-24.13826846156606,29.47630276838257
-31.79814766778016,26.72602033347632
-32.50915120310884,23.64824154966025
-32.66498336993634,22.10324295783319
-32.23725051133827,24.52001223441558
-31.93172950667782,26.0861763757508
-26.51359302109635,29.91142058230404
-31.49520413083416,19.53388812824217
-33.34475995792789,20.92340035372812
-29.95559333488091,30.25520063946065
-29.65997015301971,30.44007622996721
-27.55811964573466,25.69673705735135
-31.37204869972337,29.5781296548417
-25.97684016648477,26.69043908371824
-32.69185071920953,18.23719471842772
-33.06616236382569,21.59655501478397
-23.52646140729618,28.1419043141501
-27.9286677362312,27.75777414397667
-28.50064286063293,31.33318425612892
-28.74031814976129,26.66284462043393
-33.60300816556113,24.21261463335101
-30.0870974893916,26.46288573947087
-30.00787271532129,30.24519911154195
-32.96697725098782,27.81110785025479
-33.38301922027468,18.88835194196007
-28.93383090866734,29.25780385110722
-27.38491398947791,23.68826179563023
-33.95632936623101,18.67253124218881
-34.09220439064418,21.36024379960671
-30.90376665916028,30.33983038166753
-29.31746387053434,30.96654037548318
-28.85048963626629,24.7575151528149
-34.00079617540516,25.68522876247862
-33.61892196052565,21.91439773475722
-32.34535432396953,28.1306928090951
-34.35447884762457,19.58460057620351
-29.66324180275315,30.16873500798389
-25.41762788168113,26.71449658004773
-34.62678432967452,19.31144103729597
-28.00930298796996,25.62155828557443
-33.18074002375825,25.88290917505391
-26.84785033172322,26.22859378388253
-28.16443085481023,26.23615988673267
-23.69123437612512,30.96550822233583
-31.27312599452472,17.96774994735972
-29.55243530048623,20.98792061161052
-27.91696466445027,27.32842654610629
-34.19440196339128,20.41778584199328
-30.90304493484134,20.3499692841093
-31.87257238805451,25.38566781761583
-26.14474292818787,27.68274762352674
-30.74665303284555,25.61382551810155
-29.30437527097309,21.24534586952719
-33.92779317422418,19.62234326615864
-27.04286676366937,27.21826209279832
-24.99850448517209,31.60936686637888
-30.6636231964239,26.6793352688458
-30.16407025672736,17.78349763213214
-27.86524862610804,25.11530933664501
-34.30260280996743,20.2029260026763
-27.165568675496,25.89976117690104
-33.28187026344936,26.83778117709099
-28.36826561232333,21.67603573340115
-28.41318202303235,27.82708396972443
-32.90760196082508,27.67522076305613
-32.1781630155777,18.31478789171276
-24.46609476568627,29.81139216043841
-29.75785790594698,20.81335219103227
-29.52078400036265,18.26981405469037
-34.18482371649,19.6632918300921
-33.27981662711483,24.83528729437893
-28.04765794168778,30.63398630902061
-30.39564280481154,26.83283426213332
-34.05281576281016,19.51098245697129
-30.94833001520554,24.69633339978072
-24.82265684369447,31.88619927667682
-26.3120683164057,29.11791377822958
-28.18414994259738,27.74619332275838
-25.85106839084612,29.08347491439855
-26.38605377059291,27.14912193339927
-27.01546365083168,27.17353693240995
-28.43369834665835,29.90142201736907
-33.72960650817547,23.16515195750912
-22.65784539556849,29.96839249280983
-30.28373498344659,26.42732663989812
-33.76287519249454,22.84030006839958
-30.3556627807869,26.32774389008447
-26.48323318086673,25.4399444033329
-25.68604360108337,31.18956307575573
-29.32770986804296,30.73881667761833
-33.00227691922881,24.48213089679917
-34.5192090279922,19.56174384028606
-27.85824931776599,22.100393827978
-31.53105722528847,27.65394173317964
-32.24375699352422,22.78105199928215
-33.09540360422694,21.54697719836592
-25.34754182148891,30.90486886309693
-32.24741361375941,26.86220551797295
-31.62081817776108,29.54552126188879
-28.65624977031006,21.10268068587137
-33.21946584375819,22.02179581350423
-27.90653931970494,26.95764772098508
-28.63025907728041,32.03755372815034
-26.27979214023557,26.65834403297255
-31.63450772178678,18.25348822892526
-31.73232542887599,27.14981114688273
-23.98800197662367,28.95780955800778
-30.55805687094746,22.28964072031654
-32.60537834053147,28.48829797620477
-26.75954800031725,20.33530889786336
-30.20082874475372,30.11029476632022
-29.86906571548079,25.57697990033033
-33.31853833603243,19.08182485852485
-27.00805425208594,21.0120462625006
-31.51502892117157,26.51416397139498
-30.65489922713303,22.70304214046983
-33.66019466101381,21.77378382181401
-34.27720621653862,19.5384004132102
-24.0828165467931,29.24563275231545
-31.46604537689451,26.71740833215475
-30.14928735939621,22.58024724787095
-28.22408139733,28.28148321069506
-26.96493801138636,26.37331908446332
-33.82819902457967,25.24178918946808
-27.38405359077406,29.16798788383969
-25.82613940931691,31.0815019233789
-29.44541863472267,23.84268304657669
-31.30863261270451,28.10207940824739
-34.04763207180309,19.16012906403289
-33.49149654616617,20.56796968149204
-27.52559473858939,32.00925042962568
-27.38047681439692,25.43639049096812
-34.28847537869333,19.54536834946011
-26.2014213677888,27.77581240249037
-28.72200488831351,26.00827308481466
-32.73557443300695,19.04086519986717
-31.60625602258124,23.52507567150175
-26.2466218395369,26.07827801992244
-27.67780824817476,28.3735167593996
-33.60360777764034,24.19974937900642
-28.95233537907633,30.57804511325086
-28.76370197450817,27.08244131428016
-31.4847195544601,22.35021624661729
-23.06807472642351,30.21997011632988
-28.51663590909093,26.07064202378243
-33.16987952597136,19.38037166521898
-29.94771229420974,22.64922716548754
-30.19011533865755,21.79526007873379
-29.09906810746178,26.19202395431164
-29.57918018982581,30.2020651554173
-27.67751074029796,21.97860345692608
-32.10766413431587,25.42913160044107
-28.30660098953112,29.15187262080744
-34.0216095480924,21.44581603880399
-26.16517004959537,29.63006274471407
-22.54055908946204,30.30917579241435
-33.94490003976239,25.48535122570414
-28.37569360603875,26.51059113756205
-24.56753274528432,31.03639831166571
-28.83516082349059,30.02059472220427
-28.33233244933069,21.12969178401822
-31.50412455298097,28.48808397856381
-31.22559190390928,21.48513525031316
-32.33906257484963,27.09040780362114
-26.58466546986854,25.63966098454104
-30.06910257930882,21.7032578782719
-26.12973240648533,25.75663193421407
-28.35661415687396,32.4200108756169
-29.14942652376682,26.38178402737773
-28.33155526518088,28.32046664487519
-33.01414269654126,24.77691879509244
-32.89212031967698,27.27655426037159
-34.01409235375676,20.3955002513245
-27.83826127618583,24.55064198452003
-31.18975536100596,26.80139753646474
-26.55368764902779,20.60765863879059
-28.85373338571537,29.38154946048387
-23.90298010616098,30.54800195292468
-32.48717108763918,23.74197859479268
-34.05740893670624,18.34656002622136
-34.07482305661912,18.62105834449031
-30.86813337280006,30.18323954902933
-26.92223779582442,22.08998671087645
-25.81139985198856,30.99940458042689
-26.96920335668217,27.59883772637988
-31.81833303405831,23.35049802932852
-28.62734984880175,25.77243924653971
-29.42681562587787,30.65901034301432
-28.12668070950301,28.06523922274197
-29.53071252882406,27.14250638939918
-27.39723702250621,32.07431267594024
-28.15629987202072,31.87626181392034
-33.51104099902035,18.80553867907512
-26.15230330333447,28.82810025205793
-25.49913225059335,26.61332602077659
-28.72708520341765,29.64564473514665
-33.99982297744997,20.36746985421036
-33.57647237109005,26.88589775228298
-28.57651651446612,29.05316470536557
-30.01292958811401,30.93085479844194
-32.76676583665822,24.72327170950413
-27.91095477238959,31.01334245594317
-28.89913321287799,19.74818032896652
-31.07851770592249,19.28970366013927
-29.29539804757345,17.75555574427753
-31.80370645586878,28.61488941856704
-29.41112680213017,26.43987796457625
-26.87428541511531,32.81418519435066
-30.91170902817091,26.36927718070886
-28.70525356184579,24.13159778957414
-28.97735764666077,24.98049024328127
-33.91544559678343,22.83483862481562
-29.97168996272539,26.42663317157332
-27.46629302886599,30.76061582678109
-27.0631242597744,25.96058379020948
-30.36792382607312,27.3124855463885
-31.04820451892096,28.39052184029729
-33.97434436534692,20.83156580371718
-27.15740233436949,32.15112812351389
-30.25052982754287,27.1876449484024
-26.28132450903716,25.30532421043169
-33.55107205842679,24.01820292696232
-24.18859058320806,27.52405248879455
-27.93931884720761,24.78863709849501
-25.36757776380039,25.77103634193062
-33.34450764046908,20.04528382077023
-28.10157418040125,21.48645118900922
-33.56424048500575,19.20369618335406
-33.54715818467654,21.84314382853071
-27.03534135803683,27.84422066964114
-28.1555134884452,30.43408597657457
-28.60290931366488,20.86789579262584
-29.67320827644285,26.24614018146113
-24.55333078407951,31.26988028150558
-27.39149364297259,32.2057124749218
-27.21822382481449,26.60894078897747
-31.04923248276214,26.27292750801375
-30.58035465168456,23.48427865047677
-33.25217499594061,25.79008747409754
-33.25896509985012,23.48428964145176
-33.65564365974254,21.76755975188717
-26.86624972190891,22.75220271410852
-30.8975582651094,26.83339947544671
-32.02989854190336,25.93102758687541
-27.02550818239975,22.98097059216629
-34.04999627022792,18.42103009349243
-32.15844069491254,21.61070522732201
-34.45283005180863,20.7160772406672
-33.58457168460981,19.02596636775698
-27.12488255293678,30.46983409601437
-26.23241732314323,30.31462116615164
-28.38478758039464,30.2705435996121
-27.30543963342479,30.23685936108905
-33.41730910619511,25.90206715404825
-25.66048667897687,28.04557959682891
-28.8701023801682,29.96738298490343
-31.09818738759524,19.28243183278499
-25.09127942920551,28.46655824438899
-29.55794938687024,22.39251977461707
-31.90240724596723,24.73324955054405
-31.23845768748327,28.87824007208458
-31.91071897219949,23.65167302102748
-33.4833741692688,25.47356091758522
-28.15923492595835,27.11719182511859
-24.88807961462223,27.83796274228176
-33.75174938954284,19.55425913374814
-27.2293331449392,28.37751778987007
-33.03289476400533,24.81932742245083
-27.22900300084448,32.54600112421029
-26.1296178346902,25.3504127446187
-28.39088257467214,29.61214389539115
-28.87831308436309,29.32522745980118
-31.50793000125778,27.82455649446698
-33.45723646843149,27.17049670408361
-25.14058879524447,29.30534331906996
-25.62427845342542,26.33881537539473
-26.32681303734991,27.72064898373855
-34.21607877471945,20.42675521615123
-27.62653940613564,27.95204133962082
-33.14778946111849,17.9991474043843
-32.47716304419944,22.35600295914998
-25.9624290165495,28.89738437268461
-26.69480593775353,24.30491507485284
-27.9456725765366,20.95511056523012
-29.91244296149004,26.40652755758207
-33.85475999899862,25.27745505771655
-24.71533478012279,31.20577903124981
-33.40542445326102,21.99539695536241
-26.71416209090187,26.80256228663546
-27.2649240640674,30.54685556116392
-27.87240218897191,21.62000785181818
-34.17275817039052,20.10737036050946
-27.09323625805393,23.58224203096563
-25.27503361099977,29.65901503712371
-31.68185450118655,25.62407906987293
-31.62025776108796,23.09508683899135
-27.43825013352031,28.81400124428432
-25.37938287502955,27.69293667487237
-31.40834642323714,26.44658787198659
-34.42229414058592,20.85326779051921
-22.80690816532552,29.20978807962093
-27.1054312785816,23.26882640845533
-26.8850485419576,23.85918249110516
-33.30271374837742,24.03897449818195
-31.53132726624387,28.83244753113981
-27.18402724719952,27.03502535799685
-34.70279752838675,19.58407518365388
-27.87340178585028,21.27598726345265
-29.18010539770323,30.60893720045518
-28.17501831669477,25.64258581141763
-25.94788432883297,27.80550061029461
-27.17262024205054,28.70943326171515
-31.58605060453432,25.77651123128522
-26.41969181016853,28.02724608963542
-29.15094809233763,25.36049706007041
-29.5778371950156,22.43591053990626
-33.23552204512147,27.00857781334945
-27.05087762304775,20.77758213232849
-28.87292962126137,19.95890007205972
-27.39435922858678,27.6024966509788
-27.05810026665775,30.63763777292461
-33.59902016416534,18.92716010549929
-29.99142222918037,30.70717833202222
-31.13639121521335,26.81130976129453
-31.61974552269832,27.9910378712854
-29.76514073990401,21.87778042162235
-29.45091584419161,24.3183060188852
-26.27338178134547,26.37627532775454
-32.4906561891412,25.81582297115987
-30.29598773820069,24.57227746131466
-31.58835919523946,21.13170756440827
-25.48934429784131,27.15669067906932
-32.51346447142704,19.31294410155414
-33.52468345497114,18.59350690648527
-30.32072039994118,30.53800379026158
-27.92007314563896,26.69400387722854
-32.62069697126352,24.18526204513383
-32.66807499049042,21.50267041193518
-28.5864619193493,25.39117089130132
-26.56131119888756,30.36292390183593
-29.48503537579139,25.13069593809757
-26.40986541921977,30.55622840722834
-29.19568323062841,30.60946648557552
-28.72838829685292,26.764429776763
-27.9488553093336,25.24561454623218
-26.8959178471269,26.66376964506804
-25.99256496355437,23.52627251484797
-34.07817399600044,21.28640214156183
-26.97758934644116,23.25108296213099
-33.18875810535,18.06778959478397
-27.15862331273448,25.40163090067391
-27.08377398939523,20.56631597071868
-30.21870178906073,30.73224809685488
-24.97121090490653,29.06058757080669
-30.72542481392089,30.10058681706139
-32.46798536766236,22.78386252642786
-33.98594466858844,20.21953452461929
-28.17103444638885,30.84538629490405
-31.25742359201425,20.22325481951603
-25.48126850547115,28.24985560184481
-28.62242357818251,26.37391921688751
-24.83131828667013,29.17448891553477
-26.13351465738117,29.18619753314309
-28.73318877482911,21.07125870927023
-32.1272084598138,27.11329445957209
-28.04183655841127,30.00876851158095
-30.76054507086357,26.87487130924811
-25.46417960912783,29.88866020041188
-28.06783744546759,30.1200841401095
-31.88481837725806,27.84489855267802
-29.66008523331956,26.3412498428105
-25.6615948804383,28.66900895132289
-31.97689801728483,23.93255177458918
-31.42185496231158,26.06382186356519
-31.96507225489713,27.46700489885796
-34.22735011064404,19.18766245727982
-27.43605762081988,31.62993612147844
-32.81882728883626,27.00042003727993
-33.21527716272995,18.20313783930789
-29.98878958983995,26.96282146687205
-34.09646199925247,20.08977592044985
-28.66705447039328,20.40571338231646
-33.36323165963442,24.84910056456519
-33.65851881874959,19.48662310315281
-26.85602368306919,23.9307336855853
-34.0042184865785,24.23417167047095
-34.1309478560191,18.86420871189808
-31.04710713167173,26.76852459512244
-29.53927511191367,29.9307469832328
-25.48573309513301,25.75570196823778
-31.32606839910072,25.88385341217333
-32.89077973100244,27.65102273706828
-33.10264147957887,26.24952477038207
-26.27281214443031,30.1133384794739
-33.72350283369572,18.69639525217391
-29.61838313579099,26.01205226281408
-27.17962827986689,32.54932342850656
-30.83625993429367,30.37746232435668
-28.47330851941803,26.07584303175068
-26.07225312302357,28.74569513722687
-34.02701989191694,22.47659523192587
-28.27412137232244,28.90111172795779
-28.05691496341938,32.2776166230698
-30.63744506102994,21.94807780936537
-24.89008010317506,30.58626487951788
-30.92409185319101,23.25135638205332
-33.95382461135807,19.32343049837588
-27.14685759605377,26.97733507658858
-26.12149520992978,25.27906908203949
-28.24922007662243,20.4398355877674
-31.17017447481804,25.7253967146501
-32.22374254683971,25.48542265205737
-33.54287282673799,25.80334176247996
-29.75250685665282,23.95292076805706
-32.74704090700717,26.57032781239219
-27.72470247268824,23.0862736622229
-26.80862347845301,27.28986966687386
-30.58388105979951,29.91191429136983
-28.30132112504355,27.7905089648336
-32.78441068119801,26.88894669387853
-27.06005160356886,24.98899081363288
-26.67873537486233,25.33287038150208
-34.47506795100369,20.11359533999884
-28.30752977833755,23.03356419650833
-33.90318222710879,25.18229452047342
-30.56073236709017,23.22711145776676
-25.87680072341933,26.61177877792644
-27.06050520349728,26.22358251164678
-29.22102948484957,24.75467206551806
-27.74893778351438,28.39051845254078
-32.48366045917464,18.53248950820237
-28.80706962037148,30.47657697220782
-29.37933353028586,30.48897116306264
-27.37358933723255,26.12400955064699
-27.30286849234772,30.30936418973245
-25.99415827204131,26.51002060965064
-31.20651730948925,24.66115355786176
-24.36029729417837,30.61734790982855
-27.18910340957476,26.04182957975937
-32.48168934092302,22.56098432229162
-33.62108408022932,26.61095179587305
-32.57885419191241,22.2847253193545
-28.70970647840588,31.67056371863717
-28.86627669971002,23.27019147260338
-22.78800476893599,30.07267534488855
-32.72039177738813,28.11899563331709
-30.29638681416433,27.00771245452401
-28.44726607804878,29.50931145074604
-31.67821272698802,18.50818537931975
-26.99977361677891,24.83958771638633
-24.49534267468015,30.66522079860143
-33.78182385409674,18.48812140960136
-32.98816303013616,26.14745986490698
-28.63423297211179,21.06401203069804
-33.1693359945176,26.31501962451036
-31.1902580098325,24.96278145789547
-32.98303798895251,17.88164851986737
-31.29304067314214,18.11544517141521
-33.34974984857552,18.14719352124033
-26.4146470799686,27.00044868902583
-33.52536485934545,18.80634916600411
-28.47313336364371,30.15123993227331
-26.94074025513841,27.09811866580185
-28.71006517382828,20.87719796600329
-28.33979748545184,21.84745593815257
-26.8591958276331,24.33349794759397
-30.77287138671112,18.09133187617889
-27.71676390200278,27.14184093682438
-32.91249413586566,18.75834200057913
-30.97169674786718,22.14216682137429
-31.5591168710675,24.65242727421478
-24.96058125970144,26.56941149601685
-28.47208426231622,30.2419827804407
-31.43945375290841,23.89112386580603
-25.41303473303326,27.9509859689795
-30.78045146355555,26.65254333291839
-24.96288617440184,31.31497383757953
-30.6235710601246,26.59593971754006
-24.99834390647626,27.9788500292521
-28.2067005578823,23.85861879349306
-26.72782191073526,23.02744663456884
-31.93236615384321,26.07247078440071
-31.72871293418279,27.11618050640553
-27.06036030236227,20.52577889391765
-33.3746901455139,25.0988250192733
-29.69275996709707,20.87476009168916
-26.93771022006887,25.93275835519397
-28.63198217803114,25.62409785869177
-32.94368366500644,21.64118204628808
-28.84912903101026,29.41659982694954
-33.62475253215789,18.97289024955402
-34.09257305283561,21.03100513072413
-26.64154765350762,25.5343115414546
-30.94164825956454,24.53341569302436
-33.58112728312613,26.9173515876107
-27.09566577669289,26.08243021518168
-28.84264758828739,23.34426542171227
-31.56837411329438,26.55336645643287
-30.53843549906728,29.53177897188157
-32.47305086643264,23.81289020870595
-29.93633940159722,30.60143277174498
-25.40702365375874,28.82635188209126
-23.45040646630388,28.08431881523089
-31.28029670138888,20.19653259103786
-26.55216952712003,26.44597171636454
-33.74990273638558,25.4231139675081
-26.71967642925539,29.3802377308717
-29.29847050520771,17.21363500254348
-24.92745965158838,29.43804718289345
-27.33667837387265,30.88169546154645
-29.74815060540338,24.78132399336154
-26.71218257564227,26.5226573205811
-26.60214532035291,26.25878776811804
-27.89297056973235,29.31874133485753
-27.98519835345426,27.03964574051843
-28.39003740511301,31.2730200056427
-26.65744383650507,26.78992860576188
-28.86776712508625,26.52852145243063
-25.14384186357237,27.02984494124114
-30.1472350990073,24.64099263659687
-29.45523025981339,25.08838145414086
-34.06965634645297,18.46328367224264
-27.02061264814503,30.40073855975126
-34.12294636449392,18.9253764233715
-32.90690719498258,22.54720078721152
-31.27353678971888,17.91000895642901
-30.53289852133294,27.24935536225861
-26.32185841063275,25.32695211262187
-27.72268306766409,29.54728224770633
-29.28352617271817,29.51434984377022
-29.07601201092381,19.53108427877453
-33.0133990859828,17.91869851232076
-26.56667517058154,24.91892834351694
-32.61275639228523,25.87030311220717
-33.36182418457371,19.29837255429775
-29.67554777114859,26.91766894649748
-33.53493799932419,18.73581841515392
-33.48529618533847,23.61806688531589
-29.05611985402452,30.62816000293131
-24.94212808468246,29.83353152511163
-29.03214620509629,30.52199884277126
-31.47520430342169,28.43851696938938
-32.59800616087897,24.16261040058004
-32.44562111633741,27.33272643347946
-25.07310013223029,28.08220053067188
-24.5995477663073,26.91942070157894
-25.94817906030712,29.48336634798947
-32.45326881507626,23.4204426395081
-27.24233543571804,21.41640593614401
-32.77577196513501,18.50622016952629
-23.35399208833541,29.19516258209416
-26.19517917907373,28.86198575333764
-31.31248118193034,19.1217198282939
-29.61691592854446,30.4510696795856
-34.18590526820719,18.82047680073633
-27.06144362931104,21.3550082777587
-34.09285812212823,22.04134583951847
-31.12332219642987,28.30897645276179
-27.98850420494857,32.36173278290545
-31.82562877143923,25.49049421006728
-25.47413100036548,31.21193941877991
-27.64516110581953,27.43067512811897
-30.01266790977557,24.73235520845249
-25.30311398554718,30.2223142031559
-28.09160678450133,20.0111442602305
-28.15632627324227,22.39560518481487
-31.92150772903441,26.7865721420833
-29.53794466756164,22.34986516674114
-28.63396278839618,27.42580913004091
-27.13454793993022,22.71431917652436
-26.98806261744877,23.81101667167992
-29.87161796203061,24.59530832462162
-32.91370867421058,26.09350964740782
-28.34047620978358,26.9457375293783
-27.61391635490911,28.51547126864887
-25.58333879591471,27.78975519964567
-33.97799333416614,23.1370938934204
-33.55749957051996,25.26847987257354
-30.32885291904383,20.52010216403002
-28.28980405713828,30.32063937582774
-31.45351808539382,27.78600851323598
-26.96323686379019,26.73565474890764
-27.24970412353058,25.27761712071761
-28.38306056210475,21.24828080079835
-32.11034685550484,19.05521646347911
-31.16165818265093,28.53000787831887
-32.29556213851592,18.90031874326006
-33.10744966009117,26.25614863532051
-26.48285600368328,29.55195444939689
-28.93836438330537,22.34865630534399
-27.12439288014233,25.51352003668424
-31.2876376352302,28.2774407461813
-34.08956971044321,18.90852363843594
-28.39302642955065,28.00713504651938
-27.78330874520129,29.80389976575702
-26.79121453722931,25.48205913686298
-31.47655355090136,25.7594123330514
-32.03466525467276,25.64871131070999
-23.50841701326836,29.81861452030289
-32.00579847973201,27.00160436607501
-32.18992415023749,27.93891472568035
-30.80188562296805,30.40366520532235
-33.72843253669531,22.30556171407283
-27.6784946244005,25.46844827478427
-31.0205261297054,27.64075924969478
-28.37708887265824,21.52471802556509
-33.37162380217679,18.18063092675837
-32.4490178389717,26.8611254806918
-33.97276640231956,20.81876642708724
-32.01225022649238,25.49364034375828
-28.84319560010993,26.81023225788983
-29.98488488358837,24.61845449936092
-26.85074220596284,20.458381276627
-27.19733919073169,23.87377023882117
-31.82414988307742,24.85533178413501
-31.27487039167115,19.14542016793551
-30.9542195906676,19.42816141096695
-30.41028090016187,24.38954476888184
-28.17637236594929,25.65995638488254
-30.36018698401427,22.49665586539426
-27.03608200811606,23.61645112616218
-27.77145697903955,25.30124439833512
-30.50437646017836,29.7872360870982
-27.51225246919259,23.45718928917226
-28.22156439667048,30.30030734814033
-28.22456417295968,32.48903310691247
-29.19464479655426,29.86397554204846
-29.56609953551933,30.44851100692176
-29.52735837003305,31.09928790020983
-31.93169581469866,25.70973966793959
-26.49525723306573,25.25017933458383
-32.71478063906254,18.48835127699368
-31.6598324553491,25.74696618317633
-30.74066296229673,22.04799293082309
-29.11916502924414,29.69892211558846
-34.05142586335508,22.4013965413194
-30.84126545931826,24.51106000579152
-30.6204516389125,24.48135932806067
-30.64664189453985,28.47506089482106
-33.59564499604237,22.01680292124091
-30.71804512091229,26.61059827384787
-30.4802249648408,26.80301754080539
-32.86118628765966,27.43100943640588
-32.92899869562655,23.6059588412164
-26.00789212943649,29.58802070608807
-31.58044563178725,23.27189055249245
-28.20556984632646,26.7737152777865
-27.12811812806422,25.50073408974356
-29.51784402747968,27.15716330130085
-28.90368201363221,22.62301450450454
-25.18553562828733,28.27400108778322
-31.75558602643255,26.94851358518218
-31.47739514300644,23.08467448621785
-29.11504966349253,31.03329923775043
-31.00398373129282,28.99388198169614
-25.54647394462857,28.0265134138518
-31.18539768581275,18.34526966527326
-31.29945675800881,19.12390122934229
-29.85963387931641,30.52811245405001
-33.64478632571183,26.50168883383824
-32.23637283870059,24.63239191892376
-30.99779331015682,27.61860680988823
-29.5392492141899,30.0913013250084
-28.42881727974701,22.22494179662552
-29.22659587169059,17.60494928715643
-26.29089113036552,27.05010752006354
-28.97662266525423,29.76268874822008
-23.96787810334726,28.8180488161511
-27.88734422059744,30.87536416208201
-27.53278728975985,20.80262238314263
-28.45862060619444,21.3926371100756
-27.00452101366306,22.32094992097228
-34.15539442962673,18.39968803337967
-33.52347528777351,23.4448255840876
-25.31291659528077,30.21515615912946
-25.77006621599278,27.32139225314102
-28.92941501683909,30.83412209573819
-27.88914373745686,28.87628187084331
-26.94407838235648,25.86704101356062
-27.69008694365804,26.53820037801242
-29.0255943818241,17.83221026987061
-32.149049130667,19.03104968690594
-29.23287271365562,31.00701545890913
-23.90170606103439,30.06981882961301
-34.15735016674681,20.90971837110479
-29.12824321508285,19.24587402874333
-25.79986209539751,24.9859893110682
-29.15418331345104,24.72297893217032
-30.25982417582649,29.35777438815974
-27.51644969091457,27.43162830854701
-33.24633554573623,26.4274799032365
-25.02725845666998,29.15290502309803
-27.13452547822182,21.32199692881385
-34.01961004529985,24.58392260965913
-31.42308065912781,22.54422522248367
-23.1539938235828,29.72178406831374
-29.05546812841051,25.19264918353857
-29.65798910772812,17.63212992696236
-33.82112896719252,23.7383309695276
-30.27426804394574,21.91172126608415
-33.40816357691432,19.73126757358936
-28.02961048870519,23.05409591438004
-28.4562239034403,28.3460670816847
-30.2239255537613,20.55886345747989
-28.54018541638067,29.80433388682882
-30.33756402075054,24.56553191785062
-33.99209163401376,24.91607099026033
-25.58916793388507,29.10808982290406
-29.42725708949403,30.203561753377
-32.3255511519722,22.45381471331794
-26.31097101326635,27.89376654747719
-33.27811480391886,25.76246220709987
-26.51773757108811,26.84197430381844
-25.86155523034498,25.45750164759223
-33.46138367534722,18.40475653169545
-27.68559102283502,27.57719705091388
-25.29887544087587,28.93114896068025
-30.02270956975508,20.64730273634342
-33.36163694165289,20.95296481247402
-32.66468559757197,24.23199542622936
-28.77161010706275,31.6618189238547
-27.63096254362303,26.9346647496065
-27.78510007458892,32.42660084436952
-30.74941683169151,17.53025139427819
-30.4544205823402,26.07660341571945
-31.35734660157151,27.95522975820135
-34.40483761262927,19.37962718534069
-28.17297624080431,28.68426096580665
-28.63413768674027,25.63026937606377
-27.2166608511716,31.19481687793339
-33.26168343686052,20.27915991953439
-34.10798289573545,21.1658857707376
-31.62763480686206,29.37983925756437
-28.76052347706573,20.62056694685628
-31.5427228871465,23.24146885283293
-28.80125501221734,29.94126992190785
-30.81500264146707,26.29658009139159
-28.69522416011091,24.05900511072334
-29.45733342968581,18.48072570167322
-33.42463394778794,25.65195388643825
-28.69980631022724,21.81448622298511
-25.70536844795079,28.83028728762542
-33.61073398507578,21.96265843827852
-32.00774949859066,27.37593758203883
-27.03139659925495,20.7775643070179
-33.27894835946194,18.78945936980708
-25.99693286513591,27.0735835746057
-26.71049839814983,30.29842191226218
-31.97411636107858,27.0325729244735
-30.18823265465473,25.41869839183655
-28.86722781029189,21.04633247337871
-25.62470188919945,25.63536993095151
-24.42611066489382,31.50463731900744
-33.70721504653681,25.80389594004287
-30.95796986490753,26.61675383333765
-33.27201200116385,22.30392223352429
-26.36421979109873,29.52969796576186
-26.22056156492164,28.62604738543238
-34.08306427331944,19.25958752031824
-27.96738925022037,21.60310292191492
-29.21882336030036,22.47135368460416
-28.49074033086498,24.68777536751469
-26.75683130605068,29.9258999749442
-31.27979832569588,18.56084315210336
-32.97615099050831,18.99306719548835
-34.23926320033954,18.47583441157742
-33.52099856385009,21.67406385759223
-28.24183443834634,21.34338337078961
-31.00972184638593,19.34102969989518
-25.65945435077599,26.56381218516323
-28.57296964572396,32.20909210428217
-24.3526957732632,28.85278536949553
-26.87002739680787,26.56988936329359
-31.19867325347182,28.22475275363564
-24.52883515575713,31.76775078729085
-23.91426291057547,31.0013246941513
-28.11831712384033,28.29083660671686
-29.53100568783172,23.14615739662529
-30.85822824618536,29.85357514325919
-24.88532791381449,29.96911722011965
-31.78419557955233,18.23330611469758
-27.84748624460654,24.56212602305878
-30.44056668989828,29.87251939135111
-32.79506514904219,26.49321281119263
-30.61938306914999,22.78337828569346
-32.90641131884152,26.0945119096325
-31.19613896321095,25.75726792077629
-30.56547115714979,30.57960937733329
-33.68695936910441,25.82169304413457
-28.03958555560586,25.40965451941076
-24.99716373464872,30.49987958950453
-23.75473575212398,30.9969021997432
-28.14216186948139,29.06093291894122
-27.31175863464576,27.60660135025378
-32.57336063315834,22.56804526704071
-25.64354431656118,26.80099469112573
-33.82197416671242,25.35080460477475
-32.52653375221494,18.3524098517047
-28.09026135273221,25.46248351790114
-33.47955224795651,23.39923757973392
-30.46652274259148,20.49428319273607
-29.74694385771252,25.96045604024242
-34.1353829243518,19.72114989181537
-30.10984788391904,27.12598764710226
-28.98139189140724,23.98640856444438
-29.78248258184904,29.48441157157352
-32.01951833254599,18.78243049569713
-27.11520670529346,25.7139194100085
-24.91254054864264,26.74308048018574
-26.9454945496912,30.48548308934821
-30.63762193127769,22.72715427752245
-33.52150279557497,23.74428509766387
-32.53411521743357,24.66282154281815
-31.30346974610345,26.70222293210442
-24.73389658032488,31.15825308842835
-28.90040175033016,22.90915569155629
-31.69028419193498,26.7289947958172
-32.39537268765589,25.7534482773887
-30.76909718938065,25.03707653069866
-28.62937399723484,31.33895401493727
-33.03628769765358,27.58675381953206
-26.9435492732307,25.85152381623924
-33.61889739556423,21.86272086683337
-32.77549566346123,24.72613053371786
-33.99766515748448,23.13327820802183
-28.96236829843506,26.19491795806669
-31.60254767658748,25.20695353559934
-30.13153043538171,30.84365071882597
-32.67837707393874,25.34475992018571
-27.10719484862268,28.33470374812261
-32.26664404913307,26.85470967670102
-26.82265212307134,25.20106569924099
-25.45878292132323,29.05375297943494
-25.58155182398134,28.250646673427
-31.26547235128964,26.1138740422582
-32.4037085527129,26.89497893813902
-26.38237659328582,28.44842435393241
-28.43476055740292,32.13632972393508
-31.80306567882983,28.61602205859207
-26.15227884824185,23.81177541959342
-25.07989038289268,31.91895493376587
-33.17556667935211,18.40264893415097
-27.07370575799306,22.38179973346872
-26.97823187675179,27.88097322252208
-33.08856054936832,18.69071816511444
-33.29255432518025,25.70714262619265
-30.2050687075936,25.37671868894205
-34.07442978293366,20.96595897892268
-29.88353138540052,22.26288348986
-32.13890865441465,24.42559700764023
-29.63753216176746,22.62380699591897
-28.56774837217954,27.92982639096374
-33.3497660123194,19.35723831236806
-28.20330216482757,26.20125847248928
-24.26429511608181,28.98416632084323
-33.52010972430503,23.66767555767747
-26.61361988348506,22.91745761692185
-30.58247078638925,25.50958611888736
-25.05379291832602,26.16143867094649
-32.971355806284,18.13508836932359
-31.10413248844308,28.84512566119558
-32.74387065174462,18.81785697469414
-34.3073081423878,20.19818990487609
-33.22467081635418,18.11631475048099
-31.41091148666566,25.02606378768745
-26.16039806029503,28.65788162905265
-27.34612986927886,25.90716371269136
-30.53595482292793,29.6946131025773
-25.28972280604611,27.89070176446895
-33.32083954106219,23.46054894368401
-29.42246527904409,30.35559215383268
-34.24556968659507,21.37467424505234
-23.92827419702576,31.10181569757069
-26.86332916500989,26.3302747713071
-32.40040278440853,22.67271320823448
-32.38064966684328,24.60552584372591
-28.47607767097125,24.62982721377643
-27.11982000002269,26.95189394572478
-30.92835826245732,26.48750956270455
-25.6417816667806,26.84458002387789
-28.40052997257766,21.10193269185424
-27.84585737301945,26.17559102957135
-26.56633706638097,26.12317871272674
-29.3626469969014,27.27672576058178
-28.47897646520898,30.09575002967571
-27.11825729008511,27.12739997767244
-23.9861185204185,28.58893224249859
-33.16437887102831,18.4056444502573
-29.10354992742595,31.39315418501885
-30.84517581780801,29.58858402808689
-25.26115643439676,27.4945631947052
-26.24769901352867,28.85193790467848
-32.71095311409076,19.22822058092162
-25.77000878394465,29.55036730536117
-32.00776783987247,23.00992319337175
-28.12510290001928,22.4951887589162
-27.78022072526504,25.28406231182319
-27.76507335716154,26.94736848901006
-27.75134078715907,31.18074980285083
-23.31274965262102,28.47260573124147
-28.40045401554922,30.82655740124984
-25.54667490293862,29.93480387981939
-26.9868640622731,28.11555219164836
-33.57482606473504,24.13824156037738
-26.94650493045081,26.00598229708513
-29.03182933006106,26.06190204575611
-30.26997962120836,29.56404437534737
-31.3792275165424,20.43022567160465
-30.32994905315515,26.3653188858714
-28.5152865820263,27.13518009915472
-30.33784917572501,20.51664675124524
-31.13984282337672,26.16378863384299
-27.42116615518469,20.79460623224985
-29.0866524529044,30.96125836566881
-32.12967096254247,22.96486940580075
-28.0830921689921,31.56398251263702
-27.39750417852044,27.49371264392782
-28.74959401950425,25.83616791840001
-33.14625849142545,18.5097802352458
-28.81373073845835,30.30756239277385
-27.9208611956806,27.90022031234442
-28.09641512742675,21.03256109980407
-27.27073590804012,30.52678518234681
-26.12822083824886,26.48094946584861
-26.80979912299181,26.07989643278279
-25.50785914139748,28.73515549294943
-30.61610058779109,22.79254345045385
-33.93613456505987,22.69229745885071
-30.58688414150017,17.88434202579971
-32.87096374658369,17.93969870305584
-24.84014947315431,28.6633661284232
-28.34763508185194,27.75664284698855
-27.61868863161876,23.09348450034495
-33.52162849425279,19.184389165942
-27.86632417589324,21.35329627964745
-27.72450153621207,25.81753056807937
-27.30507842624534,25.25876578513019
-28.85493766966234,25.9417168973118
-31.30146962040136,28.63271569617423
-28.27747386601644,24.08621415702171
-33.49040491355591,23.61032033519442
-32.60925756485099,24.68174444662051
-27.97000335113498,25.27596058323742
-26.77744300039956,26.60970191444205
-27.76098549568189,27.01137720456451
-28.00125514611575,27.00142958234113
-33.32404029097582,18.83755006405633
-30.08211627737257,25.64664218460305
-34.28320119424674,20.05107579436461
-32.10224200806996,27.9263447689411
-33.49927197976803,18.96391098161351
-31.34847601991224,27.89464129617303
-26.65076043829607,28.46429864510665
-31.20674130051301,24.66155492592057
-32.08590627945254,18.82347194510817
-28.88585095255571,31.50151447658642
-25.40516071664365,31.27777985582836
-33.4900459061368,19.58182706139313
-24.21677876679509,28.76945012578986
-33.0030772132327,22.53922631194227
-32.5662933673448,18.72954157718327
-31.27272473572748,23.12292600102527
-27.63374501662677,24.62955610878398
-33.28677312526581,23.95107099086149
-33.61541101805268,26.0256696344103
-31.25784441535587,21.14377872423184
-25.08228137615614,27.83337920694165
-33.60071418753396,21.77602623606526
-30.64433706842565,30.00093154239728
-33.39294196768898,25.54392397846916
-30.40381385411371,29.66955911512137
-33.66342070937375,19.66940939346977
-29.64992236074184,17.08315778535669
-33.48166430389409,18.32060701396143
-27.90638935954012,24.87248064631286
-28.7684784291755,31.70959729672165
-25.1076388476976,31.4961204483715
-28.24463345450222,23.6557700908396
-27.93091322571366,26.33791626020559
-33.3213936098978,19.56762891198656
-26.71755348858334,27.43721491881842
-31.46115979082942,20.15890232967566
-32.02668532430911,25.93974203646679
-25.76710393111431,30.62199160894262
-31.94691147119734,28.47146310051712
-34.06768058454621,19.36554899500464
-31.13246197092267,28.42419934996062
-28.72725924299089,20.84233867761334
-33.59105090628771,19.4332160752216
-33.56535512687203,24.09325153780775
-30.18958081541857,27.25074082233007
-30.82305795096108,21.81078934011556
-28.94184997409993,27.06071396858638
-34.4756399992478,20.50620694538405
-27.57112707021777,27.05440906921965
-27.46300477446212,27.90865440068027
-32.68449607042706,18.87535001880946
-24.67934023878032,29.4374550226339
-27.45973863993299,32.42791909953784
-34.25194196385339,18.85643989113104
-30.86854121919045,25.75749887634818
-29.28288180682698,17.7489247120786
-24.67394577945191,28.87862715857669
-29.23263600629323,24.67295051704604
-28.67333623484997,27.40792083430673
-33.61242373293439,18.72745046889878
-27.80976630559206,30.82302294432599
-29.2207288439799,23.62676113744259
-34.05729865679633,22.23353040956288
-31.66477585387676,28.17423899905629
-31.56903906538574,27.91464983771224
-25.98470382356806,26.88814258555695
-31.73771434152213,25.27754911214716
-27.42048589984238,30.90707519120129
-33.68197721062423,25.84360615975739
-33.98993237544138,25.67398596905686
-27.41557584208996,27.16538599962587
-31.36292281063914,18.62078816361457
-24.80500984115294,26.75121211464807
-29.07954380384554,26.33792283625316
-28.34698942840798,29.90712972197439
-32.5812446944359,25.14884796644231
-32.79989780382692,26.78506224263368
-32.01012413127117,27.58204311045758
-31.69191942022823,25.62423227097473
-32.60479047365467,28.49935638853349
-33.15547052680078,23.43035054607953
-29.97658522177376,25.71160975046836
-29.13175933129858,25.53424946464794
-29.30877574591627,31.06352691873152
-27.6424918165545,27.30367781216547
-31.66202560005128,26.69679447370953
-33.54208712225117,22.78313461959194
-31.26750884525145,24.18862073200601
-26.77830013166692,24.41636958985033
-26.81934495258778,28.30521962460432
-28.94214606456958,30.92263352557735
-28.02146063857743,26.29666271150521
-28.77228476263044,23.88643184005953
-30.75160118607587,21.69438076453119
-31.87906338478689,25.1132314699272
-31.05085109145251,26.78745763205072
-32.72794370301138,20.49015450025506
-31.06994565153053,26.86174742176691
-32.57998675082292,18.92809216434999
-29.46616355164276,23.89045591313151
-32.06244620682722,26.78486561509203
-31.47657035352798,18.94026198869689
-31.74702584539518,28.78701617587004
-33.18290144323339,22.54203082977567
-32.70738881948631,22.57120592310565
-31.94923988464226,26.02616760717435
-33.85710580373495,20.24929549323899
-32.68180461706873,20.46002900585427
-30.96224685717018,29.97116443261308
-29.37272890123325,29.85921331855248
-24.80103539607189,26.01348726615334
-28.08522785107571,30.2436375724836
-28.1001560248575,26.99997957233236
-28.73127801051773,27.07381908317172
-25.77927544612142,29.76103319768142
-32.54810761814873,24.12108090070838
-31.48971506177203,19.48648519724009
-34.43265233584379,21.32932137820854
-32.96262622812095,18.0361039224436
-32.45733123643732,24.63756957065387
-33.63604075821864,26.47073678111119
-33.57494573628966,19.02152284499394
-28.65874962669591,21.02587042374737
-33.23734081619326,23.74058900459772
-29.70434071481496,25.30700907489367
-34.35382530820582,18.90765255575826
-33.89949463217826,18.4037210935048
-28.23405686648793,24.02752602473053
-28.93376562838504,29.6137851886386
-28.45468298078721,32.14518514724466
-30.5349096010092,29.40717308952093
-30.61515150809667,23.8898355214405
-32.69700650561902,28.3130996006159
-26.10896780039337,25.61821382611191
-28.14403248278371,21.76403978776819
-26.4385455889076,30.20861768810112
-28.61520999200381,29.89350737849603
-34.58619496986402,19.43130438909044
-29.91978866493173,25.67651576580021
-28.6545054111281,25.77820264487226
-29.75928797631941,17.18853810951981
-30.838785144465,29.07586461625584
-26.89295767058837,27.46822368386953
-33.94895770116701,20.69934888404791
-26.24978974325513,25.1501043755669
-27.85000239814225,26.27816330269307
-27.74951950669841,29.54309499308996
-30.10045993047889,29.90990502380572
-28.22859453533545,25.5321765253746
-30.94040861023002,26.44763226242705
-34.04210250817794,24.58751571252753
-34.6578510269225,20.04800437125563
-26.23813690261524,23.51335398128886
-26.60678056421217,28.60791445396242
-31.63567906418977,18.41155596786357
-27.8798488892424,31.02527992811828
-27.31744132238802,25.25302101043538
-25.7887246312757,30.92173112818843
-31.55116543926643,26.9527719304935
-28.63965606913872,28.35064107513122
-24.67730668532392,26.47402419871305
-27.33090780664661,26.21100620607349
-31.0310325836422,28.7612235069388
-26.82999408070168,29.35749874567437
-34.2843642951615,20.09551581854861
-29.16546446178927,31.02301869763422
-30.27188730924361,30.28233559849555
-32.22923179567255,22.5652553599577
-27.92513235839868,28.23651845605059
-33.34558093001898,24.93000606567859
-28.13692621656803,20.15765463617746
-28.10168915044298,21.79063461660846
-27.87832195601852,29.34054064365012
-26.26500627594734,28.49213482728004
-33.33555509462636,27.09662641385613
-24.78678779475916,31.8593773412619
-30.83015339932032,25.97279020917453
-27.02954555207006,24.52917686239967
-31.79527811424047,25.48656621737588
-25.70242376804251,27.09846421099788
-33.54225847421706,25.14340202237226
-29.15869372306537,26.55716974454947
-31.21663742961786,24.2674634597891
-26.4288419482696,27.11176605028004
-26.17954838842203,28.47855248768015
-30.6962762387813,22.64766440593315
-26.25833255359058,30.3318443481847
-26.71539651417596,24.03369011267743
-32.53078302091944,20.63011264828055
-33.47397871232092,23.03002440767996
-30.81465729576861,24.50500153010655
-26.0589659146253,27.89985036208062
-31.46141542905486,21.02444053089615
-30.58831981713201,23.81880417894661
-24.82415585772324,30.34769672754249
-31.94225259385772,27.83635757893726
-31.86374842918677,23.26203839272328
-34.38711103051939,21.4263289166153
-24.51890410687263,30.8083643408409
-26.60034322821628,30.72776643819441
-32.44649264130315,21.77172435536709
-27.48066722418283,26.08122374546545
-27.36247088238209,28.78943980984299
-33.17830307454309,22.54196562542302
-33.27686719250327,26.63687131339987
-24.56307774812048,31.77370749534084
-29.03222625646525,30.78015664989509
-24.51269961166833,31.96931961118906
-29.70971360167719,26.07168044832171
-29.82821157205383,22.89136432645536
-29.90157774193559,29.39814850774941
-28.02081009074514,30.37420386310022
-31.00959028040988,26.6719730786396
-30.92311488853969,28.99047989137753
-30.70309605993445,25.53982511949178
-27.24562883262701,23.49628757906748
-33.97003056879327,23.9465625036883
-33.12676727939699,18.05927736551976
-27.13098631515185,27.5237636705011
-32.58348175025021,27.79786512502845
-29.46425160541114,30.34338986549272
-27.53113929914742,26.67556173355232
-32.42432628363371,21.74074996414809
-28.85917870640855,19.61202384821215
-26.85120731128619,23.04899559716579
-26.56855699477132,24.93634156669786
-31.66527759077916,28.16103972958261
-31.93607220048273,26.38538133881327
-29.68875412447431,24.03102126521016
-30.25825855629006,26.86358869839271
-27.4757984545038,28.07854781860971
-31.53805941097572,29.03247388201975
-32.69945268684823,26.25215622482935
-31.54081424044638,18.24807992604066
-30.99376973826093,22.01702825018706
-27.34527252253203,27.41445000250647
-33.92647391382465,24.25156463126094
-30.60855596323688,23.86621812847968
-34.20810982706376,20.89318504094251
-28.02564188746028,25.01167016572637
-24.8451002588572,26.48787128633482
-33.92659063006844,24.24456450466084
-31.67915462790473,28.78313554516057
-31.88459001679546,23.16103015567614
-28.09123699099898,24.30124524972776
-27.41136078826116,26.40278070961985
-30.81261269042334,30.15100532049993
-32.68177462352476,28.15729671423143
-33.17360504415161,19.36966722065959
-30.32257992099773,17.8915211232306
-25.05947082188427,27.37444899503943
-32.55657337629009,20.54580586649457
-34.25302852467523,20.07999647894443
-32.48785826960079,18.88128721371481
-32.06138535849083,23.26885475834758
-27.84677932344206,26.25889932710342
-32.11410132672086,27.93382254386328
-31.46905655283832,25.1910377888709
-25.60645761078336,31.7828357055836
-28.13461794709471,30.04268129054397
-31.48526145956388,25.76004361824064
-27.35252124231593,20.82038175326775
-23.69611469437285,31.62590365597924
-30.96482340079888,27.51925145541141
-31.77934424765803,25.4862725014642
-34.14669643070005,18.31868222195672
-24.93295263362241,29.68473647213536
-33.71630233052421,19.5012802872208
-26.13990537672967,25.94058628047232
-31.11966237548669,29.62674098399611
-33.37768978790184,25.11686175604873
-31.68805204805781,18.69724075999651
-23.16828112081674,29.96661528454853
-22.43836008391391,29.74071094830694
-29.85545634126718,23.82575114127696
-32.5465857244724,18.89342870409475
-25.466097831107,26.95378655403267
-34.07018338112889,23.08936093955371
-31.3963489613612,20.3420621154135
-23.43434835715407,29.89008498645835
-28.53830612524113,25.30289202824118
-32.84908896130894,19.09077251798103
-26.52324490884141,27.22958290232129
-25.5670692901564,30.26004147955189
-33.40909977070965,25.52828777013125
-29.31392681029224,30.73961175610247
-27.30318859129244,25.3949372455083
-33.76646336425091,18.44470210913965
-27.26043466506705,29.89224230737663
-31.85001563510852,26.97002238676729
-29.0500267165575,27.11373181271579
-32.10866025289948,23.0071195674348
-29.12091993424795,27.05277031731074
-30.09053490243495,22.60621219141091
-31.35801730326165,20.78368131298598
-31.26677404557751,19.15992030478055
-29.20390566465558,27.10491455140366
-27.10690960785192,22.49759567844471
-28.03641027636339,30.33359935737039
-27.05046785537279,29.38934518121955
-31.56230689075959,21.10013898089482
-31.49103682507488,24.40966062726863
-31.93915047179861,21.5321899343981
-30.83586711745844,27.40596520565925
-27.28078719117927,23.8341491723607
-26.32959093561314,26.13107142684168
-27.05522785561202,30.64998562808006
-23.61696888890157,31.03268506521425
-31.4819778546933,23.18060757466614
-30.21251125462752,23.11727074741691
-26.60402134387482,25.8168086071338
-28.2137993386689,21.38236013101753
-33.67924116733621,19.84096521969811
-33.21471670063794,23.46737293244188
-34.14203157358878,18.34638022820691
-30.16095731667352,23.08872636183829
-32.16999512276368,25.60383375423247
-25.92102711059191,29.61095198461705
-28.31742602181144,29.24373662812866
-31.60453783469226,29.32657867407558
-32.50633285220506,24.06251490426656
-32.46577315675761,23.46007040864747
-30.37226442852921,27.27763322028829
-32.89121146203981,18.26074825409657
-31.27580692372734,22.29858274560291
-27.17410513382581,29.24397222624122
-26.69645610858842,22.44592569399728
-24.60570791162635,30.81471337307021
-33.05131899586667,23.51971132757097
-33.50944964084497,23.80672860833701
-28.3131448929166,20.74248047898024
-29.13261527158783,19.35350675193088
-26.35321347393926,27.48415383721611
-26.51509979207078,27.12268388317674
-30.62168708498675,23.48474236044582
-30.34912364359032,29.44454422763019
-30.2205449801639,26.76467290900948
-31.80994464285948,23.36414059896377
-29.38795790067082,29.66892892415532
-26.81257369283897,20.4050308911334
-25.80554517230825,30.64743384961688
-32.84836152192097,19.28951163090953
-32.7118907636317,20.47922144611929
-28.19867347787471,31.15412514258724
-27.71803232069155,25.37745505747323
-32.02477562585583,18.78706962531147
-25.73892800850108,25.75175580755956
-32.32069181487545,25.74642994445357
-27.66872897892351,23.42966577495837
-25.74180604563535,29.05594420494766
-33.59968422631812,21.0978833589955
-34.09257145772433,21.03907906514375
-27.50751063948437,32.65220634803405
-34.07323774789656,19.29310384279974
-30.91158831933407,21.90723200679284
-23.15202645912272,28.92802271857055
-32.04116221391622,21.57873224997806
-29.22684150263383,29.935136072023
-28.57872926248162,27.45712726958393
-26.84199608246834,28.71627651501444
-30.66969954126929,21.99287865512227
-31.89842494422771,25.72190486597814
-31.49865442056485,28.48760818777322
-30.10794384291091,24.65124434069117
-31.44346707903931,23.97872170567607
-24.57662202102611,28.79322406245211
-32.96421200443962,24.63426290579042
-33.3971699468635,22.11587037999968
-33.656134591004,26.69475230304805
-28.67637789339115,30.51456720374282
-25.79263893104311,29.66517573253589
-31.53907731363055,27.84936697296261
-23.92833559315943,28.43982319328569
-23.95923400777689,30.61783730583275
-30.83553693771508,25.75857419858935
-33.02498906163437,24.32527509267216
-26.59098522811567,29.14881441139814
-27.76439325046029,27.35710770705465
-24.66803642259232,28.48222934005872
-32.93662747984245,19.45094402059911
-28.363710811415,30.54804156526565
-29.06366619447721,30.77085608819812
-33.65817863149566,21.00975026536983
-23.84929592209265,28.73321784848714
-28.44860947973904,28.43972426429627
-27.82247588331804,21.31371029536917
-26.97143527532725,22.98065216932401
-27.905544498253,22.90977477285197
-33.59057773986774,25.65428373074438
-28.36263535784963,21.63168628265917
-31.32508395090151,26.2823833394668
-27.74907491710814,31.12159492438114
-29.20618340077501,31.37791207559179
-31.62447493829862,27.40089950164893
-25.5694451666265,27.40165445330293
-30.93246679481458,26.24370665131695
-32.04974802207874,27.82906914784956
-33.9631583086459,25.04851327061628
-30.35175731700296,26.83684950997064
-33.84158755292085,19.74029974754766
-29.94250713003179,20.689624549993
-30.79253130894463,28.53196683953867
-27.77107648245944,30.28443002984788
-28.29765470537431,31.21752530979079
-31.90289092288981,26.97126635324622
-33.15467872649562,27.45594363376906
-26.31402398825881,24.01084426132602
-25.58710761604017,29.85301005927268
-27.35599833123356,29.46531094738024
-27.81468606422402,28.29462943360902
-28.31685873285545,30.33240029133892
-29.70045692895661,26.09844409361231
-29.68930966959722,26.80064245931107
-30.83784618559847,28.88774683473502
-30.8706715697839,29.82914083120663
-31.74741278522917,18.65401991086765
-28.61616321429713,30.86318647525254
-27.65901339888041,30.09814107912169
-33.77078576969891,22.78001377874477
-24.73994711354062,29.6962422128245
-34.1497929464129,18.43871648716365
-25.45068218194825,25.88116932611788
-29.22228230896881,17.65622591573887
-31.09517627490165,24.47057841893427
-27.63896086069559,26.23396183504406
-28.05693410401483,21.81831228551887
-32.91077097011523,20.55607323421713
-28.68760061918821,26.81916020102642
-29.3075368349697,31.36976652353195
-31.72865445720084,18.59079308089515
-26.33414351780204,26.80682944818751
-33.99177273455393,22.53341072966524
-26.30238432103578,27.21150836997204
-26.6269375398992,22.9465759500911
-34.06627564918775,20.54397341242698
-30.61118377350132,25.96632742179715
-33.85004986313393,19.05508068004084
-27.85813412817386,30.5617873564357
-24.87746555922037,27.97774513008583
-33.7605785573234,19.94105418574866
-33.56723374968489,25.30875768168474
-29.43777442177891,31.04357942670717
-29.95527517975524,30.25532370715944
-25.6387328357273,28.39076870058109
-30.53365702799892,25.76283319152936
-27.13413855865995,32.15611897570245
-29.43852118459333,18.52636089615947
-33.26322729960617,23.83393348616116
-32.55457371728802,18.66945518388801
-23.15356839090239,28.18878192771988
-30.74066149368704,30.26576317885501
-28.94184969037785,29.91732961758755
-33.6504987132049,25.48983728895664
-27.8545952228282,30.83781904959537
-29.927488561177,25.84098566294447
-28.36694529378862,32.2645568466754
-33.53063729945475,27.03566169824409
-28.90082228562719,22.60774127194712
-28.7219692879402,24.36057923288159
-28.86523266181702,30.85256089461655
-27.91798459894611,27.81558729340859
-33.80298993937864,19.43740766695285
-30.53016571547663,27.37257829394686
-28.00170966046555,25.63279983802932
-32.55944063101455,24.66917476630634
-28.16095829856439,24.28041148576649
-31.21489475251112,23.11251684787176
-30.67360395916639,25.07307474498499
-26.39533332038008,22.60050005948568
-27.16313736819528,27.79625075428187
-27.31871182233391,28.33331180473365
-33.83434257852206,25.51856429809951
-34.11697570064935,22.01900508564563
-32.62021708953664,18.94370036286693
-28.91970501440991,29.15134170679951
-26.6637104664586,28.8757955832191
-32.85733806360131,17.93096359409515
-27.06416779627864,30.57888467604623
-27.19682355164012,23.51976073861384
-27.5606020756559,23.32768566957477
-30.35284225205167,26.75470651506
-28.67866668319702,24.73121139306673
-31.38819976355789,29.55004557407024
-30.81555475660474,29.27568642764548
-25.36654634446097,27.11912728464717
-27.86721440433667,28.37365995112475
-28.1783164787825,21.43188519658987
-33.81428568965763,19.93475398400892
-25.81924990580096,24.88998260018486
-31.62638168932795,25.24398461026706
-26.15268755184908,28.36949566128845
-25.5008180230908,31.51198037396279
-27.66088833787622,31.09334283243427
-26.79217189699748,27.49253003792477
-33.22114063562569,26.63135319514475
-32.43049686872601,23.35548879681063
-33.27576592629762,26.57849341335803
-25.79986676827861,29.82558861197289
-29.43475316985983,31.22481974877757
-26.91198240111907,26.76921918083385
-33.2579272789385,19.09885523215214
-31.06451457611281,24.57195157837333
-32.83461283942403,27.96563931646025
-26.30366432667822,30.65967728055875
-34.01164863091439,18.33549955042034
-27.50271496998285,27.16645998779003
-27.89211036568823,21.62826508560107
-27.02075667443455,26.16097458941919
-31.39666222197521,27.25714239607051
-29.93281276702329,26.41035107351001
-33.33543331977497,19.48726478829245
-28.78053644363112,24.63275571510643
-25.40603449856279,30.07820863470355
-29.18639342297586,17.82011211586597
-29.32794250034128,23.75360125511867
-32.25332303734639,18.85761257978092
-33.91748931572226,25.21007855173366
-24.97423655659239,31.87112185269254
-29.87084873215845,31.05268509679307
-31.2790574972452,26.3508695533286
-29.89753812116624,26.38530523391707
-26.07528724356113,29.486646024777
-31.74557182054253,18.53034191396125
-31.07883563914786,27.6720952310887
-30.35847931978779,23.22214736525389
-32.72012170384705,21.57388602911286
-32.75980470187739,26.38400631322276
-30.2610193937471,29.91620253074957
-26.05429759906387,30.37050775131774
-31.04829540423644,23.15888459207371
-29.77379645843118,29.47239640020221
-26.65392090341047,29.23460192643703
-27.69305954545407,21.37386413746069
-31.35179355524795,20.81240751563204
-27.00016399441128,28.80106601371941
-29.82292563399435,31.01121750951486
-31.12596723002344,24.95804822784197
-24.91616326060399,29.98761661694783
-25.18203174669091,31.12911686022225
-30.28129826326004,27.2328018589586
-30.56225401256936,24.4640309948787
-30.88626275138612,27.42379067012602
-30.75764366147868,22.4982730273111
-30.12027599546872,30.73884588145125
-25.29071830327909,29.65054705773853
-33.58713315541564,21.19063442852007
-27.54958512081328,32.57870512818938
-26.56922152962919,25.79468261058331
-25.94679728726404,25.41000001887145
-34.3015925384594,20.58722675315024
-26.07469292696943,29.02315164775105
-28.3590841587379,29.57823546214455
-31.71405722687362,26.9580040084715
-31.38188493789064,19.11573150894545
-26.3384040148206,28.86575199732427
-23.65390912300397,30.67676713652962
-29.11697417720496,30.65455572373305
-30.37419882639066,29.92893769242301
-27.56452278781009,27.28027843696261
-29.38784008302089,26.74954991487095
-30.47669729879534,29.85013665969793
-26.0636722413126,30.32382210355905
-23.53305389103805,27.70743485986686
-26.21963067231595,27.42580393154748
-33.63172537792314,21.1769036201956
-28.26089000738449,30.18022429723635
-33.58068038583988,23.28322927376362
-31.25642427460925,28.82915678660901
-29.1255822486558,31.1390606108171
-33.98868966455591,19.74562100406033
-30.94318841927808,28.46127522337208
-28.0487795606821,22.84268948525947
-26.31728876284866,27.62466181204161
-25.78945364038779,26.78255561039624
-27.18972516213139,28.36310659061018
-28.6834348671393,25.77335136991165
-33.5581972486482,25.54922612387145
-28.17698893690951,24.47830965884868
-24.95338551777134,27.14127125241773
-28.81366936873201,25.90793442789418
-26.97189708339124,30.4493122182529
-31.98087170368655,23.01675269603893
-29.06909161440798,31.48766478885097
-33.97357266284746,23.76203295776083
-28.02659975781569,29.25011733045623
-33.52122177021788,26.88152906710788
-26.73905563500074,24.80439621005139
-30.73364603836442,25.80166873710247
-25.59532835008074,28.81669113055777
-30.42689752162778,26.10606870251684
-28.4044683865978,26.19870705352101
-25.58111442019134,31.66079314101817
-33.14422099972768,24.94497641677713
-29.89341426751774,29.77722172637357
-32.35070298981785,21.68237120764016
-32.7617486967463,26.89280426919984
-27.731496652953,21.32396017531245
-31.02921122920724,23.15684189771218
-27.45203250014162,24.72106554677933
-29.41677518570358,25.83259282455892
-26.66235495585059,25.19059443452866
-28.88070200855299,21.05495296927651
-33.2584715363389,19.61065472688047
-33.73935965622049,21.92230411086011
-27.36432884058238,28.08614860384077
-31.12214877730799,21.62671760481195
-26.13008306867454,29.33189053561017
-28.01505483781626,24.53935209875829
-27.98526123822311,30.4025797786543
-28.37903459414512,32.30695520560506
-27.4221810303059,29.28227363782053
-27.62733148030309,29.73345255763069
-29.13189010705203,19.33542425290961
-33.9288130275779,20.0748529447822
-33.75318856510349,25.70706153315153
-25.92160451362793,27.84069340142615
-29.39022771066641,26.67043397380687
-28.96665501834818,31.04044370680035
-32.65138363626215,18.27932670458863
-27.95152619276444,27.02392447497771
-28.83826617348717,16.66743481907944
-23.5057979877902,31.0138948623945
-31.37452579036706,22.83460279067828
-27.77388149515717,28.22681299212541
-33.74448059003026,19.02415184442743
-33.02994922829665,18.9875398338268
-24.45085685347819,31.9725741686706
-34.02656557426083,23.07622638277593
-27.09878923482389,25.96454869945667
-33.41567731325946,27.26071802428219
-29.85471899484698,22.58457677946483
-30.19265488455387,23.10625521836371
-28.5823870434388,32.17616529792969
-33.97502803499717,23.80105634492533
-29.08415357485165,26.35920567470964
-29.31798620038408,29.98687161216758
-34.37956767950978,20.58539497840008
-30.3607486375818,23.58475009376796
-31.75031633854685,26.73240294555066
-29.87751543872195,30.32437711307083
-30.24029487866733,26.49893761497201
-25.6115717945502,28.57755497992447
-31.50958615288073,23.61875843099839
-30.18483894286037,26.75884269649449
-34.295981547407,19.23275964514925
-27.63302448009712,21.356129232536
-34.20741978352613,19.33513990262189
-27.9113250649383,25.93825312158085
-26.73631109680948,20.2870221406069
-30.2155692576974,26.85531698602977
-32.80241213358917,27.76770150594935
-33.04262751756319,18.30662344153702
-32.2523278623183,22.56819449719353
-26.52984744532121,25.8326589869731
-30.04611963850122,17.19274298754588
-28.22248385752956,29.96697125738438
-31.66990451485202,25.68068011295158
-34.39972842592116,19.6341633907825
-31.53845547332864,24.02228334196927
-32.35266797706263,26.90657125951449
-33.34561586057306,24.16403451936957
-26.72544480526783,30.69316404518059
-30.35905790359772,29.62137706196493
-28.72318359964598,27.07268840617792
-31.37035385378739,19.09298442524327
-29.76003902704958,17.17808735813528
-28.48662331536426,26.92143498655055
-27.20102130492631,28.07581292378932
-31.09941194965361,29.60106128709581
-28.72888456634853,29.28375440337873
-34.23786803153024,18.8537191036134
-24.70727055370014,28.53940189666321
-27.92317217689519,32.20620759369453
-28.28981504592571,32.07472794553799
-31.38398297604333,27.60794076014991
-28.54084250754095,26.06982056970511
-30.94958769566795,29.30786422558317
-27.17105350873298,24.18910439095989
-29.96605214791693,17.90333982967631
-34.4409314992821,20.01354509235107
-31.3208730119212,26.22679590573262
-25.91845875062181,26.18154127925012
-23.62368182653282,31.47675715226615
-27.83478438575164,28.23187857332527
-33.49310591025903,20.56791049640339
-30.57744615302883,29.84205951099946
-31.67148948596353,29.03744071962436
-34.41823615357728,20.8003643486317
-32.05690426247191,25.87241585141966
-31.06801788092777,28.3317264129214
-23.60783829759249,28.80863814065805
-34.34284130513002,19.68301038126655
-30.46771740331379,24.26222005520716
-27.23319543646144,24.04368073307994
-23.56867860869462,30.21433210943919
-30.96708948803951,30.20846322657349
-30.22928979863027,27.07360763725449
-32.0497158021609,23.82429968184963
-27.47575664930386,20.76005733231198
-29.92359279269816,24.71349669647372
-32.21386594779899,26.8353720476134
-34.00938858566222,24.29462954464671
-25.56017162465423,31.92478221428841
-24.79774675681228,27.45849191889054
-28.89910484627861,26.16141757635035
-33.86578425392511,20.12566511275859
-29.8906900830265,25.86459547383152
-33.2769064400939,18.37789107564722
-32.93337262353594,18.328974862931
-31.74932209646483,25.31280330301883
-28.91350990923496,26.45204847261218
-28.60319157175418,29.63172585097671
-31.37193235337352,22.29675943532879
-33.30471414300288,19.40828166646419
-30.34411944217965,26.95592969901036
-29.1847296512363,25.96537039923503
-31.57280270927109,28.72972059871469
-27.58663052433869,23.13783176301039
-28.4183176059351,24.30027600718522
-26.53976708153398,25.74949206202859
-31.72134758648181,28.95784376060196
-27.26056293499968,23.30954698834585
-33.56457447571225,23.37957807503295
-25.29600430099106,25.78991983017405
-27.37746534531789,29.61894898729353
-27.37616833865011,23.70897128669884
-31.9414770294502,26.71629799283082
-26.38783415785778,29.5174624738953
-29.57573768032369,23.08545021651176
-27.41666185320235,24.71319095698813
-27.4470440596141,20.71554991619292
-29.18135465836385,26.2540677310547
-27.99518616077371,25.04967078764615
-30.63081200644606,30.36065023513922
-26.0936276250249,27.44459029346483
-30.82474277823474,29.59602802011043
-27.46881269502184,29.00036274517201
-24.37158508180561,30.89992523696421
-27.55098667563412,31.98532599446813
-26.79973483069744,26.72479141699214
-26.82958472493271,28.52397042178862
-25.26309184582134,28.43188622785121
-27.65877110715022,30.34165909281906
-31.47641225581518,28.4470284523868
-33.58061319655756,21.7367359080463
-28.42004353930236,29.41290672078968
-27.16293957708853,28.30793786787326
-30.03415097861462,29.79955291567326
-25.42497324626617,26.25675879144387
-26.30660392020457,30.69294304989482
-30.09523938672173,22.25900011746252
-23.50063004428106,31.48401754832466
-31.48788822569648,26.99467083749161
-26.81708591566161,26.92655507372951
-27.92958453533181,28.462856449155
-24.09937375020853,29.33515917603259
-34.52710895350123,19.53754139001817
-31.6088813608182,25.01729625007578
-31.03486602915952,20.29730208074148
-34.37288027619747,20.46268058029386
-30.80301231639349,29.37708933695
-29.14474064456574,27.49504612453406
-31.42863382252382,22.56444309463602
-27.11182710342332,26.37925819427174
-33.39353182816174,22.06351275129362
-32.74144373102289,18.17896099954041
-26.42314066942288,28.59146420453422
-34.31344166434329,20.0266802574785
-31.10560924456341,23.1339916340767
-31.73500577559433,28.69827278707728
-28.59023755271102,29.5482945326584
-27.95964537777964,31.64914278687655
-32.12401375082272,28.32685144292795
-27.77730316030065,29.43079170296871
-29.04975547496952,16.81769669063599
-34.20554329009447,20.06080285859603
-29.05923176517298,22.03165931031406
-33.79867523336563,19.68628645896655
-24.47679734610801,31.39041198801203
-31.28899689975061,23.12146777217422
-25.95094684754126,26.40821999130101
-34.13011629963994,20.08027110957462
-28.84989064458712,20.15527277247488
-33.93731272205527,24.99265125444142
-31.554747246355,28.61450035551839
-34.09010945295795,22.14957763326653
-34.08422508675268,18.56821154544516
-33.26442146932909,24.74059651494377
-30.8138040678736,29.19503467719914
-33.08691945182635,20.59362075196233
-24.78665017355613,30.78425243874733
-31.79561645371098,24.8933541861687
-28.34910862717105,28.22520242619536
-30.72500825176227,21.68242015199103
-30.86132658146638,26.52470337934722
-33.93694622311699,25.37809152434089
-30.64270626305202,27.13324137956965
-28.36349567288928,26.66279685332864
-32.90003837195174,17.98156563378412
-33.48719350343055,23.55114526963255
-28.06990090963107,25.0781950089787
-26.71045817193788,30.29607856581877
-31.86881302935941,25.38442547157585
-34.62219718423682,19.31633295084368
-33.8851905358972,22.34323237975266
-30.66314900831901,30.02452433452325
-29.59919718177591,17.20201568525826
-34.64127712495858,19.92174563734531
-32.97732367374991,19.36478565848245
-27.77670044940127,29.83347765782884
-30.95419776037193,27.55495666931326
-28.9768185977668,23.85377832064598
-31.60526304713831,26.93548826955039
-28.33165647926609,23.07553807867438
-30.87366480462605,24.22826565514213
-27.65456633654411,27.50254186488221
-33.24403624296404,20.42003526875702
-29.16389756718161,21.23125927766826
-29.63657717307665,30.48296280165011
-30.68976151301335,21.57287193455657
-30.75535380632882,26.38502783361578
-28.32108035762651,30.16515934378019
-26.33382826217084,25.1483638400297
-27.95738834522092,25.18575042450831
-28.77786838265538,26.10877047418218
-26.17395080626079,28.75528914379185
-32.46051596619219,23.90143848748537
-26.81564481165669,28.57954872519473
-28.307341866549,22.16221579585708
-30.92359007413152,28.98965751287816
-32.73633040863263,25.52400615729202
-28.37014306928377,27.79004620382802
-33.53431144852772,26.09366465340402
-32.74105043683694,26.65398720222538
-29.32801052926499,17.77206130872597
-28.85672982738229,30.85531060006435
-32.34944535231183,22.60485888749818
-27.99695373636791,30.72860377396539
-28.85679894263078,31.9522721516299
-27.96973208356336,24.61711352012398
-27.97853511331378,28.58264148001821
-32.82704860272962,18.5358768257993
-32.8369636965154,27.13008691567283
-34.10946902632548,19.76656252430989
-27.00399458887618,20.9580599224209
-27.20323872042741,27.71208444038301
-31.19814223468665,28.61146028981491
-27.23251165007996,30.8970988417073
-26.38978261140577,29.15420864714092
-30.32147639190769,29.61291780064185
-26.97998462091111,28.15769728357715
-28.77213796864163,20.50619702573271
-26.24247360160516,26.15034456039179
-32.80348157600883,26.77739390778006
-27.76799592275229,32.44356010410817
-29.14793645502537,30.44495309368485
-30.28427296717575,26.42693798811853
-29.30802733928975,17.05947993025659
-31.49491557030701,19.51694241305981
-30.35948904414614,21.95106609790224
-29.87011266019781,24.41936678768641
-30.34704451712017,28.80410515220622
-34.73461630324321,19.66967249350198
-30.94743096731564,26.34729126896933
-27.01465224735432,24.88798337368367
-27.66777257825783,21.97303656408851
-34.56528421302603,19.48157008753859
-34.0499186767141,19.51951057909581
-27.99101116735319,26.60156595498305
-31.61948244171429,28.46157910077671
-33.88760509164837,19.71185289724172
-33.48317598028476,22.61626571045293
-27.52182700131649,23.24945797868328
-34.30833896506228,19.58570902358191
-32.14936317355777,19.0289621736805
-30.82175527979625,25.96426604784705
-30.62691538239945,30.51393965181021
-33.6723098973893,20.98552249967863
-32.01775980851327,27.60532138920723
-33.47706175050265,23.16391455605908
-25.55256058990188,26.29848800516855
-25.16759673792469,28.70472722654117
-27.20833180191385,29.21141625928384
-32.09039290851576,25.83633300628884
-29.38355250695513,25.85801297345828
-27.66414802618564,24.73652806134197
-27.74988101963541,25.33677426739615
-32.38522959321568,18.94698261432259
-27.01455876736537,27.82778517044298
-33.36237956038723,22.06643724482669
-32.56904902569232,23.37557485653542
-30.43108087265427,25.22729873594506
-28.22623922192051,27.72803468078807
-34.15092759074533,22.06342787916436
-33.26235887514489,27.35133088472737
-33.91471800869087,24.19185657442357
-27.71765768669458,28.34920645984014
-26.54113815412838,27.51502841425416
-27.50044332218144,27.73974665311801
-29.68863815786992,17.83350120470151
-26.95339916124711,28.57149460708872
-26.39247999028791,26.94694965502547
-27.88573008406609,29.32942329988205
-30.57427588619793,25.19089540172481
-27.5139899137948,31.95919778164584
-29.02208415406101,22.02361590729254
-32.37419673920032,20.81061957347847
-29.18974111998656,30.29693554483377
-26.8038238548896,28.02226944526371
-29.96860417505199,30.25541605187354
-30.70603333191519,24.01427492578978
-33.66602530220781,19.31865141337025
-32.58852870698683,27.83832539562932
-30.42541860715356,24.47929524736494
-26.35997946628018,26.56657567968996
-25.61308914080607,26.45905857513054
-26.0539034986521,25.95380862516262
-28.17583377245144,27.34156946610501
-30.85537497778133,26.51819249122798
-33.58099477833945,22.44283802943607
-28.42047712953465,29.44178233285361
-27.3625765579531,28.48836980877748
-32.61865978620992,25.83837172954638
-31.88923610710591,23.64037545636535
-33.97176602908579,25.64451017754428
-30.79623891760524,22.06833772262146
-33.76308516007081,22.33885713511933
-31.15943425863847,21.5775485784068
-31.19727714289171,18.32292900640764
-28.66980083072033,32.23042492150044
-32.69107902302864,28.37245547844758
-28.62677804054631,25.11160347863309
-31.58883050069445,18.77275630394592
-28.00433457189456,25.11717292670452
-29.72734814509185,20.84609536317141
-25.80811751272626,30.39533372438578
-28.35188304999327,24.60559462108969
-28.33297817353303,20.83763967413934
-28.31905389431776,21.26096618129227
-33.49153829310514,27.12086120254051
-26.742714237288,20.23923930721052
-28.43570437864383,21.64311917173643
-33.20237957866917,25.0802159984781
-30.88056079659748,20.43974921627352
-31.54973439256956,24.80528674988961
-33.01585293127822,24.33835381797579
-31.31951786996306,20.1450842940188
-33.73353584049885,18.6339927397324
-32.25425643622999,22.75904137814705
-28.89944416069336,27.62267829975321
-26.10682980651513,29.69660966606589
-27.94348409396656,32.31627321482949
-27.92379129130755,27.61657416600364
-33.90648961499055,24.95244188171458
-27.33154813237492,23.35953347806356
-28.08091932348005,25.45232590853384
-34.19369071340162,19.1030066358581
-31.80351792675675,27.90197358735842
-28.77527429208891,26.4033966178664
-27.18769461588687,32.1445785895048
-30.39427675114073,24.15546025554005
-28.47858846629505,26.25526975911259
-24.65074863775442,28.31296902287031
-31.88539446243986,25.08644964925714
-31.63926625537059,23.10019176021391
-30.13795985441292,26.48909797358452
-29.83579766264968,29.44591568057793
-32.38529139437519,20.66383688248415
-34.02069471952476,25.38102133393473
-32.83727083735041,26.9595958857553
-27.16744928188623,20.78213605237509
-30.98017770170015,28.44072112714596
-26.69253820989887,20.61433737849285
-33.56756098274472,21.68068280940879
-27.41062034326626,27.19800994104492
-27.8055019382539,24.66498511017968
-26.90094843191786,22.99129640654539
-34.03338060702856,21.2307604976368
-24.86581055445335,30.8971485034454
-27.78109043443547,30.28355184608061
-27.02905768629225,24.93586627240668
-32.62262169960471,19.05848126539319
-33.89040862000657,18.61526970406348
-28.80364403001868,20.45179220666405
-27.06854106893322,28.31893562748745
-26.00232000968284,27.45957373808793
-27.05128993316352,26.05827114448923
-30.83301313638051,25.07292262266249
-24.40865860810382,29.34788185711897
-32.26000486056023,25.73015303440692
-34.0403955294687,18.48788973095614
-26.73749713006373,25.98649652083455
-27.11680958878652,29.4710238698126
-33.23952654516853,24.50461486198951
-25.7785394678124,25.1464671358959
-30.42956315433638,30.67014220768049
-32.43055509461702,23.35547525968282
-25.49139162890799,31.49568326460177
-29.47381750905181,31.21468574913983
-28.24747337290744,32.30478912138703
-26.51818189346683,30.68044087209567
-27.94962573004095,28.97410255106067
-26.58696180942143,27.66524012880259
-29.04688339294079,19.59229392150374
-29.88577094566114,23.77129523660235
-27.90877229441929,26.61952793292896
-26.60912481785604,28.52614092794346
-25.26300594680361,27.65818031132354
-29.77535935779344,30.9287263066241
-28.23096976104842,30.56042021262134
-30.85183977024119,30.14876675275504
-32.84575463513027,27.21405154017457
-33.61779026214754,21.05951960716943
-31.74478907085264,26.73254053664806
-25.28495120571134,26.85823522875128
-28.27845643832259,32.48475646323115
-34.35572419021459,18.49496280851525
-30.6661354937447,25.87697826401228
-32.12585907372809,26.81777682750021
-29.63630284443134,22.99818514946582
-33.03467899928662,18.9913014572186
-28.20001201424131,30.70363898458541
-34.09795727593939,19.53261735546419
-28.37055339745315,26.54602583066445
-25.00453232386698,26.44710245928746
-30.36574928941743,28.89714406137147
-29.90631962515836,23.7343459273607
-33.74016368445596,24.80094805276883
-30.43721918106202,26.84973438574082
-32.49579259353073,21.80542927893763
-27.93735986645816,29.797134632694
-32.93473321097919,24.2635007342691
-30.84273248343379,21.83669876441036
-29.16262521075431,29.63362125187285
-33.4990357408178,25.19140090294211
-27.98240802285067,25.66179988694622
-33.24371086959135,26.42463118794363
-29.86236375246269,30.81730073055242
-29.3066565241329,27.02269303292777
-26.48605819139089,28.96552502757142
-26.75943299086114,23.29046884461449
-27.54697820447511,31.97038689101742
-27.88589713599446,28.914612324807
-32.18767941466405,27.11184639393754
-27.98604082153531,28.37443903323104
-27.43474850031493,23.1451971498579
-26.56478017332758,28.47725307306541
-31.19949013697684,27.83882702764185
-33.05446820178013,27.87041525763861
-24.19926577611208,31.62946791115416
-30.65872505957515,21.50841861628115
-27.3004744181742,30.34696667000098
-33.28006031177301,20.91692502933394
-33.94361084423672,25.27638835185943
-28.98139627272077,25.05633281185362
-27.21054801119864,27.42709933805692
-27.37598841817383,26.44808183781064
-32.0464342926679,24.26103423783591
-32.57696413814836,24.04144367590228
-25.03860251316204,26.43665336987368
-30.3259170017995,30.73828820106828
-31.43126611354374,27.46470745799307
-28.0272891004227,21.45114990647143
-29.29075446152934,27.28815064487359
-34.1854727105279,19.70588146837855
-24.76674845809868,29.53895504785373
-28.08624106357984,32.04303106368499
-34.38286805024368,21.78388591575072
-25.08238980506256,26.0267769708305
-28.17262829770084,29.07872696668295
-32.52432402901265,25.83392148547107
-29.32887944394443,26.37007881163486
-28.78392756150846,21.01421601065329
-30.02042119164262,23.02050778437409
-27.35114710792151,23.23114482518471
-29.73842481649604,30.95402649232944
-29.56552379221653,22.82941224250665
-29.2314855692355,26.07838993034293
-32.82407691289523,21.96383704672553
-33.74194956256591,18.83762331383587
-28.60231618252374,25.53913614259396
-27.3744147208339,21.52312624724495
-31.88718219501803,25.7221532790161
-34.07517690689922,22.0043929727757
-28.37168567504033,27.54502675573749
-28.16853482885629,25.80046467496217
-31.35682475798149,26.70065642325338
-25.09221045190757,29.38679971616874
-25.22019635561982,31.22199992978884
-32.60502628833228,24.16868630043335
-28.04640240262548,26.76948856261194
-32.00358340674656,27.12512385326944
-32.2152673859195,24.67492014352964
-33.19112833205917,27.63271822322793
-26.55274686201187,30.76665560602477
-27.46611087576981,27.23323617508396
-34.06698961818582,22.2007045995202
-26.46241933745671,26.24714948919411
-32.14515537864652,23.88680507615922
-27.65450539600252,21.70970642318484
-27.21173270600949,28.54080298567991
-29.87480875674455,17.13900676725162
-26.37890048291667,29.90247181930301
-29.67602475651502,24.04703566351454
-31.80410422030098,28.50547702262009
-30.2732864101887,24.57215475681372
-27.92359691810053,30.64213424175929
-31.46139602071117,25.39427694814895
-26.74458347038763,27.76760174915928
-28.97978476213244,30.57736176246014
-27.78530326057718,26.70067234293129
-30.63647540132377,30.53205096738177
-28.36321853686297,20.93815281870618
-27.02497051309168,27.40102741873885
-33.46307849226201,20.58899488698327
-31.44785755228209,27.31022925736114
-28.09273122444547,26.93519977738106
-28.44631854265243,24.37913603520824
-31.30630969344145,20.97659716822927
-33.28337675776415,26.68467906032535
-24.35307653668256,28.15213725921267
-30.33049016307053,24.56849680338116
-34.15498754010004,19.30355020762326
-30.5999633777097,17.84057645816209
-34.29127088310509,19.67218997739156
-29.94757434774452,26.36045140650953
-33.1487717015512,17.9995891536027
-24.42406360489734,29.17207974922173
-29.3420423182044,24.78614902566117
-28.36813493107771,21.24796495645987
-26.20719256718155,29.1668662475936
-30.78816999118634,24.49882331465706
-25.05859180926419,27.51190571051617
-28.89932681699423,31.31311166923607
-27.93025779523799,26.80188542693669
-33.99438064994095,24.69413948591861
-32.45335687985138,23.86956330986139
-25.78102116684594,26.2031450472286
-24.91402502224494,28.69276464984641
-29.71498545474828,30.09617908028231
-26.76063533368607,28.73792615911738
-33.50984435818383,23.7953842008132
-25.10251794669855,27.5663363824659
-25.94492918311895,27.96327795231831
-32.98497783974507,27.44986564717126
-33.94101855390637,19.66038759777059
-25.73476939016537,26.56437565024532
-24.71745775095177,29.99250791370204
-26.16996270426297,27.27505066726024
-33.69108550987539,19.91629311919291
-25.11160952342333,27.56703041259046
-28.96463444700662,27.4205967642904
-28.44277444459852,21.32623945658498
-31.25551329345196,25.94143864205196
-25.92490631869415,31.95401579421213
-33.6608394282587,21.77130159972818
-33.74901192160112,23.48130889988077
-25.31446129326646,26.37934979266727
-28.72233213811547,26.7701108548384
-33.82536716890561,22.47834028767222
-34.06583286720388,20.96743121056014
-28.43404261424283,21.63694307741111
-28.46364345702732,27.52859809471418
-30.99170970508155,24.59091422195404
-28.73245007115831,30.93961793011206
-27.98394327992886,28.98142291652811
-24.14541747497163,29.00670149544218
-29.22917114110527,30.02419893616666
-31.60140461632671,27.94627694533295
-24.53119246898376,29.27259182898067
-29.11664198907997,19.42908379580256
-28.89242332218119,24.40834957376696
-27.59586358151687,23.45006296365311
-25.05270656898519,28.20159003848348
-26.92011323479388,26.14641102400544
-29.56385867617393,17.4665023667793
-32.60903174616015,18.31856122987794
-28.04272407785428,31.83866461766808
-33.82324046523605,21.19145658920896
-27.77374728540662,29.46269748490068
-34.35436315075204,21.87711032072136
-29.24189582229863,24.50538656633285
-30.65791046894871,25.30635717668327
-25.51212470405161,29.46976048936641
-26.95006516014226,26.64220909682516
-31.57789180287821,28.64506771670615
-34.17789734101778,21.92100224821334
-29.99209513593865,17.87543337421505
-26.06381358662536,23.78665516903595
-27.87070988066898,28.27023697505469
-28.79419890546681,27.90589642382306
-29.48923413440775,31.25168850765995
-31.41306687357699,26.3884501020976
-29.86177094520568,22.57622425204995
-27.45858762790114,32.02035514307431
-24.86185158554733,31.04997168943956
-27.5013590555001,27.76245377830969
-30.16672637768575,17.80906509075814
-30.31405072602094,30.62070763006122
-34.22916129260388,19.63347201369957
-24.72468002309666,29.40267362322018
-33.31881299486073,18.2316721132521
-25.67192937623588,29.11608801463732
-26.16175174474498,28.19530347066984
-33.5036473100116,21.04796941046331
-33.93854434844739,23.56971908138681
-24.94855080236114,30.92009567464214
-34.26447383427499,21.91383880681385
-26.25793178342487,27.32067537654909
-32.82198186200347,25.72240051794267
-26.91288848075871,28.42720401463085
-30.95999024005383,26.28201832967935
-33.14951969826376,18.52506342917134
-32.45829001456011,28.65881545506612
-30.70534960585707,26.98524771758752
-27.12917702936185,26.77671211521168
-27.11951333111965,27.9702149405006
-22.70836257598565,29.15978155052069
-26.70303599907033,29.68706847628837
-27.79471086241131,21.68984586367216
-23.14103694463344,31.35368239925896
-25.30925164798654,27.07456888392479
-33.61050058302554,18.45294678365051
-32.31924073608068,28.1395561996818
-26.46212222931209,29.09093100953271
-28.99433400615115,24.90502495942052
-30.48758445938932,29.82583076346441
-28.2662153010919,22.06751138064313
-27.06132299531862,21.14734502311198
-33.75442064333374,24.68043766916051
-28.82463901017886,21.97501224587468
-33.56254172179807,18.54185650072264
-28.20851454132912,30.46678555812879
-29.21897800321127,21.16545468201196
-27.99402704350067,26.57035004080319
-30.59962525451346,30.33116197509098
-26.23062849709243,28.45027038743688
-27.68651314930786,30.87307579107414
-31.89341068656251,26.91838165449082
-28.45851738380938,29.57130978414353
-27.24233755394382,28.82693194758869
-27.41100556974689,26.06550349592705
-34.61462795487348,20.05788142652096
-32.5992216853355,23.90925209671737
-33.36430377205651,22.0908956423361
-28.13885800358564,20.16390493961456
-34.74338661257007,20.02751444658079
-28.10432723774621,27.80601807537014
-30.77232469571418,29.5556816071032
-25.9352075688533,27.64886707690879
-26.88749076832736,24.96714265892271
-31.42279605769374,29.54125590725551
-27.96573454428498,21.41174202516816
-28.32140918931049,23.0350324989156
-33.39765451178226,19.85697494011788
-29.01860829300459,25.14501139609886
-34.44090092352936,19.51152711591025
-34.00977470968206,25.68821127287904
-33.42438122277217,18.29136090077852
-31.44445726935782,26.69359939704646
-27.46293008106955,26.24929344326691
-34.60605182377593,19.96452603576423
-28.52832986932244,27.9201779072795
-32.13762929180005,18.51448051909113
-31.47044023213029,26.4483828448413
-32.58440613586139,27.59777495943558
-34.00834120830936,20.01172872454942
-34.00395845923401,23.04012590749824
-28.94963551707402,30.29042181801357
-34.30665380825914,20.84764469757319
-27.12443918437986,32.5518627493066
-30.36835458803261,26.27370260771961
-30.71006233071455,26.70112223076069
-26.94358671883651,30.76945649855765
-31.4647989432082,21.02890049039797
-33.48787633388175,23.47133032587151
-31.80495944983422,23.01833364926456
-23.22935272229267,30.08868354139382
-26.69067341109967,25.34396506242031
-31.49585607761392,19.94524641876591
-31.5476673700111,27.88291221318226
-29.43285949014981,26.68565139736218
-29.50373316107127,31.1844954189319
-29.73134232378816,29.96102263943366
-31.48439477607661,26.7071105452731
-29.50669914363727,29.97124153550671
-28.27537373928478,26.9386264389792
-23.923215473161,30.92933505137045
-27.96077189638038,30.68390787774043
-26.00140512172609,25.72443530936857
-28.78111076292218,26.39671745373007
-34.58950451020292,20.13070294510768
-34.1551820852363,19.93579448848615
-33.28235257564505,26.55409059712091
-32.5715899219999,25.11006379236172
-32.84672685590126,18.57305972239295
-29.87929368344734,30.4919037990836
-26.04933940143515,23.6598168233126
-31.65073659454258,28.32958681941994
-34.82268020791979,20.02582471490551
-27.28123732704132,31.23871486051731
-28.01764330608422,23.60180918812123
-33.2072977242844,26.62358438063779
-23.93335010783005,31.49507431237172
-33.98334704963288,18.83282865493645
-31.93617587498469,23.03669094840495
-26.20866614070305,28.34314568204019
-25.06861872593884,30.93891379974599
-34.35572871435676,18.49498672947595
-31.27725590587849,24.17326764014015
-32.85858453585894,18.92624962959934
-32.70634607920302,25.86325053926129
-34.35944846574392,18.95331051654646
-31.7839621390381,25.28740721420813
-25.93890939639566,30.10008339530135
-33.51023448436678,19.26056611807367
-28.83446057281796,16.66475951916001
-33.86259937725096,19.47089208069537
-28.68777819100199,29.52664600491128
-33.85770343183551,19.37616839128619
-29.30458407886242,17.76020317089928
-34.01049379433751,20.71507993316615
-27.802710476488,28.18544912128701
-32.08138180687378,26.32630475144068
-27.77733474302651,30.87912233471929
-28.32829880675907,29.25432274662948
-29.54701864073782,21.99382928346226
-33.28041416487947,22.25891070538172
-33.2365807742759,24.59747137524436
-30.10931878886235,23.06013828491361
-34.10784895794591,20.94804026084631
-34.00086775787268,23.32180619162767
-33.53559932754136,25.5718745925039
-33.07136667540469,27.17187686942857
-31.94959327682409,24.41598609922835
-24.58064507059512,28.63849712175228
-31.25498433355661,21.28907120560218
-33.44541157315411,26.75522777943819
-33.70917901474222,18.85853323077379
-27.99321660546465,24.59556531779199
-31.20724791177855,21.53368473521237
-24.43477263836192,28.8024252564193
-29.19701472269564,18.98898877761605
-27.51528529128654,28.40609088927734
-29.05661250635285,19.57190494334335
-24.90461163612006,26.27162086201437
-26.66961946176334,28.59805032705011
-24.20261405263432,29.33625677072073
-32.99830128640004,26.17845493741395
-30.18205930453594,17.92747484849142
-29.11283674879643,25.3388096029822
-27.67034930400278,31.72087768519071
-33.77049451581459,20.93731666471101
-33.69619762801675,19.0736795106089
-26.68971002237359,26.99858559889614
-32.0406157039427,28.33806066747834
-31.67331576607073,26.92630574355418
-34.00935624596329,21.88804879984778
-33.47681022828793,19.70296048883865
-27.5816283642068,29.28261847738531
-30.7003620297357,27.09053026177747
-33.61103375784643,21.95146491218798
-33.33367118255355,26.60639159845597
-28.35579259175255,30.14140755632263
-32.34719206505436,22.42785498178955
-25.43121844324471,27.28487821976105
-30.42307380787217,26.15235809381591
-25.48582634580143,29.84449184425943
-31.60502421175863,28.80648966475147
-31.46569670490289,24.33235186649609
-27.56655171386959,24.39742181723941
-31.41642978651606,25.5614472235667
-30.36648234512427,17.89771464311733
-26.19475759509214,28.42140080066307
-29.44578439306505,22.18467170536209
-27.09689874333527,32.16322012380495
-28.22213842911417,27.96275664628604
-27.36745517415022,32.09444309878241
-26.96799426278807,20.73287284467983
-30.37572348893097,22.04313526422013
-33.68486679396021,23.06715731594015
-30.55934812861395,25.19143401197721
-33.34989529404373,23.43636756059276
-29.77152562453598,25.55490449124613
-31.78807276331695,23.50955381947516
-24.45719052437741,29.41173778155927
-33.71031727385652,20.9708264621035
-29.18437809141992,30.31465627471865
-28.24335797545956,30.50283350208668
-34.42536256747857,21.34479834249132
-32.19429496535027,28.40842357231399
-31.69566794323468,27.98199704200144
-26.65020593589528,29.78843772308601
-24.9479225443565,30.17452073642204
-32.08943988369588,18.84189593898178
-32.66237322856599,23.84580271775951
-24.14310397915037,31.71377473571539
-30.32089464152295,28.75665989770705
-25.69961153374538,31.28351200819315
-27.68030712695048,23.29020143727771
-32.80133463370429,26.51008029100473
-31.81220153108414,18.23649223766442
-26.7905610019885,23.01773155487023
-32.51878075737482,24.91928225167696
-27.41145910877523,30.70173851885189
-29.30504121642524,22.09061528541142
-27.70091158148637,23.04155584083272
-33.14787327646904,18.95940174250011
-25.29128145184084,25.83196098622221
-32.10384580090453,25.05694033599406
-27.5017682465419,23.67606611102658
-27.8460298296711,26.19234727462626
-32.6533115865245,26.91638306504124
-30.05130609954772,30.88897427804691
-32.40033332498366,19.84578614663544
-26.98148675417384,26.67770338521472
-25.89777716162139,28.1824061689157
-26.50970214349741,27.17058985813392
-29.55349970276121,24.17562814001072
-30.38165104661627,28.68248778803427
-24.21141023063889,30.84181443570181
-31.71399409043793,25.78865378569832
-29.42652070707153,26.48707680798638
-33.9828105462479,23.55713687141747
-27.39513663413277,20.79307978486979
-26.05471702303131,23.67036675613488
-26.87052560657019,27.63708790420181
-34.00307273837222,23.4610646310787
-28.86525663061641,24.48176994929947
-26.68509555117146,24.29100433873102
-24.64409676157811,29.45875214563313
-32.68469770909056,23.82335567272175
-30.00183424174249,30.8835593548559
-31.54022656033735,28.97311166533456
-29.16324922668816,25.79443074267999
-29.80386630809658,25.88945631599707
-24.72712322344384,30.77438458326373
-23.05686839606598,30.77041305748948
-31.26101683339894,18.00249591318089
-30.19904633116659,17.27050854962158
-26.39949597009666,26.03923974578376
-33.63707332844148,26.32124251854894
-25.85003752939111,28.49282817935923
-30.16430694773835,17.78285840186985
-27.75270224687464,32.10950429282756
-28.66247055792231,25.72489510838679
-33.55676991242006,24.06338468145966
-28.18706603729618,27.5620467563555
-29.69230642623747,22.89155860014667
-33.51446364836265,22.96276811754739
-28.3871181554103,32.23406087410167
-30.49033067475508,23.52174180921981
-33.42011138021433,22.55089258714156
-33.35406115710784,20.95441911427003
-29.49542727670801,23.92623898690102
-24.42679277311248,29.0296538200991
-27.85771209365709,32.16985211084734
-31.57026080013491,27.92234013651498
-29.22191121288817,17.76901689248745
-34.02449611670439,21.89833507459631
-30.39283344202924,25.90294400483774
-27.57101115325793,24.31981685771977
-28.27973651914501,27.70148509278813
-28.71238107753355,24.19933122194587
-31.4236662064703,25.75548401264792
-29.64515814233529,30.97027123265791
-25.31038463759401,26.51575589051386
-32.07995423781543,23.31096957488062
-27.39961520517616,25.82984296302008
-28.45154184159784,24.38659359045577
-34.33955259271398,20.83444344029151
-26.76635056422828,28.43950341179969
-30.54517585991082,25.72739762243235
-32.02174455438095,25.95272930644488
-26.4475189928303,28.51683318662248
-28.56448527507864,29.86718978875932
-25.06612731227007,26.39407289799578
-31.67609671110682,28.77020553129194
-25.91815427613348,28.12738683500115
-30.03564090868303,21.68442896268425
-28.95492331365614,29.65698301589941
-31.33629947456724,20.91543947308349
-29.67222007254909,30.37112404111734
-30.03836413267463,17.18927122602111
-33.02620072381896,23.53936133739414
-33.58916859305106,18.86755749928064
-31.08172181326101,21.77927718512124
-29.67224878920631,17.85951292305955
-27.08117039029946,29.92181510355809
-30.13374711191468,17.92943588968921
-32.02212257204985,27.20795134160323
-33.98244336170165,23.59111234202481
-32.71589883438804,18.20200785443852
-30.39171634578114,24.5071160522971
-32.14785384004546,24.57731973037002
-31.54257976745156,18.24530783920898
-29.00523124554308,19.68667735173094
-28.30671140568422,21.63676977049117
-28.3599646749262,29.74320576193714
-31.55733281228245,29.07188297918891
-31.47457181419975,23.17877795637985
-32.89141015636019,27.4087967689049
-32.68511279053119,25.3455534196172
-30.71574017597454,21.61948984149639
-29.91028734473283,25.83191080014207
-26.97220456255022,23.69505084976251
-26.83856183093177,20.6728685124672
-25.75176637516174,27.60044099952892
-33.43156303092677,18.49333068738039
-30.70606925094862,20.40114505593602
-24.74431242276074,31.89492444809324
-28.34590968858478,30.03314410740004
-32.87431658808744,18.67408767612505
-26.95779871911315,32.76828703229599
-32.6797897936281,18.25592930764126
-25.77140777949881,27.0474193660352
-24.73261955456989,29.83591808960374
-28.21574908472452,23.99170582189285
-33.02786970483866,27.79737375740987
-28.1746101433276,22.10471568762105
-32.5648552261755,23.41331580099375
-25.35197305986581,28.95534801744068
-34.10398982614869,21.19216713347258
-26.1707523890099,25.70430227861089
-30.6675996506906,21.52982723792534
-27.02403410824611,25.39595951023621
-32.92778094734139,27.66865956533583
-33.52060912795892,18.46369383593805
-27.33361285183384,28.83893057321274
-31.32331758274025,28.06515847706907
-29.88653532517193,30.85091119955802
-25.03431570493283,29.04649705627405
-31.94448105939383,25.70449634391813
-31.242390119661,21.44126272742228
-25.55342198396563,31.9164339547131
-27.99702414442462,23.60335097400441
-30.77139592928619,22.47922854816629
-24.12812111579795,31.63458129408184
-31.01975118480197,30.06470156274428
-29.46756257825805,26.10419446894121
-30.53944299189303,21.90869228112992
-33.72793666468792,22.11948805229019
-28.66206883075642,27.93466634952026
-33.89683326409114,20.38317089918222
-32.82813627827666,24.71309529444762
-34.10767567543012,23.41212682624919
-30.69840991389243,26.3383171285297
-29.00264481922036,30.48691676645266
-28.06283117746128,22.61883525108478
-26.94266920186192,27.26926195732008
-32.50458638854666,27.98044061092403
-27.14277587562382,25.22492980116515
-26.14892592584581,30.77066477768438
-28.98135453947593,29.87448683119294
-30.26933224686131,26.86159930648234
-27.80395458294262,28.47028695699185
-26.18952040164503,26.74891551506767
-31.84309469990703,26.92988726497414
-30.58177519874194,28.50988334956425
-33.21052774371822,25.12119993113433
-29.56914339459302,29.86633721330831
-30.37299604499232,25.86530981526403
-31.27876959992282,26.28823936940856
-29.77273183116056,26.22103294580963
-26.53272230440232,25.29172911763894
-29.35569595390433,27.06191896781461
-32.4850398587687,22.56207113486352
-25.27673708661333,27.77861779375668
-34.41927507123211,19.53375157177523
-31.43269566435933,18.27467574750846
-26.97745922218599,24.09764212250782
-25.52422401405252,30.0674346806994
-34.04039066212781,22.47477987310982
-26.76725593594188,29.62520861977297
-25.34520411816241,31.79498579094906
-28.06996684562826,24.91608900723288
-33.50564017283663,25.075213590022
-26.19718269025761,30.18428768815965
-33.12369097317063,21.93773972489246
-29.92081160830097,29.87435979507141
-30.15920909179315,21.74769993670185
-28.80103618630825,27.51671982776628
-33.21690034936574,20.86023324926516
-26.79347882772909,25.62551261702913
-31.61167384006568,18.45081896664801
-32.97871707233437,26.64776410448209
-31.62053320165869,29.54577477934518
-29.58313132003687,17.27195804361308
-25.52299894441603,27.92980931778074
-33.17960753633587,20.96515619208926
-29.71613525117954,23.99662850770533
-27.2615309533805,27.05066784711801
-25.51206802501234,31.70715420723762
-33.55138011984211,27.01781488159634
-32.84354585071733,27.23793930765152
-27.24669704303474,27.91255107747735
-29.51874619722968,24.91372171378969
-27.82467062329009,27.8343420719296
-30.81848358386691,24.16257520349746
-33.92378667923819,18.87477992217569
-30.02646054088583,23.66668968058756
-27.32258989571039,23.64198043102117
-28.07490367190082,31.04377599699002
-33.60659187151039,26.82454717471103
-33.68562902841774,25.58835999600551
-29.36876026375667,30.889527249313
-34.57394259170149,20.21545166417312
-28.35220489869944,28.38287273587535
-26.3862573049479,25.3255507431915
-31.37485742090349,20.49791546360476
-28.63848918221764,24.77351710838066
-31.43177445918743,20.30714153676584
-31.33568621474108,26.10155621771051
-29.75248231462799,17.34620791972053
-33.5611373298434,22.38282766607484
-31.47332524463723,26.45616576388563
-29.08091083334122,23.81002724746821
-32.61507723272312,27.66645165073386
-29.35807210033743,26.81039910675418
-33.25363493025841,20.34427035182956
-30.30234626968769,29.40716458655596
-28.25552491568753,30.36169185720066
-31.43345729707382,20.02882670621877
-27.29268089911525,23.10163503396763
-25.59281360905805,30.16023186790105
-30.30383631773877,28.7909803082452
-33.36689651258967,26.55849803206193
-26.20456124046619,23.88845867572247
-33.53186278961795,23.44998674922165
-25.74837194762552,27.38999926114163
-32.14531800472679,18.60045350476036
-29.12745341329657,19.2267780130239
-29.11191378748153,16.84397636632043
-28.79126721557556,21.86912395836903
-29.42538077571873,26.77223496115822
-27.64179807621068,25.64203311260605
-29.32702580199722,22.33139052239112
-29.98559105404048,30.6589551449984
-26.83076727087829,25.08100419275808
-25.43683697811073,30.98677269201973
-33.93103576880769,25.55292630049675
-32.21679712093405,22.55829979734001
-33.67746510068127,21.17520199964212
-25.22772095453874,30.00365342755511
-31.99730880104213,24.67282376841399
-30.79138453555486,28.85056664304684
-29.15920322851528,25.98694504403181
-33.49813998285138,18.62307039191998
-32.40001524211591,22.67207833417897
-33.92478364795618,20.52260251078723
-30.87885316253009,28.51697946207198
-29.59234396773902,30.61645040090798
-28.84907057137343,31.34721410793074
-33.16821976473031,25.0184250940385
-30.69771550660442,25.77408960709147
-31.61193079694233,23.29792322431232
-28.0311805956229,24.53569102387439
-31.92728998951694,26.13630959753273
-33.17962853357231,25.05625679206987
-27.6960339876222,31.72403390030377
-32.55865369111756,27.41241152635535
-31.69606473397372,25.19253791588326
-29.13170903674274,19.33091296872781
-28.09828562050723,24.65108732265472
-34.67420549279984,20.23126747465678
-29.51525573526613,26.08590152272433
-32.75357316633617,26.36511063807779
-26.48943001563822,27.36814200949624
-26.24229661306298,30.39905735513447
-24.99705195670508,30.12784720318575
-31.78328261158527,23.5038795999941
-28.48607974622886,24.79649745046867
-26.66980107053238,27.96302315334842
-25.77361357891378,29.39979551826717
-30.21245896928885,22.05103397111747
-24.27222686913799,30.4672234158327
-31.42992540682372,22.75482875067942
-26.79169172429842,20.37753957150182
-25.11083642442972,27.75946338189502
-30.73682491470383,30.45329692890589
-24.02335972813044,31.72348885290672
-33.90701403502543,19.11551351755405
-31.17433152001268,19.22935935799635
-33.12466352501067,21.23936030358799
-28.78661144558705,20.65416413113592
-27.72739999602971,23.54080946695803
-34.37321396406253,20.28348498633926
-32.9006122280903,25.78838674561467
-29.83346216133265,25.8645784162553
-26.73836134088883,29.14339904248675
-24.88658794445573,26.36220406719697
-33.55363522855401,23.99396734526504
-33.56460259821088,19.00823090400879
-28.29013113619383,32.07583694165172
-33.66959803389314,26.57879191118331
-33.23982260866433,19.1128958149897
-33.97664923721452,22.60474971253915
-31.97936860163719,25.9883859601468
-29.57701784719062,18.02094514205737
-28.70681720730398,29.78001739579785
-26.43555034923825,26.75874594459796
-32.80298158981785,26.51660661984456
-26.87787174780776,26.92627618330869
-26.53041241236674,26.95034144992179
-31.18562241417789,23.11258673832842
-29.37550546344216,21.13509755437096
-28.0539794605779,28.36519217114841
-32.16448135843619,27.94121786508277
-32.63421266611056,25.80933622497379
-31.88692071260151,24.69468151078371
-30.40352896752587,29.66917028428885
-24.61559123988735,29.01033048621866
-34.20216069252395,18.3745857040907
-28.76733164594708,17.62185175891044
-28.65237509779032,32.25053282670784
-31.56984780947952,23.55842170151273
-27.64338235346536,26.14410336020851
-26.12022713622552,27.44312794915599
-31.55890515586738,25.76580962587903
-30.84804903099496,22.35008627430977
-33.28278507766167,19.31150365840946
-31.94057598252082,24.60215093490511
-32.36147415312916,19.07201978969519
-32.51342240601085,22.85879656709224
-31.11380096986255,27.71826592150992
-28.56318898990263,29.95029643786035
-27.6908319546387,21.72825073602139
-33.77233701839214,23.58094158664271
-26.26757418934152,30.59099058659209
-32.20871792890944,24.49580867780265
-32.11106921154721,25.43638596094445
-33.78862321204434,23.62645491839193
-29.66997926365102,22.04367824990364
-30.60690808399476,26.76212630121748
-30.28679850908583,23.60534737934653
-31.98992854403784,26.31907280316589
-28.64848604151442,31.48125903614838
-31.93058151675262,23.68746337158363
-26.30559340866693,28.06978539450035
-24.88590818416981,31.75595825681073
-28.98015499903387,27.35713245335805
-32.06664020606974,19.10574275215605
-30.37015238970549,25.68194855115944
-33.85036321632872,22.34394536592238
-27.72588763028351,32.46561127815851
-28.83870562157212,21.85753861832497
-29.67386013924352,22.93631358120927
-31.48244751558918,26.70857708713269
-29.10075378673336,25.27484141834624
-27.92421898579764,21.24233680160417
-32.03803172066195,21.57786908220136
-26.98894653642078,29.81193162479552
-33.73539376295769,25.59291402113945
-30.23054434770651,22.48157556467448
-27.32216080415014,21.40932523901677
-27.51934808869622,22.02280165016651
-28.97518179364044,27.36621530302081
-32.12914857805857,25.52102544583162
-30.82535975060526,23.32923605276826
-30.3789026985821,25.67888956870616
-25.59890383051132,30.76555399491755
-23.68004960689759,29.32394863800722
-24.98422843116224,27.70215804110829
-29.32668602550664,22.33884276438877
-24.71933362399585,26.69821143505721
-31.38421105857725,28.37251922860564
-24.84642701057134,26.99640174852957
-31.28764304989528,22.30524009405088
-28.27342679769894,28.11243782896685
-25.20881288494216,29.4915940811124
-30.80823171948583,22.40998412438665
-31.23022676947275,27.84516603854973
-27.96530003817432,30.66147430860012
-29.11844674932509,24.75159544080813
-28.79561302145723,20.63709706461275
-26.0742777728068,29.7437171256364
-26.0764928265766,27.72646122223643
-32.22283540187446,18.85164400684366
-26.82860157747171,27.03629534249604
-29.60266355357748,22.05369776668947
-31.79921131405881,28.74585855294175
-31.49698358015075,19.90503261947006
-33.14500039230837,24.96776664000924
-32.22381524121879,25.48586924385629
-28.4180465295556,28.20807968248801
-33.73158140820806,18.43593412346235
-32.67453880785196,27.38956887228506
-32.05687107012623,23.00415786115418
-29.09300567274112,30.49854569799815
-28.98026197717001,29.58707115671372
-34.0593317545811,21.99468102800718
-30.90769733261158,24.25678186515086
-32.86415114997705,21.93523448012721
-33.05866881521077,26.22259617915331
-28.98823441255455,23.97429624265884
-32.8014587066531,23.70870824280447
-24.37984985573679,31.88763538698117
-28.48052578372163,30.53386878280525
-29.52420060571526,23.9709679299279
-27.30595513060761,32.36712175140346
-32.80563591430629,21.62382861009509
-32.40533016652862,26.89468526925461
-34.17799966573612,21.89199597918799
-25.74701580160576,31.54924833371114
-33.19191441773314,20.58419257914203
-30.46793179534274,24.27848043014134
-24.50149661099656,27.00643753693413
-28.03488276369082,28.09507221166352
-28.81946374941495,27.0997766311048
-32.76003853155783,19.07004577911129
-26.06451923932669,27.54649943583948
-28.37894222196244,27.79898793938373
-31.82306936186153,18.23902577311559
-34.25136599683479,19.7738246910534
-26.71143213280978,28.47008637285144
-34.18784145747896,18.81997078314424
-25.58307203297144,30.97099093763236
-31.97786530353655,26.81260543726571
-33.5823499830743,23.31094413425905
-26.8315498033515,23.48115302708477
-27.79864954543281,23.56243979397862
-30.49674601708848,29.81814326255346
-33.89752674172967,20.38527359911909
-27.01257509696353,27.91964539132597
-31.88154789820364,23.62862941511892
-29.24930059701226,26.822104099269
-29.04653925180393,24.98167180365889
-28.56203460173765,24.73109236431631
-26.42388156413556,27.73279775023475
-33.93766516655622,23.60895111704076
-31.13377201115052,28.43092496412281
-31.41757150623763,22.77651933428203
-27.8708861670029,30.1292025955894
-30.74253459412113,26.49108428215928
-29.90710696965054,23.73292780771765
-29.04686189982838,25.07419317219169
-34.01087965377519,20.76406816123962
-33.47373117874479,27.15040109168035
-26.27088504956618,29.99783413094536
-32.60550739062354,18.73027967146509
-34.11437475517197,24.80253732659678
-22.99252149699244,30.39463823026936
-34.03750073843666,21.37529503956012
-29.01496712688099,29.56603817710047
-31.29154139165975,20.99834663801939
-27.80994280479668,26.91008715722279
-29.02432090950449,24.5867060213106
-25.90445144656968,29.48632972794724
-31.40131679129753,20.05728919914984
-27.4953592631284,29.86403531269513
-29.28323523644351,21.13559840769228
-30.13033086311325,17.22851936702535
-27.62552103874853,23.29775631238721
-27.54736177218264,25.01266941608033
-29.20011861562713,30.24316629870111
-27.79917427090293,28.96409453531859
-25.93977905424725,26.20614707882377
-29.37088144331523,31.08855494449719
-33.20496757619669,27.39440296083798
-33.64371968808025,23.13821719256587
-27.00519490925696,22.32280585703507
-33.51653936401732,25.92415601195993
-28.48715530627497,25.09385746329303
-32.41868683145823,24.39662007539948
-27.88988964865702,27.59471127744851
-33.26208654700002,22.54249944617141
-30.5663361964546,20.42714660999802
-34.01676100386728,22.9711248794773
-33.12667446015204,27.55183210729687
-29.24992460795096,26.04099802178263
-32.67887530033724,18.89563240490785
-28.55217624331089,26.31935082043652
-29.12509786626198,25.10485263839514
-25.00906995616357,30.49965518109048
-25.85928183193862,23.86035572444896
-31.16844405562579,23.11421948297862
-31.40458654345626,28.3958756581808
-32.31964137033738,24.56046874007616
-26.70391699866522,29.29738749515176
-31.47584699691974,20.00691944855065
-28.03240306518722,30.03264881008127
-29.94169378710266,30.60417572945141
-28.90795631666085,26.33347720685248
-26.30838863768895,30.77089975114297
-24.52209540882306,27.51878453257334
-34.40082864854936,20.75319142468122
-33.00308239923002,24.75136917207684
-27.18261362804215,29.65377400391381
-28.03649032787643,22.03318529823065
-32.55714608909982,19.00795356284323
-27.53967663269318,24.83428390329866
-27.57422459182405,24.25208014486659
-29.99063233211616,26.999461324264
-30.30972028428614,30.5438110556807
-28.74883143056622,31.75637420597741
-33.91610715754515,20.63555544604403
-27.62109228117564,21.69392561876487
-33.23718490201124,20.48778016218811
-30.4380310386266,22.26222922762252
-31.40633740754037,20.95770792028609
-30.1642645458661,17.78290010949149
-25.98028571932718,27.81030998268034
-27.31225736882985,32.11179011402609
-23.60376633468378,30.02382371297006
-27.65107215894958,30.00407615670189
-29.14960441369889,25.68704410138231
-32.36420099885511,28.01552264571507
-30.92459101350965,18.20694743889841
-28.4511038924902,24.96954796251988
-31.83050909960433,23.59082358174171
-25.17301356269273,30.37134031794868
-29.23123867364413,27.35778365659878
-29.76700213040528,25.91375546127693
-29.94313636527264,22.28586864866195
-27.66597983978022,29.47994512879977
-27.53522797668558,26.9688580030941
-28.19316998074261,23.56196488289242
-32.03226374707693,25.65127854861469
-33.26576370566119,24.84023194201545
-27.0525456710857,27.78668008120956
-28.60340077688554,27.93691278399972
-31.92977095021853,26.94133664312519
-33.70205291866993,19.2955832771859
-27.23836386232789,28.13828043706742
-31.23932268163536,30.04526266781862
-32.56075036508147,20.58734305362593
-28.41569955483853,21.46080648242841
-33.1862680625166,19.16686058147642
-26.22500691708605,23.62350042268898
-28.72244709690888,24.41509591001848
-29.18731830188121,27.45012670463999
-26.23677792442185,30.42716548161787
-30.28361032843619,26.67393503969102
-32.72545150214737,25.55479182129714
-30.45562991427256,29.68715201400733
-31.83275425767044,23.02559010559029
-33.66662581483993,18.57793885696989
-26.85343882090477,23.57149627112836
-33.25765262888488,24.8390231803321
-30.66172850468573,22.69547349229461
-31.50998871524204,25.00237436909867
-24.52888765509154,30.06393899855665
-26.73945643041482,28.78438217055733
-33.12615457844052,21.26270260529718
-34.05843311028905,21.50172664600326
-29.15970422150557,22.60551853469384
-29.53415656614175,24.20988226344375
-29.8426413008123,30.30865230866989
-30.23417012255855,30.77261460553616
-27.77046392772885,27.1199448741719
-25.85827544783345,23.85656859907957
-28.46874359055114,24.41118500153903
-27.95268685592514,22.73126873150081
-32.04770882176516,25.3205996927236
-33.68533367593635,18.76085274968798
-32.07262815981896,24.41824243314111
-26.63368088846089,29.01589960328112
-31.95068172716044,24.264999072198
-29.91326221697525,26.33009577093667
-25.26042803048068,31.10212225790412
-30.64814108884001,22.71053744648665
-33.995505098549,22.18962494303715
-31.68493656505883,24.96553232434028
-32.62768697901018,28.4423963123429
-27.67530119140496,25.75357748071064
-30.10303558945024,22.59265316345313
-33.49633517216344,19.56556345902367
-33.44248899196657,22.56710896335021
-33.0252781099608,23.53999820966731
-29.22873856368986,23.71735430212705
-23.28363753371765,27.7897254998385
-28.56744497169025,21.13767313871385
-27.42182680261505,32.17014652718513
-28.57122209012747,32.04543055186374
-31.99487938073908,24.08814623800449
-30.7055160664313,26.9702784928257
-31.93763531980597,26.68998917436795
-30.55634354931892,21.73498620010317
-34.21096190268034,20.89185958453162
-28.9660190128054,30.32638552741603
-32.67068713737847,19.21347453501657
-23.50908068942704,28.65698390502207
-29.28349953526395,29.51423802184354
-33.80767301649259,25.35786306404763
-30.52016158784184,29.73064932788549
-32.73736364231391,24.71141539817486
-25.50987582860317,30.70043658139443
-22.7548987707948,30.52014844095278
-29.68081780257034,30.19414525148674
-33.53178015266636,19.20729671340025
-30.08435102911701,17.90401822598066
-29.53386230670405,30.05436549710034
-26.13845674411272,25.39887657968131
-32.10232859060179,25.09625243613795
-33.83958623770297,18.7755615498543
-26.91553767869714,23.93080502247208
-34.29092141196033,19.23923308158905
-34.32388092663275,20.13190769664103
-31.1841315453823,24.62077354218863
-29.10191864509532,25.2759577796779
-33.30551047281961,19.20223978310503
-33.60334520047516,19.53181835728494
-29.90914368898028,17.87491829885712
-27.31743969670953,26.8654547646221
-30.71322354307762,26.63230264064559
-25.83478013800864,23.74442001560521
-25.84960685419254,26.46107115978948
-29.03455546245357,23.77471276009212
-31.50516848625393,23.20440981749241
-27.54279800641163,27.80823631577364
-33.21120469665375,25.13826415040699
-29.02574752241112,23.76728502221386
-27.12562672942397,24.2949452240181
-33.85937500455441,22.03817597775266
-26.95841465373553,24.23514596114033
-32.76946200063231,18.14617375538106
-24.46275034696969,29.87212485827701
-33.99795854281676,20.34031887533431
-25.86842634598642,28.7010171301604
-29.78272620076266,30.7491698402693
-32.52850402258694,27.45659540504841
-29.37630525776791,26.14363473877086
-24.35668037724058,30.29991257487631
-25.22171552805725,30.03212926178713
-34.00053257669769,22.38249078220633
-30.22678699122905,25.32714362718538
-27.08629209289363,28.14780142377978
-29.10104434225289,22.03106001300902
-26.14395320027629,23.96872326829194
-28.4375177505425,29.46166078127018
-32.13535708206002,19.00491697019854
-30.82936729289158,18.12024977984856
-29.67474020070165,30.7019455503096
-28.06170555662845,28.66602437911123
-30.61117870832636,22.24126623932927
-31.44122832995054,20.99675031245939
-27.23040739773008,25.09396822224019
-28.03316642105741,21.58831525190167
-32.59157903433102,18.92911680587869
-25.69199417354391,25.57983472401586
-27.94626900222411,29.81619595131109
-30.55698806814183,26.46079492900009
-26.7642305957405,23.04249185859743
-33.27198470609699,19.02283066187793
-32.47083993870861,25.80979046476519
-30.19187700231569,27.24489480510027
-25.84185654335114,30.72455018159706
-30.11484472236124,23.65772580940358
-32.97875093368294,17.88842608482111
-28.83857278862212,29.62113482238826
-28.11436147904335,26.26937474089204
-33.97277831973903,20.2566070382352
-32.89389132261896,18.26755316997604
-30.42419169095347,22.22205317507162
-26.07885036661139,25.88422639528852
-25.42737603579732,28.75203958260093
-31.98904290756071,23.86379480281463
-26.715286717906,22.46259041209699
-29.70228903227415,17.65968406368909
-31.32299591302059,18.5892982432444
-31.91545328180504,25.71458827485033
-26.73665887755217,24.20500324800275
-32.17878511381306,24.56374079542628
-27.86721876932761,29.9086793790719
-32.50399072455323,28.60321159614531
-33.7661207745455,23.54467046225175
-29.03934190248367,27.51213953877806
-31.36899695115322,26.97776301297724
-34.09370360221104,21.29723078593835
-27.72804191966188,26.86278152965936
-32.71906598249418,17.95749231437135
-30.88946214226611,26.16444832866688
-28.99150734995769,21.12155126984316
-33.41679938045134,26.36135899415029
-30.6975403249257,20.40434158192227
-27.25155528946644,26.92764394685843
-26.47145335213417,20.6110892001728
-25.12815225815859,26.18377783676856
-25.85422892281345,28.14739252872556
-26.17723213287289,28.58469794117913
-28.35383798830663,30.35864129362072
-25.06530579585728,30.21770532669041
-25.08563373599127,27.17892787098091
-28.43856150621415,24.79651945863083
-25.97747869175989,26.74274847862774
-29.40014150981138,22.24082908900839
-24.70384458678014,28.78701244060633
-30.94704778201692,23.23051200622362
-27.96218295539689,30.74208404415743
-26.02075494536411,27.39493705645684
-28.26249290679779,20.47988198832538
-32.7846394567629,19.07674099396265
-30.3749317198697,26.77964678425847
-29.52517956032016,30.19031869530014
-29.32513959135755,24.86601774253049
-33.97899494136285,21.64815426018834
-31.31245117618884,26.17552360280803
-30.85609803479598,29.59302356091189
-30.95350607575505,27.5590561239971
-26.43666537660431,26.93367905512572
-31.89437452480534,28.78294361894167
-27.31345818307239,21.47919910952059
-26.97768293453746,28.59581702142924
-30.84861586493895,30.34262916936745
-27.33984089328708,29.17900055380406
-31.87323879387322,24.07461315258373
-26.69345313390849,26.69727782817217
-31.07118732891951,20.29597708416369
-23.26284368081992,29.6939080623645
-26.72696104677701,20.63147239042847
-31.22884853789436,24.70088742554945
-32.67001239403098,27.39563241844946
-32.35925370904808,27.18523075936786
-25.93557841734336,27.04691308836698
-25.78352237719593,28.63836875864903
-24.83657271652402,28.90444806242066
-33.03438160137927,27.90829179841375
-28.56853892487662,25.25534993705153
-25.44543804213054,30.65682004256457
-23.87255468257962,31.64182398733587
-32.01824128541023,27.681546410982
-31.22375252821544,25.79005596751993
-32.49228147606531,22.82367425836081
-30.77807232495864,26.43003574831795
-25.66013218373291,26.41950269329661
-32.76045081205778,26.65818714498926
-32.11770815565263,24.60819147845825
-28.85835482724691,17.70769207414027
-33.50844639147021,21.60029462245737
-28.03100762009219,25.20203442408098
-28.46582414788915,28.29816180058293
-25.19130842198721,27.74691093777056
-27.08940328581572,26.86279465145553
-27.14611220692594,28.08406168946415
-33.75616777811171,25.51415910239954
-34.16304846208164,19.8370580129757
-27.43443988601439,31.00723615332908
-31.2490393899908,28.12720923957822
-33.96158320760518,23.15922357136665
-26.22468963907334,29.63031133638797
-27.51404878752344,29.86692095923175
-32.40690989504302,24.42040410668481
-29.57397080499378,17.90083717200732
-30.18769595037323,22.56896774734349
-33.64528876454449,21.76627110605122
-31.35232432000139,28.34265467505131
-31.29992523532125,25.82429423180157
-33.508859576994,19.53255398033715
-27.62325376676839,23.30005718552568
-30.20721761477619,27.21826334891671
-33.75610385509045,19.5373811348154
-34.00313650580801,20.65272988496998
-31.84181746288867,25.137741917179
-28.75506102465804,31.17824106703521
-33.45056202257637,26.28621244018846
-26.84511848152542,28.4762902005265
-33.30519536846795,19.59630145261774
-25.62389362750802,28.45168524408055
-32.91205602902398,18.01664193977927
-25.09964993118793,28.17449670603701
-31.1441116115204,26.1871259650006
-28.14568625998838,22.42985657493774
-30.70292701297617,25.19658387214344
-28.20503292480854,28.50165671493466
-29.29213657054343,16.87939633619161
-33.25432760949765,23.55898989077486
-26.27465070360783,28.32067115407332
-28.91205582455221,27.53216547166457
-32.42165923113996,27.28348034830258
-31.11948068917241,29.6237163020343
-34.07351112635786,23.08483508562947
-27.60467040699095,27.90324389872722
-29.29266226347642,30.75383583952029
-27.45054934511481,32.13474175832461
-28.40517554921082,29.39129949428237
-28.03355076311072,24.99905364842547
-32.75308768254102,26.09749288364178
-30.55243296758653,29.3717950561977
-33.75734585701441,24.71008019038011
-33.52612271332589,27.04993502164045
-30.25679353003626,30.36621387081713
-32.64271579589584,24.69173383891855
-28.07107697684252,26.70702312446735
-31.37718480673034,22.82364007382337
-27.5797021745899,31.28320530517869
-28.73303692959932,24.01509198032009
-32.07474982538758,24.36799750282865
-34.02764435214265,24.62938376854322
-28.71015510139439,31.14534411843567
-33.26251370315396,26.46281569195028
-29.77792713949498,29.45612165318058
-25.93014088397369,31.8063198040147
-27.228402484624,27.18010247578881
-29.42958105541774,23.26988589401281
-29.346526763124,25.89543567843051
-30.61704519645602,29.97645814166054
-31.91982037427934,26.569369558841
-34.05166055083159,24.46865587388137
-33.15996507894258,21.97818872624828
-27.9010103237326,21.82032825201292
-31.92387577474685,26.48846662567021
-30.37477682625686,22.01668411638768
-33.9251442043142,19.87310971515696
-26.8973305458329,28.11362787799267
-25.48875426298777,25.75070005141157
-30.13541094901764,23.65441033704342
-33.34007520530722,27.09511071944109
-23.73167481621112,30.20439784704603
-33.2952229997511,27.34892825656434
-24.8444772122915,28.72186756615466
-28.26997094874855,28.59143553263297
-31.90803971182515,24.06918127901616
-29.5639852873179,31.18405040055947
-29.93562190093472,29.38284532121484
-27.82353827381,30.46767568559052
-27.59968282658717,31.27821910810005
-29.73504088812259,25.57894681266938
-33.58810736902934,19.39237018208956
-24.89672049693407,27.08556005446808
-26.3411124169136,29.44387204448203
-31.41371234403037,27.51504086698211
-30.96421797395457,27.47992169476482
-32.54110307364996,27.36634413921497
-34.12996719443635,19.02154331326205
-27.94625893335488,28.9735341360817
-29.93564549179596,22.4863409764925
-33.29480229092583,19.61802479349665
-29.94536852051009,23.66661349456228
-27.09586834103581,23.13072404625429
-26.77543241553795,23.26171590941674
-33.24276880344829,20.44755241278137
-33.13398844155138,27.66074398388045
-30.89582369758111,29.97220620016724
-31.50840107835094,23.06690173252088
-29.19528998310674,29.6152332115403
-29.58312088528429,25.22298498188266
-27.79445396552925,23.06552374379826
-28.12860239291925,24.49664838053658
-34.23051437223809,19.50583623432757
-30.9982441389297,26.66443424273671
-22.90187396649275,29.99578608553933
-29.94001946551805,22.98767835031563
-28.12011740090739,28.59950050793888
-27.02409217291619,28.55150707109181
-28.89632509897299,23.10626703349377
-33.47776304504009,23.12028146523915
-27.04517564003003,24.98925268234696
-24.94245200400298,26.49419424700551
-27.84315079521566,27.13701737342089
-30.81942432561258,28.86791975332162
-33.34725589471135,24.93712131949592
-28.51642789897403,26.60319469983583
-33.14403141949875,27.13593676839903
-30.91228601058101,26.2050983052461
-31.52085026076075,26.9723904801625
-27.48346710478975,32.53454309270427
-25.53823994783981,25.97810479030937
-29.0982816375449,19.500052355494
-25.28112201043734,26.12333974132161
-28.66493959011701,25.04097790740996
-29.40235772253985,22.09952401535124
-34.12360402046627,19.04802870801959
-28.12104588430124,20.11137465864387
-23.04260388349107,31.39263160854046
-26.25158477481887,28.95624511438844
-27.16415518887217,26.64048598837218
-30.29828440569674,23.60330665577861
-33.77639832124258,19.99742430368043
-32.57150266870403,23.35350783048698
-30.44280101440151,25.2227412115349
-34.40136032107915,19.78190056031692
-27.30207304844579,22.98361041552031
-28.49681421042407,31.41046956549476
-29.29248073223688,27.43785949327258
-30.13462173287961,21.70610865532885
-28.55439855193399,26.07037563090749
-28.54992380303937,26.27220638013565
-29.62201183904629,17.82762041662203
-32.80860604697429,17.88419042729294
-30.00386124026594,24.7021657749608
-25.57753781885346,26.76434930208831
-31.11227202980532,24.39495656710061
-24.39633867031253,31.81781464712461
-28.62538954741311,31.71869272181889
-30.54018427886548,25.66682589958338
-26.94934136291123,24.71239141305213
-26.02952448078813,23.62021253584254
-32.44786579162854,18.34026633850894
-23.29358258810416,30.46871521447019
-30.81113636530234,22.16326241571704
-30.27161075831465,30.49120390568573
-30.54707157030604,25.60847307965001
-32.01317039279405,24.42153715841813
-27.41985243820858,27.23240997779492
-28.70778781914394,24.1552991446286
-24.80657988207465,31.12126358533975
-28.13799639352957,26.8360102421129
-28.56485232932242,29.94487571169889
-25.92131991830029,27.09343368396965
-26.61697784458293,25.57996473033981
-25.48099969461125,31.8234334044186
-31.44673660323091,26.01876339866472
-25.62046208189059,30.51591410620683
-25.30998234704678,29.79968479029321
-30.34699108963748,28.8040208510485
-33.00926514137971,21.65767922384508
-30.05095947095207,23.03300983302179
-31.1203692666416,19.27420163556222
-27.04614472210212,32.34563103019907
-27.84243192710457,27.03407138281881
-31.39634138077231,25.60075964899166
-26.19554949601761,30.35856063272573
-27.67339581248443,32.32336351611448
-33.2139380746076,26.37732939588121
-34.2883190420978,19.76644416852944
-27.14650231858891,25.45550905665304
-28.30496369734412,30.06116534424969
-28.27902384415497,22.02924465443734
-27.15849701230369,24.00625820635957
-26.36015051255823,27.94601532928381
-33.88038184749395,21.21207673318266
-29.94463365695857,22.45854029959418
-31.3519998777186,27.85227345314899
-26.632178282456,27.80843283345943
-28.93187630725235,30.94687806312429
-33.39214077180844,19.28656123322473
-31.8942356681865,27.84038655868851
-33.88857669336084,22.96690851211084
-28.58418093303994,26.17565665346248
-34.14812851971196,21.59755382642527
-26.80257608396684,25.79457482198236
-24.40558614331541,29.2620771407949
-33.42771352290525,18.94705298225071
-26.91734166159502,26.0534436008284
-30.73767049592716,24.49458999981701
-27.75654506658226,24.67583392343961
-34.25801466805286,21.60161002630078
-32.55057268631355,25.06384556124625
-29.63187724282205,22.79880567933143
-33.26432273508184,18.67615918597456
-23.964981446894,28.52524808961599
-28.1893028154609,21.06667312422877
-31.62347960831766,18.40054642030758
-33.83021431819099,18.66662906757237
-30.82430217860916,24.94832854083583
-27.04144179026272,26.34704706379667
-30.60269768959307,25.99646524386064
-29.79251120009572,25.41580872512857
-29.37914350068031,30.91050117410659
-33.33650592530457,18.16439586069315
-26.83298061966125,26.30049068579647
-28.24998519520584,25.99878678588147
-29.09715022743498,29.97381351831374
-32.62978265065335,25.82487463704458
-33.60090989382375,24.2107396003173
-30.04741662428481,29.34834456954987
-30.01059128177959,27.04748527722706
-28.0909323625558,22.87099680819277
-28.98067430831695,30.83505931400466
-31.3821289431126,26.68938293762601
-30.94316721930855,26.81430266856169
-27.22462216627862,28.80009306088838
-28.27633456386906,28.72487529999017
-28.52125871175377,28.4098083869094
-32.02357595697575,24.63492661504694
-33.61008018490187,19.81793840241231
-29.35128493933438,25.89063272486295
-32.98671040784006,22.54058996736899
-31.68404520176678,27.30898949373745
-28.00063931139091,24.56116583837807
-25.99986036858003,28.95799878265488
-27.81151761182744,31.28193448279094
-26.40213221015892,30.356445663329
-31.70270962923113,18.55026071666452
-26.5375723333785,26.80085480535806
-31.64134418175727,28.72037471056117
-33.53726343819084,22.80909934970464
-34.27317855052667,19.05664486794711
-33.75185508273751,18.89607532257212
-33.29876493500593,26.54834105878817
-26.6635595241728,26.48415292426796
-33.59516772381208,18.40691647957695
-30.43127074337197,28.64151745303833
-29.93776495137849,20.69210746144353
-33.73227132800477,23.12235161642557
-34.13580486963395,24.80886564147512
-26.87686441776259,28.50574696475714
-31.4038236788357,28.8503961346049
-30.72345014756878,17.51388796257323
-29.72649283496218,26.96490460242423
-34.28570930817212,19.47146139084807
-30.14487547271489,29.30314650924508
-29.28109998766148,26.21148641734249
-33.10496975209674,21.42895640428742
-31.37791646910862,28.80889539381327
-23.36540239965353,29.37675650100722
-33.20467228578988,26.3603832202008
-32.74078652329672,19.23015541475219
-29.26367194543492,31.26352199402345
-27.14656445946905,24.74826208405654
-34.04724096509219,25.59052639447081
-28.81309823034914,23.60975728243134
-33.34443036651718,19.92848936795298
-24.84338583968377,28.25072429924821
-32.20895759117757,24.67111243113153
-29.98030327115466,20.6697970938297
-28.00327807294,21.17608637643561
-32.7609779722986,18.02993701581264
-33.42005430965399,25.88102800068184
-34.01699620364933,21.76574300227828
-33.22420547645898,27.33578429970096
-28.67374524449279,29.53396507991151
-25.79286559683928,25.34666138584072
-34.490392839187,20.01903457047417
-27.16939399565933,23.88765302542031
-23.77663367119516,30.38439075687326
-33.60524182152729,21.68746460355403
-27.63744775116425,26.65735277615293
-34.00942574401417,21.49927261850761
-34.26930779947254,19.17536294565456
-33.75108604545061,26.52854548508265
-31.45385547505318,25.47621422562077
-31.13360082014255,29.48898428049132
-31.62772709785808,18.64281471999193
-33.58492838322731,23.10152033561216
-26.05486055775209,29.59507259745709
-25.22368395192009,31.08347774857467
-26.18613621548273,29.73784644833475
-31.70981292732756,28.78357560495601
-33.48067346156471,25.08139602686444
-24.96858008657214,30.38156771596522
-27.20861771415204,25.16382313369234
-23.43691025782847,30.6880742115988
-30.5063806683712,30.44757925735452
-24.95865323620513,26.99700362548091
-34.01709872394706,22.78637673751427
-26.11893204632838,27.52727174420876
-28.71699166110705,24.24340902204101
-23.89610191893554,28.91487704638056
-30.55029713317235,29.80272643967225
-27.42110658664664,28.27847755459932
-30.08895271564607,30.86413477392571
-31.32445043177021,24.92805125287635
-25.6242946842366,29.68472126712943
-32.96513630134748,20.55133298160439
-33.72004044924194,19.41793840326165
-32.76138886021661,26.85073475600958
-31.48368985525904,27.718387182877
-28.3651216598567,30.78054748230933
-26.14485382307545,28.99074643734986
-33.52894322003453,25.48206564389694
-27.86782028873279,26.42273355615906
-33.63858873891155,22.20988711505555
-23.02258395277647,30.68034251530445
-27.6806609903719,27.05440924880819
-31.68996507624318,25.47584964346701
-27.27941830797444,23.08164544960575
-31.52590221956892,25.4901106673668
-28.76547544909078,30.28091118651941
-26.73133718886836,30.27451108729789
-29.71240410907248,17.75512527859883
-34.04429953957408,23.29200822926451
-31.07394851990443,28.81129094922779
-25.43859551838871,28.02377521119475
-33.56218774980431,18.7379043128249
-28.22554537333608,23.7582108810333
-31.67750170482271,25.66212322788256
-33.35992494711507,27.08298368772618
-26.65565727245608,26.40206726630667
-26.26922010177809,23.99163131785
-32.83324796679814,27.25886284990086
-33.39191981405868,22.12753369095445
-24.0327832784814,31.06130664130305
-26.58058679801869,24.20692111847692
-29.5453095690599,26.06379066032859
-32.67120984202106,22.09690375062836
-27.79796060787928,30.12994302420537
-28.14960644193197,20.20141474197671
-30.61796377537848,24.48057923717454
-32.50486604273615,19.20356439064282
-33.77163670692352,22.77350957776813
-30.49686363092374,26.79830295321653
-32.89118499416262,27.33479532486647
-24.82793600848885,28.60633818551348
-31.90969457547347,25.53851908897047
-28.57877409449373,21.74931190746202
-28.85471458575422,26.13533031135173
-27.41652569817141,26.94779918101246
-33.78652941432425,18.58506516834225
-29.34100420656399,22.26392950850012
-30.16876345748203,24.63335373546128
-24.47078769338395,31.43232312129516
-32.99378640124765,24.31201740307383
-29.78830297913931,20.780637175867
-25.48717933217101,30.29086291178702
-27.81562329418435,28.1228684976686
-29.28238226575254,25.9798098970184
-26.0326379929998,27.96274896029512
-25.79671782716995,25.4251847855593
-27.11792606208224,23.0446632010378
-34.04830413058533,20.08594504552364
-28.06622787441904,23.59183665596539
-33.41571266544051,22.27396879960574
-24.19791804176158,28.22340890477692
-30.4257172204749,23.2945224651516
-25.37799560468801,31.27133494316917
-30.32778908534086,25.7886096401448
-30.74143086333808,28.85558446892467
-23.93469519102522,31.20469943962138
-27.87690334413561,27.24207382540721
-32.06462925252946,25.51772011491984
-33.58944473178836,26.39756285156678
-28.98766776912843,30.43748762583396
-31.03766337837947,28.78457622950409
-33.91260639260483,24.18644317161221
-30.55046261535831,25.64240859384211
-26.79718529522075,29.10307372035784
-29.16954295070811,30.12962722128508
-28.91367972134817,22.75063629026243
-29.58366573465234,26.65772862483759
-33.91983697103277,19.86811267106763
-31.858109154788,25.50661185627521
-27.64972545507931,29.41351324049751
-34.04457651092054,19.10186836137263
-28.7164545361076,30.17018969993806
-27.09162067583452,27.08689814367128
-32.12665096699453,21.58935199976899
-26.74396731855055,28.32919744277745
-30.73980445075484,28.51928644568545
-28.77690122317747,29.88348111417975
-32.97324055225367,18.92067320179542
-28.70448992133339,26.6215503625798
-33.10190386705954,21.85720920670861
-30.44054122033508,25.62346509033144
-28.40996302980419,32.16869323388288
-27.08643446833632,32.52609873323153
-24.97676046480466,31.47735443651866
-27.27936798116868,28.34489148301479
-34.68933068598866,19.92519344993019
-33.11756375355122,27.14945042976174
-30.72012512334133,22.61238888211564
-30.68575616124997,30.39654786225806
-31.95259976804036,26.36528114547591
-25.13595654060971,27.46385677607632
-26.65833950729215,25.28801167481285
-30.01502093592342,17.17903105585223
-33.52155611044304,21.35137368269296
-26.22845074549363,26.87770903482981
-33.6685518078972,21.17653365907908
-26.45604947556604,30.11413063724933
-27.97921598210424,26.86792026969964
-27.74040557883814,30.17380143193404
-28.07877982978705,21.15283979932627
-27.82611651114983,27.44026210964601
-27.02544089884806,22.82135888953956
-27.79523220481537,27.15478034433679
-28.14215310410122,22.44106882633051
-26.24160975296128,27.65464260420546
-31.02820868115304,21.91273386861995
-29.57978950366532,27.04208929082817
-26.10334581535176,28.49165111848485
-25.35566287262574,28.22771705485088
-26.49301103339733,29.31009526553935
-31.26450311658349,28.6728858577971
-25.44230063387846,31.98423178178855
-32.89065262548551,21.85936407317256
-32.55249529901745,25.06805421854796
-30.05747040293934,30.18768765355782
-27.77045212541371,25.99934380492861
-31.16656282774289,28.24588858954678
-26.92252023749621,26.98863198361461
-33.43922259861391,25.74636999111143
-33.42157067493329,23.30614138180544
-24.85702158901683,30.04764166069233
-32.02159210147207,23.008163611089
-28.99870829003884,31.57129720227022
-25.76543866344457,29.39576706812243
-25.50845264025008,26.32751065561722
-27.60632805056592,20.80600443986769
-34.50215630042032,19.72621002771427
-29.7334705601229,25.93456941490256
-27.84967148770059,25.99512495339316
-32.43584049782653,24.4776815748992
-33.85361330552994,25.45535169869819
-26.83355216858778,29.91990985341259
-24.58133068782562,26.78501153486202
-25.36897059239721,29.79967357256417
-31.70027115369078,27.24397562489102
-26.51037429398536,26.64591931768884
-31.36451158712102,26.93204933844084
-29.32677743176053,23.75103821597345
-30.63503288052102,21.71716014127744
-32.15150268478493,23.90997765866251
-32.27294763110559,18.55375092904748
-30.87311799553008,24.85867980078784
-33.75019381190155,26.54508061615407
-26.02230864681278,25.90634480840409
-31.42927761500442,23.90976527261463
-31.66266175383391,27.3484161834777
-29.64437526018616,22.56432551072749
-32.08134929431226,24.07950411567131
-32.92329283936506,18.69165636564764
-33.62573506704258,25.69023376249484
-23.62866003006133,29.94623673691455
-32.21820093596289,25.4860651319544
-34.11753468649712,21.45048925662372
-33.59121644979628,23.23396742339524
-28.00271878098724,21.00547418086969
-26.16437855155883,26.92396490087984
-30.56923514876474,24.98411773721238
-32.68505810949012,26.12718167629332
-23.9822540071483,30.297945026884
-29.6063547165822,26.83004062342628
-34.17828701597004,21.39681593725273
-30.80758469250365,26.63739024386241
-30.58623808619184,26.51757814513477
-29.42677178630438,27.23545017696468
-24.86575867638671,26.53925803797405
-26.39953509002856,25.8931980469542
-30.60196960496271,29.97346444430253
-26.51922787887684,28.73190952483652
-29.21515519760594,26.22430810880322
-33.34048360163614,24.29874170110951
-31.52986368312224,18.28995806068517
-30.57915643434148,22.92921579178563
-28.38724334337537,27.59162524757114
-29.53532252261754,17.86250605389063
-33.99192819422287,22.98521733942766
-28.12003091108508,31.03518346808251
-31.40645782963293,26.38234649084203
-27.09785235357058,32.55336696246425
-33.72799537437746,23.24041295829226
-32.79136569121323,18.86229520945628
-27.59231848370136,24.81741409834148
-27.68940198754188,21.98546592716498
-29.49192015185939,22.26732033279187
-28.5597319554474,26.95119985635665
-27.83377758080015,24.53207704361609
-32.73170891769687,24.70935981571122
-34.1244499126961,19.51477928361614
-31.47273911926395,25.16513096100175
-30.25435777934439,21.84449149964162
-27.97278959463695,28.51572204128294
-27.22468076025815,26.75804988718462
-28.07844396681952,25.54475028504661
-32.66362544975042,21.51820881180707
-30.8934960551289,30.22147690198476
-24.65382828943909,28.58567852225773
-31.94934708430628,24.41793174374566
-33.201209637088,23.43050588673043
-28.81545156961421,31.91410418783819
-23.69243899633576,30.34531494258698
-30.35228468791063,25.27174680460876
-28.948551447005,31.03486466366337
-31.02969317402104,19.32305957258423
-33.77588469045813,21.14470238647487
-30.96103067449331,19.44438849556945
-33.58307598116169,24.16492460262947
-29.28656584783437,27.4359337401048
-26.61935391629482,29.8423631797181
-30.44179792436638,23.36472477700293
-28.3980150446055,30.55500357193353
-26.49802486540316,26.44386328676511
-30.90787282938336,29.59698741687394
-28.0270937359507,29.00029355949557
-27.84942062468009,21.96473637672156
-25.6386374216309,25.72043217209531
-29.29518097244533,21.26402047972281
-29.73130117959918,22.70441396228812
-33.89530968918572,25.62101701769961
-25.72913359765515,27.27874356793906
-29.17388804695631,29.77643874158923
-28.37568041790225,29.32827691315907
-28.80587088479416,16.64106432061872
-30.06631819991301,23.66492459568824
-29.51707355126088,23.96329897391024
-29.74332559115176,27.01665848527798
-24.86515232534422,29.92386876212431
-32.91333587340176,18.30046212735061
-27.88738968216196,22.02380048191147
-27.85626462031424,21.8096509904806
-34.3553081046273,20.38707847581007
-26.38552302333018,28.72477138348963
-33.96421821991986,24.43713311254833
-33.53090854977923,21.15330681723583
-25.73966770407311,25.61029858046867
-32.53935143381979,24.0553860448912
-32.72236773281366,28.06110497886681
-27.63407695889802,28.21826186384128
-31.54693510454664,26.5589351529803
-31.21842457853126,25.7837299324014
-34.8114408554172,20.05518537381656
-31.550837456775,28.73673735136897
-28.33141378328699,23.11890948025264
-32.82030422927929,18.41530847871734
-27.57377103434702,32.47916723474743
-29.09870995284562,26.13406630346608
-31.29199031877786,26.12718411061818
-33.00231323617624,27.65027521038551
-30.89262754076368,24.2380519500266
-29.1896102874282,26.81594136521762
-25.64311661033776,27.19896854248567
-32.26531650856464,22.45728014487726
-30.3246235410711,26.38231415710965
-28.76685541843769,27.4985514062758
-30.2469334659856,21.98424448006996
-33.62473253184655,18.8256486062904
-31.87156368070456,25.51579426202192
-34.09534545731113,19.69606303617828
-26.57649855126843,30.32034400194863
-33.53140046258863,22.91422214540798
-27.27963250001971,31.28700895962009
-27.35799088730333,29.57219556208118
-29.14257740961299,16.85357912203339
-31.60201721639577,27.94953929313419
-32.57947171522198,24.14731228841999
-25.87262862669225,25.50539170669319
-32.75130426857331,24.71637108806267
-32.88459475953268,24.70781524501813
-31.60767993469194,29.09528777399687
-25.68769461247979,26.04061831816438
-26.16470461319371,30.65914785529508
-27.24144007501033,28.73922687171915
-32.51933984877177,24.9307391175937
-22.9024032697051,29.54052568196303
-31.93734330167296,24.25842225373823
-31.03801303264518,19.31120652583679
-27.35753058966048,27.90260700082247
-28.67269861107277,29.82997288370053
-30.71780705441889,30.08237870399106
-33.98941245835169,21.71761655991325
-29.4079050293966,30.73344402056776
-33.53622487407302,23.10981965296108
-33.09751219266132,21.49685516327744
-27.76215301646275,28.49712089233975
-25.82142795522963,26.18242961288699
-25.96592215090662,29.6383868355222
-23.95114894378579,27.93861055211462
-33.89983917003165,24.83106379550383
-29.83747310853715,22.6958007425806
-24.82836974871546,26.41539439613386
-27.16128747436866,24.21194061287646
-31.91846396954314,21.50394113915011
-27.55354076383888,25.1042174240268
-26.7959344124171,25.68808194863997
-28.86207634579621,31.64802237511045
-32.76661281010129,20.52320825411588
-26.78825508373858,23.34754636101091
-28.14071610827359,16.91099703508036
-30.61631113855633,30.35644715870298
-31.98364886407922,23.92233137992048
-32.7458155520822,26.89073301138028
-25.97295450921625,27.24349818061908
-26.16711085963165,29.22042165830052
-28.28503626126161,31.21212103601634
-31.37270046487671,28.36937680743927
-31.60683053475851,29.33403357026959
-27.76000705611719,28.54770528984487
-26.74315333154371,28.96543423972134
-28.51494437100894,32.15341392960384
-29.66907070372198,25.60398741796951
-29.84506023298293,17.13105884121106
-32.91276218333178,28.00602621265509
-26.86803136914306,25.02355344761223
-33.77427633371384,22.9572821632413
-24.69964078815465,26.12784958202222
-31.2004965639904,20.26603441736613
-34.41833333812962,19.24492667730833
-33.69351771966172,23.04556485766302
-28.54864406874667,29.99138188935367
-33.62570632985737,19.41383647763696
-26.01436412437885,29.40652854565663
-26.48096493698403,25.52951017284837
-29.05356587780231,17.84316817017704
-30.16428523706965,17.78287844973416
-33.72939053621558,25.76389215112659
-33.27332706696235,22.51385868157857
-28.40425779768015,24.33331958388665
-32.02771009853983,24.14139303962592
-27.74714135304491,25.11342447213155
-31.78259071040376,26.73154700110694
-33.23565656269869,19.28129510376392
-31.89994402932116,23.75505736087259
-28.07985769150529,29.02922484363498
-31.96586676150717,26.91162242405217
-33.81391723647203,23.77923186791515
-34.31938538359696,19.61599120462095
-34.05361992235648,24.49038646083247
-26.04639149342353,27.66671742540943
-32.20057501902648,18.39487422517884
-28.73626039222065,24.82917353738309
-27.54122598464527,24.19326136870683
-34.03287961033556,23.19792012736543
-28.28924229759818,28.21045730109275
-31.30848558899532,28.74629844906625
-33.22732119988677,18.97492343470801
-34.62120663486748,19.81268236262419
-25.36549941009203,26.5304235345899
-27.79354041967686,30.42505488532259
-27.20051678853668,26.31244623964621
-27.36080981447718,26.99971227504755
-30.77752386052001,26.41512810764393
-33.9684241532772,25.22447681610365
-27.95219250971793,24.6186802154452
-33.91367924726461,24.17972283622103
-29.51804816743558,29.91963565547222
-31.56984026813527,25.07132972304487
-26.16436229737794,26.57240539454825
-23.01064423749486,29.92843416119906
-32.74131140165898,22.0033992285358
-27.97458430670811,27.19084240589406
-28.98190995644442,30.37493939648714
-30.78670214947262,30.18626195462411
-31.71434535770139,24.95880213083137
-28.55836327417905,26.96758276117683
-31.63965007277871,29.15724536515904
-28.48144170448531,30.82681610584803
-25.53253336776795,28.85067785570044
-28.37525763600328,26.5135907518107
-34.05767658372472,20.86853436245279
-27.29011974504747,30.51219570367715
-26.44017598715511,30.25206985708413
-33.37471052758009,27.32713013211796
-32.30866665908174,22.38315354475458
-29.20893487348686,17.62587999742819
-27.06113489392111,29.86702301739988
-28.26357712518714,26.94118139533983
-27.65526640795552,30.71975879659722
-29.08202391962868,26.25825907875996
-33.75479294159795,18.96099051253555
-27.58294925471469,28.84659502845494
-27.76585248243903,29.53633247797847
-31.49570630777136,19.55894138738927
-28.31537057394867,16.97389140783798
-27.27457455420546,30.9518801954195
-27.60501819805453,26.70208478260155
-28.89934329189624,22.79327844187856
-28.61219601147696,28.81047678458088
-27.98726497181695,30.61811031336223
-33.58232500586338,23.10133338270881
-32.03109851895792,24.43372392622502
-30.04132516740366,30.79747947682491
-32.5802596037671,21.84514923288093
-26.68764692002011,23.08418141763913
-28.59195707472452,20.34074501900692
-33.34218514990976,24.33589165912442
-34.32415975110185,19.39175566707133
-32.57405566899604,23.1203380859223
-27.67560571305257,28.91498990169804
-25.4141696468134,26.56710412998796
-27.50869030689394,25.72565045212423
-24.05748421953669,29.6891366611557
-27.57867320173818,31.5674831085351
-33.71489564620774,24.73135524206765
-32.90978623297175,21.8007191278065
-33.69280747852974,18.72782413595282
-28.49236567758556,24.55003277722919
-33.89470652084562,24.11013309638033
-28.69314290277172,27.06899357344328
-30.76579050295848,24.09662316368592
-25.59717952186286,26.11539836626794
-28.98043417214192,31.71811894663013
-28.83296235588831,31.86727190619073
-28.25716960226231,23.58831173115836
-30.37470220959601,25.87535506704245
-29.71679962783264,24.80425066956424
-26.25968622318625,26.49769999695638
-26.89556453232744,26.38627478145354
-28.97034997368852,29.7141959139541
-27.11610472764884,24.31705942084547
-29.63883800409678,24.85233119212503
-29.30957897616966,26.85608984917573
-33.18968287939622,19.26508535342478
-30.93499107922075,26.25007051046184
-27.28001109179827,32.53728199711047
-31.39816827708211,19.20299789323711
-28.84785909089162,22.09152758237011
-33.24807998093682,24.49484261861393
-28.07239921000666,23.06686237702959
-31.53062872412413,18.72103873317794
-29.24986005021193,23.58511427781539
-30.24690782606078,25.70902004084921
-33.03741327982194,20.5870866288253
-31.24653737186562,28.63867480033192
-26.51487306889225,25.82610946083192
-33.35302917115291,18.15831190664664
-26.96229532973394,24.30539787737508
-29.15525844485768,25.73134386228686
-31.62861147778815,26.92972392259688
-29.80460894271953,26.24372864006967
-30.27328248451563,30.46414493339715
-31.00929357841716,24.99363245831876
-28.85364351760215,26.56665865510693
-28.36574022286405,26.57891285803559
-29.92061643404617,22.29762397534457
-25.97224522597807,23.45532573351334
-29.2424800229004,24.78321686149537
-29.02168629809603,26.04595919014194
-29.64440138568252,30.22102025405692
-27.36592831707285,32.22559725256374
-33.59009730738888,23.34931202138786
-34.19000690039075,20.28688469744716
-27.23016598774976,23.24202969392734
-32.70203703118022,19.05614499840487
-28.69194315096402,24.96923366542098
-25.47057481100089,25.8378257427978
-27.27621178087836,31.14222574430516
-27.73942914847876,26.06552108144842
-25.63731967250423,27.02371190086328
-26.03672671149537,27.38493153173704
-29.11886521840594,27.05504696675736
-31.31841121085706,26.6994782739936
-33.00251679524889,27.93741074639554
-28.95838158162475,22.00984709800872
-30.96230228114893,27.51030133637969
-27.85611685447529,28.44003834135349
-26.13701614632557,29.46425522683639
-30.70051255919672,25.21567151776329
-30.82899267859839,29.13588217117427
-25.35036233082626,30.35746128219034
-25.89601690052983,28.74208055584113
-27.78181146461555,31.05598372138632
-34.0742985645881,22.17264685903685
-30.89887160126671,22.27065648485866
-32.28943236216117,18.583720379071
-27.92771645647403,22.03335677282561
-28.50460187669422,30.39420461079227
-33.24419623323348,18.47228900052184
-33.253509176809,23.56548688109545
-23.98837045593467,28.40290033454037
-30.49410374676687,29.8953768060301
-32.67650440383443,26.05822767544932
-29.94624321347025,30.34945829668665
-25.968355571411,28.55479219862221
-32.02342543214308,27.28800435780539
-31.97571188003211,27.06058359120306
-31.36324722858085,27.10807595360297
-28.15431526187981,21.03654808314981
-27.6997825543763,24.67121707398464
-29.26598456909355,16.87702482671264
-28.06509869365513,29.22728950564804
-31.19210727854758,18.44319702291751
-26.15952161620369,30.31143126269776
-27.96699686858706,25.68526633192271
-30.22784344668106,26.52839012789473
-28.21216399245293,31.94928940845229
-31.43871782804681,29.52825881048879
-25.98567904536456,30.50274282706186
-25.76297921876721,30.8097244870494
-27.6692853053624,32.31580549036232
-27.24240069841614,27.09211754277132
-27.56961401326976,26.61065693928693
-28.08751379595551,22.86924703039303
-24.55519162767067,26.85668124625451
-30.70037011386035,30.49036341345481
-32.78084034920286,23.72718901066254
-33.7832871642981,22.05788143847152
-29.55085541040073,20.98919384529533
-32.43674925930781,23.37201541975446
-32.53512389950656,25.8425886702712
-25.32401181016995,28.57266521856669
-25.32823932331114,27.67818252730665
-23.9047203106141,31.54931016972393
-33.28743852270893,19.74161740915192
-27.46582669297745,29.13722338788065
-27.94124549925669,28.38492570817162
-30.21411376688772,22.52374173711479
-33.72740362608598,23.2221071093261
-34.80936482376968,19.93798341608598
-25.38314405509959,26.03223466167801
-26.69736972699292,29.09633858008602
-30.36665184394234,27.27755563295786
-24.64429713150319,30.73590783631548
-25.60353170474182,30.58386784667508
-33.27343364903438,22.35795335366418
-32.32577204457502,27.99056007431182
-30.33252954895512,26.98180923271662
-26.98544476751769,32.26555847942925
-31.62374168214144,25.01186530941868
-27.00714946185616,28.07824022209944
-26.35412463159648,29.38707548071346
-31.52730778094037,27.69351665968739
-28.92526339067033,22.27616023940478
-26.35770069900205,27.30688006628796
-29.8858514606681,24.27970102373652
-33.26056163555308,23.53114469674316
-27.93534385372908,28.28281679080659
-30.25585625324312,30.18831176083868
-28.36356199973002,28.11084155929903
-29.53013142222128,24.90802563843669
-29.81085275715612,30.61862226672599
-26.90461988764563,24.74818789840254
-26.18795237388375,23.6883975448542
-28.83198629919421,27.52360671943506
-26.47795980487572,25.31942055794051
-25.41870392944564,29.01055303808612
-31.01697349048879,26.36982985598176
-28.63044196273012,24.77270492678396
-32.76539767280151,28.00186002703427
-28.84703378640573,29.71943408045776
-27.64912076830847,30.7183031972745
-31.9218676131381,24.22857222282342
-26.71806529878817,23.21496060062767
-32.01801849888116,27.72644511441918
-32.01940259175204,27.20033012025077
-32.82720518049567,27.17342708759544
-32.12785899135369,18.30565920388811
-27.71688334252038,25.11171531733653
-28.88965920364184,31.93437933920159
-26.45965098720074,27.60955013485097
-32.33247712123357,22.40195925009233
-26.56781832143961,25.32051605026045
-31.27731118198075,25.80810520602444
-28.78859583637013,32.0263085229758
-26.12695646298862,29.91752898152414
-30.84582305294867,22.35185740754703
-31.91860760031833,28.44866792030671
-29.10480463402373,24.26324967765265
-28.48362054458516,28.42211040318417
-25.51555636980271,29.78510477644564
-23.12799401636813,30.14860799265501
-26.60481358389795,28.05736143272901
-34.41462951243906,19.14641258217515
-26.88744284828496,27.75224401867622
-24.95712807448984,28.92003676117317
-33.1890026773544,20.90199149243607
-25.56365981927004,29.96077331532127
-27.52442726443297,29.21464267758113
-33.05736718635726,22.52281713081034
-25.78359180076264,30.35188715573653
-33.19361388316413,22.54225181521274
-28.47191013251647,26.24668484768673
-27.85356779337733,26.32516694747425
-25.60306585498981,28.90210271792405
-27.64718524510356,31.21410745088734
-33.74928768466042,19.77530856379168
-34.0149242007554,19.25643367998569
-29.0118455392937,29.85224728051511
-26.94530582242359,30.51948682991695
-33.73644661422406,23.30817064638455
-27.11635683564993,30.55031560915366
-27.77986231721253,27.22192364485163
-31.26820516829655,29.46771665819361
-33.16635980682136,19.23805181331359
-26.70237918596917,28.91730901592809
-32.80737438629205,19.0853214447124
-31.01019204736497,22.12888296631464
-26.35841207665097,25.36462128412983
-32.3007501552519,21.65933232547854
-28.70335049280483,24.78137516677904
-33.26331096037722,22.12121856564777
-27.49699483950809,27.19552911373616
-26.14811488572656,29.87635122065711
-26.62166464383627,28.34312624154362
-30.84582672653347,24.19666616426874
-29.46567922631896,23.22709292017979
-28.13953826896422,16.89994468201123
-30.18685544718503,30.72353406583978
-32.04746432802732,25.15939605865964
-26.73629893681812,26.40609438338205
-25.86923815885288,28.42516011765084
-30.62836745108645,25.42202228290432
-32.88171359700275,27.45072723406861
-25.81149325212825,30.1123390444422
-33.73519015932948,21.92194180580204
-29.94612485695512,30.35461584047069
-33.04410511389356,20.58519918050879
-32.37302207011803,26.92467785744354
-31.92854366640639,26.8672083830493
-32.09128422365935,23.42156356188302
-26.03753912937319,26.82298836665761
-28.35746345482871,26.635384329912
-32.4924212799574,22.82390909518928
-25.98667276034177,25.6935234488239
-33.42446392700169,25.19912308444465
-32.96414417850644,27.43291829886991
-26.84991418436753,24.76679198640578
-33.20288574372453,27.10415866604773
-34.05016337559523,22.30698644635322
-30.3896287185221,28.67712746622739
-33.40596699944734,18.87709077691779
-28.54575205385755,24.71768199515606
-30.80728952630727,29.37064882276686
-33.52094419855938,26.10301867016246
-33.1445615721689,24.96107469279217
-28.66363522076762,28.84347989666235
-30.14319132879667,27.14614004195244
-33.83397624600122,22.44984178844424
-29.10094968094986,24.88076233933158
-26.78615945159741,26.25319758845598
-27.2041860682386,21.38038703150456
-32.16728214595795,18.79218959206282
-28.64364411085578,30.88885164825015
-30.35092483398889,21.7901678308472
-31.81318414577432,25.32131359151795
-31.63922652130119,26.66324114998573
-28.92643072316639,22.30075305160304
-29.82572341426853,25.52345621083339
-26.92941640934067,29.72539240285945
-30.39579325721879,29.05315671490834
-31.16365261786226,28.47157297091193
-27.50744517318272,32.64285359815953
-30.20289385165922,25.72336554226781
-32.57864134559274,20.50273211418883
-25.82653655842505,24.85275779283215
-32.77948567631789,22.5793504208192
-23.68096010596129,30.61745052952458
-29.4689072246887,17.81221105588836
-27.02133145166334,27.00761240139039
-27.4095676493637,30.66820824021261
-26.74629195394447,24.1206924265794
-30.49901577395025,30.56519808205393
-23.78933200253476,27.71313242135504
-28.49855121193909,27.93359720060202
-28.68243038998345,26.08316523999974
-30.63132431219438,22.74918842799688
-26.12969270690806,26.79565901063587
-31.60774151789299,27.49815521398342
-33.60311278322217,26.89959805965448
-31.44579936356281,25.75715072745218
-30.17660916296898,21.78196436837784
-27.85535438324289,25.21425788556289
-33.20790344035169,25.90152914865605
-31.55050000075456,28.67039619698331
-26.52947986703177,22.82684314136366
-28.14788281408082,31.48287116251056
-28.18406463411002,28.37298928496907
-33.69110732126748,19.88795027117229
-25.4346561609596,26.36933779851236
-25.30149347778898,27.28839388837014
-26.41347052671841,28.11287725598163
-25.49557674897373,25.93437181583073
-33.10678640416511,26.61114956641725
-28.81238922692508,23.61606761879951
-27.37772063041406,28.18024649804556
-29.2837315960603,23.50933137510148
-29.43549111986963,27.08280520114022
-32.10341910739548,23.31627864787279
-25.59145101455395,31.06496906247394
-27.45826153965617,30.94343935552913
-29.16120091412397,24.32175876359094
-28.93889064593005,29.83150353990377
-27.7066185417305,26.10265456817315
-30.94709224748279,29.96870126328595
-31.42517990301651,25.02354077639265
-29.62102037384499,22.52372182084576
-29.3362262977944,22.09856924052678
-32.10296909243107,25.80650361823734
-28.42112363071568,27.56224693627436
-26.96190684239654,25.5441934206336
-32.68541051809981,26.18936571713087
-30.58935616898543,23.52577068927312
-31.04880858998075,21.8705239312599
-28.43753972326306,27.85010815172449
-29.37378027622036,30.01061589505852
-27.96698769696205,30.43140072446204
-28.35005911396721,30.30052418252496
-30.60365633589101,25.39033249090908
-26.63713634358166,28.28875831689277
-29.50068831708123,23.18574743858604
-30.96002957582306,30.16924143004315
-27.28178751055705,29.19063484206191
-28.29646077876343,28.80020173026116
-33.0333451765328,27.25397020628564
-28.95697824245494,27.45618917964713
-29.49190562341145,24.93102710507721
-27.61107175437773,30.86549614445091
-26.22153867421414,29.77380034287883
-28.10615501331881,24.30323197231691
-29.43917095850306,26.20016920809951
-33.34941096516533,26.68012682977019
-24.98563699613698,28.56355132587134
-23.82661548833261,29.2923707221879
-32.80126198943326,26.80720324563026
-26.93953309073936,26.34964908368312
-28.81857517894927,27.96715280024943
-24.25339203764663,28.83071681364733
-31.33499095124222,24.95309884200799
-28.12026826148121,30.23667350100131
-34.11514943299583,21.7974616389019
-28.71234182498183,16.58271257631233
-33.04241555033453,18.30627221683265
-29.96052437594528,22.32334785726661
-28.28406911069786,28.3625813127051
-27.05258126029244,20.5005282265437
-28.28580992280368,30.08524738047712
-32.43062276321618,27.32503802475651
-28.79976501852734,17.65136290387954
-29.74251393460973,22.0838355864408
-26.8368132279684,29.14005529923364
-29.23177245256715,25.23417786181658
-33.34016303475693,18.18809381241718
-30.76428654331254,23.37561346794438
-25.6932851863338,27.51840414908587
-28.93177471986924,29.56374992558809
-28.85553644942079,21.8992426082483
-23.5340228515839,30.06126893194737
-27.91768875343325,29.28113007671146
-33.27679210011458,23.88676813378538
-31.26372535032479,24.77251598810012
-28.65513247397451,26.86875617855169
-30.40439535540925,28.67431303000324
-30.50372834756572,21.73909223186697
-33.17381412118566,26.62431801543824
-23.19811084926459,28.30464814131311
-26.57571346710968,24.98383314410484
-27.85403411595119,26.69014514064668
-27.63302961012754,28.39982079562389
-23.42460307457437,30.78354496289646
-25.03691155537215,29.52759029132209
-30.48409824720939,27.39768801135839
-32.46954033231193,20.64889720466589
-33.38537384907659,25.45932502913093
-24.88943411837848,26.33188811085842
-29.16440134213633,26.06790422399949
-32.46187551338839,23.92131721584873
-32.79760265328221,18.27077972578287
-28.9458545381919,22.38040217326784
-32.98053847892112,18.94463282212014
-30.25711254913459,29.96309344117357
-32.48041651788588,23.77762203612963
-29.38728978836671,29.89284209659513
-34.08266954000656,19.05680468845357
-28.53241620566696,21.7480483676768
-32.50475923491339,24.81395646799374
-29.75070364705637,22.10100957361783
-30.04975330573879,25.72809823921924
-25.69793769176433,28.26619950792204
-29.75635957693111,25.3798792296172
-26.78057867338511,28.08465953531792
-30.28307827134413,30.75975091035559
-33.54917796274486,23.10741673565155
-26.94344459962184,23.8388008369424
-28.72226514100934,25.7715012992101
-26.31954524334686,28.64113245962794
-31.42740615478801,22.55748379877704
-34.2014229593324,20.89567378788778
-32.2738946653522,28.20497947416304
-32.19062764394915,18.33056100755129
-30.44866634587731,21.87892594277429
-26.76826246618316,30.38752645882621
-28.49365474726528,27.89854051034099
-31.20954513494824,26.15956142520049
-29.12081433631271,26.83000664542528
-29.76364210959427,20.80714455694518
-33.01654287156745,24.78241448371656
-25.17609304703337,26.95338893429933
-32.06932964031379,25.62159658619921
-33.51679025200789,18.98386893273306
-32.83402838988173,26.96847388623166
-29.32063087907859,31.11282505832999
-31.02564775327209,24.53904866453323
-34.49025611580793,19.98635114860711
-24.98372601042087,27.82046160455623
-28.6201235367159,31.08518113162009
-33.47257972172321,26.24976258560281
-28.47396984614888,26.88755567804476
-30.57038570820181,23.05400056890983
-26.06312466465172,30.29756203888208
-29.88646343999354,29.85259242540171
-31.04471974656493,28.4111463912787
-26.64393553185327,25.12877035714138
-29.95885280864219,22.99534521461524
-32.97645088410263,18.92960827202054
-26.16454305763317,27.72692387394681
-33.89541674402061,25.15374890220168
-33.58532009192515,19.8764232630577
-32.917417686897,26.62500261314723
-29.21699151128719,31.31674564122831
-30.66897406618826,21.53212143065878
-34.4641548361415,19.43779783334791
-31.9707760918717,23.97404368193358
-28.05299664847084,30.2119894660857
-30.41024090883035,30.52399258709412
-30.53700108139417,27.31751701746961
-27.83290376283902,27.67491937442413
-34.24505509071524,19.97678360097136
-29.10601341043186,29.49614832774759
-27.06579258427969,21.18663997575817
-34.36613023580688,21.45497197913128
-28.13735904739626,22.09327203436492
-32.87452889790328,18.22136936145692
-26.77161601467863,28.26168854818703
-27.03040795559668,24.41900560204945
-33.50198950223068,26.13258717174446
-33.83117483592606,19.76672902177538
-24.18262149589967,28.96738883172347
-32.42476237850593,24.32822136004398
-29.0225438486784,19.65033519562259
-28.7469764960408,27.48509501756304
-30.03348030592507,29.79513367441981
-33.49268398857927,25.40448852257306
-26.73326483088911,27.93382013043041
-24.26324761425392,29.47007115626051
-33.50406875707341,26.82410832566216
-34.18212020379908,19.93766080440238
-30.09799479089675,25.60982983041472
-28.16250655629572,28.44625452095039
-30.75010802873375,24.4952029196308
-28.76958269196636,29.87445328448704
-33.94180794199023,18.63227093613498
-31.90899114306036,25.20590838912286
-28.05900566872086,21.15885027408564
-31.28697522634782,24.15795574361722
-29.31511088951227,17.09301311257078
-28.73203789834696,20.83437113562311
-27.35788063219021,29.57192811292907
-30.32357645403707,26.72020690945805
-27.66605418774206,27.27169182755619
-33.92418700619777,22.78867782634914
-27.57402656708947,26.76426523074872
-28.11561086670034,26.75650535302962
-31.15314254740614,25.70260336604908
-29.45186988270425,23.24345242180546
-29.63031440424578,21.9622449791334
-30.4681024796578,27.385731458147
-26.90324474408232,24.66070697876
-27.78071249178253,25.97291966717004
-25.8794283415492,27.50844654209985
-34.6985077903874,19.70391004851577
-25.79833895630752,26.05735179977264
-27.82294763524702,30.71044354488676
-26.88781869526187,24.0907321924486
-29.56902340262716,18.04850486072409
-27.12029156236004,25.80950367633712
-31.76363213307658,26.73204646730378
-31.37818508513598,27.80797566340675
-26.19351459001194,30.71555237959224
-22.87440246583191,30.16032286951257
-32.2285117425853,28.19975905327812
-27.39589316651629,31.8405474126841
-32.58747918415445,24.1539815890172
-28.40855405982731,30.39490819745191
-28.53909759199357,28.7731745522999
-29.76616062560059,30.50817759170416
-32.41968088759116,18.49214311448614
-33.53505642785691,22.71766299225838
-30.50998816998749,23.52094124349944
-32.21928996244094,27.12370567241723
-32.81246723750296,22.57640940164355
-26.99809761110906,28.27022502026031
-33.20928719239886,26.36349671151946
-32.3410202410325,18.4404999284726
-32.7466491739642,18.81878333955456
-27.85702279299069,28.50510988278667
-28.33089670744385,24.73994803291608
-28.06292936429381,25.20736267413213
-31.12912887733258,24.37026425786231
-29.65289955093522,30.33097959188911
-26.31373718667032,25.95892917068099
-31.10769485453032,21.69609108630235
-32.51303711798845,19.19249367108568
-29.35332080494065,30.08823851309834
-25.84953026631037,27.68218398548545
-33.9379729351115,23.13943607308003
-27.15452919184777,22.75740513656038
-28.61333481272258,16.50003035970186
-32.91623697884322,27.81525321731145
-28.99962305623931,29.43158828169427
-31.41357431421179,27.50670721388839
-32.36145026332704,19.07211197868245
-33.05614258914861,22.54619680775113
-27.40894297947152,26.97227684606003
-34.20077181541672,19.40069825202707
-28.14742164431502,30.63026109590967
-29.5189767372547,22.01656203666349
-31.16314212482449,24.58021365824156
-30.0695616781698,27.06846068104602
-33.03132064117221,26.19697944302371
-29.505518725255,26.59589094648966
-29.3410964952893,27.05129947039574
-24.86583769914081,28.39114732595859
-24.24540413634397,30.74156970073421
-28.47133655590715,25.05786125827697
-33.79272082961604,24.83450867039436
-30.04645669223825,24.66284836098326
-27.15035326973939,28.73620499606492
-26.50275481280012,29.13094064103212
-25.84501100895842,25.71074004491665
-27.34631925404625,32.4340074330941
-26.66377509934901,25.2952830150518
-28.31600681829108,29.49739642948206
-30.26214133601606,20.54472001454097
-26.3793621609511,27.69840967286854
-28.21863714096711,22.20906446533039
-28.18126461835547,30.13036051028982
-28.31621869465947,24.57116650384027
-30.92784915626828,23.24941563437859
-27.1264418120396,26.19142418364491
-27.77167734886002,31.67719201980615
-27.10287404512098,22.41149452448846
-23.87746948311334,27.90943458311686
-29.2421160539955,24.50522368735398
-27.4571840918018,27.30535912306077
-34.10624702272095,21.5827648850723
-32.60531914548976,27.74675766187985
-31.46882860426927,25.49739897700822
-26.99864557269148,24.62263616007213
-33.22701969894511,26.63476139176249
-29.17997560165701,29.80279639435096
-34.46994591025015,19.79047668621964
-33.98813968165515,18.35041294164566
-31.27032425179974,24.79574998726379
-33.56258497507172,26.55705544612533
-33.14977406960053,18.59102383002105
-27.00048672690948,23.29146205795598
-33.01097430838049,27.76419674472371
-30.80830204510766,28.53976317034756
-27.62290939760333,20.80580390086677
-33.30340068430209,24.3676830575819
-29.16266717689503,24.31322838452415
-30.30416613156804,17.89400932750621
-32.17946346372256,28.24501005253829
-33.30704294675176,19.79060004278231
-29.27668441329418,23.52508093954334
-31.73589501160459,23.04576773026177
-28.37174448059615,28.59660333869243
-32.17579032241964,28.36138032741188
-28.82183216832146,17.68794368518748
-31.72836925076468,27.95263498287641
-29.25959024876538,23.5634167708687
-28.60782481382553,21.09298116238867
-26.48035787040977,25.76355358063865
-32.72551281756135,20.48847189644789
-27.9195261189104,31.77394151674904
-24.29785619158469,27.43173496408351
-32.99165445115048,18.0061876585269
-28.3783075824045,29.39025209486331
-29.12862227230707,26.05831109631814
-33.08112363369008,21.81739127243204
-27.20037345842773,31.0819810812488
-28.63919627654939,29.57945551376386
-33.56707377307804,21.22303883366911
-25.19977799407892,26.13796956091671
-26.54064198354782,29.45502203669841
-28.81091709072382,26.10970315756341
-26.84413372211792,23.22167492590187
-30.76921744070225,30.06032350390971
-25.82478623145686,26.33575507295558
-33.65088957306879,19.28138666997088
-26.12840102174731,26.38894139955688
-34.08993322020685,23.35547562309565
-26.62086005561203,28.90719176233198
-29.84111783640413,30.768557799903
-27.00997713920358,24.16272823821504
-33.07920308837744,26.22358134001878
-27.67715979951258,31.1650256824459
-29.36180255582574,29.71070033570676
-28.47646494341618,26.63627563949768
-31.96124490864993,26.80012337035074
-30.01802426003549,22.64219973124078
-31.24452845503109,26.75991982278137
-33.30064654031771,24.03437773859449
-28.03006126445821,21.01857934615774
-30.21748051488642,21.81171044521201
-30.64124976770081,26.78824961614073
-25.62998983009833,30.97376213834739
-29.07071131811634,26.15165906103714
-27.33658478928776,30.13023265641659
-29.77399221585515,24.73551714580346
-27.12135530440196,22.46641878617703
-33.12819124590803,19.33924888495776
-33.21657886716299,19.11754974098471
-33.30178027800868,24.83460384771509
-24.30231014151647,29.99809829303399
-32.13410131061674,22.93015584613997
-27.36526570743148,27.72077167540235
-32.62234615137865,25.2268421362392
-27.31206237341801,28.4032155506128
-31.74676930785839,18.65438607444074
-32.55920029566941,26.74651646921624
-25.35692061350362,30.16016130416911
-28.94183509509678,22.36287325911603
-32.68011997305016,26.29875181072627
-30.56367199930336,23.13073058980546
-30.09343722659624,20.60997678347032
-28.83648159571261,20.33633714493212
-27.54722437416894,23.47138119427862
-29.06361486476273,25.08415179280356
-25.72890181335361,25.67598173864491
-29.25399416448474,25.1963381816911
-26.65918523202267,26.43631921105452
-28.31060239822843,20.73391913607505
-33.2489552761247,23.81013654811687
-27.34079388175697,23.17924406282475
-33.13033858354839,23.43171945016392
-30.09035704782854,29.9251725470656
-27.48354566550766,21.33848018937111
-27.58857571267795,30.72266976889281
-26.58404109533753,26.90941890028124
-30.5678617112267,23.44227986817444
-31.2900406890583,18.05968538325625
-33.55061457479101,18.50489388329345
-28.66259421379678,24.64275485232037
-23.84405282081259,31.26726603641119
-28.59100652421454,28.8684760209699
-31.58236942894844,29.21984095009797
-33.89201982408996,19.01375171227983
-31.4935285981943,19.40841610171258
-34.35240412226806,19.47204395620532
-34.35559226189708,18.49487986823789
-33.69673576301347,20.9641946857241
-30.62251171796408,25.26976094669824
-33.2580528264097,20.21986682866738
-29.13281171158207,31.38295316537527
-29.35668416610523,30.53357363332553
-29.83785964262919,24.40617487106651
-26.1645168389776,28.93811853742982
-34.09064503864975,23.33135801119149
-26.18415632631813,23.85849361804396
-28.29323459550407,24.83548199538475
-33.08078613192037,18.38936030564956
-27.58664185115773,21.67773868796291
-33.61234141621856,26.0045300231114
-28.78858238516667,31.61741850880579
-28.86154852350244,31.29542531193092
-26.29312555940084,28.71029697041635
-27.28671893058393,30.57795695049274
-28.28893598318667,27.57221948180232
-28.08098007105788,30.13427739664773
-32.62317778938537,25.92929031061414
-33.14626774542098,19.33896861663382
-29.29938902078183,26.69241446467558
-25.76064605106276,29.99617408755832
-23.52949028515673,29.45432617234206
-27.55247535542195,21.33049445223211
-29.88602884347389,29.82627885741224
-27.36736303992428,32.0945270042
-29.55405329298152,20.98661690787063
-33.72161711949896,22.30374632466822
-30.74987125872891,22.5461788925304
-30.85855095741387,26.6207549969014
-28.01578353888066,24.83276604244865
-28.92540462605289,22.28208128778979
-31.12982123416445,25.70704952271023
-30.71268151702907,26.56813150875427
-30.84141790093889,26.42329078953098
-27.84019941739808,21.64333923966377
-30.94201255662968,26.3744236944379
-33.13487925361935,21.94645980773824
-31.82335001428638,28.76559726170686
-28.00259959127586,27.55368164565684
-29.61490596113132,17.52225779732144
-30.96606609150702,21.9877185119543
-28.33219623483189,22.19727417517275
-27.28751063572575,23.91853138510523
-30.54971599631057,25.62694516328102
-32.10947796988815,25.43002617032154
-27.10717547436621,21.30936953384083
-30.56160248241933,23.1601997036215
-26.12138927929647,26.32343365540551
-25.99568232213601,30.67845573458707
-33.91902857621177,19.98796445613626
-28.15319572968479,31.48093699165716
-33.82735230826753,25.40480048995436
-26.08109680531402,27.01909799267745
-27.60460551623278,24.75494162898251
-23.60719165392987,29.10717790534418
-25.78874106936712,25.86629274233674
-30.12022706830118,30.73891674237473
-27.88079943665809,26.35962524294909
-27.02598079479704,27.56774898054484
-25.99873213037665,28.20467219020791
-25.84512711457627,23.80916500615523
-29.90788570421327,24.44209780268948
-28.66375424467995,24.64545148203508
-26.07810802793295,27.27483333016442
-33.98590154240003,20.28779871306789
-27.0651003499617,23.08043035967481
-30.64145775389676,30.53338363048627
-33.10319664983222,27.73358083021918
-32.89387844109739,21.62992619386475
-33.42917135914509,27.23627698982521
-24.69083917799381,28.22622857475008
-25.20531243838931,27.55679954938547
-26.6394489093259,26.8981842881491
-34.03638708885759,19.14182784470629
-23.03296938884521,29.65577645079209
-28.11467311845714,29.04783027196685
-32.91140057215554,21.79485724772654
-30.03012673269579,29.36195051670212
-33.78869195301815,22.64498863195165
-33.94375109859343,22.62611217429836
-33.69516149425817,20.96479018108779
-27.69394451657703,28.31626046115546
-29.49736182093027,26.57744277350432
-32.99215406617798,18.74753484610243
-31.50552626537968,29.52639634764482
-29.79011603817762,22.85010189285128
-26.19214730870885,27.67181970699866
-31.99947628030984,23.62739373534385
-32.79715325772476,26.6904986278307
-32.99345278684422,24.57221955277001
-32.7957166269063,27.47079331387818
-33.98361127132191,21.6392938652029
-33.18140862566597,20.72818314191373
-30.30586187235363,27.07773838061779
-28.57698401972617,30.86115423182892
-33.39384668545416,25.16039214232433
-28.94839621964451,24.94121840993239
-25.0023884172969,27.18751204895085
-29.57600141744903,24.03444189155464
-28.08549435985149,20.03606203478281
-28.41214675572216,30.23198412291627
-26.65113937058142,25.39973746591629
-29.06788059417464,27.11059446564099
-33.97337663651604,22.87218556785057
-25.01418840290943,31.91481508711777
-32.79954999033119,18.62687453002575
-27.10548430185805,30.89356308439098
-31.83240492499038,18.62520123352109
-25.55132779661007,28.60364022378486
-28.22106602446903,28.11201983203554
-32.58040090179177,25.88634588242025
-30.36553828933184,26.3145152021572
-28.20422460086068,29.96194979292991
-32.19519574488714,27.93838244394838
-25.67856999656822,28.1564379911414
-29.44076192552189,31.17172072761695
-28.31429406598245,26.74791306075246
-32.68239834811162,19.02217283839896
-34.4323760114828,20.20512104884559
-30.5917586478516,30.3250926917622
-32.61229195000487,26.90615567026985
-31.65677388495672,27.35426652392529
-28.70177429975485,24.93441793344846
-25.78829143645077,25.38199419401078
-31.66128659880908,28.25472198146142
-27.42795195203152,25.80003064075282
-34.02884427324675,21.40356884214293
-28.29653156659856,23.31388024814432
-26.28463700925771,30.21361742401329
-27.93899630176454,27.36243149803394
-28.65023356413212,32.21235802843817
-27.73745686822564,31.70673764070383
-33.26698592746913,25.86951026661836
-30.47037182560264,17.94715392947555
-33.62352406795364,26.29222794472982
-26.89769822249536,22.07955917219091
-34.02619452390365,22.18339823718918
-27.50001299940044,24.78933222694884
-28.56471902182299,25.18712754681117
-25.29886995098144,28.16022244717437
-26.22329095004208,28.90692151794385
-28.36094035342636,29.28995423931493
-33.57668002075516,21.20952918028737
-26.25835039547096,28.78318899630436
-25.87919120293709,23.97639567689048
-34.22656752823681,19.49656086892517
-29.66129376424608,24.06560031032154
-27.53458505607319,29.85867615759962
-31.70093450237949,26.73372156835314
-30.02412404756307,29.92393565487193
-31.64058964297585,26.92676379206341
-29.37080770715962,26.80349356088798
-25.36706131121122,29.31318704194275
-29.28237353819888,24.47283408203392
-32.80608810604486,26.74110078313592
-25.16540376897393,26.41050533847749
-25.1938130764369,29.58326511111484
-28.41155183652585,27.4005487376803
-27.41337671514812,29.33420548668051
-33.26085453320056,20.17309380620307
-28.78394130092309,29.53665415154881
-34.62723235278369,19.47180210571015
-34.02514224505088,24.84415269142454
-31.41748077076636,19.00642283879848
-30.32831892916622,27.16774280707277
-33.47630295628515,26.23205431757511
-27.10802368460604,26.66016649837951
-31.4959122493997,19.94018421442974
-31.48657837183145,28.54616406705226
-33.49142172695842,22.24756170159431
-24.91502348770142,27.2125997011139
-29.15606947213991,26.53883555060987
-26.15746787945845,27.91239338116985
-31.67308386711979,29.00290607431048
-25.83458308505782,24.74098266872681
-26.96710545982991,27.15197633380487
-27.30045389090339,31.37301444885713
-33.89216341435283,25.14127575117064
-29.45439174751225,26.53405852732199
-26.1763564352364,29.46397748357965
-33.68036278027156,19.47341271958463
-32.01126403003171,23.39394117735509
-27.25657520239824,32.5402423150486
-27.9267364533053,32.34464554562611
-30.35226286105226,28.84074237031158
-24.96227196480322,27.37479110925933
-33.93835242404607,22.03700685945495
-33.93956905602404,23.13797549667549
-26.39261721377779,22.54744250605537
-34.40542505750441,21.35996578942041
-31.53380353241957,23.06866482013109
-27.3413659107358,28.8755539054409
-25.83336673823624,28.84173009721945
-30.62053657181529,24.03139048753623
-30.92643065467618,29.97152577485835
-32.9421545905249,24.26527795238287
-30.84467082358181,27.2836887066626
-33.73797208708164,26.57116421111479
-29.93446874269584,23.68303283692005
-33.4926516340297,21.01271281351492
-28.25335050631904,22.1058100917165
-30.09010215588068,30.14516923064873
-32.00806935458282,27.37424503515259
-27.36974954409537,28.38290501018133
-27.37168351431906,22.85182670636524
-26.23174862381308,27.99511861806408
-32.87322452315791,26.10148687747101
-26.9256568652548,30.58316705349635
-23.94276677313989,30.1539830004263
-27.82066999362544,23.03181211934795
-33.89081217974461,20.34196475350786
-33.29427021505268,24.01526838551012
-26.36032113069906,26.29666163032616
-27.02913167150866,26.65889197059252
-30.39861711927698,17.92515995058211
-29.24226275665941,24.50511528260927
-31.83098450851698,25.49250156530095
-27.94218488994443,31.82400507528626
-28.79213700947502,23.82137233101261
-26.37867907890941,25.02741968563896
-34.7079262530624,20.03076143271482
-28.23231351759502,26.94229714643997
-33.74200217525109,20.95418753920359
-25.41617317293043,30.94085772201118
-31.35847814470396,27.95926145255441
-31.58168334485867,18.30627755761788
-26.89140176074902,27.10472225874024
-29.77893050112326,17.37167837929789
-27.55318703613924,28.53795795191384
-27.17949126946797,26.11242734150651
-25.63090726021827,30.18386200374523
-33.55681068280554,19.24183917806358
-30.83392821277694,27.40446160735126
-27.32282651805429,30.20447402342383
-27.55019700742531,27.00414266581785
-32.54108460743399,18.66090277743955
-28.7812208668527,20.49049673127674
-32.76733719475638,25.73659462218572
-27.63582606296503,23.28991276807643
-23.37093204569294,30.50635870741849
-31.36715141010425,22.89846233393676
-28.51426115333526,31.41420410468254
-25.21532691139841,28.37872668416087
-34.20191584945476,19.03532523917344
-30.66448523985053,29.48219478916548
-29.05733137359946,16.82135606525773
-32.83216887813353,18.52745999680926
-34.44512085037484,20.1804401801961
-31.66997329203084,25.15236086927172
-29.70999258189103,17.08415798104424
-33.51494134660469,18.84582193568421
-31.80667687151162,28.76053076829137
-31.96912124951749,25.06137442276876
-30.72938649580582,23.41767461852429
-29.09204615525161,24.70853163674091
-26.82099986477796,24.35246109960115
-24.55254688769676,31.96437534304198
-31.57019166617801,27.61316990196874
-24.22327380542955,30.56034398164735
-26.89018162053348,29.22667299704538
-25.83318594108101,24.72131529659348
-27.7281367835281,26.50294605492909
-29.90258952039378,25.65344446515867
-27.25126902743622,24.00123507390928
-33.10614604032649,23.44960685783853
-27.72892126712708,27.00598145675537
-29.685747525726,17.90171354726406
-31.9403803718928,26.6984400692117
-31.35572006337894,26.27823718888207
-29.65817219107344,22.97205597894186
-28.05743874051777,24.68831477448697
-24.50934810456452,26.57150492527683
-34.19080432948488,18.82016242068646
-28.28244533828916,27.15572864803281
-29.55215077296228,27.09183402367548
-33.73408725690047,21.16540146680214
-28.61787787439902,20.25990574041142
-26.41651752919487,26.26141614914722
-33.53357465737624,21.76620342143527
-32.51563717931651,22.8653363597303
-25.56271630830393,27.8594894184067
-24.62242081039233,29.72813361096789
-30.47846023261348,21.90417063250398
-28.01091550557538,27.08857819473905
-30.3759433957233,22.0033750308048
-27.94913707917136,25.24627787825695
-33.54597010275977,25.20412953353151
-29.37843472665259,24.76352090614573
-26.08503893096493,30.98931300330377
-26.92190573753765,28.68103488009506
-31.25544288705435,21.31389478421898
-30.97723834342973,27.60975456287395
-31.71087696172039,18.50862358356195
-33.61422623541032,26.18292574426234
-26.28098616864387,28.97010770156609
-31.64520799131748,18.71809359627867
-31.80475460761957,28.50755627838782
-28.7410078304803,30.30636572751727
-27.11034179315384,23.29425115237496
-34.36318575911323,20.61041562473354
-27.54294116128136,27.98671066569224
-30.2610854543564,29.91544592735727
-33.54599099159157,23.42659465169897
-29.65658249800317,22.65731917975557
-28.76155140023311,21.84631350238004
-27.62432737276963,27.26547864223477
-33.86868372589688,19.4684515257807
-34.37750637531513,19.72149194369716
-33.97662641381591,25.25755186460129
-23.35043960112684,30.37489902713162
-26.74075130686384,30.33955528540792
-30.5724059089924,23.02547248740368
-32.59354245077003,28.51419076024517
-33.34473007201681,24.26123430790396
-28.17634644725795,32.28635870609807
-30.84274420843614,26.30191889653603
-29.21958569698976,17.64756371039373
-25.68566928949901,28.60928860141054
-29.77022177298862,17.50346464639124
-32.03337410717121,24.62438251452868
-28.25732281502695,24.25231504618078
-29.99785591028492,24.7537342983061
-31.94924853364313,28.36296053658883
-29.54918312076544,23.12136498261059
-26.26677959123259,27.03977442476249
-34.31221499438399,19.63877193260573
-33.76476388341464,20.11956990139524
-29.7323550080568,17.10256068663129
-31.33042270409658,20.12632419509526
-24.98877802140986,31.58583356898781
-34.40949333403945,19.56629604150944
-32.03626583200802,18.79277443499988
-29.04797484868899,19.59000717300069
-34.35734727721547,18.97137842596289
-28.08757798789781,22.57840530513587
-27.72840024794225,27.87627935941158
-33.72733145340655,23.19661674055358
-31.25962530507276,18.29697784267861
-30.72864452675696,25.06029568073881
-29.65936916166568,30.63605368851038
-26.60756936988899,28.80095983489687
-25.58805628473112,25.65129110339178
-25.90011336113677,27.71117749803516
-28.36374746991745,30.54162991459997
-27.14767572201608,30.68175214237191
-27.85726862157049,27.3508750367827
-27.97087531038277,27.99791543219635
-28.42968784418937,30.14800880813097
-34.35484696592142,19.46032641295145
-30.45717652129579,23.55205378411145
-34.00910233062048,23.79617007517983
-33.11590617653472,18.65845730137285
-32.46284382067557,24.08431091998275
-23.43868483617497,31.22007023146199
-27.31469608680532,29.54024383807519
-27.9705201730286,26.77265170582274
-23.15447749967446,28.68452322537099
-27.43447625598782,27.74590511275478
-32.02016426773423,29.124065675911
-34.43902114538187,19.8589577648107
-24.52298772063501,27.40913685134007
-28.41038071492448,21.51092177226789
-27.22635243144446,25.97521237112578
-33.53060094757332,22.9171853508815
-27.53871839594298,28.11875204171743
-31.23308662191564,24.24272480072773
-33.38015001332603,22.17858997792066
-25.47334468710579,26.55984746134348
-33.63246000810136,19.5857906566849
-33.94797144653289,22.91078221081409
-25.87075479911078,23.91113035057178
-29.25913905565509,29.52616784139364
-30.53542701388251,26.43338154651455
-27.25486182676621,26.3628485437265
-31.49600139689554,23.68363622277623
-27.44748064833488,25.17459355046748
-25.89333740611851,31.80065993789259
-27.88121654264907,27.45769686038595
-33.94689118030939,22.73383590372729
-33.49102597793075,23.56673877060172
-33.51307556095432,26.11882035261142
-30.89121396005193,29.93351254071634
-33.02755466149461,24.3412962749627
-25.8042351580198,23.69288878203074
-29.05097369622596,30.90057274993541
-34.0101979965772,21.63547347110959
-28.82351576795324,24.80375925488332
-27.12318229796917,29.81891567930712
-27.45914899930364,27.41408832736551
-24.40575124320762,31.5438821000276
-29.31050436457978,30.7406870245882
-29.15556805283669,19.10327787001534
-32.78472301422893,18.70473070122467
-33.17085173132892,27.21266968679621
-26.43741552827768,30.27873326027262
-28.45696515372288,32.20873908862094
-27.75869753724722,26.73577929850238
-31.35320332830315,27.82681314811486
-33.98597638655804,25.49699167584222
-29.28633662390217,23.5034826660233
-27.9884943223213,32.36421995923848
-31.68070445865621,26.9321854556147
-29.27096642127673,16.92386607321081
-27.98568534158941,21.59850587707384
-27.7267732360993,26.68567001654081
-29.00829403456505,30.59329371328617
-28.68381855048644,27.42871999575453
-26.89740709592662,23.68517088107341
-24.26619155285728,29.89923659594793
-29.88557727628084,24.34667933034991
-26.75128517341884,26.47916500617142
-27.97621275375755,25.28482811472152
-22.80280285946948,29.45939814031501
-27.32399077131384,24.72368388016582
-27.96652971522954,21.86179067343131
-31.69638224779111,25.44402577293056
-28.2291142906085,25.41289236339267
-27.02433955138122,21.05234310284921
-24.59544146760358,29.46756800675205
-24.08538714957882,31.77422115086927
-26.64701829710425,25.85342045204407
-26.6697538285048,25.45846060994478
-28.22083483939191,23.0815956426809
-31.91062694261751,24.59748777704737
-26.14539493207754,26.73211859034548
-27.72622470594656,23.08239191687266
-31.07887475768573,27.67217579361164
-26.53654691251668,26.32522613503408
-30.14239275559622,17.92775159952913
-30.48125330038806,22.63861888876122
-29.1603258685416,26.0328703474921
-33.63782001330998,19.81295815370175
-33.14943151013658,24.90956707295058
-32.72193597609858,25.49229642022952
-29.0350945650076,31.52548046656961
-27.46010594200784,25.48200708058602
-33.58437633726318,19.50914865197183
-28.81475002588316,29.40287654904626
-27.90953841577922,28.15223314167987
-24.2604861395588,31.66922360370399
-26.5969416109719,25.4147500986994
-26.33478726212592,28.57096553603747
-30.31047643107347,27.09158848038327
-29.8823901461849,24.229793684264
-34.26128761209021,19.43804919943326
-28.05458091306972,31.83841917689976
-31.85997298546547,26.77777926395243
-26.13219975994637,27.97797140083742
-33.97898433763432,21.6500227904238
-34.64487615908489,19.56747218898333
-32.46381457964448,22.37555454095825
-29.12654579246956,26.83038417847177
-30.77987882913913,30.22265382417033
-30.04271375500142,27.05776088290503
-28.94598532890579,26.0192079873111
-26.86533136393307,30.56277131850577
-26.04884617840369,27.81281672422277
-27.43952436578125,23.51651858434674
-28.50511783957312,21.2335659658882
-31.8499574489291,24.55090036714878
-33.04528873087653,26.65874785710059
-31.43905502265138,25.52984242911076
-34.12349791714095,21.10226161634653
-24.96602236572444,26.86205389785286
-28.71760353850603,24.47054832400134
-32.81101564388653,26.90380256631777
-24.9891735205985,31.24420603848937
-27.54436464891086,23.20745534369008
-31.85226323301666,21.47153892832724
-27.39810582993285,30.94918387597735
-27.53986251229335,32.67474427992959
-32.92557740982272,18.80328390079432
-27.19108953767554,26.23380286080074
-28.28784202360885,22.0029547543925
-31.92606609662578,26.51973937596019
-26.85328676340814,28.99894723023793
-30.19306602696249,30.59992760076929
-31.87375975409484,23.24446887489699
-31.16453016806183,28.47272326412734
-31.20108861138618,24.28644029854463
-31.30371481394499,24.13389418995326
-33.99380945601725,21.22869032947766
-28.23465597263183,21.3534371949229
-29.22181042308769,30.97832727325897
-27.5521812600148,31.45191695778422
-29.67319045740917,22.3169419831255
-33.92688303466794,24.23221292416754
-27.1233424295207,28.45932486969674
-31.38236418091772,20.60587199849413
-31.31861020932105,24.11621542408808
-28.29571575705224,28.28681568439628
-28.11306323947503,22.53336544096832
-29.17997420860401,24.76778660120737
-34.08717376745997,24.79886662583232
-28.51075243881238,24.46330933847219
-33.54863204420788,25.21509215365823
-32.66305517329292,26.90578986121114
-33.40698786965654,27.27517552610438
-26.68030133054825,22.99769457217318
-29.78967152526299,22.17730850120781
-31.52073737158936,18.87429133332511
-31.96146987912397,23.98919273328312
-33.73639107393441,23.30793695508545
-33.53039115085026,25.02496773369469
-26.83677743477759,30.53285323733504
-29.21886605426657,25.25616401715125
-30.26754871404471,17.89633989115775
-30.78657157451504,24.12255586552326
-31.97608679534757,23.57514826624796
-30.76048400352737,22.05808784283789
-31.45390000374567,29.53764191056118
-31.93974158676245,27.8369604559044
-30.62118099930698,23.97680242192325
-26.43846311269125,25.73147515282217
-28.84085591092335,30.37113485936513
-26.98691028929522,23.63548567655631
-29.193807771728,30.40343983758905
-32.65186878714762,26.00329044218208
-33.16325199438192,22.54434389963929
-33.62333977195397,25.69166534571644
-32.45601985522312,28.0075351542525
-33.57222084434455,19.87487391628729
-28.43112406299906,24.30957902919432
-26.6073012580204,29.54572655354596
-30.68085934052104,22.20498395738096
-23.66348325926337,30.24575911999608
-28.90421084845703,22.76738893200793
-28.89512700805401,27.67044548203606
-25.0276906351352,31.37980345535374
-32.30949595414013,26.87980755812951
-30.54343803999293,24.96881191663612
-28.8379133120716,20.27928254459233
-33.76831375725849,19.00567285216056
-29.91327209382281,22.66358988098867
-28.28376962067011,22.01501784596052
-29.15263453825237,23.70140252652885
-29.20343340442388,21.19927577069189
-31.17224678226315,27.76638363835744
-27.39843248380345,22.99698947474047
-33.2815252432193,24.45709149038555
-34.16711688473915,22.09813724481644
-32.12877043760739,24.01333745288036
-33.12668159136616,27.55254858272723
-33.66391296960349,22.23877149762205
-26.0027383405409,29.22118682748391
-26.81454806422304,29.66749983787185
-24.99839138841318,29.40476850214024
-27.7312597735705,30.00017144040438
-26.21616802851867,26.40013297937251
-29.91697963823537,23.71515391622409
-29.10446140032385,27.50269722043308
-28.93425535296763,30.20965347391254
-28.00491106500855,26.30146634240511
-31.03182565358848,18.21884456197769
-30.38839757224173,24.50868383137508
-33.74671411607748,22.98251898170951
-27.41170962069386,31.62222799604162
-30.73853928980293,22.58515177570052
-32.51159755772682,24.65595041141808
-24.73551465697565,28.90887391425035
-26.93773075389812,23.99724204759211
-33.16282133649215,27.25484107881734
-24.93145507963008,28.52947252699662
-23.65135527531444,27.63408206948616
-34.01325352047382,25.44925787730005
-31.06138871804286,21.84476596454593
-29.28467355010764,23.69835100332154
-24.53657412597518,28.69748073536064
-31.06597040799981,30.21745744786218
-28.21015842462941,27.43782642213788
-26.70561198008452,22.44336770764663
-32.01450411235252,27.66280264902943
-34.65045455478095,20.2121026091433
-27.11389589444337,28.05531571330708
-29.16087736951074,25.77570321307944
-28.17097094657411,25.80872238620455
-29.335711911821,30.03389617635493
-34.23471083338382,19.22497186052016
-26.75811466876491,29.4826784987508
-29.20453559531564,27.1026348574082
-27.24382169506393,26.30850610760218
-32.19443219269602,26.80603950906461
-28.75948732581989,29.20100120905922
-27.88420557789452,26.49356822430999
-25.53614839128551,31.35216552047964
-30.55641033149841,17.93073005742521
-26.82556710569611,25.13406870807383
-28.84672007724151,23.30684118530491
-24.99092957443335,26.14418630196452
-26.15690294094926,23.97008600258907
-27.87776302437409,28.49032320627348
-33.96861303420101,18.93461300879251
-33.08398858318596,27.64567217108274
-28.29974134799009,31.44022820480802
-27.89241025759668,32.19076016157216
-31.27952583633185,24.82842070957876
-31.41040427711172,23.12881150919911
-34.04631766526484,24.41250393331698
-32.71664006291232,17.93895349812648
-30.59723569448238,22.24131826803294
-25.87334916513788,29.74350001499405
-24.56920275663905,27.42086664480809
-33.69558174939977,18.54829319003559
-32.39470682094829,19.84401135437388
-32.57856118026589,23.27585823599548
-28.06553415644952,26.45940728752179
-29.98650809356985,30.94968579619005
-26.78015036539556,20.06466558680893
-29.3197729251103,26.86721701090307
-31.75529627866867,25.25851317934914
-31.70101171177926,27.25326618544112
-26.88119726887139,26.83059460791648
-33.70669206096797,19.40172533709695
-32.41939133321464,24.39207496803448
-33.11777362887808,21.93318781784982
-28.80160284857099,23.69120141707583
-31.66091600021035,28.04574271400686
-31.53466298497979,24.52651892548019
-30.57734767651214,29.94339705381399
-32.2882568712218,21.64997757597772
-27.19668780499989,24.74508141707557
-28.89453652131489,25.95120040681532
-29.46499917374314,30.17240825702888
-27.58687802345184,27.50408905365268
-33.35565374141527,24.95003011950391
-27.28612374607677,30.74868358765347
-31.82319008054332,18.24092091477271
-24.78172829079633,26.09673364437417
-33.54787584932499,26.39537437541993
-29.26292733771494,26.3187269477923
-31.85778019783348,24.5480622270265
-32.11164938867419,23.35105814340417
-33.10631904272157,20.59996495807459
-29.01289646144437,17.82370224764284
-29.79713729782578,25.5261435830567
-33.23460362326151,26.98309417985817
-28.9859373109525,19.70833934958501
-30.56444738664263,23.12332552524336
-27.33635778011931,27.97244698820339
-29.89389161226719,22.54774333591114
-28.65637461784612,30.48664725571402
-32.17574636622642,18.85073605909673
-32.99537600292923,27.27501945253706
-28.71260456990476,24.51258852291896
-34.20697543426495,19.14831240978328
-25.53234112189792,27.17978390001372
-26.35572336313844,27.19829546709873
-34.03315409283887,19.56069073952637
-26.34463517199914,28.40455030937768
-29.07765496194532,25.23288886258534
-31.36650783946748,26.95821458253956
-33.40722254574312,22.22929332183991
-27.93969416872235,27.36279819936471
-32.49416265619163,24.03520374131016
-32.58876399298217,27.95122755716694
-25.54989751437067,29.06903159691455
-29.87145086354825,27.02405460579322
-27.3999297300812,28.80157894357679
-29.55407372814434,31.0204650066987
-28.98690831726682,22.67952230419332
-31.32209925943008,28.01584357457421
-33.92105191756331,19.87645896694205
-27.37977403124238,27.399508902145
-25.07720272547921,29.70100329648476
-32.63758905987916,27.9625084601102
-33.76474021102032,18.88411698873898
-28.8506684674083,23.26806686715398
-29.56002031248746,30.33550029740195
-28.57496524662001,25.16665292289993
-30.25374698579233,30.26163486579152
-33.44028590252807,18.56379228494615
-32.28664770440771,18.41203814794086
-29.75734321096718,26.2103930520754
-26.76561903048395,29.55677098805417
-26.91632106246336,20.67896508640304
-29.41653538826095,24.34828409587711
-33.71226595685975,18.95657516161502
-32.69202348056832,26.21943716678584
-30.46578810431293,24.30200391986843
-28.92500288111615,29.1358288596596
-27.53000105558861,31.42189265732786
-34.44551304947883,19.55368246947941
-34.00706455277061,24.93195163288495
-28.91973763293998,31.07086926890406
-34.20902422300717,21.54453717087025
-28.5668414399479,28.73719773407787
-28.43866657673658,25.52966577400652
-25.90781238255845,26.25575393892177
-27.13657290147116,25.47824879177763
-28.34902845979864,29.90749626450202
-27.22669571382111,29.5854652061075
-33.5502632057758,24.01247184730531
-32.40986523346121,20.79982357775686
-25.13370206091384,27.21010209370163
-34.04118335998884,22.03878045865351
-31.01048645641012,28.4115593787396
-31.89484422335889,23.64455987731969
-25.00675508236328,28.67091746789522
-29.10209014595618,19.48716011039902
-26.74599455361043,22.52942140748871
-27.29089273804414,26.51321655603709
-28.49170654931761,26.93775369667591
-26.46930468817457,29.65921530218874
-23.30613071439572,29.46643793207675
-30.64123659080196,22.71871773540816
-31.39895503353059,26.70182881005432
-30.3228940589074,26.84521998897274
-26.13846371886225,25.40442732232705
-28.82027988332323,16.65361481317423
-32.19087191168691,28.38584631459779
-26.11045073201984,29.9778365823352
-33.73512589108868,22.32634891076907
-29.67562211371621,25.29147129366766
-28.06966301621953,25.20860085091726
-33.46875429355416,22.25604296739051
-29.27205258933908,30.75617938361807
-25.19313728861079,30.91063306539158
-30.56380798768581,23.3623157432898
-30.05883184496323,22.27592784304508
-33.40656837241897,25.48949170213109
-27.83178252378392,31.31169531917154
-27.65773100184145,28.15309643860673
-31.3340708116204,18.21282481560459
-31.35505575253822,26.87200290017102
-28.74667778665502,28.91479163313269
-26.38414267243459,25.98815583628623
-26.39935455234494,29.42441847332538
-33.61292555728532,26.88832078729146
-29.41875336682881,29.90550687912427
-28.0656456386781,29.2268447719219
-28.32228070555836,29.97843828944879
-32.93105916071762,21.736260931465
-27.1846041951166,27.83083938694862
-30.37011270772365,30.19669535231735
-24.15381179613458,28.06142600367512
-26.78401029898803,29.29288590722981
-27.91694812702664,27.2048079006034
-28.14085727371027,30.3071122036439
-29.46538622697099,30.48972634039359
-32.64003239383914,27.49607433993927
-25.69133702374461,29.92950140516478
-31.94978085373562,25.17372905006792
-28.71558428368213,27.9411187396151
-32.78627356760915,28.01870170994541
-34.66009273848763,19.48065677691303
-33.18299171325936,20.81796025547128
-26.37804506319713,29.01933611959243
-25.03101033997032,30.42208072073958
-33.7541669047075,19.06887167131742
-27.87586171614971,26.79847565480555
-34.06600590582182,19.36852701726761
-32.01657218129507,27.73575027830079
-29.5733182983208,17.28329624280182
-31.08858610219402,28.82165837663914
-26.81013363347278,27.65771355049923
-31.42611900716666,25.5464992099961
-30.85868893489559,25.06420809468257
-27.7528016962571,30.13684010048328
-30.92183461233131,22.12028099215962
-30.85456083175389,29.72994703143893
-28.6362620438911,25.63634591518242
-31.58468077627594,26.65581986836249
-29.21562781530587,26.68414143978194
-33.4402824264428,25.97974476378961
-25.28360757820979,26.68403233242686
-28.8982071621156,22.53469281742618
-29.17600608309568,22.55269801470649
-28.94542672023925,27.4735990249308
-28.47605022200685,25.19596050913959
-33.53498369002364,23.18661203062777
-33.7843028183224,25.50260636310888
-27.1344584905458,22.71409977091284
-31.63433697230321,18.5308613970565
-33.83957207578797,25.32903082587928
-26.86081107564673,25.03629384239306
-33.17731168769123,27.39360943442126
-30.96365241480104,24.65142147290327
-25.64619238762755,27.48216564140554
-27.1002249993792,22.61341362899209
-30.80448084139838,25.87069957924137
-26.34305134794869,26.2551711748314
-29.69613426058354,30.1672688484234
-29.93299153796307,17.15503808609597
-27.56194906898752,24.46607947302855
-31.66737244478793,18.23179591877681
-26.05197484107044,31.02189812867023
-33.42887309738661,18.81179880743566
-32.93315946376688,27.95023403148347
-32.53173534043526,25.02241294540511
-33.98954579048648,23.98345268133878
-30.11117245370727,22.59065928495233
-26.06738213405171,30.26838319384328
-33.93801005718017,24.79985607950184
-27.53010263303819,31.42763787496943
-33.94665154278137,19.82489277743186
-32.92782818045183,18.80841169558811
-26.6923867129437,25.38788905660414
-27.60417508219457,25.08495020315642
-25.45650257197432,30.35283226179026
-26.66583393072006,26.93985118311694
-30.27297254910176,23.60976327622177
-31.44220028040421,27.38185810946319
-33.1962053307282,20.86306764619406
-33.57020475376586,21.92844395627543
-30.71173063630964,26.84502107867561
-29.44619759399654,23.84438208831383
-34.17119288048261,21.63822254644068
-30.57975810473482,23.73729519373957
-27.1130168496693,20.61349833952149
-27.99882762128108,25.04580281863154
-33.50086267078633,26.48534623120426
-28.3508932934174,27.636891026314
-28.69023029872755,31.70887891023044
-29.2408871037264,27.44905791719323
-28.18080007693126,27.56082928175323
-23.92150074779745,30.8791343358787
-27.18728294375617,27.31696540476874
-29.87685221083397,17.8785514165203
-31.49569151258211,23.68492235407443
-31.85001805335448,26.76878930222025
-29.53665356963052,30.23223635945212
-32.71123073542307,28.33838991701711
-29.17488293638408,25.98884656809129
-32.92413986206867,18.32818401138848
-26.4999120407615,28.83821541481918
-24.88818612440105,26.39442702016357
-27.00311124146038,29.87946030469481
-26.00786559855684,23.56936533206074
-31.43367550280578,18.69421162149689
-28.01020683776261,32.29438976195581
-25.14578044616925,30.29141357285921
-33.92504223207914,19.62312886767146
-30.57281285596955,22.25886286127557
-29.65588296967107,26.83986741381907
-25.69345898809074,30.20661310865848
-29.49383800713186,26.67607661694078
-34.00336073104802,22.70721442992095
-27.46272511675231,24.20067013948851
-27.34740993245783,30.05998364541589
-34.16152740801916,18.87557785822896
-33.92635102805991,22.77790605762
-33.38589141121598,25.44633886148453
-30.57953147237185,29.44513202006551
-27.15674855698656,26.81741437481443
-30.75840569181042,22.18611408901022
-26.94767828786282,22.76537019611884
-33.91671513409535,22.03227525463002
-31.66041365936157,28.95301410183635
-32.94705920546824,18.84972440014792
-34.00742864999719,22.00612520172445
-33.77271410194727,22.92835464255138
-28.92398338324445,27.0912873640074
-33.47651151265048,23.42662853615392
-29.83622292962071,25.66550582133864
-33.4661905631658,25.60665885913679
-30.72919599251526,22.59898042662935
-28.91067045141753,31.79519247628608
-29.75713201042383,17.11205437905939
-28.4117835237499,24.80581828328036
-30.88697154140065,24.23321252441718
-33.04076234166949,25.82359945890343
-30.31396582590871,24.57102957101687
-28.94243475721873,24.7905354526053
-30.13139644130719,22.23991767663987
-31.15366351833815,20.27935062923208
-25.55874051192939,29.79073893788328
-33.40012703260233,19.16036250217098
-29.27444993608673,25.16142585856202
-28.62503623645292,26.51053784754208
-29.77374639942569,17.50183013774354
-31.50880961067594,23.61975147640042
-32.48449046903091,24.77591043841973
-28.74669635211794,28.88001933984427
-25.82644056564579,25.80796907775052
-29.70244559492175,17.07995201423016
-25.9938485556854,26.54493445047083
-25.13460725193761,29.7464530266239
-27.79686604278585,27.78714141934481
-28.00775058281015,23.04729436307275
-28.44895568554329,21.23035150353471
-31.88647725698229,25.39402599137777
-27.58319313143627,27.0625405902512
-33.37920137714134,25.12215831206466
-33.9437768002481,23.322775644469
-29.6384618135283,25.66054960170601
-27.82060438915342,26.65668159052336
-30.76166493542969,28.85501891031631
-31.62516868491104,27.42491624195143
-24.9162207432262,27.61306755551493
-29.01561311443148,25.04111692144474
-32.22166466331669,25.66842956589222
-27.94720610426849,30.61693356769254
-33.44220311941872,26.28890314540372
-30.66782311155731,25.1397040874205
-29.60683881345435,26.66555203616883
-34.05740144215098,18.8664800673656
-29.82890632749852,29.64100956256754
-23.060021096293,29.27486063435972
-32.662376669389,26.90619035515437
-31.89261198774192,28.77056513257843
-33.56823278100912,22.35390867433966
-30.56458831102738,23.26810675695025
-31.78267053154598,23.35830651201441
-27.42904656678012,29.20256624458004
-28.48618038329203,21.27789208099502
-26.45850824227329,28.80958934389274
-26.41522123416219,30.32304000070199
-29.24709786196945,29.69974796226154
-31.76745083601852,27.09595811994246
-25.99512747293508,30.7892341115826
-31.30384308502541,20.17408294679616
-29.14896201064138,29.98556427149772
-29.30748463994108,25.08115739723486
-28.28024274057493,20.57604296219497
-27.7316556078388,25.58210210171265
-29.37165724134451,22.24327780254428
-25.23461810715223,27.41432747224233
-28.99978083455434,31.69101754251055
-26.21755722782881,23.6407675740582
-24.33153549711547,28.13033655335336
-32.8296836867453,20.55804946730952
-26.1940912682629,30.94384236419435
-32.54886054138931,28.55836831582955
-25.65858697473493,27.76407291869084
-28.50218490304137,27.50853891043527
-23.42925079330454,31.53633913212454
-31.72617053710259,25.22583070401533
-33.36414940869576,18.16117073518981
-33.07559327317687,27.63744029630643
-29.6935670976735,17.53634789054278
-28.0616228519485,24.83509114432627
-28.27597040679126,23.48692238295144
-26.51383099619257,28.04046250056755
-31.04180971718324,28.88454577397037
-32.68081546551055,26.29138848247666
-30.43995153393813,29.87300017458908
-32.6992622141363,21.91331954230431
-26.13293489554071,28.7782679470156
-26.31719926821195,26.52691152907923
-28.43962843921011,26.6995613805351
-25.7459287209419,26.64786036476552
-34.66994271112579,19.71887696853914
-31.10970365371114,27.71417323692859
-33.07327716232502,21.5871509575234
-27.80381026570466,20.83862201978111
-33.47853700673301,18.40461210706162
-24.17648544660643,30.10155787280793
-27.13325949881832,20.78192214792361
-31.28664805047126,25.84391421289577
-28.49050190441853,29.66192623547945
-29.97741120275353,27.0513621477223
-28.43547444321887,26.78849748706375
-27.74576654476321,21.26136198908756
-28.87798984404648,21.93368579241254
-31.66393673807751,26.69958773357698
-33.72569573673296,25.36266848696661
-26.51309555288552,26.21597285049779
-28.59101518224593,25.14192437349888
-29.18615698608523,31.06430545808591
-28.68032636156118,20.9118782549506
-27.88537235429706,20.90871214839506
-27.87284044761962,28.54522261719945
-25.10224511398796,27.79057900955477
-29.6962605380621,24.0216169319597
-29.70265505496074,17.66104755332782
-25.79297606170919,25.1972511071064
-28.9056104782482,27.00018229051086
-27.38892355994996,25.84290800695978
-33.4846691298587,23.19829691613849
-26.40752885700833,25.53406983037829
-31.48324992974762,19.32968146247904
-28.70569200897135,24.13569969508627
-32.56008932228418,22.28038138861691
-33.27421174775459,26.61943732895392
-25.69507692619884,28.53747090383979
-27.8524294092048,25.98172437362829
-33.34445137944048,24.34668458950803
-30.72591097049228,26.53214567410383
-33.8039307056892,18.5155179902182
-31.35512205883765,26.88846232411616
-29.9534472182339,29.89082434052075
-30.34982454880777,21.76563938294642
-32.05232436149425,26.78888417233682
-27.48441452413655,29.18491529816885
-32.97126487655741,22.541870137871
-27.76530895350496,32.11815107254402
-24.7793102578929,27.2642235314291
-26.03294285787601,27.50612576194382
-28.71082504721995,30.94762364645129
-29.55221229172215,18.1518867848883
-28.69802415774172,26.61691902781565
-33.17850982803459,27.10759307444993
-29.35328428313853,26.81101499011707
-26.15246721479853,23.74349447420624
-27.25513650332586,31.28481206038726
-26.6218399101196,25.76696337256132
-32.58099275335981,18.38430480381256
-31.31186938024252,28.30560825355116
-32.43034703883362,23.35562525831147
-30.33046946562817,30.5724490275029
-31.7655740398283,23.48277406586597
-31.80615119391296,24.88141708283737
-32.63206352054998,26.66169550838548
-29.54183882913401,29.96674585214043
-31.92870056941045,24.9582767163893
-25.68291477489089,25.75540835113911
-33.10624806846076,18.03500791603895
-29.21178005938707,23.72070934211378
-34.81244182855033,19.94172809995573
-28.37060009814174,21.69446810011548
-26.60986718328777,27.87878367424632
-30.74575825818982,25.58861069558609
-27.34626935767933,25.87547915812012
-30.38312612310007,29.04922899948542
-25.4169207663635,26.13045699397593
-30.53220296827128,27.31126229814394
-31.42158833166205,22.49566694195804
-28.49930474688067,26.97095958431696
-28.50518694668575,24.72192667109574
-27.39087996865881,23.38348106176676
-25.02474198470169,28.48120679747822
-28.64193094005134,29.19625979228014
-31.97646935006884,24.70726771352416
-27.66230005332766,31.12284298899764
-25.26790020219953,26.06541637994174
-29.63622226247586,30.1125661453603
-32.37237141782962,25.74677792639444
-26.96994884605281,30.34364727131688
-31.6255820677298,27.4598073607769
-30.57772374214047,23.68324867569945
-30.16506887899376,17.78234576531518
-32.95810320921526,27.74720272532407
-29.39036487520147,26.13986256570518
-27.1586693674914,30.99125603199525
-33.92518458441374,19.6229656811364
-33.85346480206184,18.99293986320586
-31.27362540559561,17.91002043806386
-32.52158303403338,23.5804758635656
-25.03998001494294,27.40286495153135
-33.17266473387164,23.42966513906018
-28.09864856239746,26.87301727722119
-29.20125171770782,18.97731638486757
-28.87353890979083,22.10402271333774
-33.33316669451452,18.85721741780432
-31.02760011126929,18.18150303853782
-30.40470250680279,17.92966481429499
-34.37446066581987,20.66015930317298
-33.43381790667529,26.3151067428918
-32.96634133176377,19.26145823730914
-26.51047877774174,25.36352360012581
-33.21642647926482,26.38653164559115
-32.81936226128606,28.12213014828268
-32.25136627808432,18.43565602416489
-32.56125415176404,20.52905094086766
-30.69994669955805,23.44313585996242
-30.95235635557913,24.30394856130012
-29.6415618291975,29.82937617664042
-33.51422292886423,22.49228528005446
-27.84760928223462,29.35565296433791
-25.52780821336518,28.65886844327144
-27.77197240767579,29.89680231678896
-29.44624951115356,21.07337076347476
-33.64262000618366,19.10223838189708
-32.53830340180468,25.86770291280547
-32.87934393113245,21.89159288291319
-28.61509982459502,21.12787312594028
-30.25678010890185,30.24615792978422
-34.53648243257908,20.06316905656941
-28.88697074579406,26.4876166034292
-30.56091431522114,26.46555104105065
-30.51147005378308,30.49273892111468
-30.9059359989862,22.25843426534665
-34.1059352678507,20.29693974269237
-29.06942808360067,22.6707037423552
-26.30647846592996,28.83660798578186
-31.34747821069471,26.83078643022315
-26.58309864891971,28.93806611639125
-28.72375285539812,32.03570812631191
-31.97577035618777,27.06064339240967
-28.73313169688583,20.72134087123862
-33.14521963951373,27.59390326025118
-26.75440312883324,30.38191826887399
-28.96020774050742,25.02408934924878
-24.64484006462705,31.16833213508552
-33.61244092049265,21.99032260052657
-28.97341795916326,23.85700748625934
-33.66687028549116,25.59190626787667
-25.28833181554638,29.89409815883261
-27.93905082420379,30.96637134141918
-30.23893945257705,22.00939116278597
-28.84382658465823,31.49813177352587
-27.97900861353914,29.27331860934624
-33.76672849226857,22.81002380073706
-29.6806201080376,30.39814274743374
-31.4310810276274,27.30375314725026
-31.37584507003935,23.99909146490028
-34.00568883104468,22.65899949955896
-26.76348106161377,20.04403259645502
-27.92514266335353,22.77048590099431
-33.75524702981268,24.66405490460285
-31.49494780356215,18.29840298053614
-28.33356845760366,28.99565946939915
-27.47315569751459,23.20380850763378
-26.90842379611978,30.72574740706454
-27.91286996950002,24.60621986927757
-28.92262876013382,30.98188901833735
-27.52697235798741,21.63559028270452
-26.7547178345841,27.23996064400516
-28.49955387721015,25.15280047701533
-32.16367579163444,18.60631665495219
-26.9881023772507,27.44985310063116
-29.80513442268002,25.37160646066944
-25.77908193533819,25.14837677782225
-28.7797984759934,31.48488600545866
-33.61922024846035,19.30573156918545
-32.69378507356659,18.80177353116423
-29.58915348754323,20.9584091049737
-32.78801897033394,19.24410264647226
-27.08326516587855,20.78205356455742
-32.41940443595472,24.15436939927076
-31.62534447761477,27.45999044119184
-32.37595681945702,18.33000968994581
-33.2816974628883,23.91379378465611
-29.78104608475518,25.58867429645364
-34.04854216593822,25.579731008018
-31.30066100683599,28.63059200795161
-32.14518247467764,18.66465656204413
-26.91768682403027,23.70783757295519
-31.13113668855464,20.28576070050507
-29.12919878229751,19.26937349945745
-28.28438664752733,30.71821478189687
-29.93670514934148,24.46919477483386
-28.99144191856377,30.59013626528618
-33.90035240676155,22.01875674184381
-27.24523487524444,26.19852957898599
-31.25590931036434,21.337403542598
-30.85140696440206,21.8486424954318
-31.70489473047833,25.40923652057516
-30.91157316090921,27.44032359071199
-29.56376543578557,30.16719573381858
-32.82409157550729,18.83988218778503
-32.36372064294696,18.45940104271886
-27.43735078100117,32.5658686329545
-28.02612635839852,30.21233193155665
-34.01115884916593,21.87429109249697
-27.0109956599804,25.95923672861634
-25.95277952344053,26.78092061982541
-29.99881251329844,24.7546461598788
-28.88402390570248,27.12026982650841
-28.73041449837581,25.77175959843574
-32.43987837987631,18.51319505185226
-29.21187210905226,22.06661244688892
-33.10506325415967,26.25285217991494
-28.31477403527138,16.97287148040275
-27.68986113222198,23.52919835382211
-31.00618469483308,29.55375313828565
-31.4630527003994,28.85685114568979
-27.33283249394639,31.71022260845907
-26.21536966600899,30.57086579457247
-25.1418937542958,26.81794879454844
-28.99077575313122,24.90840101572539
-28.22568014183224,23.75748346854389
-31.68622957865303,25.56316108145547
-23.93476237552574,29.91041038834974
-28.17511578075741,29.13191257915426
-33.51961056433482,18.3281430928388
-30.97804987796512,20.32332628776963
-32.80411921354179,21.62304167835585
-27.99002229343516,28.50724829824365
-33.08955343467281,18.69016827720553
-28.63398313051923,26.89139692316971
-33.53515753865992,22.87565938074046
-30.17748319625115,21.783771925667
-33.61492093301673,18.63558942236817
-31.9349150692804,24.25189013772482
-33.40546529883084,18.40951832312955
-34.13268730066638,22.11482764879437
-27.63085955885131,29.7073426425898
-28.59691897027731,26.92942526987447
-34.20721301682926,24.82205289747247
-33.25037292298254,23.62303782212154
-28.52275492069327,21.16773011089437
-23.87339835573854,28.90970063163273
-23.42929363917005,31.413785392835
-30.34617114346308,26.74716391471852
-32.30408846076773,22.42575161424374
-33.48927160388622,19.65124489018566
-28.83587351242639,23.40564089826166
-32.62596035440674,25.23448321935755
-31.89255688260806,25.72238309022427
-31.22340302554763,24.25794166506465
-28.21909337178943,30.62161178008401
-24.87836651484349,28.14010358995736
-29.25413772874393,17.54411286017929
-29.24920170320271,17.57639619780025
-26.2334242340476,27.3250479786842
-28.47288583629125,28.73160357163541
-34.00411708584792,22.35963916411146
-28.13787220562374,25.08883191739579
-33.24043602092185,27.34648157357433
-30.41021356606343,25.65848706594021
-30.54817181081478,22.31131275328834
-33.98493165210941,19.79091561042202
-24.30472262318079,29.19380733459917
-28.81314008822594,30.87663789424331
-28.89607287148194,22.82370335158318
-33.49055521445175,22.67057298463656
-30.78422269111649,22.46121903389867
-29.38340078860842,24.37885432967445
-33.80507840294612,18.4633461545306
-28.91600621421233,22.47170364316166
-31.89923000497736,25.07407046121305
-28.26918471750752,22.98705469009322
-28.36964875506709,26.36895301480881
-27.94567307288397,28.04532491576418
-26.17436922501333,27.56181478025865
-25.74965680222804,30.32240527006481
-26.77922171924973,25.28663201254802
-32.76139152127532,27.48845111614417
-32.83552722998569,20.55876061753385
-30.85917947391923,23.30699791865496
-31.91019500221349,24.22487171871576
-32.46509243317836,27.36297796346038
-31.45977147773091,23.83015814588536
-34.05382720191137,24.52223796470258
-32.72589642695272,25.55336812833096
-32.07474136751061,27.10551342250713
-29.73488663001483,17.52127211009194
-28.90111880119096,19.823215744325
-33.10303243243354,18.42433799944633
-31.26870785988586,25.87624770927964
-29.14344322887295,26.46349041616746
-28.5917508999839,20.34055352544251
-27.06078426120487,21.37797144359413
-27.33965971071157,27.35313247806342
-29.05237656746378,24.9098707415247
-29.89498695360751,30.69331196002886
-31.41219027762936,24.18678795726245
-27.22776389569998,26.26460633922924
-28.06586940874623,21.02858776895422
-30.67804752470519,20.41164563138961
-29.82271925261378,30.34506660105959
-31.56014561974286,24.75772447952877
-32.53402377224722,24.66279862053359
-25.84794820603101,25.92080308091726
-33.92252852911068,22.95727761811104
-33.66387490067374,26.42967078365762
-30.44715542280741,21.80517209704519
-26.17754324868162,23.97108690559519
-28.65059417777793,29.89522772234709
-30.88857282222222,21.87712787834877
-32.0597032769178,21.57187330573912
-28.1567283426454,21.16967396960824
-34.2426836031378,20.87655420817563
-32.75568231101456,27.65162254675024
-29.70137756687719,17.70974313151271
-23.99596682920593,29.80944510766222
-31.42450285235706,24.24602663013916
-23.7227837944273,29.71637293907418
-33.02116361025473,17.94627642476185
-26.59611383220768,25.97410165628557
-27.74425177701116,26.95439061837711
-33.12450272549268,21.22308531841713
-27.38796745734134,29.69809157924659
-33.42424692880413,25.35768594455476
-28.84322258771518,20.22488519416737
-33.78498549658038,24.86809505934945
-25.80529884938761,24.95972006520102
-25.598427795858,26.41453753507607
-31.27632955735005,24.81686546588789
-29.48527920792894,24.28827781877115
-26.29602958157565,26.45364801932937
-28.19181355374014,22.30154364222693
-28.71932731002966,30.95147441182926
-25.75227613415942,29.21987110299236
-33.41359692229038,18.7147756434343
-34.15087983552376,20.8613670437556
-30.43552271622032,30.13902609155704
-30.03554008860817,29.79112319137465
-30.13843578953636,30.78148861363035
-30.2869279796491,30.3291627843702
-27.84485310540525,26.08420992563988
-31.44920750885152,19.28228563508577
-32.81587134682539,19.08273567174336
-34.09447300347922,20.13965701491997
-24.92619525069729,26.99382221793579
-28.12930192960751,24.59342527344536
-26.20722403953632,28.80567974373364
-32.4078046927377,20.77276257733977
-27.1311736824907,28.68431800974558
-26.21247152679916,26.12507678790607
-27.6718305938861,21.36705960344848
-32.44589417636426,28.67850397565633
-26.36569557356249,28.96991866939452
-27.18879640117843,26.41547868623926
-31.34239252866163,27.0784653621241
-28.30957443307009,27.87631458887315
-28.63763774486376,26.85469547587053
-26.54540625041892,28.07423034333057
-27.65826589382424,28.26487935903135
-34.02058203338194,20.09292031750015
-32.60465513498711,22.18444730213656
-24.89967713164182,28.23923725821195
-28.2857776342065,20.65021895821638
-26.0342195477702,26.02582332869726
-33.4486130809112,25.21021414599484
-23.44428060819513,31.00663059908034
-34.41432450348337,19.41158464482044
-33.53153688280905,25.01013227375152
-28.94244507065963,22.69104501025366
-29.0538099039655,26.38867111853222
-31.6754933243379,28.00989977434823
-28.6384166403962,30.08974079718947
-33.4482764323453,18.6483932157498
-32.53672054483202,22.94121188424791
-29.16082307294441,24.30977059767374
-31.38394708732629,20.70373300834936
-30.56922367092988,30.30100334652034
-34.66215317828968,19.49970708249679
-31.45976392343174,25.37237918605598
-30.24150396554238,26.8596346123491
-25.77620895792046,27.19944205385774
-29.65617682785868,20.90430871520984
-31.30675068193081,25.78233250273159
-28.39450876058234,28.96380902158781
-27.29660676648542,30.25871453789506
-23.51585166219166,30.44085437457595
-27.86497410603572,28.96486828020947
-28.41911567845893,21.45424227994129
-23.63017661648772,30.13342385599459
-26.89837199305071,26.94815907858383
-34.1872485298432,21.44093886212332
-28.1547221325348,25.75419306914589
-28.71326872307241,24.5070731800631
-29.18913818769237,27.00776688197169
-28.71696261529552,24.47566597070935
-26.68610895488666,28.42255304530942
-26.57025210822199,29.56116125434732
-30.53264400468762,24.96135957669336
-27.41001823545015,31.851912661654
-29.60162011192916,30.30903148041302
-32.08245566772213,23.23139053761939
-25.78806698240389,30.94789155104085
-25.54681259672608,27.30003164976245
-25.69619899927853,26.32032856300914
-24.53196192910131,29.43871611652433
-25.56847366451415,30.8332387642846
-32.50406277763474,21.81301309226509
-30.25537924409936,25.72895497762422
-28.39554276221297,21.06709946348841
-29.44686701280369,30.06501698976523
-29.58136543735463,30.3827461011704
-33.90192418507446,18.54724810445219
-25.57143637315658,27.6963437018697
-31.94996492970854,18.70641468755376
-27.08026630491341,24.40028778431965
-27.59708706364455,22.87661012909984
-28.61397786972172,31.36368307182858
-31.92226595857215,23.76240991626895
-28.26207483134689,22.0798635455013
-29.77144844976115,30.36085096045882
-29.56672923406355,17.86805065421903
-30.02126710306258,17.88044415216847
-27.50347778076075,22.99712064090687
-29.54393170610268,17.45327019869343
-33.01120912236265,21.7045990244826
-32.95266275296218,21.70768324178972
-27.55048230275309,22.01233782028343
-32.3546331312975,22.53945184492204
-28.65296356248558,26.71785458879204
-25.71479798272011,27.91814786614535
-31.83326252200983,25.35262267013957
-27.86625984171582,24.81337296293482
-27.42322737093775,32.22645571313308
-32.25724063229249,22.57127067117946
-32.57172744838201,28.55196663534805
-32.55828353695312,24.12957399365542
-33.19833142948193,24.8458838527804
-28.87821626684302,19.9156038917463
-33.43209613515205,26.75022073110867
-27.4446787147306,32.05035716851329
-26.63308448433742,28.45724732484013
-33.42740919269563,25.84433364477126
-28.91146670740664,29.29582522874835
-29.08161142584969,16.83449744475925
-30.79148320021353,23.35235262742206
-28.21277529617749,23.82643070864311
-32.13630999263389,24.57666761031917
-30.24859796882134,26.46452626801413
-32.32305621412019,22.39538308352141
-26.72700845766628,28.10317799409206
-32.88240613424995,27.6150003987981
-31.45303341887451,27.32056695703485
-33.70618749789533,19.24666004152888
-27.5622697007275,29.00752005290741
-34.02199885463192,22.44214992038293
-31.85123606438984,24.53896899941498
-26.46224194578178,27.87567947395134
-27.49910012848812,25.14911739771889
-27.81389751390167,25.24987525862754
-27.79000532933154,24.72034999494895
-26.6709215090293,27.00224278353807
-27.36530468159917,23.39489544152492
-26.60588677089584,28.9932530660543
-30.42512243999686,30.60407854216428
-29.25947778578982,24.94501271925924
-31.89335849916794,25.20720971083835
-28.7709768326379,17.62486177825035
-31.42734004785927,20.98694854133971
-25.55213269017344,28.77543136603776
-30.00224437572244,21.65650483113726
-24.09905113034133,31.80736318529597
-28.97702065488819,24.00683053552993
-27.91896790654481,30.92315517039956
-33.25532743337778,27.05507758650848
-28.00119294718692,26.53703110501809
-32.6027970301104,26.93837622446753
-31.51610108259702,23.61105157643062
-32.51391625308388,19.31350586330651
-34.20525001897545,22.04569873058854
-27.96032072616905,22.03557065897543
-26.40928353985063,22.42413400084729
-24.73203734331492,26.35807467181886
-33.27044282335751,19.64532531795285
-30.478190165763,21.90410167604896
-27.78549033921768,30.77645165873212
-27.95426203180076,32.37881414127432
-25.76311684203711,28.58473819035508
-25.12474300572347,29.89426480909392
-30.57953420461867,23.70180867464481
-33.89357159223506,20.09816985521963
-34.04004517072877,22.37152518868606
-31.91492153187351,26.62402029711365
-29.75020090008603,22.20481358734432
-30.37464885412965,30.66961475698573
-29.09998698951509,25.27346332513899
-32.94807076521126,26.12818182118424
-29.59479745680242,26.71252957891918
-32.55315580798203,23.96045176208101
-28.38942457299927,21.02562337602341
-25.4389608534522,30.4641003732129
-28.14043743917392,21.15043876110546
-32.20143486690488,22.85217290510111
-30.46799258329255,23.53585607522341
-33.62574307353708,26.23046338656711
-32.9913889177934,18.16688774597629
-30.46661455064344,24.29461594168084
-31.66572109254324,26.70221834511059
-24.14051416056617,28.25971206063087
-29.30800945908732,30.07930704993408
-27.29918288007384,27.24868137788219
-32.85686975888663,18.81975956495885
-33.41389112780502,25.32766699120551
-27.07713736703947,28.45781178368582
-27.09694868065916,28.67783854323061
-31.2049573654029,28.24849776258676
-34.02530587507105,21.47014812076374
-31.43273539709001,22.67415854098835
-33.02108321231686,24.79276609632837
-33.2378893611661,26.99311021199868
-26.57319775302185,28.01384169092635
-29.62155856070584,30.1705877686741
-32.40977004469791,24.16343662407699
-29.34611611607483,24.41333918806592
-23.77568094692782,30.11485229074914
-30.35903619548627,21.88171532919182
-27.59213023506053,20.80538918085002
-29.81787277648341,29.43983268156612
-29.6577411487067,31.07305438576521
-28.70008137446206,31.90846284678833
-31.92593448253029,26.51783450543178
-33.01879046904192,26.65536809037738
-29.06217432031353,30.90192705957625
-32.08159032076294,24.07596741363587
-32.56307735179762,22.25097993589728
-27.44808639089251,25.47438896049773
-33.68363925984504,18.61863460629173
-33.26124031093772,19.5477878360494
-26.62576975561134,27.3514107745718
-27.33859802159838,26.70189275824807
-33.91620833900731,22.88823694143515
-30.64628627432905,29.46916837005372
-28.86242703661792,29.32838440944822
-29.71000042986988,30.08759622069755
-31.50352095049745,23.65155978317421
-33.12481557997067,21.24680692148675
-34.06217647969057,19.5581207392729
-33.40395060213419,26.38068647674762
-29.04785513120733,26.04387013222248
-34.01925182205981,23.84871228509406
-32.85707848399538,21.63025006403241
-23.70909196200197,30.55520056868338
-34.29949682516097,18.42131976998519
-30.8669191269281,20.41940540688923
-25.60772956627433,28.35861470276163
-31.39213555232984,20.36840350168638
-29.60895508983361,24.86863754477729
-30.91145983026118,26.20369485608578
-28.71191950798843,20.99930161432081
-26.47421934100197,29.62799696730885
-28.3226140496521,16.98758093299407
-27.23376537702338,27.87945499069817
-30.20101292131855,29.32693262689248
-33.12166710914776,18.78700671841456
-28.28950158496868,28.43011566222216
-30.65774758791271,28.47482102053617
-27.22449868461132,27.75270427971927
-31.93573294750155,25.06244601190964
-28.6957851143748,25.88005433316654
-29.65814737684857,30.8432536893255
-27.24184804031061,26.15564732600505
-30.73826177601601,22.1918676038717
-30.6495946540094,22.2202032251517
-27.48157904445523,27.12845576339928
-31.6276206572737,27.43845280102344
-30.81981118883631,26.29666190062092
-27.37964165121327,29.43589964957469
-27.47478679008833,23.63358609189721
-26.86104599138543,30.90652343774665
-27.22100278685162,26.90400798207966
-33.13371820751608,18.68223640625012
-26.63323314337585,24.21658408572122
-30.82499601078971,29.22819812401471
-25.13966644938092,30.87427893885711
-34.23889764816015,19.57551270098864
-27.66838776735807,25.10964991446753
-29.15133448916416,26.83360684580261
-27.34324199840471,28.27198923552563
-34.05523426827123,20.58620787423003
-32.90851063542788,18.10459354992523
-32.15586935113759,25.72597597619296
-27.42690242948057,22.99656825213441
-26.92179299888125,23.25792397050069
-33.08598956931547,26.22731519997488
-24.80413906072238,26.87778569316424
-27.99266125648418,30.29716822537251
-32.72425528266752,22.02752681252429
-28.93387073650176,24.98297203123959
-29.63564029006022,22.61581449207581
-29.66290415028354,22.58935270431286
-29.43864916946611,30.05343060036769
-27.29684655436842,30.80116622040323
-29.73324494928121,20.83983801565507
-29.46848728335954,27.19296390630699
-25.21100928276473,29.62669977213162
-27.22923756690037,23.8561758242308
-27.07813874531038,26.88104764629633
-24.96657214944932,31.70038075414206
-25.67566301147165,29.63025084667179
-33.80421307553547,18.69057697760129
-33.2741445964922,20.91305420004262
-28.41892402671408,29.06474101834462
-30.76007527247896,27.1811176074472
-28.64174216350166,27.27796106006398
-25.1089512052814,30.51211830169934
-33.97400051583988,23.77342557391071
-29.07802207612542,25.09291094330157
-29.65828941839427,17.63259334867757
-33.39499781003645,19.39689492416236
-25.90058101379385,26.53360839798774
-31.96764792342421,28.34995506873197
-28.00189513145254,24.83200154015837
-27.09320944003714,22.57853689205667
-33.94559594532662,22.14909452588683
-27.05097863782089,32.22381953507974
-30.8836361142553,24.84068174011923
-30.25845930791175,29.53935007514509
-30.20267791705237,22.06697667792849
-29.92085006458424,30.31070927357787
-24.34102633638276,29.3086413531291
-30.19600032059112,30.62766441479926
-29.81231645230114,29.53496967136057
-26.73295390872379,30.23010475024511
-33.58773933808745,18.3645785219816
-33.15950152814668,25.87607858489612
-29.52590159409899,30.89799844301439
-25.06164579728286,27.06062920533818
-27.54821601634426,24.76989420450035
-24.2812545696468,30.90459657254498
-29.87887334435004,24.17081287743456
-31.33266164665444,18.22250104348545
-26.57520350070253,30.33571548977357
-26.85996973556131,26.51426199828294
-33.31264275097734,25.95868413453054
-30.9590984146434,19.45215222619057
-32.9700893046241,27.67769701887033
-33.17751141889545,27.28668184969086
-24.5555776121225,26.71371440441437
-26.99724772951052,26.60598840065411
-34.07980147856325,23.22272242193576
-28.88771787323857,16.71806125774025
-28.35294412416745,26.32291555721018
-26.90223114797841,24.65764940602124
-33.73339095187479,23.10300914073167
-34.0293179367863,23.1832287199187
-31.41848774788696,24.2156070321882
-32.65103435417606,27.53852984499006
-32.93617036897651,27.46187894637705
-33.24588006205892,20.38001654036821
-24.58640982019638,29.54030719769133
-27.08355270401179,30.81776173568045
-31.52415740144018,24.51253975983453
-32.48754157873715,27.99479139687543
-28.87770402872451,19.92102405940352
-33.29882175112791,20.08124776674129
-26.0866736643735,28.11226861221372
-33.34311688117621,19.29789056676496
-29.39798774985877,23.77054968458829
-32.01033439944609,27.1742295636296
-31.61694586297019,26.93262722936904
-28.56848070832174,16.50599543740601
-27.97012519387643,22.03653027895198
-33.70693823618071,25.46963043842887
-28.49851108309063,24.44666990461566
-31.39135885994306,24.09281949030156
-27.22054896355723,23.00965768375777
-31.47255372828018,23.99136996374623
-30.48228643567036,22.62082371522886
-23.14985404526249,29.26177223919911
-30.6063700289876,23.86096408003498
-30.09209542237759,25.62350727493286
-32.39485364935103,19.84300866498464
-31.09674718048148,26.30186168537968
-33.24818850113462,24.49478370143507
-29.42060242838359,23.80217497009821
-25.46641570205565,26.21984625175381
-26.97479522908088,30.91678468109579
-30.86932005212817,24.51739220067995
-25.55222804330959,25.91264782441313
-28.43895489085316,30.30953067606688
-33.33293664944799,19.3907891463265
-34.63898049697652,19.84926990987366
-27.48875083205985,31.94233572477024
-33.09233773295146,25.86842275118709
-33.57710050365225,24.14420385117246
-25.39861548813443,25.85499585715694
-29.26486187184795,30.77255910701511
-27.9007007544498,27.85487932838286
-25.54467014496382,30.32518058809958
-33.34408298951355,20.0456450396223
-27.76963157157763,30.02033704160927
-33.97402797825212,20.2585368091946
-28.89492986665962,27.69650659605054
-33.63462600615783,26.7306612866786
-31.83418045690706,23.02707896491255
-25.11930581874792,26.93173757138554
-27.31621028351642,27.23564683241361
-29.09373092529552,31.35559367422341
-33.62123816435423,18.84535804123374
-29.59738048811287,24.87440788569351
-32.70029862951837,27.37238724224228
-28.3081116724116,27.91123729496009
-27.88512850959797,21.93377776395836
-28.71722470800722,24.55754511849124
-31.02321888091288,29.52604774714152
-29.28730504381951,21.1508652988397
-30.46717176868316,22.60198131537852
-23.84221683808024,27.66121834630285
-27.77969084849567,29.48809772361781
-33.31567856256328,18.69034281306273
-29.73435319162447,25.92517995622535
-28.3910700367771,28.77921301804425
-30.09724412240812,25.76820405785424
-29.17498035734661,31.51085634739476
-32.52449574378169,22.89717651863662
-25.82805094047507,28.69325594858834
-30.66918341748092,20.41488883354021
-26.84509987685234,30.72808481414221
-32.17609916500545,18.90930804060615
-33.69991595558924,20.00405176366701
-27.8114964336671,27.83372013649603
-29.20833587757118,21.19655702963408
-27.42048785369822,29.36668504339211
-31.22137453903861,28.63383610497198
-30.93196461012993,21.9207568989315
-33.99396265565699,24.10182970992531
-33.30904356970387,19.30507859357894
-32.80885870143337,25.79689939913962
-29.48063394373819,27.10226929966589
-27.92774756472474,27.78367227493803
-26.19789998977159,25.99827153091887
-33.93703949876472,23.14061596461444
-27.57561858669573,26.65540326468158
-29.48843605955333,24.28547845845003
-33.67390144965585,19.38070596446323
-28.91260430469769,31.68208623165067
-31.45385113439454,28.85727348753355
-31.29989853894924,24.86180376029911
-26.78324104533126,27.38382751499495
-30.5675884689051,23.09310968167599
-32.02338531486166,27.27197976105902
-25.86844642991441,29.35963050918197
-31.98862877513677,23.90510146975293
-28.35654017518039,25.53064483047726
-29.63132054233233,25.66726249223473
-30.42774022836205,29.4477228652858
-29.63730206642356,25.26762901575586
-31.52932168114185,25.76335693870659
-27.40795968227491,24.75701198922935
-30.73618142502403,30.27782053603634
-29.33769266337345,17.77695037113426
-26.41527769750163,29.67798343162073
-27.11248599259821,20.7825318484584
-33.82159622908276,23.73503596436517
-30.22057387579783,25.34474997430457
-29.84818730006062,22.69656135586711
-27.79331428632738,31.47285708431985
-31.14330701709602,24.5366014243673
-25.5004533932291,28.54806743590919
-25.27552301031842,28.98858909818487
-28.90928014965946,22.65283116093051
-30.75564323112063,30.32080153641913
-29.79439650585061,24.40399734615431
-31.26671902569067,27.82698066760561
-29.8010689615189,22.18767435816905
-27.49888274932358,20.80097705884726
-30.51231643980365,25.56161699253902
-27.8413887343053,29.99476751983164
-32.92204533207121,17.97510604467005
-27.93906891618,21.61014982641375
-33.505514634147,23.22241970608627
-33.89958005035221,25.11785055202483
-30.11748502527028,30.01294266928002
-32.50892656550201,24.83560198548577
-33.16897804638278,27.50200627252554
-32.75829890138645,27.38351535907734
-26.36800152304253,27.06479827717157
-32.6210423326795,18.77458752018861
-31.25141738058813,26.0503038312339
-34.01542113491365,24.62968586226738
-24.44499116345243,28.64455499665164
-27.43645236859901,25.18013575999999
-31.09294447006361,23.13949807868903
-29.6487006357312,25.99335770422164
-33.52021913068417,22.70577787162336
-30.02326471280977,30.8222243691471
-28.4356641043668,22.22700740797524
-27.02547658522415,21.05572623338231
-31.79061542494863,25.18043628479909
-24.49561213566444,29.34929196472046
-34.03272586497034,22.22363133426664
-29.5100958685614,25.17028929949048
-33.50414777510117,21.06682612243351
-33.65591795618442,26.54143247655435
-32.85012767362034,22.56779518599907
-29.67796032509309,29.98520340761994
-33.39400453553151,19.3928241249151
-29.10405407829138,19.48027411295269
-29.63574788190492,30.09950778942665
-33.92400604013102,25.44545433841357
-24.2914115943205,29.07488468495373
-28.8773987559475,30.16049712024646
-26.51971830053452,20.60376318838248
-28.84427294800642,21.8455893591695
-27.7384314179126,27.07600661548945
-34.05632190739006,20.84537449350822
-27.89404011673959,30.88093090495406
-28.95831336817258,16.78686092280607
-30.87322045717016,28.53189753874448
-33.53876541507726,26.03508441229087
-34.667114020957,19.89778335677721
-26.88431739648644,25.39522653195429
-29.56133173524319,25.21283384460331
-25.83309469006172,24.82022996952545
-25.41612129617259,30.49275798896781
-33.4850470488939,18.72098408430768
-34.01305942514021,21.21512242883565
-34.35571229509106,18.49499701693949
-34.67100203937436,19.5082331137551
-29.17379085111776,31.19735549297494
-27.4974615234525,24.69825126311458
-30.77896379191619,20.37474378504766
-30.81161479490988,22.40278271263897
-33.59705009281704,26.07653938916844
-32.57787683319656,23.20919119871575
-27.33314859187238,31.69055185015106
-34.09720390130485,20.37790267074224
-24.62358747703536,31.23867957585524
-29.88889533351683,29.40295980967022
-33.84839398458538,20.85779076461934
-29.51897422450145,17.93684411359478
-29.88904070110432,24.43066718339181
-27.90635426117966,23.59551821885723
-26.03744312568123,25.50810174758792
-27.69487639611165,24.67081136758912
-31.48946308178891,25.11201391562729
-27.83854847572202,26.38266118159007
-31.49506535942032,19.6091268761437
-33.36769194927433,25.04186783153123
-32.75397646465107,23.75366253911182
-29.70488501460138,30.97855537232244
-32.37033611701977,22.63472113229972
-33.28065144386719,24.46733041916921
-27.96950017439003,32.38454570222754
-25.67580974900017,31.13403818191412
-27.62210810377156,27.13887006958554
-27.42134612280772,26.34626400215331
-34.67221439433932,19.75757018633735
-31.90747763657637,24.96832888282345
-33.9832870104879,20.81487470589474
-33.80807964307944,21.14216336229386
-29.46165655673253,17.76310409011631
-31.61771838846712,18.66886146932663
-27.11626625008573,24.75006635780149
-27.52228600314538,23.33947499541782
-25.91565523288914,28.27953781894982
-34.41578589424922,19.29369309411939
-25.01956242757614,29.8033474628665
-30.35694727589948,28.67298037408264
-26.4087356486827,28.18550740734739
-32.74410062733455,17.99071865944721
-29.84592078761969,29.67999764651944
-30.47102413152843,25.21207175435605
-25.02953617275216,28.78092295438475
-26.52118955004826,28.44601870464503
-25.28683782607353,28.07287988246721
-29.59643719225212,22.96421645803869
-25.35936403485298,27.79552501187258
-26.08511662520905,28.84492091949559
-29.0648787749466,24.83895471872768
-25.67643881239169,28.42234179659621
-25.71864069862648,27.73800694629021
-31.97808427883307,27.53389534298841
-31.40338457763477,25.58148170733271
-30.33368108830328,29.62005964159405
-27.39471489240185,27.31944608053057
-30.80152983606588,29.33625685933616
-29.20053178094603,30.93676382168072
-30.1038958370928,25.59614874498583
-33.52655289634888,19.83996584090148
-27.76590336847945,25.60084077276975
-24.97757441821865,29.02343554191629
-28.06078062247762,24.50909859340693
-34.32126430140185,19.11045030562418
-31.57695164067067,29.14674555099374
-23.12556929071991,29.84531453292514
-26.76814043305628,29.53013585124713
-34.27619121757003,21.40320431422704
-26.52707702259229,27.86570869210997
-27.92816145990349,27.54693655298921
-25.73112365525263,26.87006265599742
-30.54491664597715,26.43775795454062
-27.92078406365182,25.77271045527287
-23.98705397183614,29.533291277585
-26.27449875957137,26.01655045605024
-33.37278895315012,25.03082148891014
-33.78861506219918,22.64535554418516
-27.93128565265218,21.2417258551246
-31.99387157013248,23.46295033366943
-29.30886634381646,26.85587845578549
-26.22070571148865,26.67205421642727
-28.34134967772354,31.85251035848702
-33.35910839417249,27.08293466677771
-28.97231560914173,31.01997177921419
-28.89234847380869,22.86991914111255
-28.21841261143148,24.00154424573989
-34.25528900360381,20.37400968005822
-27.17667459148071,31.03526719347218
-26.54243123707082,27.57973880486642
-29.45942606871978,18.47370274096507
-22.71011448090972,28.5727460790574
-30.43238312215127,21.86806349385589
-30.55063936646615,26.01745280928482
-32.19362334594717,18.4873927726286
-25.14771423563884,28.96651658377113
-28.28072472078302,26.08184154452453
-25.78181731064528,25.05452597974011
-27.76738137518888,26.73119097113084
-28.99599281685715,22.01793902651251
-25.02057721967132,27.55875177370087
-28.93877518192862,23.88865282672099
-24.95055523014815,31.92211551771109
-26.5203595144018,29.07168315335815
-26.64303822175843,24.11770909379236
-27.73503739968054,30.21793885189638
-29.86882808915019,22.56785056758702
-34.14814319061507,19.59029402624367
-26.5994505992192,29.25341774542875
-30.45732878638816,22.37635391615124
-27.07376179131256,23.88210792663725
-30.82738110780051,23.32803819490632
-26.73400621788618,23.2452089056038
-29.82888490155024,29.7726291481718
-27.88127696019225,30.13530398197673
-33.39290484314682,22.21560553958582
-31.41764900722779,29.53863727309398
-28.40057252568325,26.69802300508036
-31.68931333933902,26.9407098115297
-27.05896222485337,26.40592912856672
-29.85016224415983,30.87691664184267
-27.40342830265244,25.19973802847938
-27.95636594586226,26.84140713535582
-32.42348389340901,27.98486975078196
-27.88855427947566,22.12743326619317
-23.28967945291057,27.98080968032367
-26.64618876509922,24.83621225903313
-28.65825328525983,31.43049162993218
-28.07326151743361,30.35084730243281
-33.22452155287352,27.12396419335827
-33.42443153437492,19.69494038243065
-28.5707886970893,26.33568102417958
-29.0533496940936,24.83027121593835
-33.00694977914612,24.41458485947528
-29.04299605470312,26.11774190853069
-33.15206978265935,18.58423169555479
-28.0455701598973,21.82303088322971
-29.67287497447208,24.20719522886326
-29.73041298704584,30.56149789238362
-25.46317145506724,30.92689015925809
-26.9027536539377,20.59993313192516
-33.72594040195841,24.75312234342293
-28.2165846209708,31.45585449976464
-25.19799709123888,25.85573928629648
-30.84775920495907,29.79644159226987
-27.87408517714735,30.80663920024385
-25.76264320069397,26.1180629807778
-29.44691664102626,17.83952266100836
-23.48688254685043,30.88416552140214
-31.92881092108054,26.6643631772975
-29.32117505367511,26.15813256704532
-33.11464280441864,18.07655001039328
-25.49725351368527,27.88411774598185
-25.20677175697976,26.23404402576895
-27.58465049252225,23.48677559501668
-32.71037339067571,21.55835129247441
-32.88548925989502,27.29767746073952
-27.84886530480801,31.59628426249728
-25.6374901578598,26.91232374063125
-28.20202673318755,23.95029221639104
-29.85033250158284,25.55577540045261
-28.29535155510142,28.81472958368982
-32.60158873613127,27.73322539768394
-29.61498647894985,22.51623655510017
-32.81171100617836,25.71024094051662
-28.49085397382892,21.68544205602548
-27.08873379503484,30.49993371457601
-25.70285523886075,27.64132892093656
-30.40247475361773,20.4944552181782
-27.94715683085806,26.95448162316303
-26.39605277472175,27.80926836670395
-27.46547763032179,27.9632328195914
-28.01767628242543,25.37637080051837
-30.78970737820614,25.84185793118298
-26.85695761433836,28.281513987797
-25.81601854659435,30.795418975932
-27.39999355351056,25.20337384477892
-32.35802407811958,27.03118760878918
-27.22753346868103,22.91078730163643
-25.83123546195352,30.47754849719949
-31.40813019822576,22.31374663129095
-33.25708529817565,26.45984792670747
-33.57177359873337,21.94570065850789
-33.58562231178195,23.32788210252761
-29.83222532492398,22.21602468568163
-28.34155807941646,28.2685407241112
-28.7717549592886,31.93687022025564
-31.66195217934292,18.47145832880339
-28.90480613696023,22.50768602946358
-27.99987352598517,28.03371183767798
-27.26779787033295,28.8539327689416
-28.93538848940459,17.75164715086056
-28.10404511314633,28.62503170496783
-32.38751327768676,18.47266765779299
-28.20107733789812,22.26122768655508
-30.38632000826546,17.91029925207444
-33.81065881928208,20.1681971110881
-25.13313640233971,31.94373241639986
-33.33372462839564,19.31792536110715
-32.54399671435917,25.88381117742028
-26.84418206799278,28.05537332820809
-28.51032983262607,29.07311610560731
-26.21725423916044,26.68448189396516
-23.90811117053852,30.71847494045804
-25.53929704522083,31.6322380467793
-29.85787781546239,30.98504411213373
-27.79038023814322,31.67701643953543
-27.56026876130962,24.49478669261513
-31.81891765966563,18.61908789512228
-26.27728189809311,26.84572998227696
-25.96635873676087,30.16871959242738
-27.89795359913737,27.50301581539282
-27.74888509299513,30.3508836327831
-26.72491253358505,26.71765097644307
-28.54215941858861,29.32816250440904
-29.51887533900325,30.97196894875765
-29.04492756856866,29.86887585440282
-26.18907547354097,30.39771907637432
-28.99154990514527,30.80654699105534
-24.60941410741819,31.95817469111125
-31.34692008801309,20.85194382509307
-29.31930979424208,26.20913258004582
-28.80121264164604,29.93114849552938
-26.23264216779941,23.54287738686838
-31.87976961201944,25.10875320737769
-32.58678776728937,26.92741815820871
-28.20061174012384,30.74764197466262
-29.16217965230424,24.56149100548374
-24.91088929910769,27.6706388337338
-28.89317189128626,23.00116542063191
-24.81258381045114,27.4250250522621
-30.86489220226159,26.10057039428641
-30.42365278692108,20.48757895198611
-32.7595660490462,27.48948850582715
-33.40931933913195,18.82905862125451
-24.95029224464791,26.81977453148165
-28.7636790807711,23.91459403735976
-31.6096867649066,25.2679222215684
-25.46888601364447,27.76315155735148
-27.93125173973554,30.00149469249423
-32.67493865950571,26.08355497993627
-27.43300964800519,29.86691857551931
-28.42424286840073,25.52985074228947
-28.57226486780336,30.85411287402441
-29.58660519534889,30.52486263874172
-31.26494068800171,24.19265752632275
-27.93911019436189,21.3961736703409
-29.78542030936739,24.73056017669386
-31.64787935814461,27.36350963386828
-29.69165998895514,24.24443217757009
-29.28408379149839,26.32919635286691
-31.22539268864205,20.25591712123518
-28.25679269816044,28.32154475251354
-33.82376270907919,21.19249534294897
-29.63061344609321,29.84882951372157
-34.3134261216417,20.37041507443713
-28.2744168292097,30.70868134230327
-31.44016150856122,25.52076140388578
-30.94937266833546,20.33464955132693
-23.44000598975115,28.07804721483893
-26.96967214596809,30.34375169383526
-24.86592822327942,28.08192929051841
-33.37978428550952,20.97543709501367
-32.91106217782973,25.7939214090939
-27.39437012700284,32.40916117972161
-33.75015289079857,21.15804604450262
-25.36257254953918,31.00562722752167
-25.88039998623417,23.99411943801988
-28.58104238227795,26.07151036883072
-34.36177058247172,20.04256282648151
-30.64112762727824,26.75296620068305
-29.48356154372281,27.10331138889326
-33.23796055507356,23.48256859766964
-33.07593487602509,18.12625989648043
-32.31899200576444,18.32561167474948
-27.42376338426314,30.95971054685661
-29.12900421765532,27.497644696348
-29.67657329063573,24.82907201937659
-32.55968275091256,18.37136320851712
-30.52956061007255,20.43102346361509
-32.79812395638476,18.5136598919167
-26.89243395447323,22.68982056617824
-28.89353189828895,22.96090253349699
-28.09981613052743,29.18368095370829
-28.21235148630639,29.10102535833506
-27.64740981767337,26.20813384179162
-30.590508785597,17.82566936930829
-32.1402896739533,23.98983368875128
-30.79613436544419,22.16680505537531
-27.71909364857107,27.60319493698911
-28.2984939684736,27.77590812896258
-31.37869574458512,20.720564959159
-25.60428414943709,30.54167936662597
-26.05629789954697,28.9968297064375
-25.48440932435449,26.68140735354296
-31.45811469729365,25.35326615127365
-26.72191582373319,22.74646972540329
-23.18881095921271,30.6607112022643
-33.85037759345128,19.96786894311992
-32.81338228191616,27.0239885076113
-29.68632307606535,17.94869302746194
-25.94737850777802,28.79371300633589
-27.30420558234954,30.289624289947
-25.49883366706037,28.45737948359567
-27.66198121574156,25.51503944203708
-31.46444757434499,20.06972316989054
-30.17178885265676,30.81743184549402
-33.19393521761964,18.07321932615836
-31.93366708444859,24.87009621154591
-34.00021801899295,22.26851370053654
-31.37988783129597,28.81106108774685
-27.0048162305655,29.33093106488218
-27.97684528202377,28.72326725575528
-32.56728849975198,23.39147629110506
-28.39960214464426,31.09726817722579
-31.61459462661312,28.4173046389397
-33.15889286230584,18.04105472237136
-33.73768931045824,23.41872396064045
-26.76327482899597,26.91879398535123
-27.20708811915011,25.19138091087279
-31.62295670782363,23.50965455068934
-26.12308112635443,26.94672900770431
-29.68549132779076,26.13375895565032
-27.75636857703376,30.79020594662306
-33.1687818122144,19.37961139170516
-31.11669838989589,29.48532391181811
-30.26080999365207,30.27596910339006
-33.61578591540413,19.02166511872974
-31.40158914385798,18.67027063679822
-27.97300973719347,29.85424185109285
-29.29382670435756,31.15742578022559
-29.419401018904,25.00287310342833
-30.53786618233983,23.61362707827338
-33.98017600355611,23.62598215951359
-32.80755409490843,24.72280862841484
-23.65152879104444,31.37350926315492
-33.90369807499219,20.49734064941382
-31.03425006924206,18.19992571370732
-31.87806033692327,21.48466191272087
-32.48520770912963,18.96439405575808
-26.44014782104088,22.61168431694963
-28.31694157043254,31.39720920527991
-29.27245507133764,21.32048526338155
-31.9918344301455,25.48745034567724
-27.17012491445274,25.36282408555517
-31.00271023117486,30.24949864063061
-26.60117454909049,22.68412996502024
-25.4101004087978,25.80625528191237
-31.86379392907291,27.85337876373925
-34.16246737301953,20.31644476958447
-27.48122216324048,21.3403254543752
-27.87267628004667,28.54500012428758
-28.54819532382278,31.21162632713222
-25.17643526739089,28.90328885824972
-33.92482422693634,22.41423010264159
-26.47873488496117,26.7831659977617
-27.8356502408465,28.0525654508228
-32.43549251075429,24.20287964833096
-33.89384079044979,19.43919146877931
-27.45208710058684,20.69644881766712
-24.58121769379249,27.24618717651223
-33.1852444895863,20.93020414332722
-31.24799685963318,23.11800981809517
-34.04137138916494,24.77320245276479
-28.56537273934095,31.08394308115235
-30.96664561258368,27.46576952819295
-25.54450110704395,25.82747254445811
-27.10086663712267,28.50471209507559
-30.56675545883676,21.91244048591622
-32.73328627230183,26.3428734679613
-33.47150615713767,25.31970476239213
-32.87381219268072,18.22038465200833
-31.75893284395085,27.11216615240768
-25.34587241366118,31.07947945205537
-29.00105879930492,21.12644752754176
-27.61707015048176,30.71290000802553
-29.99385284207868,30.77462796637773
-28.95573120394404,30.57659735708987
-28.16668194759102,30.86922903805929
-23.18471631352903,28.86486335714785
-32.97433639632553,24.6105598787336
-23.22392696914435,29.02282068882901
-29.3771131104605,21.1337860214416
-33.39682162640761,18.41292970748937
-26.25676034106158,29.11927458921994
-33.73934240130929,21.92188133353653
-28.45464450366674,26.8262374813853
-28.09896851454334,27.55599074442586
-30.05326533648519,17.195908685409
-26.91725845373094,26.59474869310905
-27.78664038975657,28.25665730613424
-28.58600991292685,25.43222404887871
-26.80622301349157,29.43339776999399
-24.17349032525314,30.03349743660064
-27.31458216648276,23.13464871249987
-32.78203066445423,26.46573408078035
-27.61057894019966,24.6624862249886
-31.15495581072791,21.58165344721873
-31.14754345342038,28.86824188746406
-29.86339815138437,22.24448128295256
-28.31679885651512,27.06564149145985
-34.07082097984395,20.45346036553476
-25.01403035381012,28.03422837977961
-30.23043920138733,17.89594600832648
-30.86574727764469,29.68027284841815
-33.9378849580507,22.47452677218515
-28.63387070854882,16.50919616623161
-25.28990528820401,26.41767778284864
-33.49117011998656,27.11826139743356
-31.03852013765853,24.9816771443422
-29.29076466986818,25.96783539280372
-30.27072077374313,26.61568150590893
-34.35940999007367,19.27281839846501
-26.10646157380754,30.28096953983494
-26.64886053871844,25.52077866330848
-29.16476244392335,22.56999853456917
-32.06168336381311,24.6070264379127
-27.21717090217792,23.86244856624091
-32.67612922497614,27.3883914612561
-32.1168060669013,24.60847383510345
-27.02690994629261,25.62651076623508
-32.72683923953172,19.23267970322355
-27.16722545101358,28.0314655498958
-27.71650933769644,28.52083754148586
-33.45280905368176,18.7559587003357
-33.60041292502359,24.20940960270853
-30.02245551720236,17.18229079447405
-26.24138195730999,25.95276837239281
-33.57675364746466,21.67889715913702
-32.2237979432785,25.48587909587589
-27.27891175926247,23.93877154444148
-33.93009716277359,18.52256887112652
-24.85222461737304,26.74603484047132
-28.74034335167713,31.52579977250098
-28.01253839958712,24.70582468690353
-29.04117971706201,26.00106167117347
-33.02767115546551,18.35494174472098
-32.33748574101589,27.08449471238285
-26.67427684744701,26.77353086813744
-27.81847001860474,26.96705194710382
-30.68212503753793,22.6685671519581
-30.684769603935,30.03765407755623
-28.70681136837269,31.81231665048531
-29.87871878158938,24.17011638671997
-24.83118122882259,31.28154649333268
-27.31047353124672,25.39874197275745
-31.67424826616179,28.08829925983654
-34.55242849073432,19.39033084841136
-31.1048117798844,18.34549418572852
-31.69760201751533,25.43978992951994
-27.67875872108636,29.5668142791446
-25.08127041359347,29.19705107364056
-30.95629406976181,18.22457554779056
-26.97705070349699,29.02218984913201
-25.44091829545697,31.72811867112574
-30.36395107343444,24.54862231636717
-34.43391256370141,19.4627445964279
-27.68389492441223,30.72656353109867
-24.90064667832134,31.73195396589124
-29.89447166058646,22.27282418892369
-31.89264300915413,26.80937481812729
-28.63252129258935,31.70059778087451
-33.72692790061176,21.90703518618608
-31.78421069576515,28.51926132444089
-24.52493960155033,30.89655930547655
-31.00899497036238,18.1599984639695
-27.80146613869297,31.4291305943068
-25.92193447110209,25.98396485805696
-28.3771465609106,20.9843187606116
-29.03841892590918,19.61021603123461
-28.395719134772,27.81271833358644
-26.18793230327757,25.80044851604713
-25.72754178067922,30.0895384252369
-27.36090099313658,29.76025860391697
-31.75835108909267,18.57158035881482
-32.34248012826943,18.83688827829841
-33.16244715366329,27.42449829865458
-33.8572651208919,21.20643973552564
-29.37095978766337,23.33924404085318
-31.99048521685287,18.76566954379741
-30.53599995923977,25.48401693418588
-25.20591167170075,31.95571089098948
-27.74678913520193,25.83371767364642
-28.05572025562412,26.86028594728045
-30.74304844338342,20.38738403152977
-33.14169784214334,23.43099343810031
-31.89051842027449,28.47160496073745
-22.79191422532771,31.20516588003148
-30.78425575843575,21.72835644818872
-25.70507307662798,28.08928701128665
-33.49641957576388,21.4499049336328
-29.61975017659681,31.09827209695427
-28.17699969047172,26.09049318838606
-29.40046177988021,26.20266121442247
-33.90956396644798,18.65632363941836
-33.15882720911014,19.02852419265199
-32.93935684426936,24.66087649586511
-27.54474823331205,23.75670784525939
-26.93882320630181,29.21039339415271
-33.4088701817556,18.28246467162176
-26.8158107550753,25.47965504904671
-33.44795058437572,22.25084422538906
-33.75248301616729,26.52998365923166
-30.16780835402742,24.6340686403603
-34.19781118175999,22.02328387307803
-33.27796226433168,22.22909139092101
-28.27551610080645,23.44895335690493
-29.52074631874078,30.9950579801691
-33.80729932954153,22.04220284592657
-26.11791702064513,26.71155079354405
-28.02877691369243,22.78881820631904
-33.68825875521766,19.36177698057307
-32.56070483565098,23.45100960242538
-26.71331983009245,23.01776318665216
-29.42037397839937,18.56388015688524
-33.39630750096539,18.99681608116061
-31.43982446549256,22.72988203389812
-28.45537974796263,32.29248073021566
-28.0826412103301,29.97907510279899
-33.50722338229778,26.48866810263257
-30.72318894281098,26.88081551786347
-34.2288921585337,18.84496014587996
-25.53601653228807,29.85498590064776
-25.35980801674267,26.28302136192296
-33.39360411897368,25.54667892688407
-32.80414834802091,18.1583858290616
-32.60212638143542,27.4208780280034
-23.68615007355957,28.87919005440065
-30.91096823110248,23.27755312200066
-26.25266981825782,27.18488293718783
-27.9152241185116,22.84136104225486
-34.06596973952745,23.10413412687623
-27.42588371115942,31.04606596904129
-30.03515224189839,29.92501308249712
-28.15311900757452,25.58994757560882
-31.00140622906046,24.34908765507597
-26.85640423605709,23.23039741904146
-26.03722402186865,26.61238900255223
-26.00741783922539,28.02742396474054
-26.44592639710236,30.63362363200484
-32.20642565160991,27.11626066880997
-26.76013118126117,27.80428409200998
-33.25360227591258,27.03666065693312
-30.31718462937051,30.22819761526232
-27.50643433642352,21.31822408888319
-28.58796433035069,26.93361445608498
-27.89545794434886,24.89048982963421
-26.06905601748931,28.00179497847417
-26.0752050766205,26.56442217812583
-30.20279623687141,25.38138711739737
-31.79462309839493,27.07108337839582
-33.97035344375492,21.78880213433574
-29.45440190473373,31.28408306908798
-28.29694815816007,24.31884883694741
-30.16446145165385,30.82070415238023
-31.37417888969113,27.75491627259455
-33.28257088624472,26.89930880022762
-25.34396701334994,29.41462078786196
-26.94911414646258,25.43069309675106
-28.27467744767968,32.03205984640376
-33.19056960534759,18.18492572486307
-32.56997264628785,26.69075353401806
-26.57499299005747,27.55642586937982
-26.61301906567994,30.12382905618584
-30.52353207206234,29.58018155940073
-30.15948195837076,17.23239351930025
-31.86729798955709,23.62048461249994
-27.5676559119387,27.74616477916114
-27.80567994212654,31.67649013212194
-25.68620492093192,27.23932152674956
-28.82646216360646,27.1029337129509
-28.49115381974008,25.55121897740069
-28.42263051724157,21.92030786512849
-28.75152510752737,26.42970392135552
-26.4123576787557,30.60203416787854
-31.3098227348453,18.57997929300241
-29.52286412097972,23.15721150430839
-33.06242994058467,18.34693256873933
-28.63717092760474,29.00273289088956
-26.09128912824648,26.48152753746616
-32.76532473707396,27.68411361301575
-26.89785736642428,25.45822344555914
-27.54135001800449,27.89987164005251
-34.11159731386658,20.40350226547722
-34.08878545470651,20.10943189742797
-25.2535300606872,30.11257680860698
-34.25683640119523,21.60162640175518
-31.4846046800355,19.76153410482627
-28.97166181466632,30.4087318747618
-31.29054687197654,20.18683291343903
-28.47402341658951,30.24739889838741
-28.19129120535854,24.42394141510116
-25.55055625391001,26.39754411901712
-28.10220370203126,21.79019048328501
-29.44836308928473,18.50597552671928
-33.85623704959218,20.80043219511063
-33.65667553657688,18.93616492888131
-32.04182783104135,26.2958092092352
-26.50129166843538,25.98778642887782
-32.51505787597831,23.61528879745712
-27.35679892879574,28.92615986278917
-32.93858844349923,22.54457807100436
-30.76985647888809,30.42788471346184
-31.37662083052005,27.04177921269086
-33.50292881864789,19.00561158815044
-31.84372136937408,28.74694472499233
-32.15369140035521,18.74536496851621
-32.7322064981761,18.18723254120071
-25.86888892425579,27.3441029171886
-33.85168553512969,20.82762089733225
-25.13572134104218,30.99876380647014
-26.96041658658791,28.51950131234392
-27.60887820940059,28.00884760493909
-34.2125591691748,21.58593599027807
-32.53161776327452,22.27449544396632
-32.44434568754379,21.76896284269503
-31.29482631594182,18.0977254486712
-25.80904255686621,27.00230287084461
-29.20597895561601,29.67131812361909
-31.50523136248012,19.69680142221441
-32.06471664467195,19.12700715448513
-31.94577049598914,23.03238929812846
-33.58965917933263,21.16513020569946
-26.57963525045135,29.03104658678496
-33.46401826178381,20.58704681871598
-33.50955282245531,22.24640934221162
-30.72025146632155,30.43017346342481
-29.38368024110848,18.6396550052704
-26.61142503304265,22.9071303563029
-33.99840431477533,25.43280381459997
-33.58071270115379,18.47947495512391
-32.10567820476941,18.31033323002058
-29.56071903187729,22.40100745631437
-27.03282679883529,32.66181913030825
-32.00898472751251,24.61996519070384
-33.74482023726168,20.95348526481835
-30.42356613182541,29.13563149587489
-24.6555885930275,30.57319852935219
-30.41916581120872,25.64590180082916
-32.89757380753142,22.54830934690058
-28.13342495670399,21.49740082597761
-30.29823016840546,28.79197110350909
-34.36837414983609,19.69297345041786
-29.4335001877808,30.72273072772293
-27.78783925823929,29.41573479222649
-32.1587085581894,18.58901195989018
-31.44381009995526,20.99878515026633
-27.74278221917356,31.70472498242444
-28.4522915896873,25.00077234974315
-33.897322848016,25.01165776558992
-32.71446782935914,22.04234866707239
-33.76018922286199,22.95472370553424
-31.25863568798592,19.17499440643413
-33.82725632664713,18.83190017189191
-29.09862099707115,17.85343573227103
-28.33258153184993,23.14154418379742
-32.90366698296607,18.6519427255169
-29.11017520851687,24.9349368664543
-29.30920191728143,17.12553114367025
-34.10637730000181,20.9696164572721
-27.30702649118038,29.18224159679168
-31.87261200837735,24.82805819610899
-33.62569791159426,26.23066111570831
-28.02423535208708,28.69220144753756
-27.83068276458658,27.4855664124344
-32.83078891515638,27.23868545773574
-30.70232469124522,30.48158918883612
-26.39757387472249,24.05317944067538
-30.57756772734754,26.78356779697351
-27.36211875971313,27.44539329210578
-30.69281888800349,25.76598216002666
-33.98029716155102,18.5424077051206
-30.8328388050493,27.36643487140425
-33.89689262351681,24.11650655579735
-33.66208310233995,21.00381717925381
-32.1070576376608,25.54876368880362
-30.75458485597548,18.0875737000242
-33.13765975865351,21.13538891527078
-30.0178432235839,21.66989676261572
-24.87311144282721,31.37680026558537
-25.6559944523241,26.49704445643332
-32.13646325909605,18.48499602508164
-26.19910388478581,28.23886685975677
-33.53110073003523,25.00539871522384
-32.69458276542899,26.60247485381676
-32.5192175796842,18.62805729468616
-28.11896765951294,26.05135523536771
-32.31846576927773,22.55605213964353
-33.88184852194305,21.21239175479878
-30.0661759573516,25.68158666980449
-33.9491779401686,24.28522135675336
-34.21000191441794,24.82704446048318
-30.37223755466833,26.8918456106347
-29.55084276189627,18.19691822114769
-33.51307817468134,23.81923383921866
-30.15583050831004,21.738212511021
-23.85939515479791,29.4115352223386
-27.17482809569939,24.74671025105939
-29.61278772823159,30.24931825655894
-26.7679067219256,29.37436780287012
-30.81000879343032,25.92661859659575
-30.68599739450095,25.24842343203424
-32.40044163369728,21.72388460427493
-28.43940567515098,26.2155232915487
-32.45459894424338,23.43512620865334
-27.06020682327156,24.98946431339478
-32.76468414304847,26.10508893796567
-26.26476147575868,30.89410517390603
-23.17063676737355,30.87902369740852
-33.27243183802339,22.16564418798792
-34.1796773302987,22.15137852853426
-31.61837645581027,28.45358061265414
-28.72057914603502,24.44492737200817
-27.01625444495872,24.893288813732
-25.72399084087119,25.74982911498716
-31.44272034292299,18.97604005842623
-31.00310850756796,30.17911147382875
-28.07462317810388,24.52967652640543
-29.63232987488872,17.11743151007837
-34.24517360621279,21.75486587636507
-26.46090128563576,28.34495158740081
-34.12025946041638,20.77219362474409
-27.88177099600068,26.47991368684528
-33.74990700868592,18.70415324300488
-32.4009582540977,19.83663885264554
-34.21431438433028,20.16993743560797
-29.64708599947447,26.73779609291617
-27.18591467571946,23.28992630654662
-30.53007736139054,30.60289894416671
-30.95826567212348,27.45910245924255
-25.78516695399037,29.92968204336785
-33.86562927084842,25.49662431807925
-28.18787358932659,27.74364943568106
-25.0408767755043,26.7789165372469
-25.64302696557818,30.34151393700534
-31.50136964099496,18.90056500284235
-32.13565098455449,23.84056443331798
-26.64340122935218,22.70782900602778
-26.01232736875941,23.98316881686123
-25.76592860702738,25.83634988514327
-23.13611165074292,30.42123151203395
-31.06562977986903,27.67218751993154
-31.42673202582143,22.46298748307322
-31.23303855840425,18.53134781870911
-29.08524113715628,23.82481630347416
-26.03920724132833,29.58064653807066
-28.62010135242046,26.07351019344663
-27.61505448115165,28.28239099905323
-31.34437306574984,22.9467242141061
-29.11069519658906,31.57660266931876
-28.30463680190753,28.783763972943
-32.52906198139186,23.55813615350241
-30.08125619732791,29.98046965980297
-31.36469416280565,27.67358697485825
-31.42260658857429,26.06240166151583
-28.18820330560746,31.12151160887223
-28.96801442488478,29.49777802779246
-33.74787461996188,19.33562673800776
-30.12977689176805,20.59382489280154
-28.28072042742817,23.54301417013991
-29.13829800413706,30.95270419020985
-28.8736240633411,19.95297486201818
-32.71645278984766,26.26752841328225
-29.33911225986505,25.02960290410691
-29.76215621528157,17.29211239067633
-24.35067141973134,31.15385018000534
-28.5714766182217,32.03759665681861
-27.57586930505603,31.48925355624745
-26.23683716023679,29.4640470743851
-32.21530416109756,24.59172771021107
-27.98883749772813,31.60815465114227
-28.39690459086992,21.93435097133398
-34.08742474662547,23.30082350545817
-29.50258079167657,27.16526502191429
-29.17443321086085,25.88320698507848
-28.02761049068735,28.33234578500747
-26.74501983342505,20.16334461875575
-23.60559302895042,27.99984368931821
-32.73057396792976,17.94493887928589
-24.05345664653847,30.98767469460403
-27.18046282411308,23.88171762255182
-25.68945231598627,31.22630090858147
-28.18379085769185,30.83153877158411
-30.89789254460653,21.8842543588414
-30.57685015433028,25.4396388000006
-30.90399870769693,21.90384604590847
-25.33878914148465,26.40910578321169
-25.98862124787983,29.28850979114076
-30.23156590984792,17.86078065884695
-32.20733591755453,18.42884306918085
-28.01434320486137,28.05964446045638
-30.89876406912386,27.43676357203438
-27.80340843854031,22.00054080196317
-31.25843924492386,21.14025855019859
-27.0177538963548,26.46050402197216
-28.27818460204103,29.14871734408696
-30.28487857114923,26.42650034887862
-32.37467101255466,20.81172295151282
-33.3505296614353,18.87878086082329
-25.68296860223532,26.30785716077162
-31.0998418259905,29.60161827735899
-26.94262168541453,25.50797432951108
-30.1809820696984,23.09980385720379
-28.63236454084561,31.70070321141943
-30.89320640153914,28.99719091851769
-25.6510898308506,26.73982707724983
-27.82942695590058,24.4519552018883
-27.5642899820683,27.63434663643322
-28.01899958252806,30.31234384067939
-30.62099958164275,26.58510085990632
-29.71342930344998,24.28558474524337
-30.88679398190709,28.96864083072337
-32.29341695568624,27.97353878325481
-27.81979290306768,25.24344762766709
-24.35667701635583,30.05116977037162
-26.26956048340184,29.23512644539463
-32.66092657606153,26.01013909300703
-31.60474932094235,26.61288594480972
-28.34935811709881,20.89206322796867
-26.50132055480155,28.39222409013702
-32.72033758105844,18.81033572380434
-30.36551131127212,20.50651371277802
-32.83974621246583,17.91815741352032
-29.67416102695193,25.29102265593055
-33.50716190962346,21.17643496033956
-30.21364444857833,29.34353989191352
-28.21238977807068,26.11670250081837
-32.82944136708139,19.27818876025018
-27.38514649845586,27.95650988238035
-28.16407223684593,24.46262448433201
-29.09099406618353,30.71302658421683
-33.64053763157032,19.81379706441549
-30.99554879056128,18.26434158026122
-33.84785453342649,24.85784255061579
-31.57057115673006,29.13436764236109
-24.61073189402145,28.09506613890623
-34.14293808924442,19.91516487986652
-27.16754415137959,24.74713516700308
-24.98374116198283,28.8316382768228
-29.65560642723543,24.16073179775234
-28.17030484966419,24.27805763362158
-29.07477774360789,29.74028060546649
-32.41954971058476,24.35838441848544
-33.97755285156347,18.71297534607773
-30.47175367313479,23.3986783253403
-30.3751673391387,24.09684853060957
-27.99031188830753,31.03415548703494
-27.30312532393393,26.65257445941977
-31.6575071701306,23.34154613271007
-32.58301074841245,18.74202475335731
-28.44938666071288,28.17760165671186
-26.75216277018074,26.76951616613334
-30.30176256659763,27.18178966274666
-33.52464981423341,23.84376899243307
-27.88317987743114,32.36453376148959
-33.16638121419768,24.99879712778504
-32.81574653702565,25.7964975872473
-33.72687960829844,21.90698090764869
-34.2104150076926,19.27231662018413
-32.36156263535489,19.07227518350621
-28.75586276374094,16.61357289010496
-27.1263159415934,30.5516207660317
-28.15505224660518,27.55585110654544
-30.90448379082597,29.6078999009912
-26.46976104275635,28.91893090025245
-32.06916552143958,27.91022844009253
-29.3955645215827,30.0493899450984
-32.16850864537378,25.65898499865306
-31.67503443751222,28.08273809758846
-30.66037109865351,30.39334325933813
-33.48871723653609,21.0061753849011
-34.80935852789035,19.9380055329294
-30.78609913293069,28.54588011850793
-25.12358219521423,30.74624238665045
-29.62087692604216,30.6415436565763
-24.36034819256944,29.00317250996198
-32.50379730294178,20.63899915185167
-30.82072265748631,25.07598152564085
-31.26196114222188,26.09681597054742
-27.46493038254602,28.14569069361373
-32.09350604321747,25.44096642318832
-28.82422174237994,23.51086205230466
-32.50135336138457,18.59438588049682
-28.33716094297804,24.81634209980027
-29.64286893155038,29.81699372605838
-31.9579993298221,28.3508153183506
-28.27173478504031,26.76187111730232
-28.92950588585802,29.93771768686271
-26.81204688780739,23.39900582898846
-31.5705745267635,21.10815670500218
-31.92572764939811,26.65543888877945
-33.81893044118216,24.85815033944277
-29.75926406823528,24.36628600381722
-31.63984452760997,27.9876025656447
-27.32229012397942,27.12990954689053
-33.61590511156508,26.19047035240155
-28.67046345177314,32.2296186081692
-25.98538258700034,28.09765481124419
-24.97071687720851,27.25270398965819
-29.51563442156085,22.30990794406227
-31.97566523010135,27.06036656475811
-32.6303585882514,28.43456710231525
-26.94954423674059,23.2542579522967
-33.52186928226875,23.75952779287715
-27.65586715539485,23.51563971633774
-34.4664835838057,19.8278590505974
-33.62383910546636,21.81462486628221
-32.73653529849224,25.51071181779816
-32.42560876781435,24.47735262131079
-25.48595899432235,31.13753360710415
-30.70476799907432,27.16124776739503
-34.40118832094133,20.1501414345761
-30.09586784876971,24.65442428144948
-34.17226692467197,24.80907104377726
-29.77838672846443,30.50636441837962
-30.24413956507459,22.4683230105214
-31.16495427305572,29.46286570837885
-33.74068629472942,23.43642242892702
-33.58806208391285,19.21960153647006
-28.14186436790517,29.97259823934157
-32.70190753317368,27.62106151546051
-33.89923911723682,20.19996383630179
-28.76200055628492,16.61623928535715
-33.25782867417835,26.93552142231595
-28.37947093952612,23.44243020959629
-28.3701148329861,26.11308599937575
-29.57664969798947,26.66692304818631
-27.38064632843707,27.04615393895835
-29.19221416529485,27.26123382089824
-31.62211391223691,29.36576664327887
-25.99546670669686,30.73281194351422
-29.8940250479139,30.45712216309773
-29.92720015795765,30.93068588994529
-34.30712353554052,19.56757279679243
-30.45073148727099,22.32075700536815
-31.25536063532189,20.22561525988205
-28.56606648688209,26.18991790017534
-33.62108219999905,21.88274340440108
-33.49555242538065,23.00869408582771
-24.55162181933903,30.30114238735127
-28.29645460975846,32.26779563294166
-31.24474122872041,21.43477541769271
-30.02440029656917,29.83810645868667
-28.62615037294427,31.08485493887476
-29.40093375155255,30.82375797597748
-31.08350668537349,24.96084638718558
-30.46295002420122,30.65197253212837
-31.03933204431373,28.79444348461803
-27.25653053627172,30.3712054857899
-34.10603356560283,20.33829819031045
-28.50147256597016,28.58210630076076
-31.41673020466072,29.53887089203349
-31.57987489601996,26.59309784160644
-28.66536331980789,26.48512485544912
-31.94396197350353,24.05492583371952
-27.56206428376899,31.34992351102795
-32.66872077735632,25.30607702912825
-31.47583907638445,27.35910578176311
-27.94129864684517,31.82089426047114
-26.89661408740594,26.18054432264706
-25.15434230644028,31.25598101547897
-34.62895866444035,19.30349103619769
-27.16599458403143,26.36165191471341
-27.5420518840228,29.23134525647819
-27.95308284821472,30.9804167356831
-26.59223587097362,30.64294643448241
-27.40110904640451,28.80196079423163
-32.0268072650793,23.51329630417318
-31.96308754373432,26.20919359839675
-32.44778063917776,27.99754693434278
-31.61055956547375,28.38095445410667
-34.48325006411198,19.76270566399337
-33.40076580715933,19.92407909615119
-26.43125008725648,27.20768099305414
-27.24756104660876,28.83540782659422
-25.99211958646004,29.12346184171401
-31.79726577540538,23.02113823609908
-31.27540007638934,17.93985231930111
-27.37314786799707,26.2949278634
-29.49761157484824,30.04443634024912
-34.18676492090633,18.36468834414062
-31.86085953127589,25.46160003743216
-30.12768021905755,25.75528817750634
-26.39669032282799,27.36535908261483
-30.50751551499417,24.17279575636102
-34.27168814419385,20.23552965874565
-24.46652612064156,29.54479893377685
-25.54342294659594,28.95260427929272
-28.58798600610345,26.54260811752243
-33.34994376649942,24.20662024992929
-29.76574300771572,21.87802249850438
-33.18198278375461,20.71088065013318
-34.03760900475152,24.90207432353473
-33.47589203766681,23.09913993184099
-33.8445819298021,23.89023852651892
-30.25415712340595,30.11514812437752
-31.45310832991288,25.32682271815326
-27.1632999072826,20.69330795094094
-31.48417087238651,27.81678280678826
-28.02244438799067,31.05006240268212
-33.32989820993799,19.90096556868966
-34.42402010329533,20.85685069789525
-29.94326728789456,25.69146269206719
-29.74768143834466,29.89471559350642
-27.52616003295942,26.75322166465783
-29.99584675744008,23.01045266709375
-25.26038173976933,26.74414653274149
-28.57634623998235,20.29785807324345
-27.84231413247174,24.44814446091645
-31.7685104059519,23.40320948905071
-28.65787297621118,26.68182417882236
-31.8645786266276,24.56228307804977
-29.53725460653386,22.34863065648007
-33.60823459256795,26.03129330622594
-23.0567051456708,28.55240680268851
-33.33960924647793,24.30681290997096
-33.94627257283799,19.10996534200139
-33.80402214101132,19.40875650172739
-23.60477181468566,28.29947616133071
-28.66403923809368,25.7289988619185
-31.50959869865026,18.88967777101964
-30.6736196687443,25.27393939110672
-32.89800728693557,19.29492741148397
-34.06104584148063,20.87935898612074
-28.86099269599659,26.85516095703817
-34.45429275055308,20.59717141758791
-29.01623240197273,24.74453801787427
-26.89535361170659,24.17867403883349
-29.08612251952838,17.85595163204222
-23.57286602825789,30.68444158541372
-29.69461149660286,20.87326211613705
-28.88237956827557,31.8284441789894
-28.33288786557728,30.05356910726215
-31.67360992840639,28.12051709090415
-27.88720846607439,24.95861999207856
-30.51574754191929,25.97175932428675
-33.87710496003098,20.16860637965192
-29.00887783057933,29.57361437013201
-32.40183715592902,26.89548432086121
-31.33414683079229,19.10621047536219
-30.91726305703529,24.77312492099892
-26.64782669407125,27.92402820913258
-27.48739742204647,24.72889884044279
-29.5503041747475,31.08115254533585
-28.69653451585909,25.88175060063613
-29.27991109982642,17.37249341891375
-33.27522094429314,18.78476084011821
-31.66112610189363,23.09240366967794
-26.96448658021861,26.28590564221678
-26.12949696149277,25.35004520573327
-23.78785626825189,31.31905845925311
-29.35446742475666,22.19573219687075
-30.80635416267763,29.56668112468155
-32.7314621363782,26.70420009754647
-34.04912787665945,22.36901563763226
-32.99455178248886,27.50167647662608
-28.37552779350281,21.73978254430136
-23.83072859057038,30.04413320895521
-28.44760773233518,29.52840651439658
-32.61644384042214,22.55878850500653
-30.34693196852584,20.5133566507087
-33.54081577638182,21.79983786746244
-33.25431512417401,19.25337804606108
-33.93131607686241,23.44877049642773
-26.02134543773163,25.36627869714129
-25.46018325608581,26.29812238893066
-29.68098920869977,21.90515831077963
-26.41509448326631,25.1316593576091
-29.37619236043273,31.34522060465246
-22.90864550066065,29.21856813766736
-27.58469040562898,31.69545818308014
-33.70497818182201,20.01859721709267
-33.86023235343767,18.64149807828563
-33.95372911525983,19.8314232665977
-26.9693017383575,20.80372075259018
-26.90709127448455,26.02825969557305
-30.98455522128322,23.18524753052046
-25.94514478020027,28.2273579646684
-25.70827543773508,31.51709708257484
-25.94757272196115,29.95232646359433
-25.87452513974043,28.9964718685056
-33.95777815614122,24.94939560438706
-26.78702540368292,20.62157558245213
-29.51025797504549,17.85231735070182
-30.62839867487859,28.4825246252295
-32.84297281535559,27.84857937779625
-25.17922141002416,26.05649044093183
-29.33611448472158,30.62060799759934
-32.89456301607501,26.63229238417232
-28.37698262832818,26.45213283963253
-25.08059729502048,31.24886420428433
-27.29100200373307,30.58212204697224
-34.01805647528755,18.62184505942511
-25.82906276635353,24.66515118247951
-34.54616110795848,19.69585132936114
-27.1750668747227,26.08281328322149
-30.44868297303703,20.47934382596272
-32.44970164536069,25.78686475656806
-29.19520648408448,27.27246799128505
-29.9596290834621,24.57474015225857
-29.97739851932251,22.63381834651173
-31.24808931992491,28.24985006986283
-27.28241302591968,28.63292872221622
-29.04662750927411,26.46289951488054
-33.70259906606826,23.04369991795363
-27.38962779148836,27.80460548619059
-26.78176852042156,24.23689817320076
-27.57887171258179,32.47311685328804
-27.54373150269544,25.69700274168606
-28.02887656428597,28.60680223540408
-33.47160311749094,25.52576288856775
-28.35819137193842,24.59817547410527
-29.74595899228829,29.83208089835399
-26.87950888971167,23.24540636209173
-26.6368154063783,29.482586696745
-31.28464327460512,27.82864574754746
-31.40272634566059,24.15416338362025
-31.1549215142866,19.23481119018655
-29.21978364187031,26.7906395764486
-29.19178904390728,30.54327807088697
-32.46738433810723,21.77938225984603
-32.89449458080065,21.62986278445265
-28.6907934577431,20.45345674441194
-34.39373734955045,20.29871598239897
-27.35500839142866,31.80122833617873
-27.06872928969507,21.393448858458
-32.79983892390968,18.29130188325297
-34.58141714020028,20.1556105973075
-29.58783934154035,17.98679605504705
-33.93904511350626,23.15316338754086
-27.61522596341345,32.04170940493356
-27.03018142339539,23.95010743764719
-28.41962228809851,28.80505540455212
-29.94416177214459,24.50065942281058
-28.90592066377809,22.50318143133694
-30.00567952174838,25.73475261021254
-34.20963339740759,19.07471221796877
-25.77836704242387,25.41110666306459
-29.28379578752473,22.38017051976062
-31.71185175432505,25.28994460236928
-31.37452394200613,20.08104420172479
-22.91110574708646,30.73517684420121
-30.85892020992193,30.1782804174934
-31.38485019850031,20.40157316793578
-32.53076721460443,21.82877319695503
-25.47071728195874,31.67415543451597
-24.91922715441737,29.20383821748432
-25.84427523685706,26.17197411679229
-34.06628554239119,19.37225660502206
-29.17264701811636,31.2026892382316
-25.81329212122233,25.47403350424876
-27.84433540350899,26.0423718046126
-28.10558935229049,30.30503749457714
-26.87834924100845,28.33269430900862
-29.51332422459216,23.95808807250025
-28.91238312675584,19.78635960730545
-25.63798119148235,27.09014717579398
-27.45110547395601,27.51289961305181
-33.52663555820743,26.88480327524284
-31.94858423124411,26.18255986549704
-29.00531492655826,30.47541851460637
-25.80345614887512,25.24906658879375
-28.88167214133789,24.8849460303209
-25.84746209907282,28.98181445374217
-33.24282168778279,25.77230626026803
-28.70293163228694,27.93998723952989
-28.7099900712391,28.93425790698379
-31.85417728164161,23.27890226750062
-33.93163454040322,21.2047864901576
-34.64361552736438,19.56859086171202
-27.8647445519755,27.35132254605488
-30.25068989665804,30.01086971733908
-31.37851625053282,18.64003981995914
-28.45966707718425,28.81863095728317
-26.47106599998548,27.69256550154693
-32.81310306882109,27.02604391782657
-27.68873162407473,30.7277417048223
-28.36078568549236,31.39043165721649
-29.03867169162348,30.88889605776929
-27.63910713356416,30.87092071313844
-28.69191552968613,26.51592691877559
-26.21679571313323,23.97295974750629
-33.16670303360846,27.57011173613679
-33.89376386802999,25.07925405500601
-30.08971013193111,25.77139675160355
-28.59916791494498,30.4585528171438
-30.31856791042929,25.29075470286436
-32.51842360256683,24.96435659148166
-28.6109868691556,21.75742561345627
-31.53614806347859,18.72179212711413
-32.60601003716381,26.66785075467407
-27.00865216077092,23.28861670816901
-32.01458437977888,27.59470080002265
-29.34678266261911,18.71557886973681
-31.45745001597324,23.83467576946977
-27.3325279402559,22.88893712899979
-31.7290660900725,18.5916735884602
-30.6870322829169,25.81872832572959
-27.20136456044983,32.54850401779447
-30.37665782373315,29.0438421325029
-30.8396286854987,29.76180752208841
-28.55232683249395,29.62754974230469
-31.28657155569588,28.27679574860587
-26.2291207486604,30.47335106977562
-25.2174372076362,30.32224680688892
-23.8415422106496,31.55676720577121
-30.94246285423381,25.76410206461835
-34.75570042799527,19.61158251802056
-28.45768165314833,21.67792327552908
-31.60527647361813,23.08723798328464
-32.5426154481182,19.32579218845612
-27.71577493491926,25.57968944933233
-31.99372022948622,29.13803696245106
-33.40151392052695,18.27724071718085
-30.16645781598373,26.79336781964868
-28.15797488120887,26.39934414816915
-32.32982181329514,27.10525146710971
-31.29808632355056,20.98934856535399
-31.89713673042339,24.07066348904088
-28.69128353328056,20.45440784521059
-28.25681104930437,21.65582388531226
-30.79774856621676,27.20074655986935
-25.12679276583223,31.54986572127288
-29.01290839666992,19.67071999066797
-29.31716109247574,30.54045289801002
-30.39576436756867,29.91493608039492
-24.38797553248047,31.6457472280131
-32.75262410865158,25.8058328117406
-24.93879374542198,28.05686577090067
-32.47815471881827,18.54808257836669
-27.37292123773597,29.44909030358306
-32.64708469083315,22.56242479661095
-29.4817095009749,21.04478340605916
-26.68581892587018,27.5080948073736
-28.33631996427217,24.61772950671944
-28.45809181032109,30.83356861220684
-28.57993358920069,31.32950515204714
-25.97115278068642,30.60857383690382
-33.52901409412318,18.96551128590164
-29.16325131100094,19.07119421999786
-23.9791894414857,29.10118440714929
-26.38220328643553,26.49936782702193
-32.65099897284242,26.00207629296419
-31.57680897354964,25.50677397619468
-26.86409436791384,24.03941458116071
-28.41140430406892,27.40282766141305
-31.9057225190606,23.05335414631254
-33.41954888010707,25.71665752851856
-25.36907553229359,26.33129823286962
-30.77225881301718,28.52299748840812
-26.60757956464895,30.48417989237938
-30.53854875196399,21.73711226851989
-28.57503289670698,25.31638715855795
-27.06990454256765,23.83331157228551
-31.55174065918016,24.66058919558422
-32.07427060783608,28.32611932021952
-25.45908372355311,31.53651599974013
-33.51190460178495,21.09371942016817
-32.28213158001483,24.56668675418663
-34.02995773131645,22.93910162849616
-28.91299327950805,30.55643181340975
-32.2793367711175,18.88928409281059
-29.69075546365618,31.04414507935619
-30.27383898873785,27.14224295516724
-24.27435808862196,27.35151451475937
-32.27616621108854,22.37586823369807
-31.53225084859259,27.83702556399358
-24.79855668214298,30.87311013184717
-26.09967515389776,28.96236509933407
-29.33698119972331,18.73575207264791
-28.12515750822554,16.89090998191919
-33.60599032889222,26.83271138557134
-28.04472459407343,24.83440642945689
-26.43928292615382,28.87065565023177
-29.25496004067894,26.66635030243445
-33.76077341810046,22.85617681848568
-33.93657265402553,22.55250267617715
-31.27334943649544,17.91000181430993
-33.54600770201476,26.39446412550763
-28.79245494051541,27.09019035941458
-33.05940807767927,23.50880564670508
-29.5197327146511,30.90419141989734
-31.66770161031532,29.03044916823523
-29.73751703817961,24.32860447936705
-32.04976014201826,24.27586791818204
-30.733217375237,26.81174189386294
-25.89115197737808,29.84799616196759
-27.66629355820516,24.81415942211188
-28.53299882619465,28.65104069648461
-33.96019512599091,22.53067048768334
-24.65263069142217,28.12524532037376
-33.72868753344338,23.26264946591566
-29.96970939075449,23.66944063375376
-31.16921234346565,18.40228221568451
-27.04235639855911,27.29552602933197
-33.71640589620682,20.06877351854759
-32.50362966183357,24.81178373769545
-31.26939785138945,22.29505163776104
-31.39485246654134,27.04563338033583
-29.73669927236435,29.94943582064565
-31.34286145632677,25.76843644872337
-30.97169730722695,24.3215060599322
-33.97207515098884,23.83093084518331
-27.01838372312104,26.07385269429946
-33.93471612566525,23.5012026067941
-28.75514234798131,31.90086358919207
-28.99846911288835,25.11827310575151
-27.70839201385365,32.45690425344537
-27.47142313994551,24.2027694407365
-29.82012178501365,30.71729378465639
-32.82026334504432,27.37322729457748
-27.24113894613662,32.12522673206915
-25.93164648024243,31.7618692154186
-33.10953246052329,18.8160162174388
-33.19521735912272,20.6514544149676
-34.32633627009196,19.36555126413996
-34.29967206391319,21.39222955294317
-25.71832275743556,27.4571954664309
-28.32782560375588,23.49769557499459
-34.60053706524315,19.78870573204768
-33.34774942355244,19.01376198479044
-32.67513713580558,26.03538457407753
-27.29964602807085,26.91452382008779
-26.74759963896348,25.3629855608215
-31.91140258174876,25.40116886573036
-33.48589641199198,23.02463679787399
-27.4767006832504,32.59470032577342
-30.54040334728275,25.7420871757748
-28.63696124880258,29.31102713042861
-25.35560714766397,31.76408733106036
-30.73072828986103,28.53667690905736
-24.63897525471952,27.12362712866432
-33.29816647358858,18.61273411096078
-32.93552469878265,19.45145720577712
-27.41800072005204,28.40065128273343
-33.88606944307833,19.10768222829553
-28.70469207833512,30.16953106489147
-29.020251504338,16.80777787858735
-28.70061808916946,31.63143473708425
-30.85181512376538,21.84933698109914
-31.45052870712662,22.33066334162054
-34.28471854504465,19.28969594629819
-32.46335524243946,24.73615078002141
-24.78189116099021,30.27444850622656
-33.2309180888066,20.57987848012928
-25.34038505437786,29.70094018531486
-30.26813857847865,26.76756511913992
-34.3207896260265,20.58604583574421
-32.94917937176557,18.0986848984771
-27.22542080352721,23.46693882209516
-30.52999044791596,25.49501417405997
-30.16388494341547,26.82631361858733
-33.9291256758945,23.43977302177358
-24.43683627932623,29.32597790944964
-29.13285081421546,26.16884636971649
-33.57630688976804,26.36651648730368
-24.04315354829705,29.7928844721204
-30.31645507902781,29.45480749584882
-33.15278880042118,18.40629866462949
-25.77830419132754,27.54285555979044
-26.13452343447219,29.58631073419053
-30.71638218965755,24.00758671315323
-34.19885163004319,21.68302904517827
-33.96234724724137,22.38385978172428
-31.52150500014053,23.22048623837224
-32.52564299105427,24.48191516227101
-33.99113012608213,24.53054878432107
-29.42058866728533,29.91503457270313
-27.2240768698157,29.88619598566786
-31.99304412269571,25.11836765998943
-27.29528534479341,29.89805631268187
-27.24080690403135,25.3608981292264
-29.45554117363688,31.28038234265724
-25.06078598717033,28.53069260882451
-33.45340359464613,19.21278684604149
-33.41999057061528,25.22245809397311
-24.62205597493319,28.9142134199141
-27.88792688122259,24.95124971777728
-27.51649788715865,31.66387133177104
-26.87019263975347,32.82764001124728
-27.11632747200955,22.66719282842254
-30.45562488395897,26.07424515389851
-28.54819253812022,24.77457392896105
-33.61722117265117,26.01946171548432
-29.44937155053247,24.98691649481283
-32.65044352199548,25.2667098743309
-27.83968261031101,25.9354769250757
-33.88243342782868,23.00088045602209
-32.80206984013527,18.3122158400398
-31.32444048593366,22.31557110510581
-26.37140387102367,28.53612741681454
-27.81056394333489,20.81363112823708
-29.72570649899343,22.2280906500688
-28.06854385460389,32.14188728950519
-27.64191953482512,29.666348178481
-26.88780355195119,27.29698605986682
-28.70481085483304,21.85802968812688
-33.98626331158289,24.06802416107878
-34.295242979669,19.95928359703167
-28.43895964811583,28.88321888236155
-28.541923012273,27.47946856545921
-28.2571829014611,26.03190770858523
-29.28225631855592,30.06480550034909
-31.88729938813452,24.69460513995442
-31.49381722352261,19.41586111158573
-33.35981162860773,18.44414290816669
-33.99899388121222,18.96324255607252
-25.56410415031444,25.66234396656425
-34.0035480352408,18.69072740845797
-33.49869702216668,23.50648691372233
-31.13458974538385,28.29033215678001
-33.43051481877912,18.98000925244508
-30.61970882367285,25.935850917965
-30.18366518918351,17.26095180470239
-33.14622671175423,18.41274661432687
-26.47377273224887,24.94572030003136
-25.43886074489587,28.29821719393525
-32.31841434621471,28.14161173902881
-30.67327950560166,18.0567509653878
-26.88302389516072,24.61608388332331
-30.90572292306148,29.90616768659959
-33.22400347088712,24.54581868948122
-30.08262482917804,29.96567792907135
-32.10331943116524,18.39879053240337
-30.80801542802819,27.22719558928122
-30.85654377635244,24.20813973828213
-33.08970783381261,19.34242859857553
-31.45479324042159,28.5590936254655
-31.03280349323458,18.26729964847042
-27.90860639418583,28.96032063019451
-32.78046991605157,22.57923738527819
-25.10134569943892,31.44156941104512
-33.50202232356901,21.39334123788123
-31.20579318029764,22.24361944516331
-25.35506091915633,29.76592213072843
-29.91798773783657,24.71096579994875
-34.05084242635706,23.33666319528224
-33.00017418694912,27.26791815621718
-30.3777396280393,26.88631302124366
-25.1632715225058,28.44135382225
-28.00058483100501,21.17715286867983
-27.82308809606333,32.38044198260563
-28.12327052269568,29.97642585496498
-28.40263821379679,30.14619264848464
-30.33049487683503,23.59790788901285
-32.14609769226054,19.03380629759162
-29.66255794438001,21.92824982415967
-33.48580838700849,19.19720101971687
-26.92000194426907,30.59936245466179
-34.25510567817815,21.75985198185599
-30.8609395075825,26.29675875622564
-22.47724878634543,31.22089240954903
-33.97759286346395,20.14417971447132
-29.4942821361108,23.19315550641273
-34.1267257981884,21.83770310544788
-25.47722677353734,31.96751563212249
-33.13745406128842,21.94961803049495
-30.68529453279182,29.51851072494541
-29.97366538725468,24.73324918820596
-33.95070029012917,18.5603449136576
-34.01511847458387,18.97191631406062
-31.14007243214962,24.52085894384228
-31.37136460365713,19.0521739996095
-30.83536252905257,28.54309680889666
-33.93445741260631,19.08349382248005
-32.54404986436265,18.36187689006146
-28.91338385392775,24.67041562675524
-30.49966120761771,30.43564154227685
-32.04670666717272,25.89075346981629
-28.34183850867014,31.41493969608648
-30.86321628273783,26.09065820545785
-31.172563299475,24.31423649324782
-25.16336526659603,26.14875157215581
-28.71827165400126,21.07543069839513
-26.08900258237989,30.97204396459048
-28.3572735528454,25.16960527122857
-22.72853058131384,30.70471166824058
-28.39671367879803,24.81036893361182
-29.16001088625682,25.76888281198204
-27.38697288018628,29.66337341277611
-24.12127207366393,28.02051198743921
-27.64976430073356,31.19689741746953
-32.52734779973102,26.79653987886274
-30.14876191768192,25.48905438599927
-24.56672038779006,30.60184532102113
-29.45855261140458,25.09323254323271
-31.07316590184104,26.858094660753
-33.46863939662205,21.32860497994363
-27.802256012225,21.79213277033844
-30.26366132563106,29.55238244525439
-33.80213573843444,24.93986089658895
-27.18238502334623,23.39280984917255
-33.9184827968658,22.67081667772939
-31.84693903601653,23.04908330828594
-26.93713451523765,30.87916727336123
-27.09642751712983,24.75046626965739
-29.44806441106935,30.12275224274673
-27.70945169712857,30.25611695406306
-26.99340011435523,27.97066544532699
-28.2322181864333,25.93544164610494
-31.43361094370456,22.43189499923833
-30.42602066781847,27.36987620855303
-33.28225449347556,26.69781901483544
-33.28508179978,25.710684057133
-33.01957165208771,27.86921821794787
-31.70680715659259,18.22626299852553
-25.86145747421724,27.61375353536999
-26.99999328675592,25.62132261015347
-30.72808058788371,18.08191974143447
-26.8461482343946,28.70465595292372
-29.81978108659293,17.12460892657884
-25.30592377220389,26.57748470920043
-32.52981530812939,22.56124231646246
-27.57624065655676,21.66938002641239
-33.33298972928884,19.03132495716494
-28.59123370708267,21.18414120590461
-28.96744232168415,26.33705443608433
-28.7461736323892,29.79409648248471
-28.49277911322879,24.58836808398262
-26.94021468445716,22.09771143469055
-29.45153211946153,26.73953670653298
-30.60556755317577,18.01785120028515
-29.29552267021142,31.24946012133043
-33.27537957969031,22.38046092794038
-34.21178438754168,19.32315541244808
-33.10909709137196,21.39126224170027
-27.30068204893841,27.08212115077644
-28.43970899268083,29.89352026570814
-31.53483100825124,28.93396558128946
-31.08647408104763,29.4898145318619
-31.0672771221989,24.96466256485538
-32.71172001383177,25.60264852614209
-31.30160357036371,23.11226246109634
-30.70719134975894,26.92216430434247
-24.04801961981238,31.0075601936134
-27.36166882397322,23.27392846143201
-25.6479384729707,30.91539156571076
-24.99481389582833,25.98215693765849
-34.32968913754161,21.38727018585003
-33.08095300555232,26.61789471649432
-34.77097787787945,20.03055879096627
-28.86238423342838,30.51606583061524
-33.18744432376084,22.00726049248664
-27.64884189487503,28.32903896283847
-29.08111668735312,31.34629423509039
-33.54812243440189,18.96803884886386
-26.18093937880264,30.93722350252428
-32.44286314566326,23.3913565532794
-29.11858224718913,22.04453616523864
-31.9929524886101,18.768492322153
-31.69244211054603,27.28451146443994
-30.41254330439475,23.32159122185482
-26.71108110984799,27.3656547704585
-33.79500789947129,25.61407502087627
-25.96733712367153,29.18859405461445
-33.72517793349106,19.16760345339408
-33.94449063828134,19.1222278583096
-33.24214465136625,23.66862066136596
-25.81635429084679,27.89446543483194
-23.17145884077205,28.02368470835862
-25.16965392783856,28.16115256870838
-29.46947202714596,22.22714484850097
-29.7907946467706,17.43222111459018
-28.93744993459391,31.53725560170015
-29.96173164705795,17.16298463368149
-33.32503723489215,23.45641825108583
-32.80992918687741,18.74541273269936
-28.84100718327586,22.00853942247229
-33.28949175960804,23.97429705941987
-28.30244185474798,31.24653111385944
-25.49486825970649,27.99647083403782
-32.68703068568686,27.59087103828309
-26.37388936605405,30.77387466954314
-27.60381984518683,29.32679810010827
-30.88447201787977,29.27892546103017
-23.37120718311447,28.02765669407851
-27.31480468782551,26.21371089732562
-29.68212182411629,31.11235126966505
-30.47734589041895,29.27821049860809
-32.69692165441845,26.89010684039757
-29.54441599834854,31.14808525891144
-31.74046551545364,26.95351174191947
-34.3953563104211,20.29539158106343
-34.50258641671355,20.08393619353279
-32.23582384402206,27.12498391168512
-33.48902667804903,21.35811833214388
-27.65308819973155,30.16399424368201
-25.2902879575526,30.7183808238193
-29.99003591589952,17.17076690488935
-34.03913640739641,23.24281243542288
-34.15907060058513,19.44489050818259
-33.23128777686632,20.58252209580774
-27.66171475466527,29.96625675235471
-33.11694792080959,27.72614461388386
-31.24282003158816,22.27938113145965
-28.65587168155152,26.07630249078943
-23.97072043124324,28.42897487856647
-32.87850300994994,18.62680775385999
-25.16760642332131,29.36208758073066
-30.14994892260288,26.85322029212288
-29.55375228965505,26.19242902853917
-25.32094251473008,29.02857405092604
-29.86517983580958,22.93251802246862
-32.03974400597961,25.90451388263732
-34.39501117604446,20.72711948545163
-29.64573561433112,22.05153729342033
-31.47753821514806,27.35573939304607
-26.56488192835431,30.19274199254147
-34.64887130829907,20.05064014745244
-32.87234018105662,27.99674015012754
-31.2646699992044,24.94405617924601
-27.27975556850747,27.82108608946185
-24.74164409441474,30.355115125524
-32.36767523504288,26.99866392032844
-31.75578844598921,23.47112031197424
-28.39867770939594,25.53014143231253
-28.19858376793762,24.41364725184768
-32.81300104171081,27.18611673408126
-31.32810059705439,20.9475837523267
-27.35261147367072,30.09239654820351
-25.36446710171224,25.98688081469154
-30.01359028150792,20.65213889095678
-28.84606045675,20.19988039771905
-27.91022023757531,22.87695695472263
-26.93725678375923,27.73181126698876
-26.88712822742966,29.88522444653234
-27.56552598259353,26.06540195079016
-30.13290812486263,25.75271549205577
-33.84641945789691,19.82812149465051
-33.50213353266893,20.57057181955697
-26.78836600833355,30.70620488330444
-27.68996438488291,32.06083687892169
-33.55893327476812,25.27684804420313
-27.72866457428968,30.78098477831011
-34.16337792979785,20.06624772477187
-30.67394308977819,29.50775773515765
-32.9297699522172,23.60543102061255
-26.21119650989406,25.1972423324692
-31.03741958443878,20.29718472537519
-27.9780180598476,24.76710791571169
-27.21541938058382,25.13287909975693
-29.47603665160611,26.69580464613065
-32.21568408884967,22.55868447049205
-26.33611876135228,27.83464695724942
-33.84166723458874,23.93637117340208
-27.42132802728415,28.16119693660402
-26.90964205031137,26.05815219081263
-34.30561315311571,18.4625861413185
-32.92072118482066,18.96057581757544
-29.6488220945045,17.92825854011238
-31.38097503640967,20.71365452522399
-27.59807362525477,27.62090222694279
-32.89819639300411,24.690263300846
-28.45954354635098,29.05635535031949
-33.77060640788817,22.9617280160906
-33.6516708210124,25.87038677374975
-26.13525496934182,27.04338141281714
-30.64474308128865,24.03664622546567
-29.24345783108006,26.93734355866894
-33.4193912575432,19.23777323842699
-24.41668776738853,27.51940857872017
-24.87275213597746,29.11058689581466
-26.83091661712312,26.75355994490462
-26.96974590520956,20.73900136916679
-24.93613930970414,26.14206568900399
-30.38601380665088,20.49976192689655
-29.23693202183721,24.63733761396823
-27.88318166403641,21.27111010244706
-32.7603559769107,26.63264101403335
-33.33395154959008,24.12029950670314
-28.29081212328935,24.5403556595395
-26.6323818581836,29.12452319030344
-32.05789577130017,25.13507789926776
-27.2791807087309,23.27338718221796
-25.4740410699694,28.63917240613737
-32.16775383519357,22.87106708287823
-28.86132314170928,20.05793849556499
-27.92977945444601,25.75451007227215
-29.40850529278665,30.44111431180299
-33.62575202514272,26.75880717884224
-28.96286998948541,30.85697442982721
-25.69562713857011,30.5461665968805
-24.75167965127676,29.77916737547104
-28.24721629283804,25.98599459250728
-26.21204980841547,30.97779142258274
-33.80418569816893,18.9800418999666
-32.40701416892927,27.23861727532478
-31.49532133980755,19.5983524031878
-31.37320059832445,22.88087457488627
-32.52812740766681,18.87320427287349
-31.27580380117598,28.11857988439963
-29.38659941296897,30.96387134304975
-32.27311849920855,27.97176136216662
-32.11909907638321,22.99763739722032
-27.07908675274411,27.41046132069198
-25.92948218878363,26.84325415760399
-27.81074545319083,27.54178173176719
-30.41320899904317,20.49098471073276
-30.29841894387212,26.73508541698071
-28.14123695783869,30.33887013748157
-27.57838322310032,28.37955388773556
-29.65205030220023,30.80105086615037
-34.34334048770639,20.43498688628151
-28.55611254459781,28.4485026909062
-28.34006239272831,29.2803028953456
-27.00677343746753,23.66505644603672
-33.80326787643065,23.65556522898812
-31.17397356146159,28.56852311311371
-29.15292005819296,22.62406461234185
-26.99449973395408,26.50340785646934
-28.26612942183673,23.07750446543272
-26.61409476195732,29.3620798725437
-27.42914581926443,27.37232457437396
-33.79937087210057,20.17942312837317
-27.80296031349804,27.7959715678764
-31.93491242707793,26.15610700010084
-27.72887411081685,22.02859295897598
-25.18527842002432,27.19423076585926
-32.17010433340804,23.41867490477601
-25.79048637678802,25.77429481807405
-27.66939798181663,32.3231744287707
-31.96931884475606,25.69310694582022
-25.47347370858954,26.75321294237986
-31.31818436159269,29.52218936719937
-25.08826348900722,29.86414249367163
-28.89478179956303,16.72664035471686
-34.20544866403097,19.7905623454501
-31.3215332074942,18.20046531887201
-31.83983458242252,25.36132378995781
-32.93066873716884,27.42346800142229
-30.51677092116124,29.31252843624397
-33.55610858954577,18.61658960385437
-31.6275394880079,24.06083876840338
-32.45403911363741,23.43379955360444
-31.90770757092656,26.8446448294179
-27.518480014021,27.31054843426267
-31.92240185009012,27.83782224186396
-29.01085480390924,24.73012600160128
-32.42505298554688,22.44286522274206
-31.4754354743539,29.51829211867838
-28.5152915018184,26.60343098879494
-27.06337605582269,28.64067910089494
-27.08254993158197,22.97353739122106
-31.43562913010362,27.44527329062195
-31.86387766933836,25.74280725829132
-29.29830908520248,23.7061153876703
-25.49141349864613,27.42540033085073
-26.37539001020661,30.09800561478207
-34.32799478907666,20.37587353517564
-26.62961091001723,27.70795215190577
-34.36408239376274,21.45559369273012
-29.80465520607353,30.96762574189437
-31.10537646050692,22.18298927180955
-29.19819549122493,27.28369964928249
-27.06164515255632,21.12432241247502
-26.89016448312952,24.22075984915304
-33.84399890195585,24.91689388509069
-25.16954740589919,30.63767595290482
-27.28706262788083,28.00810779459282
-31.75162163128838,23.04087804984545
-23.94847120911421,29.71866641511795
-28.33084199561896,25.53095404356294
-30.01508147415721,24.64809989014438
-25.61332831022848,27.72420575628558
-23.34461878011144,28.49164247604186
-26.05900383317361,29.6754558093519
-26.39819850257158,29.06065930385111
-30.8448647153854,27.30464281657687
-33.27383036814339,22.18183705506499
-34.07640925051167,19.64331197115519
-30.58655671103346,24.05148539593283
-33.27502803868513,22.49264178097502
-31.34698862241852,25.91122011649502
-34.01574993716078,18.96818072182006
-33.40320349383499,18.84476740837927
-25.61000322300675,29.99436822375804
-32.70725489716831,25.44345515829127
-30.71793671057452,22.1931289687126
-33.29447783594098,24.39300782030726
-26.43095498390991,24.98255699812859
-25.73568856498371,26.00113590972727
-29.09829389025987,25.41845993008392
-33.52136993262475,26.52476683739333
-31.12103315234772,26.80436882381661
-31.04571521530645,21.87689972015925
-28.84970757635535,30.0924784295718
-32.97807747928641,27.2828239687202
-30.31903010075757,29.57696798104463
-30.74585259879114,25.62072596835731
-31.8195516955004,18.24161996600631
-27.76960509968987,22.0331721988447
-28.35086595765037,30.18402274755491
-34.39397150843236,21.39186857379763
-28.6367715887311,29.72315604000726
-32.77638603473429,19.07654878322001
-31.6456182055499,28.35948320081916
-33.2396520162858,20.88057865416005
-28.81368526992167,27.9261222768003
-28.68440048419373,30.90911832132251
-25.87863724060945,30.20969424647493
-31.01052579211536,25.74594697657048
-32.23634933874368,18.4538428868732
-30.20280267453131,17.27955208275863
-34.02332412246449,20.59792499471938
-34.36519296301065,19.12382148817543
-27.66604725892374,28.99071126503203
-33.01042608215847,24.36433721105985
-31.1825133410489,24.61728242269757
-26.42145445502327,28.13438095076069
-31.52272205233257,24.01328854198818
-33.48772672928729,27.09850703378403
-29.90922996268846,22.97510506559736
-26.23881468677838,29.52667671422958
-27.176490438348,27.22183697423002
-27.815053323995,21.27509330319642
-32.71121961820896,26.25906981941237
-26.47297535571948,28.62923522224114
-29.15198619727161,25.70569098492099
-31.07586202077178,26.22302652847503
-27.39209135271294,25.83940936306265
-31.37265292519136,20.932501397526
-26.24306980596126,30.50657282435558
-28.79684095473216,26.72839352147458
-33.53722867898547,19.86639800108334
-26.72582169388596,25.7138793159933
-28.89960231890163,22.58516814440149
-32.86330973079193,18.74217538597181
-29.68997881101118,21.89220312207912
-32.4975067616378,22.32080111855643
-32.73669859860581,26.34629291773861
-29.01235493705043,23.93153009871032
-34.05615204892791,21.23741466527927
-33.09801224748341,22.53133199495029
-33.16188679175175,27.24670184412063
-22.91608916981167,31.23531794973826
-23.78303802283,28.43190957976156
-29.43431232709217,25.04857273034696
-28.70985955857145,24.17501184593476
-26.98081199049499,24.73546786812808
-33.61044754268369,19.11033954228029
-30.34162461856454,17.88840664883912
-27.19242065815418,24.05301502696306
-34.3741237833944,18.82942930442775
-32.98409047085383,26.14647377067091
-28.70454394890888,24.11255498706146
-30.03084841882114,30.78919702986724
-28.01715729920437,25.98922752073356
-32.20479635961449,28.23887801366074
-26.7226821063676,27.83113077311831
-32.1721201031272,19.96777931764766
-25.73976245880157,25.98549988002777
-33.1277961210534,18.71857863555632
-26.85279936717936,23.99929455552711
-30.19391049725066,30.04794672380346
-28.65374800353577,29.05136400087859
-29.18183005423948,27.22452670700631
-27.12331849537762,25.17757314580515
-33.63227752800153,19.22772396611301
-24.10517393154262,31.65382534078146
-30.91355398495117,29.2810409849524
-33.98198276782107,23.63500745491408
-33.42505073169052,26.34344827403188
-33.75970642840604,24.70127796987568
-29.13121163538193,24.68328124505383
-29.64151720976184,24.85068889679046
-29.53203058327709,17.41055665617644
-32.0756145078532,23.82128963108842
-31.0274497480528,28.69372108368632
-33.73603887537498,23.41093402296406
-25.99662283997891,30.47925952331805
-34.17255683376909,19.10806694891676
-33.42622786383112,19.2683325400905
-28.80630583995929,31.52929099591738
-30.5513199066731,30.53483064913312
-26.97740079918476,26.54795116894785
-32.84118883434619,22.57073513538946
-30.97734586634831,28.44174587989145
-31.97202194297812,27.44629289758874
-29.95300835277869,30.99086044469674
-27.64827449829828,29.98816994309517
-34.4369878259203,20.11857728836219
-31.53701245997511,24.02147038333534
-27.70944286118459,30.99469146082857
-32.00245648061249,24.41734807857342
-32.84994217012198,25.79506546740324
-31.35810242941607,29.57211797268306
-26.90724714778759,32.78246456797116
-29.76871707337162,30.88434246540682
-29.38428908762932,27.08867838866548
-29.89327582941395,25.64097061631861
-33.27550791806888,22.38297073255405
-28.91916011845812,24.3077063259425
-26.60307419018332,22.87111008407374
-26.27252191572224,27.11638508654512
-31.48911808602709,24.3869197171215
-28.82185205864519,20.3999367247717
-26.66931950060972,25.22099474296426
-24.94833142975607,27.32249930855333
-30.92704717480047,25.76523017758781
-28.04204205793276,23.60019574381281
-28.19850733972731,31.94235707759421
-29.1335592408468,25.55522470134925
-33.85193853679885,23.9808650434713
-29.88290017294705,17.87882486715759
-26.43398061339951,27.66848814293488
-29.44288596050885,30.78792817980256
-33.86968714894781,25.31408835240496
-29.65808758784922,17.62776877968324
-26.88596815671284,29.0102382150187
-33.03719899039521,21.7399092713942
-30.30888876307981,26.73142469736551
-27.05420692209165,30.6170247757498
-32.08777183577689,23.21378834964552
-32.50694381337569,18.96720590851779
-30.7106372584722,25.54639448803734
-34.28402061004907,19.26489850679986
-32.87810174583927,28.09786914056208
-30.55459302348063,24.97488182566837
-32.574506181028,26.74629750631531
-26.0412433510673,26.39629596950273
-27.84487487207533,23.55416035517234
-34.05876006968533,22.99397482867223
-28.24617181528525,23.24178598435644
-27.33073899269054,32.53134954083808
-24.51760172559967,30.95992309844944
-30.98235322721866,26.66167697717389
-27.05994165743314,28.05994315715132
-28.45372067836852,29.74374451848959
-33.79127480852357,19.8664956628331
-28.9233035378983,21.08198182562183
-32.3983259525232,27.98879175864037
-30.95422430810603,19.40162911869701
-27.55381795768515,29.86924779604513
-30.54475440784314,29.79749351780529
-32.99332640085868,23.56196833415052
-30.84192573987091,27.34454497212238
-26.47898041696335,26.3368581447812
-28.06162995593172,30.63478837273129
-23.24391047442811,30.68155902808586
-31.25802600596133,25.96219085418898
-31.92265224212246,26.64650722929
-31.5791563682027,28.8683025097645
-30.62878232231851,22.75684432586247
-28.66228532021945,25.04731574754739
-23.92530222709156,30.3661448248961
-29.1113938372434,30.66570053149602
-25.89191760237988,26.43849263058687
-26.05298640799829,25.55407134697893
-28.85845019274688,31.8920960812145
-25.89296070587405,27.44732692792658
-31.60978495236474,18.73973572499802
-27.0696637384379,27.71646310020651
-25.54451424640312,31.19601253953814
-30.74937233066903,17.53013423795579
-34.33488721042615,19.43735910042643
-32.78621616414409,26.62842206178965
-28.41051621048237,28.29036989022223
-32.97588527961007,20.5574667991334
-26.3561499736334,27.03353777266755
-33.37076309972372,23.43979654962259
-31.81309676053724,23.55215396311808
-32.19888727973783,23.41834750220455
-34.48718422837633,19.90681199066697
-32.43106320254988,24.25558714460801
-28.46861679189779,27.20340597465362
-26.21765082294685,27.16370558767798
-32.00780318748942,23.61122312556043
-33.06983278862655,18.33110644171364
-24.4736639620634,28.55840607450589
-31.14467794181928,19.24116877830508
-28.36391468155231,30.87838763376859
-31.33026037265515,26.10837653524111
-30.60075382755232,30.55714689421501
-29.31012975355818,25.01160137664247
-34.22395780326649,19.53475223005547
-33.86680930663331,24.85546299605951
-28.8853995853817,29.54821577997722
-28.18880103410351,28.40641831193618
-27.89372729349288,26.54730882129428
-28.1026924401466,31.03932294971288
-30.10793712935474,25.58676490911498
-28.88802769180718,30.28691924136301
-29.44649593120042,22.18594590041764
-30.60622337740022,23.50539566734073
-29.0544824190658,25.19086934866955
-32.88153017413205,27.93178255581929
-30.57110178721879,26.78475143257959
-26.22729121637806,27.34934636043321
-31.99530624217075,23.80758050461428
-24.24626507432986,27.9660817001146
-31.85637459803244,28.51503751572076
-33.23541276100442,26.41707586998853
-24.84673922681985,29.37512677222745
-25.52089582246272,30.8635410367828
-29.2992391318824,25.95571048161547
-28.00048821754254,21.17722264006657
-33.56321830931436,26.95218546977093
-31.77784513932491,28.63561239904279
-27.10568837115474,27.30178231826451
-28.85868731651227,31.16709180008613
-33.76404669614228,20.14825482987212
-34.10864436473017,23.4109356084698
-26.23974441683134,27.82042815314197
-31.48236124916504,23.75550777411616
-31.30076791823096,18.18518008644553
-29.38236214166947,29.90507943110723
-33.77909062987074,25.66671616425248
-30.19092659057027,17.29499738516371
-29.46456114296457,25.10075620776315
-28.01012412757796,21.83290018840521
-30.74729721264062,28.85423252977705
-33.09261919759244,27.75421094661593
-30.90920041525323,18.19717177787508
-25.28500481208306,28.30416246374114
-32.87772661370811,25.78770045681163
-26.82589037860089,25.09331497917963
-31.66199643588786,25.25143922971631
-30.28810199465611,30.50373383481812
-27.80245667641115,31.43672669313667
-33.91503393045046,22.67277367674058
-28.6268013331944,31.40563907029544
-34.07159973426147,19.37044245519563
-31.17792071526426,21.56116504580856
-32.48493734312331,24.64726450651694
-34.11340302031975,21.51417164569722
-25.77146209460543,28.52749242456743
-22.89280454851773,29.83219225460872
-30.98295759533339,19.36229488428686
-34.76261844120219,19.68982403007754
-32.6923604100242,25.86496306884684
-28.92381035746583,22.21626946040944
-31.40174580839052,26.59025880977777
-34.01176568713485,24.88211266156898
-30.13341053744321,26.51601684358462
-33.31242964266529,19.20434438917204
-30.53546836972538,26.43326790757753
-33.62032660557849,22.27161299643713
-26.45386733455867,27.32364115196295
-31.99645410751459,23.52104324438826
-29.71245102057376,17.88491922178853
-31.43404280303471,22.43018598989165
-31.33951440633063,20.11202164098808
-26.04011680125949,30.82477108027015
-32.29606753049184,25.73166576778639
-33.88646707701992,18.79251478894668
-31.08804857004837,27.70361258210438
-27.61425378739295,23.09876357088177
-28.90158784366303,22.0957843268061
-25.8096447288537,30.03875449904321
-32.03425057496228,28.33917103490362
-32.80903682322969,18.37844835721918
-32.83022323302159,27.82125424028977
-28.84913687873062,26.58093870829558
-33.79573918175712,22.6116028390705
-25.26244996890149,29.16100730786771
-26.17953389864748,30.70207055854501
-32.98167061739536,24.59566599454717
-31.191740034008,18.44257687859274
-24.07959868466634,27.61391077044938
-32.9469625773979,21.65195991552995
-28.43480180252499,21.35834849099798
-32.61409955307643,18.3068849593495
-25.41071936946101,28.3571360165615
-29.16607868712364,24.55918863881947
-28.2549423440285,24.50214936790322
-30.94383657680246,28.46103247750312
-26.56730904700933,30.26171083306371
-29.96149769340742,17.16292017388191
-28.07374414413485,32.2831862450638
-32.27344508846257,22.46365584620642
-34.03346908913238,25.49778693829565
-29.17203346897467,26.87260009535237
-31.07994283656184,30.18579126891455
-28.07098383671235,22.60552135369814
-27.20666660741196,23.42214141888427
-32.49251487856652,22.82406628945612
-27.80536258856074,31.49308507092924
-32.02099393341989,27.30657630905014
-34.10204520960635,18.81558571754499
-29.97329161974326,26.38595343069701
-32.70651953475955,24.70050104806938
-31.34375072946641,23.11077140205174
-29.33619601888462,30.28096390693683
-30.81548183839218,20.36596620202744
-34.22535848440061,19.426775612862
-31.3055293381301,18.27488999203515
-31.55129974372504,25.76497467101698
-30.96745377711647,27.58993431728485
-27.61911092832453,28.8699177920998
-34.07434030672047,20.62482664710567
-29.96275095811683,22.40273287197692
-28.64205778251639,26.81787795816444
-28.22302667047948,31.95440496381917
-33.93855058972045,23.61219502441254
-34.17347653599526,19.97243642926508
-29.2187241713978,31.03881300222652
-32.39669027627899,20.70233889710472
-30.69100281495907,30.44887368422141
-25.31006560749712,31.14558824603184
-29.03115488472779,29.78645342365687
-33.98373864507155,22.4351541254211
-34.30209511214282,19.17147696791191
-31.73353583404074,23.44421949680902
-27.4025699784153,23.64630523078663
-28.20589684427592,28.23884856735269
-28.07933331340599,22.59187620053435
-23.20353894353989,31.25955239115521
-30.16275348216129,28.6834346718473
-33.65976511757661,21.77438979864775
-32.34893566399466,24.34200536317068
-25.0734502429909,30.87409689934262
-32.15209721200296,25.75032417487626
-27.59038122511492,25.65770859834961
-33.49447651728903,25.34787169914371
-30.79136283962794,25.00192568859461
-31.23255198187113,25.80018564015413
-28.92424065965494,22.23409354072652
-29.8324587085565,20.75192994457702
-31.25765638700953,21.39745765841274
-27.00461147134606,20.93861605529977
-32.55288323669155,22.57209338972412
-30.98133628263016,25.75413844453137
-27.42682781148856,28.98838543329167
-33.90014868970336,24.83093230276527
-28.32071046783814,30.72079090666286
-34.40541374153413,21.34546789337533
-26.56322962476159,28.19500687996082
-27.76071671269449,27.29845020533581
-29.25970342858258,17.50797480880747
-29.86267592013725,22.94831057381094
-26.12380023137635,28.15501022850835
