Latitude,Longitude
41.27305125486629,-97.73930168762423
29.33287124265378,-103.3535018305952
33.25144968916309,-89.64930862325734
32.93894175123902,-84.29038133533912
34.77719141326669,-103.7761531640951
44.6969428296924,-118.1809192251984
32.40992836703834,-108.7255700854425
40.98138068640416,-97.88347852083214
46.35440691288714,-94.67371270279251
42.19097077528677,-101.0394279526435
42.45829107115856,-95.95221506938546
43.27378305174348,-90.51675377666099
35.51230180149191,-90.68074841787582
38.01250848270365,-93.64215274171858
43.78644210083723,-110.1423823058923
43.31650820876545,-90.09299684274649
44.25188673607531,-107.8281211348287
47.55010001504458,-116.1293283446004
44.41835593206976,-109.1574230873362
41.00541873817129,-93.86498699180407
46.14328950776329,-119.3042895047531
41.19811860626892,-111.0316436727721
46.69884074838532,-115.8015188340091
39.95683574066852,-111.3007469757184
33.19732154040517,-95.91013761297395
39.54552902174701,-90.41170168086941
34.72851764746496,-90.04139495340779
43.07558617900911,-87.94602243808758
30.1676770900909,-82.27237692803014
32.79299376204216,-113.8957070189284
37.86686599885618,-103.6933033145154
41.97580990423018,-120.2114208453409
46.32413755530052,-93.98955772942664
40.03102764355415,-109.6865973385759
43.08449784950335,-108.5960109280472
41.14785515164694,-97.31147211746229
42.38684358882975,-102.2043226549501
33.07454192204487,-81.9107170701074
38.62007094814174,-119.7164470909671
31.46807860975375,-111.2264131189709
46.98825896294221,-121.9364551904549
37.73657660690014,-92.59287388470676
35.21899908355995,-112.2884813851656
30.07697035689576,-98.39874895830249
37.14754804375775,-104.4065232905144
41.83277398033221,-94.95617987445215
42.86318035568954,-90.32425935041896
48.40028589385712,-100.3072802596442
35.28326243755822,-91.43530993420383
44.80521239948668,-116.1696530685665
42.87743750123495,-96.62623181072644
35.18165512965781,-95.8950442747746
40.35838703861076,-110.3908814291633
30.36154538197482,-90.69611180591765
37.06487812481881,-80.08885890223858
36.82513188478876,-89.18402223984347
44.95046266079156,-85.48983445048452
39.32919747750579,-101.9844093984453
43.61343367623272,-118.7872244705694
37.56216980300633,-100.8166541957711
41.55367608631833,-99.3201392731093
44.36715333596864,-85.88038188762401
44.49086132082615,-112.2352289350813
43.54477007899276,-89.07815312525814
45.5211538670931,-99.64688777015851
46.31128683077136,-96.91002010892754
36.48334060064346,-94.37194654265969
35.05938622251456,-118.9859426770921
35.75005836121786,-96.89361365908088
44.71017316876478,-101.356684545058
36.96508219352918,-94.41592137806029
29.42259513409187,-82.29067476217755
31.92493409997076,-92.70876846510389
33.25545228878583,-101.9806935824982
35.9570276990727,-92.98580496832862
31.00448320016896,-100.3223730642213
34.70321317454841,-92.98661746574192
36.94957274071984,-84.97192033429639
43.17485186769195,-91.3748839254142
40.45670401758164,-117.1989346240619
32.47830592499506,-88.98730404385579
32.20300738825748,-102.5312675122951
33.89478434762354,-87.99096428563409
37.81419087321762,-89.92824969080567
33.65146900358842,-90.54057418526118
39.11982200891063,-96.48278413216924
41.29983721455709,-82.55683353771288
30.0228892734306,-92.29376231852228
42.59849212452028,-96.48006762362768
40.93675137059457,-111.1434195021334
32.98623939837565,-113.3210094584211
40.66102503938413,-80.88345296917286
34.58335442328922,-89.50147794520103
33.05316903525076,-88.85974760908519
43.52219264076459,-90.19262726227619
35.90582277965392,-96.30590021253501
38.68730776282783,-96.68977855292917
40.8610422942528,-122.792239555491
34.16101038335837,-95.59356450191846
31.60005925338031,-93.20277613575101
40.7747121779363,-83.63936312942926
61.42703991644851,-149.77855303079
36.85463664451986,-106.9119907132189
42.9405051347616,-102.9010198105633
25.8128739595501,-80.43491239730004
32.65250630843081,-96.72515058216692
35.77020865422581,-102.3305655828773
35.97921733475515,-101.2898588866766
40.63982733179348,-104.2289701712794
44.22887207458743,-87.83698389017412
44.06548432859439,-70.22401532583162
34.42316832621191,-80.65332204982262
39.81361230152915,-99.51791616630668
32.23925609738755,-98.77317999100208
37.13023330474803,-95.60202314916079
36.37093391547378,-106.8672823295491
44.43399111484579,-73.7978853526772
48.80364282102082,-97.32670388191424
33.40925876565437,-102.4899837559827
47.21112297501424,-117.3142719256549
37.08651368047393,-90.22308192290878
35.14619908784223,-78.12569390934648
43.13912206202757,-85.94745100027247
33.57451934800253,-96.80277484504516
35.95048756956575,-102.4342955166903
38.60397273518657,-77.55882740098248
39.74366457417254,-84.66940225253997
40.50879083084497,-103.2653152976282
43.60181053790463,-74.05658556772848
27.8670794977444,-80.96761090662771
44.64830311269762,-67.38643683054451
36.74682748044765,-100.5773825043504
63.68663831170364,-144.2191505934551
41.26093487582535,-80.06897597889358
38.1199240372457,-99.31426990397608
47.36115021322729,-115.3202723408289
42.97307305586036,-115.9827974925639
33.16204131351574,-96.34241904692881
36.44232686114572,-79.52433707383696
35.52572509378915,-107.8377954145415
48.42155924824883,-99.20269421752832
46.37880139304892,-96.53197314356866
38.17525362223761,-82.49005325924496
46.30317204676926,-87.45872868108864
46.1272434883653,-119.7305771671148
34.12706181523964,-103.6288491505663
31.49647529904977,-102.8121349941611
30.00496144585632,-100.3641392684216
35.15829860295522,-105.0661749418784
40.25553431179031,-109.4326547963761
29.47525403614927,-96.0302620190013
37.31171662793525,-103.355752333638
43.08227745492385,-97.6315881231301
43.99589497118877,-98.29681558839792
36.05499800926401,-108.1480208450253
45.83291744284479,-100.7473816113888
33.34500225324832,-98.24766083242784
46.87692495568675,-91.06026402383692
32.15577284901053,-100.7099536584178
35.20298284974661,-96.59170609959551
45.438859600878,-91.78580368542785
33.58915887778015,-112.552460617382
29.72316161485579,-96.38773802492678
45.35181205572646,-87.89725220121119
41.45255734305564,-83.08695649445662
42.79459954295348,-113.6683667798249
40.69094649947007,-90.32968637888031
37.32511418228391,-121.8539681025645
38.60050751356203,-89.90901213549952
42.34109902805044,-95.01318952922426
44.88827405374128,-106.3212413418635
38.33985027653122,-107.7526465897664
43.26498655987972,-90.98207362297455
37.30930778221412,-78.64821787920953
34.51382174367786,-83.51380849730675
46.45651924109943,-89.07554582677218
37.39890436234549,-90.15721871653578
41.55106132771677,-104.7316116934277
36.998495829549,-79.81444942266974
41.55645667267711,-124.0454514273086
40.27220771653633,-88.327622962772
38.05820913502867,-81.94360982823757
37.53117621630889,-118.357967606381
32.65820453472611,-101.4582207666226
38.52189594710874,-92.57111210394264
41.42506424235439,-102.3997740364808
32.12186696687356,-92.81644531679606
32.2312205935765,-83.8989667567534
41.31222082035548,-89.08870861158604
41.2999403095008,-90.20021217075724
39.99122650152383,-89.06921334915444
36.74563274182266,-83.79452369405891
39.76045120391112,-91.19519177190776
35.27512526927472,-96.85500139336408
46.77202314628273,-98.92426151695182
32.61247175728045,-109.5119297771179
32.21790832239994,-89.7363757990516
38.49200113919379,-77.22823908767263
45.30491209783276,-119.5897472400422
46.75317181912626,-119.9391741793602
36.14951803465172,-79.585313407159
33.7749698045149,-104.539433111759
38.92873224020335,-77.83754069791944
48.71487899454806,-106.5231609249147
43.26166571076496,-108.7045199089344
35.37139898340175,-85.44562983054682
41.9316493650376,-73.00265672244545
27.93054880774229,-80.53305382491781
39.87274504998797,-101.5411127355228
47.12335937291462,-109.4459936869689
30.80892978352144,-88.93318148247941
37.63384617065137,-99.26768798819249
44.79042177384357,-92.59891794651868
44.24856898236326,-84.8925080164047
41.73474239027335,-71.1099080595042
32.5141091716216,-83.82854912123916
41.74999511301254,-71.78571485039005
39.6904267451963,-86.21133374236521
34.93850625094036,-92.62090755956264
46.26940746741182,-112.2188677140557
35.70664577189206,-90.66035599809635
30.38136899453918,-81.94225337999612
45.33430437583131,-111.1717217711352
47.55026344284574,-111.4522607385573
42.35503280148033,-113.8813438380272
40.23884775154013,-102.9661018016631
37.30650116093641,-86.28691656070485
43.45179249177746,-99.04251577827047
26.6863498079957,-99.10808439232484
37.28339057676602,-97.9605679223098
36.53106186721448,-120.478973299327
31.78115481918802,-98.02627412826287
33.22210292462742,-88.97014397691434
47.30738841937931,-99.3972487635513
27.64636054450306,-81.71142266829025
39.90496738050027,-78.5960290166179
41.50614761740179,-111.8136657347971
39.33645051990414,-115.9260816338409
39.4573089354228,-103.6215037259888
44.23924253717544,-115.2130027488697
40.67420817598558,-82.68578119754943
27.71905201829636,-97.94387209551422
35.36453798753497,-88.36602838899735
41.25906039652516,-120.0769760805262
37.44947816877437,-91.57537106123222
45.37023986388672,-94.44638615312118
44.39860845268496,-93.5246023485208
46.52036779559283,-114.6862707789505
40.19554381638703,-113.98732449245
42.56288003418731,-72.16555817982403
37.1014911034036,-87.30512766457146
37.30829558949486,-92.81408681851887
43.75241183203227,-106.2688197860797
27.39802736879519,-98.43310612630304
31.41263580151945,-98.94515603228251
32.934411092776,-114.8581526938135
33.38361228271414,-118.441097067008
32.85685384781986,-113.2272122331697
43.14127420230346,-123.0889898342989
40.40031522477955,-110.7457729829072
38.54772413361076,-88.53275249305236
41.7806274976717,-72.46453293705723
32.39378302282739,-89.83020081126925
43.68056560735408,-123.0743734964176
48.5332935347751,-121.9249134787824
45.63233098580321,-119.5569410687951
38.85736082939688,-120.8325652197978
29.98357995280021,-98.56108714134945
43.33461084853351,-76.6153956473377
29.3677490624188,-90.81135227182978
43.33710003129413,-73.7023573218973
37.37150943448006,-92.389436049001
46.02691926035303,-85.69694616942922
37.04913054262342,-78.29004420730641
30.57909618643704,-90.37097557779437
30.07086779922217,-101.2918942157818
33.87369045248727,-101.4608176299198
43.46867190522521,-85.90002756026055
42.85600520725298,-72.85367589830138
33.57537402315858,-97.91629775456222
47.60348089333603,-100.8571865559731
35.00223743681536,-120.5262927117493
43.15751232970382,-84.84663141086999
41.92195516520859,-103.5587048469514
33.15409990844341,-83.97736436136479
30.2129050838838,-96.00334686933486
35.76602102436385,-95.78403714773637
34.0298274817418,-84.6669230583271
37.63808116098213,-91.6362051568203
42.47777089677811,-73.72069456048698
35.49955012601201,-79.4486919908005
59.74404244432796,-151.2593112760969
38.40506213737391,-95.64532833321672
34.09058017907383,-116.415097579455
44.00781614439826,-93.56683389788014
40.49536068622019,-101.4727198542414
40.48295669555429,-87.30228982401515
34.55189307013625,-87.00822589136934
34.41961562415522,-77.71793882311613
37.39559669967059,-94.19002842472847
42.37825668652629,-111.3167737394037
38.12550406308841,-104.0330751338623
41.96580188457386,-112.9984884764307
30.68084504362618,-86.57337869314081
44.28696115697603,-116.8523676868584
41.07519568978043,-105.2965235546469
44.66598109926475,-69.83983178745281
41.50480761947453,-99.75069684553596
36.04363333454111,-92.10868457217931
39.0579250966219,-79.81370682211315
32.85549909737418,-102.2547334454753
44.34940108331985,-122.9396457814975
38.15217021370035,-82.93039022709478
39.87368538225964,-84.51375731597346
39.98810894067414,-91.990849071208
44.97095574802483,-121.4572357405417
36.21048128379105,-121.2798051522319
40.83518220191603,-111.5814552133624
43.38604900706804,-93.27364213642961
44.26956592462658,-96.1679578631014
47.39411687798068,-99.62877168821996
38.72036118295829,-89.74603080106355
39.14333990514033,-87.71795796706998
30.34022488476635,-82.36801149907132
32.2813344533107,-102.3859087091798
35.91496780730756,-98.12109041347315
29.449580727763,-99.65915190887786
34.16757389988325,-87.93166203787239
42.46624298793537,-72.64435904700034
35.60075956800657,-94.56543395000638
33.84095431784123,-103.6495909908024
48.41617728284765,-112.6609560333618
30.15305391893257,-95.75102772419461
33.5013776348872,-90.01331823703774
33.84656953885533,-80.77083016233478
46.6923480203931,-100.4787399540921
45.83712276119577,-106.5736231423619
40.78817678079116,-114.1558952365664
28.24122204082331,-81.15836818606861
37.49354019627739,-119.3756257213424
38.44767989534483,-84.65882998214732
39.59452851186408,-79.44602190895118
28.79626662251912,-99.23593888830585
38.43804754421473,-78.13826073064645
44.98737973677996,-105.0358145302303
40.20730982876902,-122.2199754468338
29.81320061685748,-99.16037457883681
35.77647773257274,-97.58490212275032
34.07293269744919,-114.8140008444062
29.83468067868546,-83.5294905914543
42.2928070515228,-73.22164462307497
33.18238106192871,-79.58338197635109
39.63660443116486,-94.28312565880323
35.00853868826799,-107.8148634263824
29.76764133152359,-85.4058980316312
38.86992330388419,-96.80011871634315
32.28547320928858,-89.99907588557133
40.12520231901969,-112.5171829924348
63.04949664559871,-145.9413638684435
45.58057679648471,-96.34444957823541
44.64189673394206,-70.95658406359443
36.59573020593466,-85.43970687269076
34.23768298839492,-86.38346454240751
32.5306576556935,-111.4450707841972
40.63335296965563,-103.1174248309284
48.54087542238418,-123.0649841242209
29.47291547334759,-100.7382589415759
35.71215535996827,-82.03722753004985
42.28048869159481,-88.90076996677035
46.13875676121444,-98.25466427257504
31.13262222849418,-89.54996649636999
41.60108074673528,-93.24828701569632
35.8294264126391,-98.96906558594955
31.87864827558919,-83.69826794788034
39.84083622995622,-76.18374802462804
35.35347561672801,-83.55360863443165
61.51546092119445,-144.4411169944799
43.35652033588149,-107.8656658095723
42.39635111698141,-71.6559894571297
27.34257838538109,-99.49222725556663
31.00585943600424,-95.57778943838093
32.85980092425844,-86.95612351562283
34.77853206184818,-101.9640825085796
34.39351536129254,-110.5175368123588
38.31986423853144,-88.8523161303951
38.47905142972685,-98.4248240770501
45.08441847642793,-117.6694357437557
30.00778905155001,-103.5762479775778
62.64334534781681,-150.2209688783825
47.60573482243151,-93.19331851929586
37.14407871453201,-122.3317629235713
45.84144778194401,-114.2299432738944
34.76156526751974,-117.2444208617384
39.02398701191235,-77.30848104928018
32.74864670487124,-107.8574581633523
46.87255243773519,-112.1524325492101
36.88580462800207,-112.3464797885341
40.33421650987847,-103.8647713426559
30.35955665732019,-95.4204538728575
33.34438246574785,-94.65781188391213
34.70187909068675,-118.7933745342483
48.33995764495656,-98.87657345048902
36.46032079231274,-86.04614427759294
42.50587547617728,-107.8850404466509
40.91179537324848,-74.72218575213687
40.96781285697318,-76.09685893423911
39.89462029540288,-74.65115605683961
34.67487415789959,-81.010233993315
41.60689240734367,-80.69581691283618
36.93827260427493,-121.300601861483
29.53561560612117,-98.53666160025946
39.25087133866466,-94.07426336581622
41.63981066359822,-93.74520515352206
37.6349416094287,-121.0855709001798
30.08491475572318,-84.98341192794398
45.10332655289191,-91.84624120709516
43.87555606346736,-106.5271643676053
37.62193971819554,-93.39292551724134
39.33371763493921,-81.98753399751995
31.42031152251776,-91.29132462130882
27.48980304018816,-81.20996397006063
35.49479476052732,-84.16355178064163
37.65685369223981,-95.25168335897324
40.14020763973168,-91.39801757259403
30.15222770166912,-89.73889578795568
37.095486564336,-114.99449589725
43.38998112610549,-96.19171121211586
37.07070374215521,-77.16906471098757
37.06154978741485,-82.99337480453212
40.28272260262488,-111.2353539530139
43.41821786985696,-93.99028981646359
42.13490353936061,-77.80527945130514
26.06580810574569,-97.8921722541982
39.62365340372124,-107.762285153918
39.67217045541746,-87.31843081606523
44.46558828855713,-96.26231086934469
34.64022667054857,-78.5129527925125
36.57379439547221,-98.26570193189795
47.8411635264375,-117.9682105134298
32.41079685993889,-88.72126940265836
46.80271480813222,-105.0152491662287
46.99007297300749,-109.9976509155119
35.28485521426603,-95.7273778485323
45.11229179064928,-93.2236964511991
35.05649945220685,-89.54016226288138
19.72915971176946,-156.0266639970136
40.08945366408144,-77.66279872042838
31.67311810498254,-110.5507342230108
37.53098893724841,-105.965763344255
35.83904348394345,-103.6840143033424
38.57804411964474,-115.7382805037978
31.82337089179499,-102.313793465418
44.94018310437134,-67.72039728232701
47.60274287329446,-101.9718467576241
33.28152619642287,-82.69974601020895
38.38987954710982,-106.4354105604579
39.15594124883923,-88.40164484444212
39.1185236404559,-87.02086663408747
31.60896320702582,-82.64283737239244
47.88500642697836,-112.4723057136253
36.77922494136069,-76.3251320829148
32.69017610720142,-108.7318769472063
61.79020350400828,-148.4024042810339
45.05854051381815,-118.8030513343773
47.69488500773629,-104.7280920961227
35.29061511479004,-120.4737557730761
44.78475324060426,-72.61933218438335
38.50080735441666,-84.21371676447649
42.15685689739287,-113.8013434002446
43.34519966015587,-98.4036579275822
32.05275467673199,-110.333412766585
37.46790097550156,-115.1935812069228
38.4213241935027,-86.90229407983881
35.85482382467484,-101.9037753971458
43.25765841658367,-122.1947894575879
41.45619599155776,-122.6383388651901
41.4337826220256,-104.2082484543439
33.89247013972728,-96.64619664442804
42.9729891978203,-102.52688623791
34.17509086489495,-104.9972071913521
35.27026750101803,-102.691732208597
34.00928890516196,-81.98988034165744
37.46662782415868,-88.6241229718982
37.99281187478469,-85.31196548059705
46.53724897311263,-94.08726153564191
44.69129829070172,-122.9028422859221
60.5119750781659,-149.4662473991913
41.72390089192388,-103.426906803729
38.04935092291415,-79.04994076739581
35.66177966401736,-85.38561518154427
40.49441484716827,-76.74934775536127
35.19633611146969,-82.434649901211
37.6142675622977,-100.3896450699643
38.32282907577784,-123.0274718743601
35.04596644105855,-117.556501913141
46.20069816890052,-106.4964209671871
32.67889872141607,-82.12680282204214
39.95929046868934,-77.8221278913643
38.4878346166627,-90.07128919380074
41.1435644837693,-80.23177254370974
59.38986489824171,-135.9784809118715
41.32266856505569,-73.80728566333978
32.86332394064173,-104.0753916584833
31.37135328984341,-99.37535137030117
45.90423185953919,-122.068110545947
44.21183451994159,-100.8894023640996
35.94106330397772,-104.6241707989608
38.85208791498659,-103.7495821594925
44.6734183801499,-114.0724217969142
48.91087585970524,-116.4763759537885
45.73614228507461,-107.8756503968599
38.91154977940393,-101.1700757341419
40.03643183662746,-101.0601628376265
35.53213639556223,-108.4502010726348
40.4782971187344,-77.87091215585731
41.8621443277842,-89.80380555199439
36.51698531645067,-111.0765098773595
46.06619276267948,-97.00648065814707
32.38720296597214,-100.3946131569005
42.90296880073586,-112.8501935134077
34.89801115642219,-119.5841755847789
35.10917969212685,-115.6737663233467
42.85859956861245,-85.60599328121009
33.72244418785077,-94.4099468728899
39.53128184828609,-94.43298990835022
42.01064698273542,-92.14365988484238
38.88857925501047,-116.7902534337023
37.23361932285088,-93.66081301051578
46.67298340503614,-116.8542443503029
47.88865192599976,-121.850991371721
31.72379925643691,-97.76368371558436
45.31733972745433,-69.0371664074641
37.62350202420522,-85.11025134868025
41.18183820873902,-82.72473864360907
44.64101718038309,-85.12166962758282
38.8915811009137,-83.32766824921717
41.19406476184179,-96.88992754595314
31.73588200743282,-106.1481335361128
37.16925918272539,-100.3524884675939
47.53633139614539,-119.4845622400425
38.0798838502747,-104.4517793268159
31.75376249160467,-100.2557308904079
30.90114238269708,-99.32683288982173
39.5464310763119,-116.2572807255863
39.53898373500849,-93.32867311265677
28.93472497531391,-81.58531798696002
36.42000713350875,-105.6264028864717
32.87256342518865,-97.07760236055242
47.60359562334763,-103.811137909873
42.62283441351452,-113.1225241961506
38.27340019560532,-95.13001199026078
41.57608858067248,-79.99707028940729
41.06981679898422,-79.96661433869667
35.05259957542598,-80.09040147762958
41.96580442144928,-78.40177084306977
29.2895535268902,-81.7709932987805
44.73527654358908,-98.64729853863247
44.68548308943463,-85.8378714646459
48.21965959911336,-106.6998487627026
35.17406322230531,-103.5427136342948
47.68885153952455,-108.7203964315199
38.81541342681047,-83.06764956474836
33.51337160469427,-96.53982232419597
40.41682543141036,-76.48513992718844
43.53016312786425,-118.9077295113772
32.81461052251731,-95.01772003954828
32.5866716712023,-85.21242597490485
38.92662735212698,-98.16867638106362
30.40763237167994,-86.65631720268017
41.58964963108122,-98.89969696201959
35.62480072443405,-90.55398808699672
39.24068131809299,-90.47390308725596
35.30297970038065,-108.156067369787
48.55246553961521,-111.3918750862445
35.65059124469767,-91.22016910520028
35.27463670944586,-92.13302831722909
37.82068289990361,-76.4555732381864
28.98723971712489,-96.4130832555881
42.48700677112902,-98.46202612614442
39.46712468320813,-93.09237379652717
48.13023701422279,-111.8971994673266
46.72997234112891,-124.057385227021
40.04244359596744,-78.08400133855325
43.48792975915681,-94.22570742088163
43.52949036933514,-95.27481097033247
33.1661535628959,-101.7487559029954
31.0568023702397,-92.8773718412024
37.74995939422683,-111.4756648649524
41.07850700641912,-115.5354787997994
28.11199300156553,-80.63403048146631
46.85815418814736,-120.3077633960087
33.97978080516626,-102.3981687506945
33.35938753538321,-83.63855344433875
31.70557211731329,-88.31079398596012
33.76277242524456,-101.6309913564923
36.07403145796651,-102.2402369839569
42.60632724067387,-122.9919164064134
44.31250551018049,-92.82402060226842
31.23350672337275,-84.67960502163959
36.42141295813632,-121.7823143272527
41.54290698074583,-89.18791235410428
28.35751785747005,-80.9316159710991
47.28032507065875,-95.7717388020353
37.78743558984495,-118.0984925694754
47.48246877998412,-100.3527240366568
45.21274788151546,-123.3299459627642
35.86412273770588,-76.7292954201734
41.55373254998184,-101.1238235808623
34.29931101266045,-119.0006093798657
43.83322948815502,-101.1458670371664
30.56359235693118,-93.2802857295762
38.9223895415813,-88.7307467980663
43.63222081722946,-71.15679423760362
48.92154051894707,-103.61862537397
47.21156846331424,-98.00131940092889
36.81772090245862,-76.80412399665605
36.25611036427145,-105.2439049536731
35.99906079601848,-103.5191269276292
37.01903709586222,-92.87515738704465
42.39920056530164,-96.37731375451652
42.66908995011902,-84.38162952829124
35.95662500318161,-99.48580864767962
42.64746351644968,-96.05592129150432
37.90658513304684,-83.60186099082665
27.76365122667994,-97.51371517765605
30.48511263335696,-96.17458052541707
40.51574398006372,-105.0787991420253
36.2653673844064,-91.78397555077132
41.4797603227353,-71.41854004059451
35.56997107052621,-106.2494630144443
36.99272336769906,-107.4803838596271
40.88924152340947,-98.74100454372665
46.64877560125871,-118.6124005912352
48.3840431395291,-117.2705650036241
34.72501321045069,-99.4256701312751
27.65751635924858,-82.40112725208374
44.2600427570699,-120.8919977280471
40.54721400060303,-98.10850823234406
35.32084280257897,-108.7577731619766
31.78089014363255,-110.3560357075822
41.0088073439785,-81.53247306093269
45.28571007361951,-84.0701912613034
43.41313246795181,-111.8150359894614
37.72154606484585,-112.6872578308491
31.34392200680762,-97.5586653345382
32.38758586049504,-112.3013286219888
42.18286634148927,-114.9304423480936
41.82957139845662,-76.7632868364803
44.27199120157761,-70.32961697412554
38.13033390750739,-101.1209641326493
41.17638176284981,-81.5255516228013
36.47691518707491,-84.93701622778458
32.77330132620624,-86.00854849792123
33.78098574918933,-100.5160833490515
29.22780484420607,-97.44166679648723
41.78426827623558,-78.3082266420504
48.51444483637626,-111.8337503635896
39.24512509209342,-92.2777734480036
41.22535490882018,-89.9386517032561
38.30999507356265,-104.1837717793104
34.63560936422025,-86.15747571519253
39.92866097641724,-102.9731744103047
46.95840027469018,-123.481168996928
30.05752442981711,-97.7028610260156
37.1091003641207,-119.6660566814429
42.19950359178129,-88.63909140230926
43.11788967144076,-74.7037234929628
37.28160083048554,-104.5142087568642
42.4739503196798,-94.83772469766392
31.84796988625217,-85.92235933676383
35.29709444300463,-91.70417628169899
47.43031300604012,-92.68624563588152
39.5402385143586,-85.68995603151247
39.92411864536444,-92.39146255166081
31.4685722557378,-82.11752192435841
47.01250037298353,-108.033416695732
36.41323945945368,-77.02232874514604
40.99536606202781,-115.8703097906916
35.40573947799921,-118.4975917555626
44.10886157328125,-94.52720398948827
35.2328027572611,-84.91932244066021
43.02789563751907,-92.6437513034924
33.54329083567799,-81.94524988701725
38.85297592952527,-102.2144450272833
42.62469555730009,-92.44740883941337
38.91269890098688,-94.57515976382031
40.50525071943866,-124.1510161735141
29.3628029305906,-100.632423927488
39.13181845833207,-100.0803833859392
36.55349227043369,-89.9180049295333
42.22536430506869,-92.24478200255804
37.72506908905087,-115.9003495395771
39.63302123344145,-77.19450899327065
30.99135394900634,-93.75393764944965
38.77652653848485,-108.8765065341333
38.39466858826159,-98.57277545936536
42.47704806674981,-76.63271330147336
32.5492248994556,-107.4778027835319
46.06503516309572,-68.47817886349331
45.94993869563685,-95.16723933413142
37.62760654672013,-96.09370646806353
46.11882406221496,-108.7458161852344
33.05246201243658,-81.21806939254787
34.67758122144887,-118.0958924784909
29.05321984495233,-98.48514582692755
45.96265573014627,-89.32790671390502
31.09823986173509,-93.58554076388711
47.54069730401231,-94.75770431214913
45.0953099390976,-94.76646899159935
38.65357695815281,-83.34776085732248
30.18386649384465,-93.51426608824215
35.5606425262237,-79.71262200971545
44.18400057615357,-71.68646710321434
34.01887070348453,-96.14958348125597
30.32389802675004,-95.84667815813255
35.08281082466409,-90.22970997056176
28.80473857276116,-81.91605662212356
35.37303421878189,-87.25433159390637
48.91631832330278,-112.48336319202
34.99647100771254,-86.3610678394646
31.63100875569997,-90.95810655407172
33.83038861657265,-91.34000023059978
28.64452013135315,-99.1373257351547
40.56810449448347,-117.024322051757
38.63322864453583,-122.9306800439471
40.12692243869136,-110.7335930168202
36.32523348293233,-102.5370987051241
27.09072498292824,-80.66160662170782
45.8247292200202,-122.9712307584304
30.45043642039441,-99.31375535675544
34.66666868954655,-95.57599511134848
39.97893647602631,-82.55254316210753
45.65061376338793,-113.7036818737209
42.78410032057426,-85.34921318935756
64.09063600640238,-145.7723914529149
34.08310683394666,-91.69165616223937
34.40713083441373,-106.4809934707853
47.06940244042786,-92.75294807848596
45.28803949254169,-105.3428547770071
33.98044724239993,-103.7914089225816
28.84564441034582,-98.81608824420711
40.20239104527508,-80.41723404557615
45.68457008461755,-67.85616622599959
45.02240104991616,-101.0289283265711
39.06834816337526,-89.25882691922692
39.57482635326073,-83.4606550621223
36.22961865786711,-106.3772311566639
39.10953810750725,-113.1387920193424
32.92946449436514,-99.59531115956176
44.52700004424126,-119.885098198045
42.83058347884474,-98.39025753517849
32.98547737971334,-93.31621941228443
41.31717729274809,-104.3673929074825
38.19058037356208,-111.3519376164747
40.22980725155274,-118.5858529639149
39.28560936799517,-79.47509930883955
38.05836808708062,-116.0744977453375
48.61927644321997,-104.0149135434584
34.63008377570571,-115.9974681569
46.61679940781581,-94.35520575167767
48.84844920419296,-104.5700393599782
30.87655438055171,-93.89418480627117
32.1886992399365,-104.3199822115042
32.62629539542001,-91.3248129255231
39.80112640982968,-81.33227101064779
40.88490860666565,-76.95159459798137
46.03773769308896,-107.8009496642609
41.95583769626511,-88.96046620135978
35.20768326624929,-76.61422084898686
33.3818229572049,-80.73201453922302
47.38624340869542,-105.4726363092938
33.97421938660013,-87.12619774280627
40.24792127240139,-91.24034066604861
34.22167963083152,-109.7014723489699
32.04400994435028,-111.4368390564446
40.86115757416982,-102.786589828039
44.10186563239595,-100.3404225614342
35.86385240763008,-75.85542683037629
41.25278631673425,-116.0658769399944
42.35577801318495,-95.45554369615806
32.95798604539993,-87.90143365641698
45.83300601613728,-112.4038642410843
41.20013556835145,-105.2348915708138
47.85580679845842,-96.93479427498286
36.05421563550732,-116.7654405181913
26.72888100913133,-80.9497636024713
38.31909789899554,-91.75391775016627
38.9097133718433,-123.5536216449195
32.7518269984853,-91.8427899170398
39.48252997492657,-111.0040779588435
39.22223429697727,-108.6913460786468
33.57955041293231,-104.4498924713917
32.41446423366605,-93.44258467476108
35.56908961555264,-96.78667527417505
30.26048717712333,-83.22137963267345
38.4423527117967,-107.5809945522129
43.46161299813105,-101.1768530866363
45.5003498559163,-111.2705687589282
45.98103035914041,-115.8599297148649
33.57287874406752,-81.15110992502737
41.10832590539343,-107.1850578421919
41.58526877882222,-72.3656391206282
35.05936277729853,-114.2632664739503
39.23080818290643,-99.86529414095644
30.01503687802154,-90.49001108762837
40.19735855643551,-77.50125399212521
38.54514486239581,-79.7605806112857
35.56343002561795,-91.74015399553224
39.18964075134819,-86.17563276143376
43.47672828402104,-82.97149039090807
48.67711728416197,-99.97852111812152
41.33257899892502,-95.61249938116404
39.30954653538748,-112.976969799778
40.97083869971019,-117.6984410878383
32.73632743357844,-83.51719211748859
39.71453007951047,-91.631552646808
37.24168497373295,-107.8270786736167
40.10792279011646,-123.7476586006417
44.27289613916375,-99.77536766602834
39.15313624529667,-96.04525668887939
42.93827755053317,-114.9687382893775
37.88468520918142,-82.55483987479332
42.70023144032171,-75.61816815953782
30.63567971075278,-101.2005107709232
43.36314746128129,-97.33961648441375
40.89489430140102,-105.2943194311275
33.27031275726961,-90.36874071759193
31.15439138669174,-87.33375596919741
43.10566864009719,-92.90547608083678
36.53909206777639,-105.1988686038699
45.84986040322035,-122.7976923721489
36.56853291545467,-81.15778517429243
35.31994282203999,-111.2724476298799
42.99902684928238,-84.317589930421
35.12566910563567,-83.51317069810291
31.1990088648211,-91.62963625137259
40.95637282764045,-94.29692437128232
33.39471741504147,-110.1717954645512
39.90545772239783,-113.9999691642499
33.07810088985664,-101.9116501649895
35.9389047711641,-86.43555778584687
38.2225991212763,-113.6747735117909
35.99930376661774,-104.4939390622085
44.91114780997301,-100.0831894843049
36.98639101373413,-111.4013650348831
43.64070838307487,-91.83210813105019
38.90664045501357,-106.9303590516521
39.39203172419056,-115.2638202090731
36.61126971692867,-108.3819959671678
33.89392686171387,-89.78578447931913
33.99539911355739,-95.46927773208198
34.78172580380444,-96.12774771118244
39.79725559863603,-108.9739140957842
37.91614105880035,-83.2465945818591
29.89266788297351,-96.49448339375618
44.80175761998991,-91.4872807991955
43.24150016031347,-97.46920121018037
37.881401077541,-91.2929866259273
30.39140958994631,-88.89154715585309
45.62998288812076,-103.5498234763813
43.51510410723193,-88.38955715417734
31.75856189100953,-109.6992432797822
31.45900737192526,-83.23833179898041
38.99920996837187,-107.9796774053711
46.1366333364312,-122.2176176647027
32.97838818140316,-108.5924047945907
42.98562728241897,-97.79333416193138
46.35009553443519,-111.0761154887663
45.68899702585193,-117.2765901696252
42.16668076959797,-123.2303738598119
42.14563085319183,-124.3527919333759
46.3182537701226,-109.2574421261642
40.35182701111894,-78.01596757172233
36.12385193861072,-101.3899349582772
36.69202515602898,-106.3888086609558
44.65614720788235,-89.84642588394006
47.00637142740754,-96.09692513610054
29.99421462267517,-90.88588703547555
34.27303109528689,-90.66371440882102
45.0200860335154,-118.0676017152933
34.61019848355716,-90.18996672803598
41.31216946480748,-110.9024436220996
40.84587017091504,-103.9031238971557
38.25645789794659,-94.00506151565051
35.37987750413386,-109.0341312728136
43.68221204056922,-95.43531501794376
37.15435767107421,-119.2470688392905
45.68477418360796,-87.83391731647461
36.35494682243111,-121.9018087601052
37.23275764238235,-81.30411083976226
37.07010851794662,-96.05708477577872
30.65703589054669,-84.8007296237796
35.4528929277757,-105.6695489800787
35.42771346925618,-91.44760304873408
32.16214631436281,-103.6708520218892
32.61034457268288,-97.15317785146858
35.96018470391375,-105.3341942199626
33.65606346888759,-89.42022508385735
29.67557749734076,-81.55376342024368
34.98216107416943,-115.1018973427479
36.13515594322813,-80.69357743363113
34.06465298817746,-83.3651944472512
27.64588230338837,-98.83922779882154
36.06671212801424,-88.08017169257445
44.12783125767611,-96.34772894663826
41.46755597424985,-89.58818413085642
38.45412418731738,-94.1017763204985
58.37548875417973,-134.7318071348282
34.94172300999814,-107.1862445536978
36.5160226800811,-90.33866419534594
34.26048955776434,-82.3475459743788
40.20355888405216,-103.3274894531747
30.08233440442931,-92.55672273105888
39.31895607660872,-83.10484109448511
46.69743869079062,-101.5513186711154
42.87384271936478,-117.5133574202935
35.63635185196654,-83.72336890427398
31.18874308240776,-86.87011793005848
35.85145694260521,-114.9320413514215
35.22716923588987,-100.1989374950941
43.66570472849619,-93.63744953134152
43.25617960398164,-73.22880818772187
35.46677370744679,-86.40366901686478
40.62851142112719,-80.19579419734478
38.10390854816483,-120.4329748718372
41.39918328635393,-97.69694328306548
39.95250596276884,-98.93572982306185
39.19452852186966,-95.62116244408146
38.56632969252138,-80.90030383219822
32.04716948871541,-89.63937864217438
26.34804719324934,-97.82900452839158
36.95824244135571,-86.77437714782819
30.44133828450156,-85.11655914034054
34.35170084123748,-106.8818552150911
42.03780456652978,-93.94855356848018
31.73369350875108,-93.73084107661838
36.43701397750945,-90.0806246333315
32.41758722962022,-92.7243037769878
34.97622284027042,-105.6467498877609
47.1361437696855,-105.7364323056962
42.89189502679001,-112.6144108007341
38.91634070860586,-79.30184732659288
46.67945098305142,-92.81531586378227
37.13428937496867,-86.17333368968522
34.45300949865276,-100.2233451670702
35.182120376516,-88.26302634997772
37.68606592269615,-97.321103054698
34.91186593800298,-96.65771210046748
32.49161626835897,-108.5460165977217
35.06684303757936,-77.18706567372878
31.96652683777058,-104.6511038831472
30.36861716803288,-101.9276673096576
41.67307116468974,-88.00323908665257
38.31772290323828,-93.5788972137067
36.28751330296229,-107.7512403646089
39.62491399015128,-83.03543423654521
33.08807162581577,-86.65267801377401
39.80578688232081,-86.05322787963193
45.97704303153046,-111.1378462282742
42.72027209207066,-71.5894071225478
30.15694092401809,-92.82545050954673
48.7710191144763,-106.0650145238809
38.03460185034447,-120.1957557266783
39.00248514640388,-98.44896572630535
41.78933578497399,-111.3742584110304
46.34750578861527,-87.06855121869427
37.19419481520676,-99.9264602718441
30.92426252505136,-93.49945037795656
35.85658495974067,-97.8453176603932
34.93640093602235,-87.8999708717682
40.83010967757781,-114.0434411850035
39.69766077406189,-86.90551708668906
47.35144860964621,-91.29508867092575
40.74544875194032,-113.0664502803799
47.2380989619515,-96.19750502471479
35.05793260398504,-117.8965123878873
42.25910868873404,-87.97348224683358
45.43715785464833,-84.10789487115782
39.33639040400803,-91.42446185752044
39.18176235370215,-84.37333293702002
40.83096656083449,-118.4193582587992
32.56386611676351,-91.05581897316422
40.50605174636599,-83.27392730267735
43.01282031841158,-72.86211949776943
42.57458183415429,-103.3953705536701
35.79655699535698,-102.9933162250194
45.31790734716328,-93.747241291874
26.8389594226198,-81.08099961764671
40.95697974637223,-121.943508255513
32.93290602616115,-106.0647703020885
35.31558797642756,-117.6086234454402
38.46826638709911,-83.54620732228105
42.56031061748023,-73.98915748702157
41.52351355324522,-73.91634303175553
37.39288751593066,-85.43611993394046
39.06365043351305,-76.89076907411183
39.23407134085668,-105.7617457868212
27.833506790271,-97.78208681472277
31.29200508726402,-84.9410400533315
33.81490745959242,-103.0202154992914
36.17186303477475,-104.9974328406045
39.356266239824,-80.85888423032556
38.07844044441478,-92.1109536528125
36.66847673877968,-92.69728076134912
44.67118788152661,-105.1198097838646
45.32040598769643,-90.83409042667574
40.01209556057795,-85.03937572426067
39.25707130896973,-101.7258952342435
48.28832282274632,-118.2493161072536
48.84906609418638,-99.81211847753879
36.76835851785697,-104.1830085470524
36.75276719727006,-93.62618146082774
42.42571246281793,-104.7048172569964
44.17873208443606,-83.56201296390576
38.13208391964801,-121.1204959068436
33.48767693309563,-109.3432727682265
46.75876548548202,-106.5548528512412
47.74310338159857,-91.53884507836251
37.81903817997961,-99.38661116499009
44.61411594484781,-100.7982292115664
38.17146474968407,-116.3949788264658
45.3054354784338,-100.7348849737748
48.07954138239881,-99.94353449279988
32.29703938742112,-108.1693497008483
36.98677302742075,-120.9276380539881
47.99789571570432,-124.389847304435
37.62020206021275,-82.46439069485045
37.60039694624612,-101.4900114169968
30.80742465599348,-87.12514392543558
42.07228684307304,-84.07789722712783
33.64515746016627,-113.875429690875
40.87212743395239,-92.30489959790482
34.82821791192207,-102.9157150989005
46.21762283669544,-103.5917229151462
39.35747023572707,-106.2103478204252
34.87262565950822,-90.5686280517867
36.392436779957,-90.50676678245617
41.61453961155667,-117.781875391597
41.43899959193758,-93.64633474719227
46.81679894814567,-96.69065763497858
35.20532253798394,-104.2493860599393
40.7327699989551,-116.0160556216567
39.54766093295458,-82.77282352390586
43.0171190855359,-70.83893174493923
31.24148390165947,-103.5649198406596
42.31694878785203,-79.01637317981321
37.4317241185588,-117.9531607872076
41.37490059228679,-90.46738752383847
39.06888371543806,-114.7379383562738
37.9681513493123,-84.61919270709967
47.57022741288142,-97.24992862220213
29.77327449880779,-82.49390434544962
43.57540217916873,-119.915191704624
41.84103628496514,-118.5779981360304
46.63690799238206,-103.0840979791841
29.21640866428514,-99.69285100908108
39.7743784117991,-82.45011720979191
40.30421735342777,-97.76863874409956
35.731327112542,-119.8136171282663
31.59768501880292,-87.36012064537282
36.02400516645812,-93.22386237205347
41.11778268889406,-84.26626864573345
35.79420233634499,-116.3401697620719
38.24532830475508,-75.18254486009731
34.08059930367671,-86.96944062819685
34.65569022555267,-84.25630130965187
37.59293213635702,-113.8827738936232
32.42147743877685,-87.61356285657568
38.83419324660579,-87.78074493555205
44.12612365375336,-83.96742569636572
33.47600054822919,-81.6839781041216
39.36594737710377,-96.83564701933277
40.51166410165381,-123.251491542661
31.90518956193748,-96.74899231274493
35.51527048365148,-85.97200291541886
41.47187381348444,-94.33769473229883
41.11995401209614,-79.53732158724834
29.62435425862862,-83.07934389308383
40.15225449507509,-87.69713524470711
39.51847808535483,-118.5075815291633
48.19995093356901,-105.6692372940542
32.07843776903077,-89.20886286417102
41.12158335699107,-73.35139161810626
45.47926870939351,-94.27929366177312
43.53318059335025,-112.0037651608907
33.3124336813705,-105.6286746665719
40.2521033320447,-112.3991210564879
45.48129152877986,-109.5620370662754
38.52595506597137,-104.9649056147949
48.09831476640417,-93.02702523574224
32.6038539623363,-98.23971700285013
39.74327135549596,-122.8674237892788
42.31553586184736,-83.74659090693422
33.45700325539187,-98.07914352982276
45.18319992269056,-121.7832182091303
36.05609259557935,-90.99424864954612
48.39910256181797,-115.5875577175681
32.93276267775933,-79.68771319525132
37.08965960813421,-88.41697130455323
43.84564594545424,-100.7058630925946
34.11566756233799,-97.12538557722665
46.75145740580317,-92.38919293328198
43.91695592219001,-88.24613557876074
30.48335143151557,-81.78212139760096
30.88812388326759,-81.56068192431438
41.92969240776504,-95.9158407997242
31.64980609018508,-95.69700180536684
45.69206276078557,-119.1080242424799
32.89343947560263,-80.00567940143321
42.26428871506579,-79.77227063567138
37.50497610770348,-80.55848354969382
35.42558577399785,-79.18275553207694
36.13748805351847,-85.42393229530096
33.8740011573537,-102.8399169144985
37.97250557510706,-94.06136309949267
46.44837150356752,-93.77880590812087
35.67632684690576,-78.79293159553833
35.60452005541463,-86.91942030982746
62.94198427725311,-141.5936218100974
42.68510037096387,-86.183934573581
39.86367353906738,-112.1380555244445
38.10783102490259,-108.1865440145416
32.87285101795087,-84.03811660652848
33.60153095325977,-108.0510593131987
34.24113633154467,-116.0894121886475
40.40601306332492,-74.68104889877746
39.72176768068397,-83.99032818613986
38.99904831128734,-81.34740623936547
30.94502333368811,-83.6361952803674
48.94982720187754,-98.96770319394335
39.81326141071112,-106.6756619831065
35.04389388085121,-90.66327885314965
35.91842713351397,-106.9107052282553
33.79572009287405,-79.39256080640911
32.52299716644121,-93.28046283786121
30.5911043841694,-84.53397227744843
33.82706498848673,-97.16076515555133
41.63543029057994,-73.74429652439912
38.65426048884225,-88.36972029362195
40.05700088328114,-79.89158380301522
40.94494939147241,-95.41146739927997
36.93362496972079,-121.3700431634091
37.59254130575484,-79.67988440944204
33.1943472707665,-83.54517570505642
35.30565851186832,-77.53948446501168
42.42146114905496,-77.04664034313744
31.75103293322362,-83.17886454007896
31.11989050575508,-102.6359324252031
44.28542990699954,-72.13811897239312
40.59683384221037,-94.78013932987407
40.37432706289939,-93.99488851564159
44.96578187155289,-67.2765424929994
30.19320210065271,-100.0394738603886
42.40989334186985,-101.0318328031407
37.77419387470216,-115.0914356877728
37.01990879272238,-85.23484499582896
33.10683852623877,-94.96095534280767
33.89737347548945,-82.15972374435319
44.34085009347759,-101.128010599084
42.56798378289259,-110.3556259810802
19.99763809826976,-155.3104707020601
29.86659410854416,-98.72429780713496
35.91063931340061,-93.38730002518638
29.20047895900794,-94.98358798052841
43.09969325402644,-114.0833050117096
45.27970099989155,-103.5486700955879
36.89437008723029,-120.6723871169331
36.37481791786406,-99.26417752207897
40.28584491766442,-77.77251151985632
36.9531898273563,-83.17705043472974
43.57005012913386,-123.2666852466655
36.9314883156811,-96.65222413684837
46.72418022837193,-68.34072522488087
41.1321876686837,-122.070180033045
45.58733367222816,-87.59027277895096
39.45979048362931,-118.9069126312411
46.01156287935654,-123.0316246080058
34.96628862854179,-100.9488186759837
30.62626091992552,-87.02720463441501
28.38193587384825,-97.65569457762997
31.95545380863368,-103.9752862057391
39.80291474697979,-113.6943297982701
42.52740837143225,-88.57515684767971
32.72625103650745,-94.07277650409101
43.96931243336402,-95.78347656377737
47.01208316723983,-108.4574027005861
32.12822857129886,-81.15080762302414
43.05553872493271,-105.712041544782
64.95685388232567,-147.4568372232282
32.70162354601329,-88.6524419605213
42.49058850676516,-123.1662624380099
44.31207473846672,-95.74239514365478
40.8854041891632,-77.73247989769007
34.04006339985196,-82.67388269248003
17.75605662471544,-64.56694976656422
29.92079384768475,-83.67123824174193
34.70466132271262,-91.13886028478443
32.12113122095323,-84.05854309979799
42.53803817212466,-78.02098851750756
40.24032680593177,-111.8669369831584
41.4229690604635,-76.57996341816195
47.68846308627936,-91.64076180996936
34.15793025463557,-96.70590568148413
46.28781459045779,-108.5191775154032
37.28160918866289,-119.7610901854183
44.47572897180306,-85.69715248123802
43.68776680067748,-94.32820384651237
39.90172487173007,-89.92401570985048
34.44287096252849,-79.53126516255318
44.38216604134133,-91.28199336665874
33.60617563060029,-80.40900277013895
41.39965265667481,-89.35018645147107
47.41157429639339,-106.1707626781823
32.31600263437684,-99.47340003397845
30.14307482537848,-101.5723129163815
41.69180592619556,-78.03720597818558
47.74672694308097,-105.4164919174136
32.79993492070549,-91.41487599286378
34.05474814167419,-99.08871918806265
37.09871300916132,-92.0382743783014
26.53890070088714,-97.44556470818176
34.34517766115676,-81.49523780217844
43.56518397838617,-72.68256719046606
40.93721107439951,-78.3298051916909
36.71400976662724,-81.6983200887936
47.43792335544487,-91.19198727933293
35.22418289419017,-95.47412788813719
32.53362031735221,-99.81141424371823
36.57698049158941,-111.7932457249956
43.02494863825957,-72.65531832689771
33.92981961732279,-115.2453981083028
46.26456759003245,-97.33497308713325
48.02057518872326,-103.1982598671207
43.80042358360794,-105.7835157101209
38.15018723559119,-92.36196454564055
34.719739133465,-101.701062365877
34.97366011964884,-82.75185945892939
39.41108015183877,-75.90566594369103
32.69063077786883,-91.57109114427145
41.17093482023184,-121.6891395721388
47.78239227919971,-95.54699199599094
38.2614978551223,-99.89669602661849
40.03031833631277,-83.92376564399476
34.41763727446824,-91.22324488498626
36.63012365770854,-116.3163489196593
48.48681041897485,-99.45574446692734
37.72343137407933,-90.79255489621266
44.03603964670922,-97.47059075784371
27.93831779714004,-97.61927212523668
28.14241222227643,-81.29394099552164
44.62763984294352,-96.7915543525098
46.05478840214877,-104.1867877049263
42.04287933809238,-73.94133182435642
36.43155963675737,-91.18204402856101
37.93789505344072,-84.20424704380027
38.82215341154612,-92.5027361755223
40.82909888086682,-97.37758159090971
35.9654555139294,-77.67869150985479
40.52965389845487,-99.25582685303047
39.10888509718539,-119.8427944428984
61.51813763360776,-149.2542579658675
36.75356543522798,-103.8205413670931
42.2036430230477,-109.2388407165264
46.11131063726351,-110.9745386060611
41.68700414394057,-85.68089837575566
36.58084366767024,-91.70700395763977
38.08129363918055,-85.91568450454554
41.90391237036469,-72.3039683014001
46.92761189437906,-105.3458841616285
30.3627995314406,-83.05158016598013
32.05447589929831,-87.82255866191443
44.83049370341058,-118.007180193361
30.27015303414754,-99.19018832968372
39.93680657629827,-106.5282745244304
48.33088404890562,-114.1973649579331
40.66823325627537,-107.4687537820553
37.01038889235869,-119.8285230144224
44.3620465369715,-70.58427107290836
40.5064457168343,-90.91457534133927
39.59047503342474,-89.9860508126324
40.11613393720275,-118.4239836466481
56.58374174103684,-132.5445892024885
41.13925287972627,-87.87195218412367
38.79640693800468,-94.72670404246225
41.30379622704372,-87.283432124442
47.7509550391269,-97.77480011412277
27.06344566085846,-81.83565872673083
40.8545998741067,-80.97986886256889
43.04755554950076,-91.54839305074377
37.53955150525096,-88.88149874947372
34.52269936530394,-100.0517639690902
47.15972967839564,-114.0854888491249
29.94052269638549,-99.68026545838002
36.67759668458694,-93.37274638223866
41.78085313206638,-100.8173569954275
38.93303693061917,-117.4881679789363
36.24033406593797,-83.45495802357581
31.57658780751678,-99.6777321852978
46.91897649411216,-98.75268896763953
33.78075121649685,-88.14429308215506
38.35935973370842,-88.42458773813394
38.14678592466623,-75.28781278589352
33.24431688492391,-97.28994022825016
33.49824470542164,-105.6990987804249
44.75669149704297,-96.63263400459145
43.43090685917795,-95.76145647996366
34.32695505861189,-82.61387042725305
34.65165827884289,-85.05777223072089
43.43290004015252,-75.74922977618692
36.14340999691331,-102.5090936234321
37.93658119197618,-118.1464293003108
42.61814926172821,-95.36808456284493
35.06360837832174,-109.5235361769701
36.6224384262053,-114.9195404622603
37.2853207552424,-100.1901642069834
46.99753079181261,-100.8000075696504
18.13954431653031,-66.97362702812008
29.1511917285311,-96.53195706034523
26.17275911201173,-97.72786878238706
42.06395646319016,-98.0139687311681
37.91423447081961,-100.3300507146405
33.77649204655243,-95.78854372308993
40.43437794581671,-98.29702306839874
37.79163457739281,-98.7396030333807
39.31248789204129,-92.53475479987998
41.24749544646272,-85.90678436112579
40.42527090328543,-81.20699699590031
40.24215153988751,-96.40111412221245
35.52447596001045,-89.58112603491864
44.18204933365038,-72.97764974624246
45.66394095247383,-122.2396750600047
42.56863783099292,-83.42773330713872
46.02817799469875,-112.5240654541248
35.9959538020579,-80.16955277900554
44.75520657818186,-84.25180429239116
40.93821427079146,-115.4161421044431
37.48340788936559,-76.94412077247691
39.25920249642586,-84.62751845557968
37.95946136849865,-87.54092586627391
33.4662975500858,-92.219453591052
40.60698034144827,-111.8669300692584
48.78728322456372,-100.2487892427806
46.65894549205094,-102.6845306950806
38.28078079121965,-92.21863059325699
38.45003581802174,-102.4262268993524
44.94322239443569,-71.38746326405034
32.12931083654811,-102.9465504995278
37.39816273033715,-86.12038533343642
35.65824002814131,-109.1326332918871
35.16961221240661,-81.73664889528986
34.25662794889623,-113.5690579922907
47.00027150894574,-107.7915303540872
38.39144190130347,-78.56140291793443
41.70258709914385,-79.84556267582022
29.34058652472739,-83.13940342302573
34.48973465982711,-100.9256235970812
44.02384715895732,-112.5363213556691
31.1485510953637,-93.17613947663115
32.03017929942931,-98.40426779683546
48.64576226048884,-105.1698448864691
33.62929294907373,-88.74045120593595
31.92388098554369,-109.8227697111568
32.31274274747732,-98.32046068912469
40.82933983478309,-88.6998942792771
37.27615076767746,-89.2057989005635
47.49070417844511,-109.3488585413122
34.07220579682592,-115.3148031706596
35.29843323339624,-80.46148717473858
39.65615527477655,-102.6110611166398
41.46793842823396,-77.25643285970165
29.94511073055083,-82.59208454420883
36.88016079166565,-87.62837060626188
33.6469248069851,-92.35431327452565
39.59304672121682,-94.72236608543908
30.37226685867549,-92.49433513600232
48.21368384890165,-97.97915746761839
40.3327171356175,-94.42105023636357
31.89623323936843,-111.3109671619863
31.19191886082452,-94.54369559323837
37.86569145930726,-80.75247889826144
42.11794198071184,-74.21536143669842
43.16316853046143,-89.78199314052726
38.5839250616206,-88.10567450926011
45.64596454279303,-97.72329293368134
34.913704674705,-91.93931332514943
48.89990647419145,-105.2173781939717
30.08311246404708,-95.47943950169477
40.19886579917684,-92.78557898549045
38.84398906736033,-91.38737792277419
46.91097006246325,-103.4747641203043
41.75454920878783,-107.0576039272247
45.48965131652989,-121.8322574566796
39.46894620202825,-77.7880034189036
36.80165550575398,-111.6767626209091
33.53922278045138,-80.14469038769225
48.9643831232128,-96.00749208693553
31.60786025190814,-92.0845400070498
26.25920433618032,-81.5947969379609
31.80234469915751,-89.27549398279267
44.23875516988961,-95.05296576213279
42.80837756317646,-111.8594948916482
45.40103791015343,-118.3497693206126
35.62205005211288,-83.9930000756153
46.47896713113641,-112.7231579527667
43.51159404029198,-85.47051583128717
45.33841554231591,-113.353750031514
40.84400726133494,-79.17693758985386
39.97171931951056,-112.2570345969318
37.81746414916767,-87.01262847427155
43.29223201568782,-102.0162376554703
31.44970814278326,-81.42784902159384
42.96800583294871,-111.2711874266728
27.25622393065013,-80.82094656070745
31.95634461017637,-88.67832264541524
32.9023023266496,-94.17086574282919
32.72645375887635,-99.49231427428495
31.44474095626856,-87.2703574185109
47.44168619116756,-117.4148120547463
40.70601837567484,-79.35557312868175
44.48478863920574,-95.11764107551335
34.26638275207054,-79.432175234527
47.981771423166,-102.5992281123482
35.42737521036473,-111.547214277977
31.43919072920421,-93.77858789541612
45.14615619398948,-120.8796649166281
37.98444943754571,-98.36521159304138
33.68597713991413,-111.9189491190817
43.94207034687373,-112.2167686251509
37.71434281869075,-104.9587772607645
30.72993850340468,-99.8531900194834
38.94979418458621,-96.39951242068241
19.96779662596426,-155.2056309173261
34.24500834318616,-85.26261711579468
40.16454941918287,-104.4456672781541
40.72053024301002,-75.24652608444126
43.95487957335578,-101.6611648084373
25.91873053117894,-81.39460506300142
42.93498422927577,-73.4968070257871
36.16686254373865,-108.6623077464427
36.51291033110587,-82.70234281896155
32.5419034984502,-84.52563580511702
37.20459240345524,-104.226261086732
32.21040517103491,-100.3235197202107
33.16612788923631,-104.5952795431053
43.11198269280295,-121.2414326598912
48.60678040321041,-119.7083810804271
37.61967785315348,-92.74332278325046
48.40035989780657,-95.60284012418823
35.45495326787324,-92.2373580462143
42.1233727496744,-96.00537507069805
40.05222783943312,-87.52475215797121
44.31865529016829,-94.6251000171158
44.85253844405052,-111.0626832565801
35.9803204880356,-88.92768543819197
35.55771920829883,-119.6986239681025
32.88249534246579,-95.28305378908608
45.53813257907276,-105.814257228675
44.12601712925134,-105.7116190326391
29.76996906821171,-93.4802121711375
48.5260277956757,-121.264896710469
36.8580704572202,-112.7763152170226
45.04705390086636,-92.27405374137885
37.55998068641117,-121.5813736515223
44.03363204790075,-97.18966971980832
30.40005343085056,-85.54321867862346
33.3575615406458,-97.1273312131736
44.39777165654306,-122.5356418566587
39.18540194712815,-120.0933317027279
36.28781557863674,-120.1034588936713
36.16067011384387,-115.074404567988
44.49388770976257,-70.44094197450033
31.75334036266996,-92.57533128376666
36.37580055553678,-79.25939352650872
29.22943685580047,-81.50140088916228
31.0186621437772,-89.11744721636191
29.71097535769073,-85.15190911894784
29.78782073441176,-93.7396130964339
47.52427524388418,-118.3798988531536
34.35544559599671,-80.38956140913099
38.39375967705906,-105.0969379583575
36.47705200986166,-104.9409860941621
31.47603836225773,-94.48133222189203
37.11988680012292,-93.82758269265749
38.97897356537962,-96.64592020494439
30.55388193443115,-89.6827859964116
39.14913990765523,-83.68895019318182
30.68702702281387,-85.476695350792
30.79821828211452,-97.67117960952284
31.19752603735443,-104.6488658160132
36.02747758070653,-117.9422606902894
36.53476176514679,-97.55835937382385
32.8863133272451,-82.92310899521918
47.5873941198526,-104.8911436553232
35.41456444125515,-85.01159502709108
43.18130031651307,-98.94505881956876
47.18250930818315,-98.42680187933355
36.3590861869182,-115.3551956823336
35.61633325112399,-98.17197067775597
40.66965580462224,-122.6901565319014
33.23315548278048,-86.03916553277226
43.52663961800555,-94.919169287775
31.76556962704378,-86.77902589542556
37.34908102679837,-94.58736954668413
41.37060698496848,-85.74962178977836
39.02424407368525,-86.7656320846985
42.29763732719995,-77.23752646327421
40.85211121745457,-88.62355679944933
36.28388613035376,-83.03397426679678
38.80084352900512,-87.09133027475235
46.33435037407358,-108.1284892221728
36.9479652400928,-107.8870837395016
32.4546827615689,-104.2531845135688
34.1870054562602,-118.2946227434505
35.58071977994394,-92.7553865602721
36.01299298989625,-120.1535669979014
41.07537644569329,-97.05241387425072
37.18675637594748,-121.727367702967
35.6121359656084,-117.5247218575629
38.30111148711941,-107.0942502956645
44.07513154372042,-72.0313918934424
48.65737722660873,-94.56060030436166
33.09119780152052,-109.0787223388462
42.82682920769888,-97.03574170636638
36.49125231848254,-116.5164337017776
35.33353038043528,-78.23229142211959
47.43260543689616,-119.2182409184082
36.85246239816765,-116.8544416583382
37.43160558669758,-100.3432570843139
48.82106848250822,-100.9339996510747
42.6355151935113,-89.52737251399013
32.39135406656261,-99.27974094278196
43.14629668992259,-83.03477423851199
38.77862052522343,-88.20606853387791
42.16415022537256,-78.50613057741255
44.15119243775764,-99.93737276686885
47.61707537645223,-95.01371260902982
47.05783278615887,-109.1420382942389
34.64028100462886,-103.2142323216801
33.85668033944924,-102.5579771669937
37.18182800672009,-89.36823366866388
37.98244143007463,-118.3196061516597
34.12591998556277,-113.5300887367956
44.46498560949571,-110.1294699809429
31.3614138512688,-102.3098621219777
32.52878516031866,-95.07030308250485
40.9764359876138,-100.7541936167463
44.43189233956269,-123.2064810729885
37.26027513487268,-94.32514596089318
42.96789850502311,-98.91858665105414
33.37071316554591,-101.8490457149422
33.61078000413372,-114.5746409199404
31.28670811657773,-83.13317002516688
46.18380727007175,-113.4606884877555
36.46836124832546,-112.1261344752577
34.94133340056968,-82.06186647304527
44.7311576289739,-73.00031262965103
36.75683418511375,-85.98886120560213
41.22695457075458,-102.3421247868749
42.96061522203548,-112.3961393204327
29.84628963683656,-84.96795190138589
39.94028079459726,-84.77633381363555
33.11384421895539,-104.4049900390304
45.07637351362882,-90.04454822559552
43.68259877556243,-104.8800011778741
38.28002203210486,-81.64525281426734
43.57525992236087,-93.37237996376601
41.78378033717785,-104.2080417152928
39.38736216323161,-118.6513629140544
39.93714729167754,-118.7626075520053
38.88426835181542,-93.89409504538567
43.93414919012802,-90.3931405643336
35.29070946754308,-83.38086259275553
36.28100290039595,-90.66886147292965
38.75223442887171,-87.51963368131666
44.53192733771527,-111.1184324959275
48.03183005576884,-111.8483468816827
40.0147915405511,-105.0416993547067
37.92918899123208,-109.4798131916397
40.92654773631783,-114.3290206961731
47.45415502147092,-96.9867483000599
32.07374671493698,-101.563581324375
43.95328771896513,-98.7297612520217
48.93379430830773,-97.16401755757276
31.98222891631081,-98.80946668818686
46.76418511541624,-101.8652194684338
46.50972457712218,-101.0071204781732
33.54257257828959,-89.58382704015625
43.82970395170862,-123.5968365224819
29.48064454445068,-81.43858695945372
26.58431931900056,-81.1084837867758
41.04884812752767,-81.40508656356957
35.15485745112548,-97.01086481519003
48.1759261532333,-111.4541919238506
39.59251465272231,-91.78500170025752
42.42596338731523,-84.69164119547209
40.39048242421021,-89.9550957098032
37.81058288627737,-80.47681222858664
36.9349666409782,-76.63742047380124
36.36347910411111,-117.6268239268527
37.90754824334365,-80.31796064410283
40.9545565374208,-111.4013664825962
33.01262286372214,-81.6412299396685
31.75540002911133,-104.9781140059616
36.99058228208616,-90.36948860188434
48.99553866520585,-102.1533981859212
38.17319302939185,-109.687428985504
37.90142656699373,-105.3310367673529
39.9922240431593,-93.7927499251608
31.95933791609873,-108.6876973258061
42.38626238320196,-89.85287793897811
36.54991563668789,-99.3618831377265
32.47527154421812,-99.5284457958968
42.05945021919892,-77.55175388773691
39.03824188034596,-110.3070745406987
40.81482027385871,-98.49259321569134
27.17130932251634,-80.57135136322205
45.75911259584308,-111.0370354626069
33.02946609547356,-88.18875388738674
36.08905312666241,-88.76564529032773
42.8509602661362,-95.03882869901122
36.27327790282023,-101.2551957426799
44.24127042700954,-106.7050268811473
40.68307998234804,-96.85149088347872
38.70180865040467,-85.02902950635583
32.18045425779135,-94.88456379700115
32.97934239390845,-83.87507766342563
41.43820803932059,-96.55850336635376
41.83652590390098,-93.81527448959979
40.56891340072082,-108.2731873538357
38.54711501108831,-109.4913199154474
41.33742815045446,-91.58101258657764
45.51061707757558,-120.8260595434774
34.94343412719555,-80.27254958985198
32.77822881834087,-95.44651756577923
48.04096518993313,-106.2275448349383
35.65694586564402,-105.6823629711816
64.33757337166868,-146.8239040220118
38.6234333572556,-96.43475440617206
33.42720984828659,-103.8963445018771
32.07629606378978,-97.98305490305147
27.23612666579934,-81.93679436194603
42.91799060218101,-71.67736384616677
45.46711419046252,-113.9909174727927
46.18832750444414,-94.18845885483734
36.90857800811958,-90.11909741365758
41.41902363849291,-120.8144746133457
38.49194205731883,-87.1519632727452
27.640071926974,-80.59688973223024
46.07355139949711,-115.3736080172309
43.74097360782077,-108.063022983387
44.85721154997131,-91.05886896972115
38.25805398504233,-122.7621505910641
35.60037531447946,-91.61554685697718
45.91517226552602,-87.5589301602475
45.72127446516416,-102.6625322117969
40.25559155813546,-117.1001614049961
40.72611288756652,-91.7038047423354
34.94285627853149,-113.6658569004708
36.79197195876596,-119.4028923154234
29.39672977095046,-96.88509159718902
44.09020838151498,-98.55212713870341
36.73890046550368,-87.09459316333196
43.99391104261143,-111.77795171322
36.75878509168674,-119.0587067858279
30.66636147727521,-89.52039502301794
41.00038057610521,-89.14370178635791
37.8933987712043,-121.4581254973368
41.13229737053135,-83.15949451884008
43.87097646318917,-71.9308772518541
38.67963953154686,-108.0961126822918
36.12343925988198,-91.24595204663211
43.8000233164292,-85.83443512930668
33.49507676716536,-117.6552578001228
31.56723710175676,-83.05998598471379
44.16978113696729,-122.8719166217293
40.20055394678231,-100.402446182363
38.16469014940242,-88.33893562019823
27.69883474932238,-80.87365203060709
41.42930523350049,-113.815033901429
34.39672521036549,-87.597823851746
29.92939276245845,-94.26354670023615
44.74854953900017,-107.1299334090036
43.11100208052019,-89.99142170681192
30.91716645000684,-91.69154624525399
46.08923750943008,-104.4319714569388
30.03659956585804,-85.31286337909967
41.87882760721668,-101.0494629102356
44.92667625492447,-88.41404951026773
39.64828665473882,-111.3658675966105
34.1161811062269,-92.4057327305347
47.40459081767215,-119.6188289531479
34.45104362476516,-101.3127020363222
37.64459204271242,-104.0169670363769
35.56472926455638,-92.0708590497894
48.25328049265288,-96.86237888269552
35.85604779622511,-79.64433045244354
47.81344215707406,-90.06072066796183
41.42225912172031,-122.3978223274147
27.48472343595582,-80.49596450308229
39.70565988317582,-97.46271331057558
40.90889679128886,-77.62210304219413
38.06833059158617,-119.0825031097521
38.1465244342219,-109.7791313515773
44.39289651609762,-93.08041439451098
40.84391975315049,-91.54160729156067
36.22083388330234,-107.4879040939098
42.33948930554513,-122.6737309624001
45.65253411298211,-94.79516294877357
31.83734449358601,-88.85626161212144
36.38665817138241,-103.3214623998144
29.4561284941753,-95.34327262089487
40.01393700684796,-100.482302269897
39.32017618515042,-78.39426279191004
37.36288384086984,-95.30286316322561
34.54265026853557,-117.5697388882454
40.32175197681072,-115.5341565753112
48.71020557454354,-101.8210798486864
41.75355696701803,-84.14598894649559
44.85361346682559,-110.7358573612534
33.81333066324903,-90.64255536861798
47.24218775068551,-91.43502221746142
37.85935930557516,-92.42239513410838
41.43850899404265,-101.286435907481
36.34644460911728,-86.21328661763201
27.61088709297735,-99.22826407159721
42.56415495289421,-82.78392550669362
38.69669709366239,-98.51667839094047
32.85386503339756,-91.68652381068743
35.19281114406154,-110.0673104218297
32.24288347408967,-107.508179374842
37.66287074718646,-105.6370120519616
47.21674623249302,-111.4861314939982
40.10655837712611,-84.200160760658
36.54215372835092,-92.8365921556311
47.31698161126379,-108.8046859171363
42.56704784577269,-71.06483811947538
45.54451085722328,-119.2741696277044
39.04358120384575,-80.92990439612348
34.88429992554945,-98.86672192554448
37.93922200296286,-83.92846922568629
36.90544820081382,-113.0202135552207
38.08265299750315,-89.18197382054507
34.77774975746975,-79.05012371796019
40.93093359981886,-76.52232667212226
34.73250599035732,-91.83147842731475
36.28924639301842,-80.1140286294506
37.21279561533883,-108.9676827292534
36.8360205810621,-80.40986515573043
38.04244951809896,-105.9132912079418
36.04637974302344,-89.19290268604742
36.32337077007877,-77.88805458730938
44.07688584235355,-90.278265837988
33.58719644237636,-81.51505815716752
36.88320057206678,-92.35034389429622
38.05816638603412,-109.5504603886571
41.80253774450676,-113.3372748364314
36.60868030007209,-105.8649147420596
36.60846499535052,-81.46743416896952
37.08601876648187,-107.7353656786332
42.36599475416945,-118.6444174408584
40.19626195577099,-95.67165694827548
46.88128971822989,-113.4826468797995
42.67273361834916,-92.03160673162206
39.34346673410666,-121.9842733431551
39.31186547622994,-119.8971864122048
39.13260598090307,-80.07909540831965
37.92039758932443,-111.0514134705862
32.65569233332494,-93.80952188507351
45.82766929843937,-97.10359890652866
41.6746048480903,-71.51515296163015
32.68163783576363,-94.49436929077336
46.03540383473334,-92.08920304679687
37.51330043387643,-92.90993915231829
31.22968007176308,-98.8523303124785
36.12707186489278,-111.2597529229197
43.59413230121346,-113.3769674659326
45.63545276833501,-100.6356976443109
43.59803638115724,-98.08625272135156
43.17161274960247,-79.00736510594167
35.6878541800938,-104.2825780734696
42.41380841319435,-82.90277276313243
32.75331033549926,-94.74903922897212
38.89388020668872,-105.9913590995221
64.8062533508474,-147.7782704405246
46.65433885674629,-97.97675052704615
36.9105046699032,-81.34829329428847
41.10155392904852,-114.3948232903074
40.18300036466709,-101.5306089865563
40.16471362637858,-109.1303114140221
38.63841628257526,-97.13313535270024
37.1617030199933,-85.75317187620954
38.02872582123872,-91.20398049611694
33.96813892850448,-94.75929768000941
45.46633112808679,-103.0947520550822
36.41712890972525,-119.6727474344904
36.89175815312239,-80.67622105007779
31.54733334208876,-94.33116755324619
45.49288639033324,-100.1001418355818
36.98555356919434,-93.30367524096003
41.47413550958017,-74.34627344107582
43.1574490039971,-111.0149743976086
47.77622600684037,-104.2929511307388
28.4799831242605,-81.56257940509752
33.45129094769508,-80.99480743594837
34.53030861854331,-104.9211810086007
31.97168770771238,-101.7533964098161
42.75119481906849,-110.5063459586458
42.38471799258995,-95.68915651126756
33.67251988097735,-113.4235149740192
41.3323147074244,-78.51755219994881
35.80177500571376,-85.90797367786902
37.18059680583129,-105.3294047310746
40.39269725192889,-95.79890664581143
35.38400066639753,-94.85398912896193
36.92993876883874,-104.2788244550295
39.6188803915589,-90.67581011092288
42.14400157568458,-117.7520582141734
41.60579332891445,-88.32393391536806
42.61527708328645,-121.1346387628452
41.96491177872608,-93.68461082386428
33.07463691104013,-84.82583836777782
34.6922843680193,-84.61410193589643
45.97241776471073,-86.40588825704543
44.84890740949519,-102.2681218051443
43.84129553454259,-95.97284363950853
40.81616970167479,-84.32744343430008
29.84318477784002,-98.02802039604586
47.07594320360107,-122.1929380597693
42.02147893840684,-79.78143125073069
28.65230331415075,-98.7769504160219
38.34442942648533,-105.7375563630501
36.18440730806879,-82.0785711208492
37.56602539583719,-83.72156547987392
44.68391113743327,-123.6186533072004
45.66557040741854,-99.52684996434301
35.52177453214814,-97.219237817054
37.10591263892066,-100.7909271323634
35.14125914750433,-110.4830816011292
30.01809717503556,-91.18410406381416
38.56524276788274,-89.22102518186335
41.55121631924052,-91.67010470649458
48.48416908757059,-114.0006769780779
40.21131405160611,-102.2460539204546
43.6512189574128,-90.01082756175715
43.45206259913459,-84.0941673846799
42.30742974307063,-89.59240535354377
48.73932746642021,-97.72855564404082
45.30171650344304,-109.202732220265
40.91190158359279,-82.35860212510609
41.85404890427836,-80.37109861070611
32.9224349084448,-105.4174472274967
41.5147593273423,-92.0963436252338
43.2142203915223,-96.78028758696145
40.13476058479463,-76.33210248474919
30.33456619690492,-92.93463842109848
44.10761652791815,-72.72815953843768
29.7511658477382,-100.0102885139355
43.31056729157928,-115.9167298333883
44.40574532339103,-70.15946460749724
34.04106445369074,-95.05223734873474
35.6851707411998,-81.34887117524218
41.67241640482511,-86.80200608711759
44.95740395435611,-85.65424706073682
47.73322501244136,-91.25068149857333
39.53243588601866,-96.23952087897838
44.72341951528609,-101.7597393242055
36.70463915227811,-86.41688015988785
34.04847459829101,-89.20002090705009
32.24511807657996,-98.06703047596801
44.75372022691035,-108.9943145091188
33.39835968151309,-79.61791726216315
36.57622597565934,-81.84961182161094
34.07563126132175,-89.89268416159388
38.72447014800303,-79.19381356843111
39.4175924574719,-119.3175153669725
38.6126975519728,-104.0168649140645
41.78705488984507,-89.55126435985142
42.64539462974498,-110.2328040616083
47.07449053799903,-118.1667346297637
31.82668736029224,-105.9293730018834
36.40827492185844,-84.66905218095991
35.68456867613872,-93.71207022815946
32.9146589206963,-107.6447962267995
40.60066773818759,-110.9690466101475
40.10196956790878,-104.1900768708155
27.32613799392472,-81.05408546854808
47.47309363701883,-101.7079745470977
48.01832019998703,-117.4535406985251
39.81295767625938,-95.48971618800674
44.52951255454055,-85.27825112509623
44.85956088120601,-88.14684163425922
37.03531419696601,-87.03777319564801
29.75646758744307,-98.90619526196316
36.52105070711669,-76.86551930983511
36.02523494079756,-85.5827309695752
32.70642964262787,-103.5397462082642
40.04550954102827,-90.45364697374738
42.73668030851189,-78.11442011627375
32.41126604552488,-81.10078831342494
32.20212678260815,-85.40431310697711
35.23295579333524,-107.8540593270055
47.19285890413418,-103.2231256747518
40.39973212691106,-80.52016756619601
41.62808296191043,-121.3779921357719
35.46619601821843,-90.02422877382013
42.21704276588023,-90.45051791014072
48.79600946239112,-117.2984867659897
44.50545498016756,-108.2035482620133
34.6681373306783,-114.6296122869737
34.5071093315394,-99.78894684022788
34.57143234735297,-85.88943137543355
41.39675179134154,-94.0711017493732
47.18295974841897,-93.66110575795402
34.23057145496117,-92.21849856974406
41.01148821994878,-98.59359082417133
45.07191490795828,-100.225417275433
36.76058723209648,-112.2650682127762
46.46695142042167,-110.9048297707423
32.67518543026712,-115.7986821331907
41.49916222090802,-78.03874089090787
40.55607528191073,-87.5784711211571
44.84070387995881,-70.70919914123154
43.47944411974527,-75.33539567521538
38.77133207705153,-119.3612200084565
35.87120608506533,-95.61590091142166
36.57703892626006,-78.24390862102749
43.26494923147831,-93.42820171960057
26.44874097760802,-81.27193247583986
48.43792564869521,-118.072072782534
38.81186624033128,-85.97708751351134
39.36917979538875,-79.73462927548172
41.63119415014032,-108.336655164816
45.22062286829654,-102.2394782190657
30.41774002896783,-94.5740532978647
37.78036104761025,-107.9450680855725
35.11679398907085,-100.3442071700969
63.2834574414892,-149.2138124798535
28.90387125518782,-99.07322059307765
37.49469944916766,-91.10960440335651
28.4593361725802,-99.48233901413958
57.2408971409949,-135.5619119492267
36.31698854588178,-80.80106367130847
29.69297090539805,-95.70099811990784
37.06294933723236,-118.2388730167118
47.35428531221143,-96.03485899201247
39.17869349840258,-78.51578567556889
30.65647454599864,-83.64133461282219
42.13429443831877,-97.8346745701555
39.58234738374145,-77.62190391576532
35.76743933550811,-75.76911221192508
31.30337952241733,-87.86439016223072
46.79549139529061,-118.491050081802
41.54195925554762,-109.8786136501234
43.79242924674852,-96.4022330143209
41.58551755987207,-84.72880994617142
35.16073810965248,-98.82812542007598
39.87974018113799,-111.0422299491417
44.14209771201035,-90.49637724341785
38.86387343119842,-82.63208100232063
26.27770248897317,-80.91034244188671
47.69487644594771,-94.61643239468793
39.70397850231122,-76.28511253926243
36.46091764421926,-98.42639901753432
42.76558847948893,-78.80910766144977
45.36184833163362,-69.64823787782383
43.46467899552022,-116.4637070788886
31.77543886462041,-91.50819125125203
29.72362404904636,-98.19942363038047
42.69649153456336,-97.41852347972075
31.18673333446226,-97.46382665784506
31.82010022121743,-88.13124360083152
42.764242397972,-98.81124242781601
30.51545929720061,-94.8269699189195
40.71305423897875,-97.54032223167611
39.57985613624,-98.73661861793822
44.28455646172696,-102.6935929066556
33.10626274331639,-110.9463844061809
41.41957776171774,-77.67680127290647
30.95020435913208,-88.35436155393185
32.78089428379512,-80.1628479016151
31.57810059723997,-93.93627349231782
36.39763741531177,-97.4582932868035
39.54798852684677,-78.04920254758093
29.08466101732539,-96.25854931865098
33.6526843595762,-101.8015716061358
40.68635604238388,-115.0633105386286
39.20701128133935,-107.9836336468207
34.22010565535118,-79.86326927342564
43.8572937420988,-102.221003964878
34.38319501899304,-81.07367824192869
42.60129156236233,-88.83785126997012
32.41104905044396,-83.999968293927
40.7868314885339,-121.9058930176912
47.59659277424307,-96.13100518404377
41.22110029891945,-85.210298091906
38.5237996364804,-81.99488810548516
35.68261312163154,-76.62737961210526
45.5491386246851,-68.00656595249656
39.13828053757034,-78.76847704881028
38.53005774438601,-89.64925176128753
46.26438225911237,-105.7398621854736
48.37140507500675,-124.5889213363247
34.77002622562142,-106.6859075970763
36.709600923667,-96.9700963809975
34.10213488538989,-82.93386073698525
44.12326829138126,-115.3443844522805
38.20996744996306,-78.46031669677323
37.40528235927064,-119.6005003142324
40.21579917674448,-74.58292932626252
46.74585615024422,-117.1088818407572
43.24830259707918,-99.26738874050227
39.06017253133486,-92.1674726900554
46.37130179377463,-68.84642662657392
44.29809542312506,-91.02367584803986
34.9082963753916,-103.1786883056925
43.73125969165806,-70.29614955632485
36.99855239498284,-100.9222709608504
41.75206497620147,-124.1465053384733
47.64728999244327,-101.5509879794353
36.2901157497043,-110.2996728262943
41.40481593330168,-78.7929185424197
46.82239683208277,-120.689062188799
42.26524302618188,-99.52672538317998
43.91065904309308,-112.6076484842244
38.66182621745539,-91.30280171847502
41.87235163522395,-104.4066898140973
31.55050647068095,-91.8274193878267
44.98785172341972,-95.59489401328372
44.81639816727169,-71.24803314802787
48.35843129093633,-121.4640120607776
30.78926312712323,-98.80095041377675
43.63508674682944,-91.14239295014467
35.08047883549937,-97.86443758956442
44.73766153438909,-97.73502384813605
44.21541152051851,-122.2624043861891
40.08403167551481,-108.2284057641859
37.44500328098362,-94.48256724833873
40.34501240904028,-76.22277391311836
41.56649088392182,-85.84725399460572
37.44022975926791,-97.36852650739519
40.54546245776639,-76.32469051785458
44.34472226731297,-88.7854044273926
35.21225740947492,-88.94817557354465
37.60262232351871,-76.78612579377668
35.90708434735775,-110.8817828613139
39.23400376248806,-98.35116436553164
46.60677960669277,-67.82768175095077
34.40432296595231,-117.0419977850486
43.53547152406914,-121.4636250959323
36.11209327005316,-97.09106045133692
34.67499923880533,-78.08767221657116
29.46317619507831,-99.37493408830514
31.80877623207503,-107.4658249511834
37.29412500356023,-79.7621665360798
44.82543777908297,-103.2073683975163
45.80593831173424,-120.0424516380538
31.78428233366607,-82.75482688618759
36.27624224457166,-109.2833193654159
35.71779372743266,-79.11923889468348
44.38024034753749,-102.9563123253969
35.76544975711963,-118.7100622471156
37.74731179895869,-120.9118854124671
48.40628742703439,-122.2136602923094
42.00755765689801,-73.25726540533138
48.23695473444139,-121.5903106240188
37.61606167606172,-114.9788323585285
44.10396251407222,-119.4674858588791
36.37092199826947,-82.1774137244909
42.21046659226456,-98.08715880559018
44.31640084446408,-114.715960266689
43.68352503463183,-107.8116590970455
33.75970314034239,-99.45189164854227
32.51949514315253,-91.49870306797045
40.13402098120681,-109.6431714821393
41.42549706579695,-94.75810027101915
46.31205440950788,-98.99254567686644
35.80286221045938,-115.5245053190959
34.6208815362583,-91.99413707313319
42.9161765456722,-99.98314082762657
43.29867931473618,-74.16509348562346
37.04255640443738,-84.12064437960407
45.26353908299563,-102.5022517618214
38.47757444677753,-95.90849649934698
36.05260322353978,-101.5530178440469
40.60571489236533,-88.94739642064589
41.3556778631655,-79.21772304829459
35.23900681374251,-81.99947908207312
32.48298227994323,-86.06080770116142
47.50859063841358,-111.8062296172
44.21076702652528,-121.3179200366465
40.71386667977592,-99.34600073032183
38.77765202525357,-112.9270545991995
44.93482017981034,-116.0512119024993
35.92281802990921,-115.1973296265295
28.54543683174083,-97.04341746508852
45.34099763199582,-97.35961943603508
32.57675290295946,-88.82307670741854
44.25873496251467,-103.8010301026128
40.64785546915336,-89.64820324625197
48.44463134335676,-105.7180681834878
45.40032408630361,-116.4089713970482
48.69862563544879,-112.3201920242518
41.70923471183796,-84.56620449889616
36.12973299636896,-95.98018591362631
36.91398198204319,-81.4586239685978
44.95671187969802,-87.29559971533105
42.4484769954017,-75.95257476581835
38.83005392107777,-104.8647235597223
42.4333333300888,-89.42704856148555
30.48403242287406,-95.2484555462126
45.14343039990075,-69.62735929953814
41.44018918188184,-82.66874241501381
28.61509802551446,-97.32672337320112
36.1997002620263,-91.52838966246914
33.35820729306488,-108.84623352121
39.27955931036418,-77.68066226735252
36.14526714786086,-96.66840359956166
47.19850289044344,-95.55158854799068
38.34915167367848,-105.5088227942998
48.4979715352005,-122.690066364504
40.59785764951713,-77.7039295509748
44.99887916144448,-110.0517788002247
37.43390175173003,-80.29206172549641
34.49535795062036,-110.3399555189461
27.29381080268355,-80.39467904093627
34.67007140227075,-91.56815438417753
45.62118704001393,-98.83798383961992
41.03364045145673,-110.9635128724426
31.6069152843405,-90.2870959503581
37.67468186700329,-119.833208674329
39.38745770443285,-75.71570591870281
39.27405372248874,-105.6773642634637
48.21712412141753,-122.7001573098974
36.80310506305983,-96.11064872661176
41.93508359937414,-94.80311236895285
36.68367388946047,-82.82214475129494
35.35055318710796,-97.42363540995805
35.84790030728474,-90.1777425171915
36.85579855952556,-84.01936058542493
34.47649626478164,-96.19782001646003
27.85582067345982,-99.56271985606176
31.01221750861766,-89.7207535193006
37.54925913139469,-96.54415665779456
42.97648027082019,-120.7149177430511
34.89085603234082,-88.32298252185076
34.1542158501897,-79.59257825651848
34.98283412920114,-116.9311710885823
44.55472699155818,-120.3199811898287
37.40520187115963,-99.62842684425301
35.67167944533316,-102.4708686038128
40.44824502051287,-121.8994145774057
34.88396778675568,-95.96495207547426
29.00994222020278,-99.62172386396175
30.24137303311226,-96.69708993585446
32.70796462053711,-102.8119272213397
41.88093370972837,-122.178461434402
45.33000295153399,-109.0113201381363
30.9563180168073,-86.53482111780013
39.2617745294786,-107.0392095553082
28.74560413369329,-98.95421722324387
47.2829255121467,-92.8534466698319
36.40637618394776,-114.5612561021842
45.7692079055298,-89.21971319927152
32.71839979988911,-116.9907123501943
35.71233028674031,-92.6051826022075
47.97295304847142,-92.77801317970052
44.91515589047685,-90.63314516278282
46.32386476832093,-88.0883579799289
34.41411497633068,-118.832356488014
45.81203991516723,-87.72139209585546
42.99167740560333,-74.87145487955767
38.91233643178225,-93.45521928267897
36.14944887225789,-82.50092815406532
42.35410525053594,-89.16585039184852
33.74907847539574,-106.0793167260741
32.87527567093886,-101.1323461952375
38.1742809661934,-75.95035042186154
39.46832558859309,-116.6708039536238
33.17866399711072,-79.94272303116966
34.8030266259884,-116.8424794510274
38.40357339488465,-85.08764498400564
31.68133784809282,-95.24696828126898
38.45812148851841,-89.36426790890046
39.94173781777013,-97.16264976669397
38.91725227672791,-76.36359056872563
41.06189645679724,-82.88719023395768
29.78907652949756,-81.37690808740992
32.78141001946952,-84.88491447351844
34.65242642787123,-97.40528467874559
44.70842668421074,-105.8167586738049
38.77594191953413,-123.5000527270469
37.95055932967718,-78.09602799097948
37.80359705212017,-95.73880424964216
33.03195666712611,-105.9682990254716
47.33680403533832,-120.0820884462747
36.01525669346405,-111.3958103256126
31.09440738931461,-88.86922699303794
34.96930989889925,-98.022659977364
33.63682296946791,-102.9124278480407
40.5656019481564,-109.5996082578077
30.63451960655955,-85.92532486595975
42.29222830411346,-105.2550265015294
32.58672389465893,-97.485282378887
43.85227726923414,-90.13448721000915
48.86740546016799,-104.1155798575756
43.66094353352824,-96.55373673052692
39.35476873017359,-115.04257611276
35.26054626033073,-97.95367402392367
39.09622319909947,-82.30664880313616
43.81377511555641,-84.73055758505603
42.53928089452788,-73.34064333702801
39.55597162190626,-92.20896214898346
38.81462367978219,-89.56926026225788
48.41240742552567,-98.49956440659261
36.03349449073382,-95.01136016091826
44.82052888388267,-90.39801471684848
37.14425682346031,-122.1563414405207
30.1985034864086,-103.5797299591896
43.92898132884928,-123.9005880331502
39.31540983660781,-122.469197948946
45.7367197298839,-105.598285212641
41.59646444765497,-86.53240783291733
46.9207467029941,-68.17872040715851
35.54187821849832,-111.3797303931997
40.32265561529879,-104.9797697667669
36.46853358758087,-93.68520716476294
41.45266174460214,-106.7746767220707
30.80339619096965,-82.41782472970536
34.97295967508862,-85.66941902601151
46.74171224680043,-118.2276114988796
46.78414278415305,-113.0746582067235
44.80064584353132,-104.9488939882391
40.44755593374001,-84.8152225361765
28.4361646777864,-98.34548638950153
37.04962873430099,-85.91436431854147
40.61783966309105,-118.2308914543803
43.98284264243055,-108.1498574071097
39.55251341018606,-121.6612707908012
48.78240429563846,-95.54878871809835
33.88482377116132,-93.37045485012462
36.85766252588443,-98.91714521917505
41.39436328029086,-96.99036985457197
40.87152520990834,-73.64723821369807
43.48739206557825,-72.41982131534562
44.34534818079553,-110.5883558730847
44.0081791431933,-103.0237333322881
40.51204435949292,-123.9895569363936
41.39513139386815,-77.00380848500022
38.49011286224669,-115.9328044619408
39.32359382587922,-112.54284392867
41.50979718021286,-84.45887922522681
37.4563838740369,-105.3638742192771
29.11343218030028,-96.97938600766922
35.54914691314143,-100.8257194465876
36.37738199278921,-91.62178706457088
35.39483800983646,-89.01804161080184
39.55358933212997,-99.84459600139945
26.93996609836498,-81.30926305792111
42.6738196479843,-73.1356310914189
40.31820564351588,-80.25130300238206
34.15619822439211,-84.31461108001292
44.05427479821785,-120.7782349978998
31.05169069737635,-88.19241654585116
30.10320549407802,-93.68963269067817
43.70064514601282,-89.2214369472193
47.43765750572923,-118.5518454642188
43.29582565516514,-103.9627835079705
35.48303611810342,-97.64169451702514
42.36798759975445,-70.96792913662972
39.62104994491014,-120.1913266526128
33.75927681160362,-81.624963854842
32.28457481150813,-108.8730163268583
29.54136741142955,-90.46781115120572
37.44058475758268,-89.73208566224342
37.3730547022214,-96.02924261002984
36.33510368361243,-90.23776050382064
33.18674036557076,-109.3857918249456
35.38006821535745,-79.98238090553895
46.73978461346343,-101.1116784890625
46.75937128819078,-95.30706607580491
36.78195734352176,-86.67482523271356
42.82157096848221,-95.46456746899653
43.32183628489354,-94.81695482491412
27.07376330486421,-81.48164320936658
39.23043976272449,-88.67032200044123
39.23893291733047,-78.10846682789344
31.42715793520475,-85.4654501522439
37.82678617274594,-88.81715561191915
33.94370418365025,-104.6318260386101
42.25236598023457,-85.29962336507977
35.9986444232592,-103.3566228984051
34.17718356653985,-100.2901681220618
46.5355127762193,-92.97751796022011
42.58250580376809,-106.6998339209978
37.890040149583,-99.64336831587356
37.38635878817539,-97.79781478779492
35.58237874547174,-93.86556121609263
44.89594812647076,-73.54928498113307
45.86647896392721,-122.5517710590787
44.43072373996193,-90.8571073293067
32.06625421586762,-90.32182462163883
43.89195722913815,-119.2291090147692
39.36679243921023,-113.9929264705104
40.70917342438993,-73.19154636410919
45.09271350312525,-99.5118074979544
36.72275221826011,-120.5678155412838
43.64931599859825,-94.7509624883923
40.4600426685004,-111.3303517183513
33.90914209431804,-99.65781224093982
42.12058119265917,-103.6791455410333
36.10427290167156,-78.21574088162127
48.26294546480559,-113.5777872131114
35.89575320932232,-79.22077199083589
55.96022983765556,-130.0622122169082
47.62111747935834,-91.40580146995683
44.8837703219051,-107.0084280039707
29.5676856209605,-96.98390921696155
38.09081893567465,-81.52893631845812
33.41307192302245,-80.313194958525
40.07335471162048,-96.30352444372237
40.82988361856781,-105.0193017206827
46.15353552571975,-88.36879540141577
40.4515838222654,-94.2903944503082
29.68927925370489,-90.98375570818924
34.16321922360443,-81.3994210918028
46.85137400413598,-108.6777036347906
45.54785906971972,-95.67580093053061
35.83833819457093,-120.7578705907392
40.28999787763352,-84.28887224979654
31.06306431908029,-94.70506259146552
38.87625760637562,-92.07813495200706
34.76508181229291,-77.23754803873764
28.81991606166609,-99.8539225524683
39.03902469025599,-88.57759499686242
39.29894346833672,-84.21236899083007
34.07513907660292,-78.19865055303383
30.20003633967499,-84.728079754671
37.22477718478914,-84.22163866102235
40.61092421606465,-96.58856925682055
44.83542015549097,-87.45782045978076
31.85348064209996,-81.20223850218423
36.22590937333685,-102.3126341672904
40.90337500567353,-72.90867037269454
46.77267673776552,-108.3908755838982
40.29621710599245,-76.64656021278405
44.85453348426229,-83.41924048100053
39.91394596612775,-84.08579789010497
40.09864277748396,-102.3852435401701
45.73597551116697,-98.67535233309869
31.98535627788841,-95.89567414249741
35.29894691071087,-92.82217371850972
32.85848287628097,-94.59120987777787
43.90826761181241,-100.9446872528315
34.06081700753793,-91.00323739977858
33.9544903669395,-83.52455275115932
38.31248450771159,-76.49224195203702
41.65453066865801,-123.8647158322417
34.63007407811859,-101.4365693425053
46.40751573928419,-123.6763395062319
38.35513924105095,-81.8862060682986
47.65075270661187,-95.70481718345158
39.14776970941396,-123.691238183822
34.85290623902109,-96.40620136717483
39.9352073114158,-120.8674408832521
46.63349451337528,-68.44908594270261
40.62106796370088,-118.3667587024456
32.8180238455908,-86.25897255951112
45.48432506439293,-67.6090440634106
42.41051525306866,-122.175991097106
31.83871247448995,-87.04682522325257
37.19491124162742,-78.80948847255551
42.11961364759841,-111.2943982417179
32.84542083134404,-89.18214292800666
36.95539558702437,-80.24971696104072
43.18637628787411,-77.88662967869514
38.88034274983553,-119.731027030596
39.77456561131307,-93.00756547106143
42.75876898490296,-101.7171600468553
44.19466364601606,-115.9367576181644
38.55458571291975,-97.96165393313728
34.34872616734206,-90.9500762072577
38.2493140730957,-88.16921436284227
43.50837056524728,-76.03759985397171
43.68751528597392,-70.7714519682913
36.55963879582466,-102.7785868612287
36.49512090370896,-77.97715161413103
36.76928989149283,-114.036671541717
41.47569895503557,-99.00106969733588
39.78886142022563,-79.5285931986087
41.58279427774725,-83.08918651268078
34.06382534250915,-95.69531353455388
32.72327184688971,-89.34933646159693
44.67277931348971,-71.64527006855451
38.3286784292916,-75.37979462164517
31.21520681290741,-102.8914082735047
41.25703405161022,-93.56356702929997
36.08269547415055,-101.1271819221439
42.97167346840326,-71.26377754785884
28.87827367981131,-95.47108198484555
31.86306968053186,-97.17422423304401
37.26783201384676,-87.4129797823233
33.62943320593718,-79.01310895983205
30.78203454406177,-88.24407924833001
39.14785711369721,-100.7692328657856
42.57263425336932,-88.15324861622308
39.10674225063244,-104.1441574831944
36.86675892396807,-85.81297513172174
41.43890650603552,-88.93386063526619
34.86112241037572,-82.9139559269563
42.00768065177792,-93.25891683192839
38.46446780477585,-107.263276718589
27.80745136258275,-81.81938488251896
37.38706644595573,-108.3541854159539
39.97257863037201,-105.7995351743179
47.16312727204224,-104.1988105074738
37.07552357756924,-109.5488026853376
46.73944128165365,-98.22831025301025
47.72338931406444,-118.8888428205128
42.40943760733524,-102.9737395269405
42.17070389810424,-107.9375152633331
32.34306731229861,-85.57005600856631
39.84087962965705,-75.48775390139141
40.43950818051053,-112.4573869161152
42.9955614220334,-94.87608548501244
36.0364670124714,-102.6677661437617
39.15688587142468,-122.5789355910393
63.0413500495866,-147.0727916637676
32.86741389565821,-111.6801500619223
30.47131046058509,-82.89527319200292
36.21942079638688,-118.7619138409484
28.87172071327488,-98.39490993397379
39.4913740518177,-101.371595488808
35.67280203281111,-83.08776743111476
43.74227019120479,-99.0326575259196
37.02008263948078,-87.39494728456567
35.40418331930744,-83.2143529631716
34.88386923046375,-104.7345210011378
39.42035911175632,-115.9208217590604
44.38854698314887,-88.37464431718449
42.9824480478262,-95.99089148943011
35.15149720979333,-81.04991510864427
41.91839748693803,-110.0637954578698
42.72109519424347,-96.31590243626937
30.66847273613621,-98.95343168435141
44.387497755926,-68.35716910420429
41.88544455917527,-118.8320840225752
32.9800129556588,-99.18576132825855
37.48701186093589,-78.75769701458344
43.18401674985088,-93.17125684669898
35.22833146758151,-119.6404007305994
45.99339191197714,-97.63980463295151
34.08475706725509,-96.41447080598962
35.02230982452028,-79.40364248675361
33.39852633911983,-111.9832094290459
38.45569725351698,-97.02233575006653
35.93339157967133,-112.9283675511602
40.30701187743772,-99.56891121457411
27.25775251786175,-97.90525284745648
47.16469897939125,-121.7541211371578
34.02017166728411,-92.50995447006055
39.53924994221095,-80.96853434812222
39.4240110539554,-85.85442416829545
47.54922742463032,-93.6493591176057
42.71042701776135,-102.2044159537133
45.96462197969858,-97.90433800514937
45.18369630372612,-84.82857743013568
40.10044982898155,-116.591704515792
42.96752803167009,-111.9972804389682
46.47197163287391,-108.6470162133275
41.50442429090042,-75.09030348698363
38.63817808601404,-78.60779938269208
45.66548015767412,-121.3353409899866
29.98959044172078,-82.1639759894914
36.82153586765057,-96.76134878604704
31.62895130244955,-84.47346128727283
47.15417913308869,-99.52362589110322
40.37757906084152,-76.9115056946036
40.43751499290504,-87.73503515683795
45.07006956153635,-109.3883303816105
35.80248023526617,-95.35823153856761
33.22428489458682,-84.23877744434796
40.92606595301074,-87.76882203530185
32.70601695417433,-90.46211643199817
32.48020100955461,-91.90263047541866
33.41221949715682,-93.78297124627638
35.45302929252104,-83.84844397974194
41.7056537195298,-72.20430705185747
48.93027475209928,-95.36065147734223
35.06001840947999,-94.2591247518634
43.28995456444262,-91.20335607313058
39.43576652749955,-77.56995496076642
29.72588303859127,-91.84587934663219
36.49129186649839,-116.1567604047723
42.88646777671823,-73.92175755502026
43.83671154089081,-108.3326153640464
45.97666919578405,-94.74269004113557
45.337471049166,-117.1133031942759
31.7249999959472,-96.65611916436453
34.47079838512795,-120.2248954297571
39.7640962747623,-83.56130128026314
48.29604635804151,-95.7492400821233
43.28070367627873,-92.29885872767579
34.09724689495064,-89.7193972478032
37.42243893739587,-109.0455252442095
37.65648683371069,-87.60167833161272
42.03476323391668,-112.8683054563421
34.55166377735542,-99.36896507991231
45.39168992509686,-68.16968422258824
34.26885833715884,-118.0638939628478
33.89538412191433,-85.06528578040256
28.88877749078112,-96.58501626651534
46.48052236647464,-85.06723017204706
34.40236013166577,-89.4009815775311
43.18659111353205,-123.7044059159498
42.013091624918,-112.2027013796763
42.47414917644187,-84.29741142199057
40.39218694568257,-85.24025965358382
31.04751139060948,-84.54582337152962
44.89031355233589,-93.55151882953827
37.5797624633341,-97.8998519029736
34.76845879579533,-110.2435666158805
40.97046014576092,-96.10230114340213
36.38006631568355,-116.3019392582987
42.13774487828277,-110.1863539224152
32.35404715463674,-90.26199989652798
38.41951676423524,-105.8001256250331
38.02109307915969,-96.55911347199968
31.73634351366319,-81.38685796767952
34.42025469226446,-78.84134622737882
34.56523368483096,-98.26248524906266
32.74093652751619,-80.59250864933952
45.17760262411349,-92.1097133466135
39.8588598362166,-113.3020457630379
35.71637866385947,-119.1339034665892
44.85605309215514,-123.422452378745
40.55694949273246,-77.02281972388748
44.01453333388181,-70.65834323616251
31.98695882908104,-100.5852855786025
41.26562002743638,-117.8912157690104
44.04336054219909,-94.2690925026907
41.09106893563845,-101.7742003485848
37.27169642221811,-100.8788304215851
38.38372811393388,-108.7489892628299
46.87265345071049,-93.34188882252326
34.23099749436297,-89.25926918600757
38.46820646081893,-113.399949456444
37.54803951175795,-80.12544129672122
40.8879372650815,-74.03022028747165
35.58764364164821,-85.12939403682735
44.00540654142299,-110.6786077545163
39.3993797597579,-106.1877940360065
47.65701869353894,-117.5129570759625
45.27506733039598,-98.92793204533078
45.86049099184989,-113.0834962162155
33.61241951189975,-92.76793407346226
37.43641464178477,-85.01282427873264
44.55837114169493,-73.60823930592578
47.9476475942243,-97.19608870433585
41.00209678172904,-104.4094390346634
47.00155935537939,-114.485652015312
39.68311025840453,-94.98147430728623
30.60456055709854,-91.05826776438487
33.54695665907488,-86.67106046315192
33.04132290021398,-96.50132528798522
37.19125820983302,-92.28635409079806
41.70723214195034,-78.82539496398827
31.99036272273334,-88.25837440169214
40.58888560127718,-88.25923224248261
28.39669706276499,-80.59417568484214
43.0814001329967,-96.94371211874687
39.12720629726078,-102.5724585287214
43.87335257534656,-104.2905846868868
35.30822786911492,-82.26069980428588
33.49280502351347,-114.7271641219087
37.01261829887623,-96.93982462660962
37.04725007347697,-101.2116446226001
37.95277970779015,-98.10389053724731
41.57688785778743,-90.51715969086533
48.67215973657576,-108.7604395766663
41.823460411784,-113.8216535651225
28.25419889450951,-98.2538194045219
30.02712871155697,-97.01556436855296
44.5457366013249,-107.768739061336
34.56522476161766,-105.1641365028119
32.82466443240733,-97.94035899638028
39.4604290585029,-105.6857954780878
34.30987539207796,-83.7336008574695
45.73255905367393,-95.05691402840704
46.67887610401418,-121.575467154698
38.78437072350555,-85.28371138716409
39.34778255753194,-93.23353214686537
39.71553297827236,-99.30069304130483
47.19931927364499,-110.3823782190743
35.81153851979615,-107.3101449609771
40.56066533808503,-79.92864547481592
37.70316699279502,-94.8174731542443
43.51414258114795,-93.11096907139155
39.19806605960124,-75.61921099486133
35.04605722469082,-87.73177734789691
30.55174547212275,-97.32192517169959
37.52999899030024,-101.2171468774892
47.62220029680471,-110.2897527154818
48.47051619600627,-118.749693555313
44.22573649042371,-90.75457526223643
46.99655819898076,-93.17740968944119
37.07282840720129,-89.52665722594142
44.7463936015677,-74.8289947114442
38.62674602109156,-93.51477640964838
41.68962210411343,-88.58987589784992
39.02818161980291,-94.41017063009924
44.19393613951433,-105.3552346444594
42.63038686836769,-91.33112727576884
33.88020692072539,-95.62943496509298
37.61279379653654,-83.30874183916613
42.72427991116165,-91.59439707858644
30.7367215095661,-86.86483746847338
45.57447082358451,-120.3856552983839
47.4365450821816,-111.5229362310546
46.81960741466048,-98.48886351675183
35.94823624985126,-94.07275108135488
31.15711078050098,-92.05330767579223
48.24386458356396,-110.9934435164109
31.10951076743565,-100.1980686531196
38.93590217442429,-109.4227741945114
38.73196931753939,-113.3580968236928
39.07938033113315,-120.4955702465269
47.86229318628874,-101.6466597687099
36.57361176013148,-85.88823960715577
37.09163082329921,-80.77606028436772
42.23189907428145,-101.7141773849028
42.1301322134839,-93.08825845828628
38.47578822291023,-103.100878548698
33.53482311801025,-87.79793493001385
43.17412260860314,-71.36742154451811
48.44764535006925,-98.07910379426967
39.40505073094812,-94.60689640703346
39.4876491790037,-80.73629340418883
29.58729240487057,-85.04663072683049
48.9948900432591,-102.556052157018
45.25543176028614,-120.0230851193267
44.4254784134868,-73.25184672452659
39.56255313363096,-101.7068193993759
33.88358856537818,-78.54768785669488
44.46737271463379,-91.55400190739172
31.8626435750562,-104.8161982464588
34.45774761435014,-106.1030132362852
47.91630412911151,-113.8383328452665
44.42670879526926,-86.1363598818311
40.84297958610979,-95.14845244442732
31.81192936724773,-105.6581646014903
35.00895634129113,-117.6087381513711
30.8492559060322,-83.78387545822939
36.82893629288914,-84.07659041148555
44.57778681291034,-97.2186578029151
40.75941462003148,-109.4709758748306
46.56093884789204,-120.6234853919466
31.14941089964262,-82.6049429872835
43.57949594692499,-99.21114578872128
33.77579766443611,-114.7060440990649
32.80832134239293,-80.85684460891945
44.29759397635348,-93.93859197225642
40.8799427704994,-81.6767536814473
36.30541965540426,-104.1458377007365
35.13797985859443,-118.1144801149228
35.80487620489205,-78.04241741646716
38.43848699850101,-98.090370044471
38.69434627776491,-102.497980682971
46.72010135060694,-99.99522960574745
33.3659935839029,-82.97322857199501
33.37037541267738,-99.98797399142333
32.34321768554296,-88.45811805544713
44.0412902811651,-98.98636903720494
42.95448576190851,-109.7874877044747
36.8938418646194,-83.59540826269577
30.11495910519409,-94.35237660127876
33.55732595616557,-88.4735450489198
34.08990789103364,-109.4370400139252
36.01954143841373,-100.8504627659899
34.80289193799065,-76.83288235808033
43.71044038967479,-122.2990380236728
32.84319474840542,-103.3510433848674
44.69059537932379,-90.50640458243112
37.70902109787068,-91.8894760323966
33.09798462193761,-90.25630616087673
31.6380001184878,-109.1831183074702
38.6097599985799,-79.35079351756701
32.43444263461596,-98.85234714046649
47.91408058918402,-96.50388004426527
31.7728089742926,-93.30551471292753
48.37311807956152,-111.9476079805927
37.14409124610032,-77.44224740172855
42.41259140382982,-121.0982057194558
32.6678251077437,-104.6487387865165
35.68997382748174,-101.3634847177626
39.41666246318533,-121.121985536087
44.08401095827772,-109.066621068484
47.65908331642859,-92.77535060654441
37.14687542175694,-86.87875767308975
43.6807981939991,-103.1880380271555
39.94667552292845,-101.9363606487611
43.99673222766018,-116.501910496297
36.43214591212356,-111.8678719114646
34.22773532997414,-101.6729135926349
45.18747936892791,-121.5570792891246
31.75913271135793,-108.8093647795698
42.60258909229029,-76.47620093771911
39.14293985502011,-94.24849965731858
44.46423296152052,-71.54019080912079
42.67354716582869,-108.4054336531466
48.06575778072764,-123.5819437913026
46.08187148893251,-102.6216941054326
35.92422839492912,-119.9148765966548
39.93207284546369,-75.33283033555674
40.08054099398637,-88.20936831965116
38.63475219397246,-87.69412287824747
47.37355361966098,-100.7157589032301
36.95380402512932,-109.2934549613554
32.50743732003959,-82.0452011621203
31.25488030644181,-94.80993607305703
32.7951024439311,-81.97236873971654
37.95514335902939,-82.81972404720793
30.63913166851631,-88.83405546812146
44.99341482722576,-116.92228389716
42.31440123185589,-108.9983049613672
37.28186234600472,-99.07496172020866
37.24657563464576,-92.56285283514312
31.22728666760216,-91.20115908165955
34.24225004105319,-80.5447318093154
40.97892902428556,-107.7637169158211
37.56243989304619,-93.17861928057731
41.29871696578795,-77.84113105485706
33.63092342107517,-79.30500368015112
33.3998318344873,-106.0711241372791
33.90802591469726,-83.95117998129638
45.9594732586791,-109.9733938025089
34.82081782746181,-112.5003780084908
38.44942156344387,-97.71209591478373
36.94207621980645,-78.43581279937024
42.46361445596254,-114.8491196306096
35.23426969059066,-97.2827309405741
37.5412655931375,-87.77503767958906
30.9983638403196,-101.3388399693602
39.77890271449549,-85.3649516293261
41.55280496957719,-104.044306623256
44.54757740815458,-116.5338344738358
43.58784765253117,-83.93076715050098
43.9089218437643,-89.70468786613597
33.59303796672715,-105.1723437028432
35.50646658713237,-93.61680783432584
33.19089201831908,-100.6090979951759
30.79692775596341,-90.04755568404192
31.17441862809929,-83.29348215418895
37.23161499528508,-101.3051786484625
48.1129457193612,-122.2450101258771
36.57538457733106,-107.0498089138117
32.61544431809087,-86.59527752106779
46.46374556897145,-86.90224443491486
33.75812743489457,-91.02931409089875
42.75643293844928,-89.36880069019806
41.92471969397598,-86.47281830551391
41.66320986948504,-116.2074955340786
38.39513805719926,-121.4787509002043
35.71545206037265,-86.76020848422365
35.98256366658045,-106.0114052907651
47.14084166304187,-102.9494570384618
47.00540533515714,-88.45511706731853
41.15080468923718,-100.1940090675858
45.43449242482312,-94.70202567234769
45.26181441261227,-109.4491606547306
39.39001126096714,-108.0841662782001
42.81223321637594,-123.0954213191636
45.53093381375967,-102.6077506857278
44.51254340957605,-103.4475053743769
45.16648886217379,-119.336153971637
38.56440330407781,-118.6813662930578
38.35452978212286,-103.7233979584494
31.43265598215658,-92.01030775001244
37.76265329500386,-97.9937000483596
45.9701993482078,-99.84962377919472
40.1835780526056,-121.5411575544934
36.11427198381587,-100.4383471596554
30.64987344827383,-102.2566812302785
43.42496800362435,-106.3261112194556
47.51823894533925,-120.6268636843173
47.45780367054257,-108.7512688261648
41.32050944583224,-119.5955593747109
38.41386242829743,-82.17237606487096
31.86888168870951,-86.62193262880524
32.68608745404649,-96.28848430920966
31.2556819707926,-95.91641172832591
39.93663402696345,-95.33976438783736
35.89234906306663,-82.13368647842555
43.57345662030129,-101.6664133615827
36.78785985334144,-84.85166329087717
31.4502944835426,-106.1568548587612
39.74631499239356,-121.7541277664992
31.17012934473676,-89.16509178654182
24.75351461761794,-80.98526903632164
34.27405969880378,-93.59669009185392
43.17974411885675,-88.45880993223989
31.32971562735586,-99.75585760162421
34.37178446112546,-86.90933016245533
48.42220836533874,-94.55942275729355
46.53253555496976,-89.85105113474381
41.25603138466563,-82.98407331233871
46.44981285806885,-104.3846294385184
48.83006700603019,-94.8309175566304
36.01023820620283,-76.57326259086318
35.08889599850487,-87.31510382824932
29.95037008053559,-83.25813932494765
38.74382794518546,-77.90850782113978
43.08666947772743,-94.02430996115156
44.07871157870931,-96.75863872369362
41.52512307410635,-90.9973062111081
35.9487692679146,-95.87909723278491
47.86779280686898,-104.1388316946908
42.8480387266137,-93.23510168837335
43.13646488072872,-93.59665640598713
36.7825889089132,-85.55540946292689
47.37130808958027,-88.3827566479344
27.00158142302969,-99.11079503694702
30.33048371084233,-100.5631162451648
36.85213269885855,-81.09542738499982
35.23782485730304,-115.4988275540156
42.23559710734585,-96.96682407565197
40.75671747635409,-84.74663401351333
40.96267736992478,-74.29686778337484
39.9286468355714,-85.89531435255255
34.46095817475576,-103.1434645027931
33.68876706718695,-93.73843726988784
38.47284922181744,-80.62202030553061
41.93929516114243,-92.91679356128469
41.60773348373061,-95.97211898795999
32.52636389567873,-85.63163262417298
44.03895017172519,-76.07298072162332
39.06385451563704,-96.90016596070686
37.1860081201052,-120.6179438754017
33.76127615298042,-95.08516289461265
39.78315606898749,-107.9505275319966
44.18932623443067,-73.45640093974784
35.72527581030521,-98.43379556435764
45.64722039914474,-110.114442072121
31.51654761341095,-89.3320168377304
40.37397096163327,-89.2646020345934
45.41054616087808,-119.4805241373079
41.56241638441325,-81.1224479445132
46.01076997283581,-88.90003891011165
30.55481730642612,-94.40438236126462
37.35829748099232,-90.28073662609593
40.84244205957161,-86.81705435760027
43.89032879787833,-83.17952881084578
45.53126846905386,-96.76131141450627
44.76294016663257,-88.98171431145295
39.03960171345339,-120.9351467820359
41.54056253708362,-97.51661019395124
30.78854983638713,-92.96251173845775
32.34178484211473,-109.5709893874323
33.36470105776252,-117.1305323117084
42.67707759910213,-76.74142060583121
38.64779263595073,-117.1466934673342
43.8785508222531,-121.5634669634856
42.74290717179144,-72.8160934301741
31.28015243765381,-102.0408713100256
33.86837345771681,-79.65542031336639
32.233807815247,-108.5541998788759
34.93682507155654,-114.8541263345272
39.46459184660098,-88.34617538576853
33.33776461302151,-84.07807342301483
28.458280337391,-97.93213719701329
36.20206920780893,-99.8499310902009
36.27871686332583,-98.3189319336265
45.39332266599407,-92.20814493905166
36.51026041573905,-95.06574331456291
48.09444636502381,-114.1065085889467
31.91948248840066,-83.2717191205452
36.23170106134302,-94.01381248684588
35.24975910809592,-88.54032853186735
37.07910751201535,-120.780672148648
48.13668325019044,-117.7350625936826
41.24294452007496,-91.73496951458512
37.19003977443981,-83.52864655534445
35.76288842533632,-100.4972293237098
42.89466912291643,-91.00584493260133
40.61966421926776,-82.16479392321627
39.43459252992363,-107.0937282751819
37.33246762614841,-76.43039499553329
30.75609289329584,-95.19180391055973
40.52027011645523,-77.4341452276286
47.84163526043162,-122.7786075430983
40.82449212436582,-87.94109519814086
33.55590041690785,-83.75692582669879
37.13028913744812,-76.34155800045653
47.56045142618744,-101.2579368733675
45.65811381420632,-96.60845397531358
37.84208178104639,-118.5954931797763
34.42540245923787,-119.3455881217155
45.00803367995667,-88.66719453275621
41.01436812493816,-83.31256719074818
34.2866895183514,-87.75727702965385
30.99066114139717,-102.5218508021387
40.31795829050625,-91.51316938629539
37.52360607919153,-98.71232953275162
43.35768697073443,-75.47801163570341
46.34660451096767,-86.35159790605827
45.23165433974647,-68.76393541848059
44.32647563008265,-118.5669480186039
35.95648332151541,-97.68270026753989
40.76599937713838,-109.3570296462884
35.19472796831533,-90.06070244594385
34.41398598869439,-117.7436310028861
39.03315773206346,-91.52141513688711
41.15720552129111,-86.7570688716296
39.21110249002298,-77.43106334667486
35.18046680908468,-119.5120969267924
46.88552753035351,-113.5686550744855
44.10598547495875,-103.9817662122353
39.80366029677119,-76.00943497255929
40.81573082237261,-91.94020004253787
29.92155650040286,-100.7727095227619
40.31366048102086,-83.17334422371505
48.90887790104684,-103.4263831348346
38.15997015879628,-89.44134266966475
29.93345011121061,-96.07200354023517
39.25293307083453,-104.6394968738109
34.06137284301902,-103.3354825872308
44.91469939284885,-84.54443780309725
34.99176576970932,-93.55444007577809
36.25115355727113,-116.6793641428787
26.58947998488463,-98.19276507180594
32.93341731470701,-87.21826723120823
46.12503286626524,-88.54006032404958
34.78952520039106,-97.93185321345793
34.49570289046826,-93.27659055386682
36.05858880010558,-83.35400232688393
42.56431712750524,-78.70081485463668
35.81791267538365,-120.0770023156759
36.86662612959705,-88.73792433545091
29.55598348473703,-95.18143277793793
40.28249305783237,-122.4880744658843
30.11702024126751,-96.16981906443148
41.15151425194032,-102.0744607929345
38.88102463013301,-78.59720906007662
34.62441725353014,-93.79426836386159
33.2457298702188,-100.2132953141977
35.81877336164505,-97.19431150889112
46.8972205176643,-118.0602301996806
36.13934223206026,-91.94519897585464
39.05173487591281,-82.73259315082059
40.82677860003807,-80.29182371885895
47.76684543954177,-124.303400426972
38.35293644340349,-119.8933532614684
33.80700208420161,-93.55583688127014
37.39744918553344,-94.87966488816608
38.02740857917375,-92.50180972515172
48.03049373857271,-102.1837052959769
36.61156260289911,-103.657312170859
30.07457784570661,-90.74844159506367
35.78549959061333,-87.02301784452817
38.09475954264209,-106.1252109932195
40.17891919242514,-96.82212558263879
44.30930322859673,-108.7454652800263
42.15231076696312,-96.70712683265276
34.88497718765702,-89.4180265924433
30.96840304453188,-97.78003090673351
36.43453917970903,-100.6393390937375
48.52133227017769,-104.1731540599172
35.63998633885835,-108.2878121740899
34.76849605542811,-99.7349241102012
37.00283387295148,-93.98836561790681
34.31849545146503,-114.2243171709742
34.33712310244071,-84.42038476495584
31.32073851352794,-95.10547991771985
33.52966975101985,-105.9927349703395
47.45692129516721,-98.10172804655916
33.60550325915636,-112.8188419524906
32.6565070234084,-116.7299122621423
36.05585702756788,-78.62941758169598
44.56085532156033,-102.6317020619325
32.85733778154705,-89.8700053572385
47.20542112958707,-105.0024895303245
41.50691775098911,-112.1098625024795
40.48979140392932,-106.4327412255526
43.93743576183853,-82.74518661209456
45.02078799123087,-102.8259098040729
48.51669090553142,-101.2592947335704
32.43851964918447,-94.13184223450129
31.94115088755511,-81.05761364054794
31.40580443836598,-109.5009171278127
34.15444901735229,-91.94754732307176
44.73971614848044,-107.6455293663735
36.98533587130568,-98.02269467754553
45.36004834215152,-83.87753080597352
46.1438683188198,-109.9103053918863
33.26723044708406,-100.8967966838267
37.2760503289723,-77.95868189102366
39.55445861976909,-112.2169015448348
37.71333535062904,-88.96493728321651
40.07660644082588,-100.5923464976113
38.83773718174016,-81.94068368800635
40.44766428253627,-89.53032873757948
42.96374272385423,-74.18542261304877
38.6379268007158,-98.92791167231952
38.95032585739203,-99.98350269776931
38.76622555085886,-78.75728815830495
42.66709664584295,-122.0860982705836
35.11641832807721,-80.36289593104772
40.77598987941695,-96.00694762103144
48.81690143539053,-96.18438080288132
46.58175999986502,-112.9391101522957
41.94273303027027,-84.24081045714452
47.10069571437825,-93.41075750154413
43.7721457015488,-85.14810253982647
39.35634885816083,-90.31130191601376
41.26945598968129,-77.15298613568183
30.91128229544109,-95.68733029106272
43.11167581537118,-94.71458535224568
35.2041799247641,-91.869871144469
34.55840853410191,-109.9302692578347
34.54874087335643,-84.09358003165192
40.19165469291956,-111.3883912397977
39.49444384364083,-86.11515779974842
47.06596132137776,-124.0153952610034
48.50810682564008,-102.4081619234845
31.21923188037232,-93.43942968312932
30.94180650865387,-84.73373714027454
34.65364534169909,-120.3162480291614
41.1235608689063,-101.3496573559734
38.81067280485976,-106.2610886517963
42.08390305056106,-85.88187402265925
40.74502207683582,-102.9402805115804
30.75706507013323,-101.0485188227093
45.91305371981352,-67.99396043647815
30.97039279854028,-85.40887241394411
35.82396551820534,-106.6060687205636
37.92399806277093,-85.04258275565415
30.92643570331584,-95.30219351260428
29.88564093957302,-97.00929659490062
37.37785083507688,-109.5038746146198
35.28962044342769,-91.0206320982395
38.06947591892023,-104.870532133914
32.87547029981583,-81.1192899291542
33.34095642131199,-85.86331863070085
32.03598176157315,-92.58562510454226
33.11434709295175,-89.13059472413595
41.31712476297172,-86.17162843078493
37.46555300807321,-98.06331670762948
46.59252621677064,-93.66844444807421
47.76002582893823,-99.57991329875006
39.63370556906639,-89.56320022846735
38.59903480426863,-105.2249303603834
41.05592595495325,-114.1442052119406
39.94854570635945,-107.7026478363899
37.68155454616365,-83.56638806487744
40.24003502691148,-82.91103502716427
32.70470758147221,-102.1369126952249
41.34799808330951,-77.40282236009253
35.87721574442087,-80.3349938895876
46.71169278149951,-117.5382252380022
46.06561654759496,-108.4687746892581
38.07292158431517,-82.66255580263994
33.92575105736871,-98.17661386329165
45.12864266069486,-100.5953068346926
44.3649733222457,-101.3910955381403
47.3249261430385,-105.8952038339093
42.96369536794501,-72.37347126293133
35.44200838706203,-110.4243657625787
41.61249561978837,-85.4177946159833
39.7077058625961,-89.81544865979139
38.64000366517227,-92.40550098245032
46.56213348431529,-100.6303813010682
46.1520891556623,-88.74317068264833
36.07217109928626,-99.28413054771795
45.11853197715787,-70.39945378277852
33.45054897811004,-105.3217647690278
43.8412313099206,-75.96441524865698
47.31516960114281,-100.0731647502267
30.47315857981605,-86.40207889054093
38.7960009821234,-104.2179151467979
31.56476537646895,-93.63015664264718
32.83318088899385,-110.706073445564
45.83092699784035,-110.5635036458365
44.62995021124917,-101.5173455528224
48.11108483349109,-101.7726013967989
41.32188209108198,-93.8087847388461
42.20642215301908,-113.3544248140446
44.34115402372723,-68.78323858439008
46.11418087231934,-86.2511452712439
34.30186557150672,-86.64409797733877
47.73835958259134,-96.00127212932762
37.49545989455684,-99.875856721496
32.5003645365446,-89.68481243041322
30.4390680754869,-92.77558590145033
40.98826642544789,-92.06742280234042
43.80470209023934,-98.1964805174988
46.2187189468631,-100.6800741148161
44.04746152341855,-83.70620916320804
39.56757738373975,-81.65539772791723
41.79118943245698,-113.5614753489696
45.15298835013038,-97.95198008025186
38.28159611800778,-76.8898040839327
42.34938722681888,-104.4391614217754
48.68544501210148,-110.5541041573045
30.70642920557011,-93.82480511206262
37.68853953986355,-80.65266996958577
44.79114379679933,-119.5628202199441
45.20244407423156,-107.6261569376533
37.29825160897265,-84.48468107374201
46.91985566361647,-97.63746379894397
47.37777895607316,-93.38204302554551
47.02412885841774,-94.98410731658693
26.10731361749347,-97.46752784564774
40.92196743878079,-104.220448893382
37.64795745463389,-85.79928274365749
31.63787396291901,-88.0388952671182
29.7887744497034,-96.65221614461473
44.09793172959202,-70.9223442208068
35.89832255241798,-91.58226387684904
35.61173953058412,-96.38789736730604
33.78483988670369,-109.9549160957205
39.78574531049335,-101.3339516500994
36.15540549181961,-94.87212178922786
43.79928274729156,-90.54196206347322
35.91501737516328,-107.5587088472769
33.78260411389134,-97.83372369446882
34.09281538095505,-84.49210069044571
39.69086819160497,-80.47010307665177
48.83577133110878,-115.7956337464105
47.27036906000525,-109.2580569056315
31.26214187196905,-96.62853080710403
44.19673483869357,-102.4878887799537
32.4962558830447,-92.5913053132224
43.44588489847111,-73.57565287050545
44.20572911267804,-84.22597890856957
47.35487474053375,-104.8116504838181
36.29034399059982,-92.47258937828667
33.43725234598628,-85.02008295985674
38.77695035018327,-75.84298031792198
41.31937255632516,-101.3848816859713
43.05546696813583,-104.5826740724036
38.43024917524139,-122.1574481268562
38.47891326696684,-92.98654291501991
42.91375859534755,-123.3729240238087
41.84134111268816,-106.2005030573234
39.40093345077216,-122.2483471575192
33.21645975388081,-90.07779514648848
42.84223958468855,-84.68535781299369
30.42466087609926,-89.17048935628492
41.39429659596685,-81.70081781877202
36.22795525024969,-89.2927512370745
43.7349954867315,-92.09950512230033
46.5931521699063,-112.573345450357
43.59258308939091,-73.37297931789345
37.43808077552371,-82.09080815093319
47.23828580631394,-105.55484163216
36.68077491935865,-101.0798341349861
41.84760678316574,-85.09244187420349
40.85630780429094,-73.3413014580204
39.43732895347257,-97.09991550574351
33.2776461973051,-95.06855589303728
26.20002116571029,-98.41607251971487
37.56530880485466,-85.53168503134276
43.3669953503905,-119.1121947322337
43.61335898616341,-82.7767360018319
42.96656050959192,-106.122995626313
35.46299567135158,-98.07872597120475
35.46024613700067,-78.7611356469195
39.67368644163162,-92.04445031643222
42.61857711417311,-83.00315346208397
41.69604546002733,-92.20619963421362
39.06043299549677,-84.53919909131436
48.59718444395875,-114.9563324896383
44.62910757523951,-89.15256210734734
35.69575651733062,-102.7638098198705
32.15998068003955,-83.63401060348512
43.83223379186905,-121.0150990116887
30.82974861222006,-94.35831808591746
37.12332391950496,-78.54351904687361
35.72288123201387,-114.4086519296813
39.60625517574872,-76.50949221629516
41.3568495196221,-83.93944572353868
39.95733234083546,-96.02386251267295
36.6480830072508,-121.0319387801327
38.73491647333808,-93.34560932540747
33.67573767749532,-115.9497357367629
42.34084603367057,-92.0821127305516
47.77602417174224,-90.20402883908163
37.04396840980156,-91.74118824812705
39.26687096679187,-114.0094213894095
43.95274106910916,-116.9213535341161
34.85610979542999,-85.83101013178816
29.83562888262754,-95.12055689236065
39.87407346438893,-81.59491814417316
37.91921362165491,-120.3426905741693
39.92472982232369,-81.15495998710686
32.76516340923828,-101.2845176545182
35.80059412043968,-100.0746829382582
33.88469338276084,-89.10190030583846
34.88137217262779,-102.2598338029756
43.23345591437664,-75.7158100084952
43.33690188175696,-124.2586174369471
31.86686231334039,-100.519951237694
38.78469812334821,-120.4976289854959
45.81668444292448,-92.40572578253747
44.36815964900784,-72.38908681654922
46.74236528682032,-121.8995319947005
42.97526829021146,-75.98931126501644
35.85008069450706,-77.84271463414055
42.91706766995241,-74.60931205155738
29.96439081676149,-98.21527599464333
35.6122458395746,-108.7238945327999
42.19611107066272,-91.55583494325255
36.31330888664293,-76.08289492438786
46.24113356047738,-108.93615784539
35.35185991652276,-106.5663827881654
34.54650300853189,-102.2888035190369
40.30576077436142,-100.2913434720581
46.44126030158808,-94.94382903581084
46.75757383727118,-123.6381526363805
31.59620877860125,-106.0154933703226
47.62688629785683,-104.4651473373957
44.07380942882353,-92.03331779974295
35.30923598872919,-94.62868911406471
36.63015694346755,-79.62168992206742
38.41078579453406,-89.79119345414409
41.97926744137087,-72.56559581509256
40.19396602906936,-90.98851854922069
31.17586856391986,-103.9593764934915
42.64593523992824,-88.41361231904148
30.59451416293541,-99.78657304767128
32.47375894410403,-96.62520490724428
42.59722698227273,-104.1038956802813
32.19107958558732,-91.96406439513059
36.59526560275116,-89.49343302262317
46.80876901179199,-113.7815013105666
35.6617017012132,-100.6730277634285
39.30349928788882,-120.6067484876922
45.08831720087222,-87.12990037734228
36.51647908973634,-92.14235452565089
44.19845378636427,-90.07067868240134
42.0045438537673,-122.6450331025414
46.0128340837728,-101.3340162349806
32.09497620812394,-111.015138522787
29.85353571310378,-81.64018531427863
42.58276498231186,-77.58886993201473
44.05285561486588,-100.7664665021017
42.28672601190565,-98.33958520100012
40.29489850120239,-106.4963094964978
37.75258359786304,-89.69726677556389
31.70240034250031,-86.5098952298591
32.25820532910944,-96.9491863391446
37.56190026513404,-79.01144243740472
22.18039032413236,-159.3556299373728
33.50332794303515,-82.37421585550382
25.86658217105783,-81.12902575099208
44.83956584196761,-109.6366484883173
35.44018085887802,-85.70794266270742
44.89195344113742,-94.6660036630281
43.35707614246959,-72.58087114600215
35.04517468872091,-83.72315779809247
31.27223914205596,-88.95953580321306
41.52302055812068,-109.4818716801308
47.56200772418271,-121.7379094221711
37.72780142746868,-100.0516502516024
48.52686867053191,-112.5658462872551
34.98946623814523,-92.88092966384248
30.70776034454634,-96.71059166181016
41.56584468499137,-79.04866062097314
37.70784809869761,-87.17652935641092
34.714455854831,-95.4096834564002
43.88709837597265,-103.4415815795057
45.63794148806268,-93.0020455489444
39.37897080928515,-99.75496485404777
31.34032410422253,-84.51486659164009
31.43797963130666,-97.82729845895021
44.17204007461829,-71.1825618176926
30.13787887631843,-93.9413977306521
42.43640356375607,-72.39006642764694
36.00030194069444,-87.82952439635285
31.28086419254315,-103.1101609085437
26.33355752956149,-80.62842941312266
43.58322132333677,-91.57259665547737
40.85440000037812,-94.03464069175018
34.31897860378029,-105.5349871353736
37.94268474239744,-88.6600436121086
43.83176081600313,-98.87658801089603
41.04303579319274,-111.6407097963284
33.80125394416726,-116.4771162052723
35.7102715588651,-97.31620993848603
43.32798816944318,-71.8987554384856
31.81885405507903,-97.61584668932467
31.8334908069142,-99.40906922474505
38.39739258438549,-93.8435549244348
46.02739810380522,-99.46581569689732
36.95021113582197,-109.0712559008208
44.48806459203368,-123.4514503760489
32.70962545369829,-87.54018875972528
46.28170438115707,-99.14374256984615
33.1308253688991,-83.28662412879382
46.93621133774238,-99.44110680209286
42.24821988815677,-104.5991077201259
46.36076210515358,-99.35130004914556
30.35161577882885,-83.50037748513721
38.22085562687032,-92.6261046286819
40.66323891516583,-74.69844886778132
36.08926064538177,-84.04300499610665
35.45778314076109,-99.61114091377435
31.91150282618743,-98.55519035140162
47.83859275110758,-103.841177122231
39.86061141155636,-87.41029869292306
43.99221889492059,-100.0831989465935
47.18421685571698,-118.3871938786679
38.10175712849663,-88.09732555386093
35.0774872842624,-85.50681632792879
43.5398043968158,-119.6388911817723
41.30919409443356,-99.66541652490405
36.60667258615096,-109.0563134355998
40.21013826385665,-99.29490240910691
39.15558407282094,-91.33125465794932
46.73662822559022,-105.8281371727147
32.15138508419717,-94.20928144144455
42.83442336652446,-77.25607604421454
38.76353652277168,-122.809560422389
38.11567354938584,-84.04018900411461
41.20217376045752,-104.5297105110202
35.05533203461227,-80.95121419119299
44.74079525063818,-70.11120053901936
28.79613235207151,-96.31060002770043
37.7387796874842,-111.7309053665493
35.70585406051502,-80.24090765185828
39.34656017309883,-100.8699322939244
41.77241005977334,-70.66816373986173
33.21866979623036,-111.8845241818255
34.99292124192697,-81.63778251993472
31.5015311798372,-87.51150080023673
30.86629384851025,-82.66250965637322
38.45173594990639,-92.3013294343324
34.68182898598894,-105.7332919605425
34.64177658322245,-83.24120427141901
40.45961796138382,-91.3433128405724
44.75752201794178,-92.27733778105537
43.1925446223096,-110.9421813286409
39.23453443422841,-99.22880411458111
33.75215175611741,-100.9350717215852
36.62128075603399,-91.9804566764759
41.52934674253211,-95.70846468868578
38.29617457439576,-81.194291529502
27.92077520510642,-80.7200545092244
35.78269722385939,-107.2059918538085
31.36914482223937,-109.9240214932437
42.88849203524236,-83.4009250010605
39.70975177599709,-122.1970577445588
45.23267956570713,-110.8750097285983
33.35084485087947,-93.52719234173946
36.94862744317755,-113.9230126312489
36.07975599308153,-119.7516485462372
39.35404275969936,-100.1824778932224
39.07958913429312,-106.2827305584918
44.96622617212729,-92.01031940446862
37.27925796676864,-82.67352602397558
44.02284207867118,-87.73874221790149
35.97343077261778,-95.44003146528283
36.60283192242993,-121.4299045441341
46.25657125083493,-95.90782343173301
42.42275687004541,-98.8708605488537
48.70192414007845,-117.7293708589135
32.04871479923438,-81.98468085807313
42.81983172011621,-75.46091507771773
40.70144436312173,-81.74603083605054
31.36845423036454,-110.3418670279833
48.14303982005426,-124.2203788405346
26.87342420465597,-98.13577357970752
40.69090541687708,-93.95786611527065
32.61995224094022,-114.2275055840366
30.0412972532205,-103.5716042435653
46.96648216967556,-121.2461264779735
43.87103679396794,-89.01555744914047
41.82735691194176,-113.170971605704
38.08114273152119,-95.01847657541828
47.17520245339576,-111.1545144611304
40.49816780799241,-114.9141712355249
45.93079170872299,-88.23592257674613
43.24308551437016,-122.1511087958427
39.65231842150286,-76.07392099603724
41.29533480844206,-123.2413587670418
32.23810191581987,-99.19588087283513
41.48752441895969,-116.1022525946394
36.13792386793136,-119.588023625319
29.74333119967254,-97.07005733701263
42.70637423159684,-89.79257762649512
42.62348907421315,-94.24933266616019
46.03264041879361,-110.7793345141749
32.61179016932245,-117.1339780842243
38.55520196610699,-77.97384805760215
33.40030194121852,-96.70132157172593
33.52044624995348,-88.89838282944936
32.71269095478815,-116.0536327216977
33.4894962024524,-95.84976698633717
41.63959689643595,-109.0306599553158
33.53611107567458,-111.3779612546975
42.75013221647427,-109.6819687647038
27.72888928293446,-81.01139420342044
37.44641205794159,-114.8678009523909
46.14909070908986,-105.8014757294639
40.62384936375274,-100.2435422237432
37.63160360389205,-121.5371203132653
29.04586234425856,-96.67506364321936
40.2009067388696,-88.05822772086549
45.8561022538775,-119.647270517493
39.09001858410351,-85.22540748966567
30.69352661119964,-93.11831814705354
45.08412792133875,-120.6739290575372
45.1346361979731,-71.21009997131803
37.88676590249532,-90.1966790127795
36.68130806465991,-83.91669706661733
39.65358337288825,-97.87540850238065
33.04472925104628,-91.76888399230991
46.44851551875863,-116.7556161518307
37.11087537363193,-96.74534705175802
47.93180264054577,-95.38867947636211
37.64594251017278,-91.19710913020643
35.04199358514491,-83.01107450485773
27.20215431094406,-80.22160449707583
37.57837956563861,-101.9311928945519
43.9890507358007,-71.77226397118378
37.12720137054607,-120.3539523232061
36.65828145688509,-103.3072791103244
40.75443415503516,-122.0364908545462
35.75514817863632,-81.61279921769109
41.66782386700204,-74.43596102054643
41.12783115890871,-73.70817882039876
46.33541580276596,-98.69339397024213
44.37406241002313,-105.7921352026391
33.94099469195045,-101.6963288100283
43.19781007544513,-97.91301989719238
33.8907938344335,-83.59871334192732
34.27297754077217,-81.23465606454974
41.54273840850521,-89.87934806708384
47.34394304354184,-106.5781677592172
41.33668737250605,-87.97239987945063
44.77706293702303,-85.66360537537929
39.05973104645302,-121.1513771488533
36.83848779364559,-109.8522567401959
39.66539348886194,-90.24764334641081
34.37871848011768,-102.188726813034
39.81406038851949,-111.4542356388694
48.13328025007174,-97.73063863739878
32.61198747972486,-92.42773446232886
39.48111800126306,-99.56548598291793
35.99041672895465,-100.5811558445536
46.64134329976127,-88.48296751082394
27.92038214204489,-81.65083477347058
40.94575238506757,-92.48568263621574
32.41778692019718,-90.53558809221896
32.89171330624434,-113.0532492571064
48.66756008534244,-121.7178584468877
39.56059203833193,-112.3499390208564
31.48149998094534,-86.84133851649378
47.42134543477879,-114.8992930720493
41.11867906694195,-75.52245544167236
36.48659711298501,-96.16304656208247
40.44507299478966,-97.1793022347285
39.09830841152104,-79.43073104085283
32.28528175619611,-87.07244200725546
36.15367505173789,-100.6756471149976
38.65943517155278,-105.4736801888391
38.86712721886943,-84.43955452003439
37.70740018815275,-113.7050451366853
35.64919918197239,-118.8407175659287
39.99070816291908,-106.1640299496146
39.39278601533105,-115.514921876818
41.26362808225935,-100.0712751954359
34.89257512208491,-91.24956343442818
30.11723354799047,-97.97301770696644
35.84109897622654,-98.27109558361272
35.24493775771025,-94.36229632892443
40.4923943174874,-108.7447464597834
40.74257846225093,-95.30955355792639
39.14758515901737,-76.0428767716019
30.72846634506062,-104.6767810625125
48.30105788561536,-93.50790949624711
45.68691097599455,-110.7720725636619
35.43300082780095,-80.9892575048445
35.5375071818078,-91.38507337043201
40.59443180162237,-122.4277208203988
21.54842793296202,-158.0463598041443
30.97041116166876,-98.90518977595087
39.58544208131275,-97.631027449111
28.68323254130569,-82.31444364191046
64.275873279366,-146.2374117583162
45.46097839931576,-90.71942741578671
35.37254660271343,-105.4470239608969
38.21654504093137,-87.90435474095084
44.71433585279625,-94.15267719643023
32.21004002153954,-86.8184105337978
42.10443085340192,-121.835179367377
39.19747409445782,-112.6896586222947
42.18734897793014,-114.4869782754826
41.97767120154382,-92.57159171565587
44.83375080073454,-72.17034815461422
40.59570961260319,-82.41968656602066
29.69149679217654,-83.35444821609013
35.13356071843698,-119.2478903535525
42.0739773925546,-71.71546813499486
44.92199929416639,-84.77727260264464
37.67111449197085,-101.7616179861767
30.59009808432147,-92.8394100975974
38.50890820738097,-86.03819391622362
34.23859796578279,-78.73505509357082
35.13195093506196,-86.87775678802446
35.02582735406122,-84.1293980916242
38.80715889093042,-88.89171022925602
38.13176388405106,-76.39442698267139
48.12018993225997,-90.85789599249392
31.90922746426696,-90.9211304194852
41.1102440972895,-98.44082076323241
38.95304353775708,-79.50070999216388
36.77125973103158,-120.1415857966191
38.01492132643602,-77.44911163869747
38.00336290720175,-87.11855016566018
32.97707254438794,-88.59743713696358
31.87179292290192,-106.6131813023298
35.82173312906762,-89.51799726879439
42.75876955433645,-74.0897821976848
34.99832476295456,-91.11553020377113
47.4943341243374,-116.5513961846771
37.87303494429865,-88.3961513779785
39.72288692752016,-119.9407750834672
40.95212658655841,-91.87424848158128
35.39817245172446,-86.1304764377002
36.54720022229164,-85.1959736837464
34.01732766585799,-86.71001966366609
31.27691755372118,-86.05154531170996
30.37452928227429,-97.22189339305005
36.35821531067962,-117.5287943680114
34.45070288867855,-91.89382543971537
34.15287165744803,-99.59586941712338
40.46025739710217,-80.79193193646724
30.29807205983668,-82.79672978912815
44.30578219578349,-121.5434963731976
36.38946881489144,-102.8687379149077
37.038175614194,-79.39858000470012
33.69631292736973,-107.1783619830816
38.71145304069911,-99.19016348669128
40.45764738900306,-83.6994846360938
31.26602348571377,-97.76221219879427
41.62065920177076,-87.98639608369481
32.64504957906304,-94.92026609090198
27.44650193985388,-97.29776276118645
46.88301877308602,-101.2819478245447
36.58607125548715,-98.89452426937038
41.34213586666799,-75.59910820406972
32.32401264597242,-97.21517058456824
34.63040058614448,-117.4066329200857
34.14415773843579,-101.1572783501831
39.01662926902128,-100.2427922142805
32.56226386151943,-111.7325421761002
38.15256592575645,-94.17899074909414
47.09596422741048,-98.16368176945106
37.88255348158264,-118.9474019351988
43.61069602960713,-115.2417610890362
35.11710668457038,-95.36343792802514
33.36402725301526,-81.84446205771258
40.29651097154068,-106.0750726506842
36.62047233812382,-82.5394680911264
47.12709171565378,-112.3429816761338
31.73531616313618,-88.99976252193012
34.51254823641436,-83.37482068972665
37.4723485172544,-82.77751759814515
46.51484384606454,-97.42676988728803
41.26696825558535,-84.78584432400135
36.27973660265523,-81.2195720999985
45.27686938833536,-83.61998363855164
45.18318162290441,-89.19200444293308
31.56519331056969,-98.3443361529596
41.34219509057328,-85.0508535638036
43.24131221568014,-102.1886494969099
47.70990481220493,-122.2765574774097
34.56423990633982,-119.2646223664681
46.31369522196355,-104.5111921647735
42.98536976435246,-90.14850707886029
38.10038068137737,-84.79272630137069
33.63113067334177,-85.81572507595095
39.38615255657989,-86.27335636843891
43.34573367141812,-78.41787736222687
30.35324745988684,-104.1705093942331
38.75302315184032,-95.14873378958535
46.6417365990384,-119.8657026143107
36.19437998552439,-105.8749438263008
34.26068199094568,-91.81645572142152
39.21104235407088,-89.77642237062372
41.20324073329184,-83.41460001908435
33.86408333659547,-112.0165670237945
39.67122431195701,-119.7016401520129
32.15233212717697,-81.83212524093908
30.9852059444978,-99.59466977089433
42.68308154745355,-98.5429419310779
43.83395209340797,-92.35983680523825
44.53522012225337,-115.9320363635236
26.36789660041341,-81.42427761533077
39.40359929855892,-76.35072532337341
43.02556372985461,-108.9737691792201
35.42743475403763,-110.8455866798096
47.66621647258179,-118.1866485059294
44.00686722418452,-97.61468828471543
34.92155227752323,-106.2918903250221
37.66329236625747,-105.8018376919827
39.80996462363963,-83.13630324433983
47.58768563384066,-119.1063152376302
29.55299838153386,-92.3067117071682
39.23886181606855,-82.83900783914657
45.11618731333495,-106.0417830324608
44.76616802084076,-67.2009117807118
43.81547380331748,-100.0413286155049
31.13129286002815,-96.08933324422077
40.22016109481297,-91.66267479749222
30.00989938445824,-92.73085841115639
31.13226954299338,-103.7262340277333
33.27657939228945,-98.00188130929628
35.53573455235072,-101.9283182169476
33.08285166278255,-94.26797394971567
41.04805462051753,-76.36086835181783
43.30111054946914,-75.91190837432994
43.92734245446579,-93.30629010915003
35.00098494720058,-101.6291389630946
33.79845809024206,-87.04019201646048
36.50016027902727,-80.90009771610129
40.33410280725727,-82.05841108523963
33.3208364447587,-92.83299088050315
37.34573478709053,-96.43557382514311
47.33346002785482,-120.2623896862658
45.86435209997394,-68.50884241397031
35.29402088940074,-84.5115291795094
36.02313726387214,-76.81739856313409
33.10342565301843,-100.8207866948283
40.38476341445051,-91.08284699321548
41.9923744233707,-122.0093001497992
44.39522635463263,-83.62335151897442
46.67542937974245,-114.5751344616471
36.49460908597444,-76.17780701413078
44.13519310933907,-104.685964615725
35.87004459264945,-118.6297279608365
40.35781337736558,-107.4732001651346
18.29159313724616,-65.6376930141183
36.71330990392276,-78.77301242785984
45.88239099463361,-121.4331673542285
43.5172596271481,-116.0448087110368
40.14721642644314,-97.92792177335991
47.72610598170913,-94.16833327710854
31.61276264597115,-111.3937797257915
37.3765627110389,-113.0688818655919
46.68233949282773,-113.1919265796986
41.13699887730765,-95.51806837247598
38.64867316138206,-112.1485043542677
40.21518295776772,-112.7228562278734
35.33951248893391,-105.8396282974659
61.71973999437922,-149.1032705034404
32.5095778536415,-94.3873530021962
39.46234860717374,-104.3486886020418
45.38824831621426,-87.51292728932778
44.13065926177027,-88.68401941741091
36.69516552022111,-99.88835882934916
39.29985421093688,-81.29545179863321
36.63649282807851,-93.79726573964027
26.85783907334805,-99.24499600723902
33.68975274032475,-105.4013575042932
48.0908582124172,-97.04145056168434
47.81122624498526,-105.0639228051609
39.36444803386499,-112.0805795412657
31.27014128788566,-93.69547059334435
43.37100763769542,-92.16906570202796
37.5065006205436,-85.27647983299101
46.22894402127523,-106.0436154859083
38.43848586222915,-118.1383000793648
34.07777453327564,-82.25154882810916
41.80987688925661,-85.50602413661228
35.46412845906264,-94.06210753164102
46.16946189819897,-95.2690354459058
40.21766875458422,-112.0945509223581
33.61328375698558,-86.93303748866755
30.14586210215732,-91.0214577496674
42.2765321677598,-84.17504524892787
44.56712690901526,-87.77496051102428
45.71001988021303,-120.1889423172998
43.03855965044508,-99.19985511773244
28.04962175088171,-99.25920172571732
32.57459270920199,-87.01666700538871
32.8335479411553,-93.91002628834802
44.05947883866178,-73.15015398063905
45.68363949192898,-118.4548293518332
44.2332321556154,-119.0884714507686
45.25717122508047,-87.66094022257725
30.16888000932592,-94.64142902118616
40.33483328732152,-116.9387039739729
45.29775489390305,-97.78538776123528
44.7342392761924,-98.43625336256575
43.7389518597535,-103.7700413366934
38.98680196250729,-77.14873292378715
29.47280173491628,-81.9049204093385
39.74021352884694,-103.989197669549
34.50614773425083,-101.600621391639
41.85639831551784,-72.72971945787701
33.07506900215318,-108.9170183114389
37.04888268210368,-118.9978287883833
44.60898006718125,-93.18763183219384
37.31650292328337,-96.845519883791
31.8140044380326,-91.07577841350496
32.38697462615891,-97.48359119897843
37.8952270786905,-82.24416857909583
41.01601823111275,-88.03616688341212
40.8273247392812,-112.7332661691775
42.73978489988763,-99.85404921316696
47.17604246777496,-101.3004219601827
34.14548093856609,-102.5153920865697
34.46188148446838,-80.22918465181627
43.82508551403458,-102.8989594281702
46.12034122674655,-88.07575195400271
41.49594018081885,-85.58025567180434
44.17263639877303,-117.0047501180269
36.51437144872583,-99.74861303004859
44.16202696670012,-69.37791409985205
40.98776800982409,-120.7998463914251
40.10322141397487,-96.5498459038258
31.72129606167518,-87.20019364753688
40.04418964178279,-77.35162238579146
39.90717840365465,-99.3284571168645
32.43565297188592,-109.3983259341925
38.43377945264502,-95.21955814517972
41.5144770863589,-102.6491948462031
31.6609558485051,-91.68061779297734
31.1379505864155,-100.7783100839623
38.34832281132423,-119.3401027183374
46.74251253021126,-122.9504525206228
35.64116518093476,-77.05696781714397
46.21540972743669,-90.1448064362815
41.00665471360544,-73.87269887115717
47.36089014082531,-98.96832943473746
37.05724278300173,-105.9284083747168
42.0773907003428,-76.4522914019853
35.03597991532919,-85.91217059080721
45.49894257168115,-96.08232513378387
30.41422048278968,-92.07632856586532
47.72875853696648,-92.36200049714515
31.39335609915159,-102.9760038857907
31.15204436646285,-102.1672933919637
42.76698898179281,-105.3329512072132
35.71937266163246,-111.4859359123314
40.86227685977756,-123.5011209519652
39.19358474630572,-81.45094525286872
39.59697386829579,-87.06954618437037
33.51948315347047,-101.2412312157912
42.32709896807874,-120.8390998625496
30.40787979606751,-90.2677802212947
36.13148993531538,-88.33214778720446
32.36722245287975,-92.06757405599936
48.63114012461769,-99.02989823854999
44.85317430546078,-71.48152832954622
38.02381188809289,-95.44421084110766
34.11946787603292,-101.8532656824931
42.12440107435568,-76.01196281628366
40.3552110879282,-114.0852193067852
46.00027762230831,-87.89442246225384
42.77134541381453,-106.4634677357963
35.88696374865305,-85.05817831730837
41.66877788324862,-94.42063897704277
32.96751855870203,-82.05864116145858
47.87185058919627,-110.6080913086279
36.76162144522425,-90.72942376989283
33.5763163000697,-112.0838706993812
39.32996555321691,-84.901826234274
26.81639179728571,-80.34348049628818
34.26907419829877,-114.6485948676516
38.76672946950937,-119.8692450592363
39.64412972716873,-106.3429684601305
38.89751941019438,-80.40328206500295
35.74088970976571,-88.57622391907344
34.95740110542401,-76.27776114568093
30.16531439864499,-102.6749958483285
41.94600924428252,-83.26390826958492
33.01598349154254,-103.8629146586772
35.86064496465547,-84.37004729204963
46.2249747848847,-99.56584098728355
39.92282217731059,-99.60924255761368
27.41321327030884,-80.97541866562521
37.7482718333099,-99.10533737446855
32.69947662616898,-101.0210932983611
36.28791210600087,-87.75225559935596
45.77491595658549,-97.56208172416586
43.72280804535618,-100.050162376062
29.42395284108668,-97.57173982325047
34.49026640176483,-80.90458876552377
30.44234292328301,-85.82223146156517
45.14854421518432,-123.7989489793272
33.60199770145893,-94.55849620553877
47.6093501710368,-97.94227797013149
40.89378967138639,-88.19702302869828
41.92246218547658,-83.55211093121646
48.29813985775246,-101.1588003468305
46.94461881986934,-91.79945214955569
48.58987532540514,-102.6371022090902
44.95466665531672,-67.10155300198456
46.47190421625288,-114.1667018398176
46.50632645679953,-96.31800899635553
38.93986505797066,-119.9815417890954
32.93054254274533,-101.4365752342675
43.40369750124443,-116.8742526667386
39.82868398004746,-100.6449058869865
28.80339382342674,-98.12352084766222
46.66204523843004,-95.01693610253658
34.76426958060462,-87.81349279828541
42.70838865131318,-105.0750390023081
47.48083930968636,-99.92654592419697
40.70023328443138,-105.6572643109117
47.02206258486101,-105.5159263235622
39.04676066495532,-105.6539925502043
26.2450140192318,-97.34883157292917
31.36398780735321,-82.28573706165025
37.84849312532474,-84.78287791515957
45.81027492202011,-101.1100755687381
42.24926467150674,-100.5355421052199
32.49345561300255,-83.15210663689298
34.57498048071326,-82.97591298004788
40.88739804511324,-123.0246383959265
35.30337675692335,-85.18207297728654
34.0043825977298,-100.8662557458504
30.91991541844865,-88.78438949943062
27.97703038258242,-97.21283391870251
48.12591300014128,-93.70858936210952
34.82588722479356,-80.42280190848797
60.15110727205733,-150.8512642857973
45.04329552251148,-67.55758883486932
32.23414376366468,-107.2541481876152
65.22964187874246,-146.9161913223043
33.63060109635001,-107.6554663664881
37.73889940528046,-122.0320368632234
33.2484815200746,-92.55494306793116
32.64559748389618,-87.28199409340232
41.87450580155699,-71.61441129510932
33.21792147979274,-87.15519849048593
29.46523422351768,-98.9560457125157
34.60757113512294,-93.1117376289067
37.44568923771861,-100.9717674745347
47.33360033000146,-106.316703080236
47.15388601393803,-117.7376553967921
45.51984589353682,-87.28858310046589
47.61041396526574,-122.6585054535144
44.67891495848313,-121.0931269699101
31.59898312267249,-96.12170335040706
39.56931260726303,-86.37765496170826
34.60599697254988,-80.74674957881638
42.60036586334407,-108.8424928228648
41.08419439329408,-86.46248153156262
40.65844579786,-88.49761497983445
43.10978799154195,-108.5193711705479
40.92537220490969,-123.7913421910007
47.05594790671842,-95.6745357246044
39.29389431316886,-102.4102720370411
31.66786033215614,-98.18615799239637
40.5801432872612,-78.8130936590656
34.72703852611959,-82.38764451708427
39.28152243682922,-87.11831984830343
39.14693098291064,-80.770638000651
29.50497627666707,-100.2933088149904
42.74304795764562,-73.40438212652477
35.33929537520918,-114.1894440041305
33.37372016070877,-115.6111328253717
34.36078298932672,-119.2491544924428
46.90011730807938,-118.7396345999981
33.34213525577184,-110.6058290784253
26.80926374542726,-82.28487836600097
38.96324650474028,-120.7148186366951
46.0452915553272,-117.2390726091951
29.95038696287639,-93.1950442602052
36.46028946835605,-78.40584574090799
42.80508652942539,-84.21732011419635
48.65611015844998,-119.2908991916318
43.31562866668462,-115.2501144223392
43.56041013198778,-92.68599847200781
29.83123750196545,-101.6406622072945
43.00352117873658,-71.95629564683796
44.45972236581584,-100.6076878830772
32.70661081936657,-103.9504671437075
43.95046958249024,-96.92911088382807
37.59227824991218,-96.78371744003854
44.24198399767891,-69.64155675107025
29.50382416772244,-102.8842233484046
35.99346776538894,-78.37030017468727
42.10791704758576,-84.7636192254321
42.38735654239643,-114.574380209475
29.18364273534194,-99.01097569690403
44.59559441413213,-96.11364793149292
30.69777564945196,-84.37003558162415
30.77304597709706,-86.43458051018992
36.50204365009282,-88.54036807217649
42.14831226706125,-111.9920189957447
48.07884363380655,-96.33556023311911
44.32462447063597,-117.9754338292712
48.66046776782316,-115.3174631350133
39.4775519951155,-105.4254457699855
34.15659186429097,-106.8964736049744
46.63734048495404,-91.44810941859375
39.69651182654373,-103.2925127754192
35.63100305282982,-119.9746483105779
48.89035936622901,-122.32053777427
45.36829445565465,-68.60486288135168
41.17638359771346,-98.00218719915595
45.18520135469286,-89.88100149586111
27.69062168257849,-99.0508112587447
41.88195748046076,-76.33831324494706
45.56460784220063,-102.1693518241797
46.39832929851882,-97.17325566767545
41.46759877874702,-97.25351275650345
35.74621105283106,-87.38392673732886
37.55864227711589,-120.1114651825986
34.84451391764302,-86.95188742747779
38.09548550120864,-82.24695598284566
47.81540888497531,-114.4345204186011
31.3112582146427,-88.56707160579695
43.22026809164934,-123.3130880693621
42.75496254721588,-72.28026896207905
34.29435302298268,-97.21286155550413
45.26424616802633,-89.45623831922498
41.08011290396075,-83.58323663823265
35.78651583178323,-76.51879774940045
30.99902550020488,-102.126779326153
44.89446450280243,-98.27247143918079
45.17416746964548,-99.77706372946336
31.97407898420009,-84.65149216755998
37.45537301009299,-80.97854983396748
29.82870639759286,-90.40610154045557
44.31762019334194,-97.55162651322166
46.55698137111435,-112.3934236043375
36.10373518425546,-115.2919844092786
39.07981241277609,-83.42408458311226
42.00289672072059,-88.54778779659337
42.95373096008552,-95.3016152712691
36.86422893957268,-79.297602917014
40.68839226127064,-95.73671037134785
33.00302352536478,-98.05412615113238
46.83782353012204,-117.3763487501611
44.23432683326495,-72.55886983418371
38.22550765729425,-78.6273946342331
34.19629315099018,-96.24072357196586
45.58734474310383,-116.369629070992
43.54276688656572,-101.8408786290015
36.5370566455437,-83.39430549116854
42.95332045578751,-97.1054229404088
41.40882519438792,-98.39302361510508
32.90041921692095,-87.6505253636725
45.22741816289815,-91.68545697168486
44.79071117630771,-107.4309942695315
36.82435471911458,-88.07706887541902
36.18993959272254,-79.15294001839429
33.81002732399301,-118.2828197346805
38.21978389733538,-112.6456662600996
37.96835856783944,-96.98765724917996
28.88423139649216,-97.2777670710493
45.51651386606309,-119.6916228014506
34.32543332025861,-92.03483533267983
35.87742478550219,-120.350954885983
38.39403953917797,-101.4572319568198
43.13861091792415,-73.60258107607585
48.34606782570061,-108.3722760078684
32.88144116072075,-98.20322400160393
36.78354562752083,-111.2917873943784
31.59897956120577,-102.6854515634092
39.25322930977079,-81.71068955107548
40.39351446949701,-92.87982013300939
33.86552251316885,-92.01598540071623
44.2191522308673,-98.37616018270043
46.41641210025048,-106.6330881225547
41.15924554997866,-106.929840728948
41.92665843529192,-85.34615282972307
35.83956002016422,-80.76120054903389
41.24267875419717,-108.8348498944883
44.23627682694209,-68.31719541635209
38.13666128546401,-98.19752426929959
42.72861688556027,-108.6612149419722
36.99874163901502,-102.9802021816715
42.30102584103314,-74.31764893407762
36.69869853507861,-84.60142545534381
41.55643087754593,-84.03756702012045
38.59238166123862,-100.4688070586136
32.07171608469896,-93.24977194666282
34.65958626906238,-79.21128471927216
41.27887561930751,-97.14052261574243
31.32648825248124,-88.09379620163844
31.62492357092461,-97.92158551673025
61.24647156232094,-145.3340223746576
34.64860306986662,-113.5707213851045
42.61222388510456,-78.28050761207007
36.99678338831598,-89.24983277282567
31.89321821004488,-102.5844122727711
39.67161608935506,-79.69087904117744
40.40470847349766,-82.32145346933557
42.89580293522803,-109.9013427907681
36.44926030823208,-109.3644412044023
30.65133625096031,-87.7161947992069
41.91341985515611,-94.11592949343745
38.62829700516223,-85.89098560458042
33.70257861608812,-83.1626070905959
44.40492871589841,-91.9832935414231
37.35151382038595,-98.22179657985099
34.9147602085179,-116.6625384070255
39.69757390895018,-88.0261935700584
42.56807689817074,-108.1819055246315
41.78047195240495,-112.471625975652
40.12689321579629,-100.1576143412124
36.69330982492039,-87.5295514256194
41.08092413099044,-74.13625223327635
32.78178254218933,-87.8070879380633
46.00064283653221,-118.1145277371826
33.06730145001092,-93.56830988818348
33.83825767582309,-89.525403352135
37.98271236724496,-103.510226025264
37.28740323197285,-95.04944559496423
34.15170297368183,-90.80963100385725
30.51896380661859,-93.02614444642491
31.20965379757961,-98.17228954232783
41.79054891156555,-120.1738248994088
32.07060375781317,-95.04563679519833
46.22380720197937,-94.84331378090255
32.40488433288581,-91.65374784318729
40.30010630661242,-93.7321704251845
30.58040466927718,-82.7293125787449
37.16999588921018,-90.46618305856637
37.59755923616915,-93.85845442985784
42.89634483438302,-124.0779709679655
47.52803734965276,-96.56100645838295
39.25803758292096,-123.5405742367619
38.35276129150191,-119.8910064420387
43.12246622452611,-99.43519976226739
32.47446036836777,-84.26264921088742
62.23742510958304,-150.2519185482211
48.77835532554426,-102.4744420920771
41.2892538362365,-88.38154609953122
42.7124397393232,-111.6136741886663
38.16702715296962,-91.24675458302126
42.32155654622718,-71.3912116702594
42.64760960073278,-83.68685699447998
29.69025672135583,-98.6319137089461
43.9542107871514,-99.86566420673897
40.55423218877766,-106.0562028749341
31.4626639817243,-87.95887385161718
30.78965239925391,-101.6968135090208
43.08746422908595,-122.3166265276476
40.97322738346684,-117.906139771158
34.86219307869607,-95.27628771819555
32.23769942719582,-107.6655403875446
47.69900708306761,-119.9856285474248
33.64423254366175,-112.3449883315801
31.35249407999565,-95.74841656099937
35.65515298211862,-101.7415073209577
45.39076900332618,-102.8072342492292
37.36843772245978,-84.7503415456809
46.94075348192685,-110.7432244365448
32.19292937825777,-96.68145023225499
40.36879526233639,-104.5642345975806
42.0351674708687,-95.73509368867167
40.09614088988042,-76.14732681714221
46.75708694856093,-89.46409891456612
45.32015559309033,-111.1810534494611
38.10479581976256,-98.65614661525417
48.51322896378136,-107.0735496964889
59.92420747786652,-151.7420414968208
39.28152727529186,-111.8800152428679
33.72765718479358,-79.12690410697432
34.88452095696091,-94.15845410543575
45.78394259647485,-69.89967020223159
33.09049497559669,-88.43418109478122
45.83548687444127,-98.26952030349548
36.11540689930391,-77.08729737625353
40.04045406601837,-85.72887549021907
46.62935949309763,-97.27370629670659
28.25857242146887,-81.85030295857402
25.95490840092507,-97.148462136172
34.9042049104776,-90.12840483892998
34.15840634840964,-97.7922785818291
36.9352036703794,-86.08676314323499
45.06740513130439,-91.1596458238324
34.69401894441499,-81.69262783653801
38.88561363814353,-86.23836937514773
33.52318525343943,-94.72987665522575
43.37134904233995,-122.7459459182459
46.36379884938579,-93.57154790318305
36.05932350108803,-93.48660909937114
41.9957530026508,-71.45665058034601
33.6094665824435,-97.51615463041861
39.73511510257315,-108.0017322840662
37.8914975798371,-112.0029348321975
38.89169165471908,-120.4071450337505
37.58783809439486,-80.37796464018938
34.38728339714008,-85.79346966653718
43.16257748890482,-77.20586995944436
32.32911805919767,-83.73999264248417
39.53526288115437,-76.24634883204979
35.11885192219322,-97.44179240699296
45.89607558815727,-109.8379938767774
36.62090210450048,-102.5532466079318
33.14065581786518,-85.08878820564748
43.14451316338518,-78.31857944441249
35.83579426475786,-91.32048221937703
30.82492707988074,-95.4569669361416
47.87622185746851,-94.0064156093755
40.90948783765442,-111.2337039651599
40.78978216526709,-79.61605311054166
42.18376386570227,-74.46232098797942
33.85583979845071,-110.1785106004507
42.45961501729682,-90.11593261449569
38.80350811832474,-96.53843560175956
36.69614595607281,-85.72069234744947
28.30059698222517,-98.55322826509502
39.86511549028902,-92.17926394864979
44.59295071071069,-103.7695246040896
44.16671945291893,-84.61981750131777
46.12848764015187,-92.77653435104776
42.4663940290697,-103.1978517043126
37.19652252420178,-86.4387212732412
43.38532604516761,-94.38826836960295
41.93091012968576,-97.44610522881449
42.82084650560273,-103.1080500084443
34.23063720769755,-81.6601841326501
20.94606877917807,-156.6876172001186
33.97729723739489,-84.21631081541234
48.69596512167676,-112.9779357913412
43.60717683034955,-115.863053585196
39.94634135665311,-120.0496428973765
31.91882351109717,-112.0266235896676
32.29797253721605,-104.1641596849207
47.63179507370383,-102.7299613958752
32.62567364928468,-83.67520615383269
46.22279653886505,-115.9567414466306
32.04093908779753,-97.27250019678834
41.79053417855879,-77.18532870912179
37.57252219070709,-120.8151081280427
38.27411402014555,-96.73210073519643
38.57771275475498,-106.9761971416339
36.64573335190709,-101.4287844587931
37.03596585179157,-94.67576893318814
48.47218652635809,-107.5253394252744
33.15765080217945,-86.90247840167513
35.37356717620246,-77.80451663006855
31.9559737489284,-91.60384040605649
34.81828414808678,-118.6221026744254
39.50671247274886,-87.93766102731887
46.69729055137866,-68.09205318847305
36.58946426521535,-120.0609807375508
39.75522546605851,-81.74548889471066
34.76807079071003,-97.24222276843078
41.58495813686885,-106.5698556223012
40.47977059616896,-84.63203129816986
39.71074206132973,-120.4013263914529
43.71373867427986,-96.13229862001516
36.51834848244155,-89.22552287830763
38.67999544493788,-87.25430403516023
42.77047798066108,-103.4402311246534
44.91657686451873,-89.52341586999518
43.85599547232244,-70.12791772114443
40.70308872990947,-75.73368421031341
35.49995799276231,-110.8035595031321
38.32693371398572,-78.30303439231723
46.40452546871347,-87.76168489425945
37.48159554369309,-81.6693463011651
40.40874069689043,-87.03614456385111
46.50656439388055,-90.49610204479742
30.72437446326166,-104.177219128606
40.4936571310954,-106.2134845170329
43.1780658742932,-91.13111485718508
32.07523038998714,-99.77139502226053
44.85565362270141,-104.5567487340889
40.18370080101431,-81.53248612091141
46.40197340648835,-119.008899010851
44.06707493724902,-94.95998783335128
36.1792067311704,-92.63594448276896
35.42487950206398,-99.17030937869895
40.26479061795018,-74.16196532333426
39.6674118562648,-112.0532243730366
42.82876949870082,-116.1389910287378
45.13874004824282,-94.34075802913593
38.68699728556327,-82.52989711446459
33.61789306429806,-86.53122430415242
38.67645010473808,-119.6191837130145
36.23959599619709,-95.81699740438798
38.74160014059346,-78.0697093626125
48.00230978743943,-96.78407829742915
63.59149856280294,-142.3613384487359
40.96464220019461,-91.39032849811078
30.04371582850584,-95.90848449234576
37.21733429407605,-94.77748311127823
29.81859654067748,-97.34784281363119
48.37150672330102,-116.4921804144666
34.49175767133249,-88.55121747699438
39.91040817882705,-85.20151942957658
41.20416567225326,-75.7765571371244
34.62206751251389,-96.71601374867805
36.02211033427692,-80.86183235071798
33.69976418632087,-115.4642740603125
33.16867430949392,-96.7574958343473
27.76461350326454,-98.86852354663958
39.38333742079121,-83.35014103154
33.73424069849359,-111.506877877015
30.58751326724767,-97.97201667546953
29.55004929177602,-96.3149021416985
40.56273424238894,-121.7418861664301
32.46534228813358,-102.4589684337285
45.00242016276731,-89.76790552824808
33.45826630975315,-102.8217704195926
43.14208034411775,-90.67882696809963
45.90501234327861,-120.9937696901174
38.23517379580066,-99.1504687123044
37.71545174428311,-81.3294917389028
45.63851555874757,-84.25406384597991
30.70300071331664,-89.09477205185976
41.44435833832808,-73.64316536790312
44.38644172696699,-100.7274340781172
43.96326959071081,-86.36040368104473
45.62075101592085,-120.6436486440494
41.27866255392743,-98.95533395897678
41.87300099768833,-107.2674473318136
34.18561050486755,-101.3997612953992
41.00293374255687,-99.7075073302865
32.08461403015635,-84.51035534693088
36.73857671152433,-119.4641019678722
39.82803117508145,-80.91278628243363
36.16608970627131,-98.47717151546824
42.65959148398365,-77.86389263247311
35.77273061087296,-80.50315808172233
40.15483218105016,-80.84794987731269
38.37276624060194,-90.23441991856552
48.12761972507571,-122.4396890626114
38.70849730870363,-90.85897116305966
43.83573249042209,-101.8036367958716
46.12265631902862,-89.86023229498551
47.57548184477267,-104.2341258551891
32.35349758485646,-94.9812028371972
35.10667122227041,-86.19591052640055
36.1446803544517,-99.58681946387283
40.30616732210563,-97.07592330718887
46.30771549982283,-90.67386323809818
43.23707858460973,-77.46632396274559
37.48190051240248,-89.31413354218478
42.23306513123235,-123.5239875771175
37.07550576071472,-81.88971752443051
40.38294731729209,-123.4462339949058
32.59296499358684,-81.18623845148005
38.28099828933707,-103.4471706890505
42.77946603564109,-88.24955800079367
46.98101963826323,-104.8538925973593
38.5511655911595,-82.69283401665179
32.55307476920098,-98.68598328649263
28.29234804930749,-82.53110319856359
45.58552492404618,-121.0674752474888
37.38694226155107,-100.7248941242499
38.94163253854605,-92.33819671059332
46.83605346942652,-115.5680813523592
48.71574921669112,-113.7793329396715
45.97536820437539,-91.1383385704273
29.69377790186035,-94.62373471421046
30.89194412550534,-83.35790473078687
40.27796095385877,-110.1432251492966
28.77815300111212,-95.62959786711917
46.35787358938163,-105.9087577092319
30.17871470996657,-98.2322218395832
46.60283723012439,-91.86093063179304
32.91762596244415,-80.69465855171977
31.52564301492465,-88.20739738401173
45.31777872267664,-106.1554677933941
48.61110897358055,-104.4385314404617
43.1000652490285,-115.8311677964247
34.74994677197004,-78.36901836607724
44.55770628302252,-98.34174388159207
31.50452614907451,-109.5449179940332
36.73410964303859,-102.3923246577784
40.97352966982286,-88.41604792594127
19.49497285612057,-155.8905331866621
45.10930458154225,-85.61412238640364
41.80726773110527,-80.80944975605583
43.94882862324424,-69.26362581763131
38.3064462748601,-99.41823544023856
38.35686525927001,-117.1444092092498
39.37263572256111,-89.19567839393346
29.64270876830244,-99.06784498238174
32.70883254114243,-82.82479842331597
46.55815204952959,-97.69948855997822
40.23689313484007,-78.91951414124787
47.89020777776037,-92.05011156368258
34.59271416513408,-96.4419450451768
43.42804957406609,-71.35019542938807
38.9083037041735,-75.2997945155369
30.37990712555032,-81.73534746283256
45.8026666218493,-96.44600972783971
46.28926294074888,-100.9422920337538
46.88252837036935,-103.9026129933853
38.18387134611567,-77.76784210157759
44.45237202110799,-89.74470061923583
30.73607290866453,-91.58997867675933
39.27769660723364,-98.80685302073266
34.06947974001729,-117.5336977312177
44.91534735699291,-72.43082674858397
36.64304514456902,-80.30184407685528
32.39246680118347,-103.9731244116217
34.43450397798306,-97.7372980808202
33.30126596088407,-109.9268230538027
46.36555562610786,-104.1353789256242
33.43267337400346,-79.18413848158391
34.77326888332643,-86.68397464997632
42.70987460426445,-99.26582620848433
41.46389108423024,-104.8888948858701
36.66853647741127,-107.9614060352505
40.47943048852213,-122.5910858702444
41.62746632675006,-74.872738748184
37.49817201084797,-83.46936518587077
28.84739333472764,-99.50572770046651
39.88501482055941,-95.76187955571557
44.75728940423175,-100.6307700015865
38.77233188255715,-95.84383403931182
33.84255314072096,-88.40834777089569
28.73386463957631,-96.07205185936455
32.44641622727121,-111.2160079108385
39.83898890567096,-99.7933361901287
42.1268216921335,-75.27066759836445
43.71724849885711,-73.2105847131616
42.62341470680359,-112.4964511508481
39.87236358518922,-115.7258513650831
40.74342361839929,-111.680314362122
48.05296539201175,-90.50890734917316
47.42684762016523,-95.61004597667791
48.07182883166569,-98.12031266766922
42.41217294039106,-74.14674545458642
35.37683811796152,-107.9717054887538
43.87929072036978,-73.73552871760882
37.87552192317171,-118.4677913557852
35.7787679601262,-108.5831508110483
41.66138992604987,-77.35197356509636
47.45345967742338,-103.9396370376199
36.86307518773712,-78.1948798701416
44.70061533733949,-110.5057529569076
34.13410930672493,-88.34994767674206
34.56898219058264,-90.6247671925122
47.80977582163481,-108.5924754018024
44.80391075940658,-103.852609386964
43.69770473999824,-89.60515320594637
41.02304213775379,-92.76029305708849
46.24981324833917,-90.83097968914691
44.86682135261172,-99.38784437977328
31.03538801045605,-98.06423233039676
37.6396884587367,-118.6815465942378
38.20587524498325,-112.9690197891037
45.50083073892107,-97.88592072610662
44.5059499790454,-118.7711429046261
39.90044295710865,-77.56579193970171
41.1448957719312,-95.08758964029225
40.30697696623636,-86.08910901267663
43.02394179794553,-115.5592023347053
32.67468544605061,-85.05342809224703
37.02083308891022,-120.5287489843765
32.58713736508482,-107.011541617981
38.12534358022052,-116.8202981582835
36.26519269842049,-107.0517325244974
38.51259613702601,-117.2616420617689
39.06181548734367,-105.8542824004009
42.59580546674956,-91.77137637584087
33.10292543292342,-82.60227804583096
42.78797838712931,-72.47503420726112
46.82943929809593,-103.1901622027629
46.36823307274103,-118.6845996265305
44.65258680726338,-72.7613526032669
38.10298652745139,-100.4632321302135
38.5634329395882,-84.51712788358115
34.27079469304974,-88.87416651736594
43.04487482586644,-116.2574224076383
40.6993889143597,-112.1099570152857
31.93575284505822,-102.1694586286422
31.87388614577341,-84.79017137745332
30.01151577477959,-98.13756974001271
38.2081739261009,-80.28241737077734
42.57596434590395,-96.20586548179217
39.48974470899277,-84.30778577262542
32.57257973536529,-82.29631726970996
33.40515338441138,-110.8592616210141
38.35623326877572,-83.70640354087467
43.06910180750675,-105.015830869429
42.39200114050315,-79.29333096822168
43.48194402131602,-115.3116783708574
34.52541052313729,-102.9781517798192
37.2301774661392,-86.02041982095795
37.36770036936088,-80.03830798778787
42.46766238045675,-97.33070800240284
34.86483354696497,-87.62990809459222
48.17853898427749,-117.3014891173337
36.45489341689764,-88.96462027314732
40.48475793251712,-79.66472368563306
40.49682348927441,-86.19437460466301
40.35007394843961,-85.66471719773853
34.17276449594775,-80.28710485866023
39.49448188040478,-81.39155429532184
46.26292864808453,-94.47234446752795
33.93036151172777,-87.56484889082071
41.57075034654454,-122.9225244834233
35.49296620431574,-87.09744823590022
44.26026469087521,-117.5575954738037
40.04040743629508,-99.21722754497735
40.12829367645256,-120.1649932916531
46.14888168605393,-116.3826554354321
44.07770544090711,-99.25087118895235
39.29621719928902,-87.81832113810383
42.33556005566252,-90.2787039853023
38.5522528016166,-90.33480190326152
46.05680195336547,-119.4551178457762
36.17531051945248,-120.2835004468886
28.17399680841531,-80.8973344259864
27.73353874773206,-99.74336883731492
35.68042996990281,-96.66253127667464
38.34739889990061,-86.62054654073107
33.45809877321119,-85.72007548777651
35.92428426724284,-84.63012894425798
41.09093047018198,-95.93774950128059
33.55620046148401,-113.1997063740256
32.33020583957089,-94.2891413093515
48.53889970352791,-117.6029727794409
38.22884156296194,-122.0724793153635
43.91014379467987,-102.0649656159038
36.17701041932787,-80.27329209265157
41.12412112598926,-117.7448714543139
45.24304295835779,-122.9374446697603
37.33579860373491,-90.59010325913731
33.84795678902762,-111.3090527738079
34.87005385553782,-105.8913247916602
41.10511872646307,-98.8555228993022
40.47935366080495,-74.9419248352432
37.24270681400078,-96.57550479773305
28.35503793824875,-99.19151270889387
36.98270967088146,-119.2118308844048
34.35289889529689,-115.6903079969309
30.8905649866144,-86.97696587419593
29.12542248994422,-100.5437164581134
42.58152807281317,-92.86954071302853
46.6083472335806,-123.1195713938373
38.0137318040796,-121.2826720433772
48.06659971859524,-102.8727556807975
31.81248461793923,-106.7883303153813
44.72787435757953,-122.2537273996974
39.16415775164047,-85.49827422763373
34.57343054660281,-95.33937419830684
39.0743468591016,-108.1452331597953
28.85755968481778,-97.6901798008662
42.63074103250766,-72.46588405737701
40.11062003886819,-105.9940987464888
42.69129048706996,-90.9038912103218
47.50688394213896,-115.8725880224947
40.35661236857682,-90.38809382345316
48.04984800091357,-98.56598569163457
39.85770539527558,-105.1549016580565
31.89103160824282,-110.2221176404128
39.03415526928917,-83.84885959276241
45.38454219707448,-109.6778113669297
38.30137276332182,-102.3053253624656
33.18983954164774,-88.69164243748445
45.40084186377638,-88.17924276044613
41.03167637523423,-79.2638997139314
31.92094522531303,-95.63419740828715
33.82408292235753,-84.80189946580124
30.70449330518898,-101.4559900219201
31.88670648349208,-105.1487654299936
28.22591614642759,-82.27691980573114
36.46894919428122,-82.02008886737008
48.98275788799839,-117.8261371604744
37.61419673379744,-88.03472896655015
37.33657586623214,-120.0386225900178
36.85880912518176,-91.67505443635912
41.60917639146536,-122.0839195017535
34.517792078844,-89.23847226366908
32.72300169297024,-108.9389204883306
33.70193665903027,-116.4044759619107
38.68208984729062,-84.34120003349966
44.35895135268655,-92.39347965054353
38.02489213907778,-111.0644960627528
32.41830253688176,-98.15933395282069
43.30776280079517,-100.6506485095689
37.11102170048647,-89.09225758810189
41.2998970716803,-118.9234281907057
38.73570182478726,-88.6390642446385
34.25933773749718,-105.9943182427301
31.29915558151753,-102.7137620971078
36.9436736877357,-98.41849034448582
42.58798375853286,-100.1304538486249
41.64702412677988,-86.11005399007396
41.37910864643942,-103.8927582582536
46.79214663199604,-97.78720292180441
35.89077267018502,-89.78434347076288
30.92048393523128,-98.21440569810225
35.14521889672015,-94.96126318303189
35.04708904823906,-115.6082109249157
32.85022903814071,-85.16102798854834
45.85324632233726,-88.38013155907673
38.3667262119733,-100.8670742564991
42.73394339366165,-85.76169851052667
47.39046081492518,-94.90818632934875
32.15998842282048,-111.2350265570684
36.39440530677188,-95.2285987911152
38.24444669174918,-93.31204447712003
40.06353612740141,-81.69695107115702
39.96104118060523,-83.6572175380621
44.87676611567556,-97.58423809445422
63.97481511477829,-142.1623960166395
37.21277530944715,-90.06935006066591
44.45987590432626,-74.38780010455051
43.21067820448208,-111.6666534153413
48.02055989659281,-94.94268086225492
35.31316138096324,-118.334672623937
62.07031184954884,-145.404889232527
44.13428153043709,-102.8494950836266
42.05036013001477,-120.5230448748531
44.05737607304563,-105.4650773456962
41.66118818019298,-84.99206274164324
33.88551145510141,-90.9027589883304
36.43248867787937,-80.64165586739622
41.32262540482714,-106.1723672346345
37.90978353304599,-90.88685987399433
37.75662047761152,-103.842107128168
38.62700380157797,-78.23487743093098
30.6059215310601,-81.60537233943913
32.61189657697836,-84.79189707445424
34.21715050653938,-98.05490470983177
44.88118019777526,-85.23147786594934
36.27682271521063,-85.95070452478585
40.01750239300286,-89.76199008255323
42.62594098494103,-84.80015058528289
41.2083513954445,-86.331316187521
41.75463107152119,-96.49878330838708
36.48134363339252,-102.0630434597317
33.36079958081798,-84.76551692301625
45.58697800671362,-93.4242325499341
30.76397848478035,-96.98756838844116
30.6203265466861,-89.94326791401471
38.61821998020885,-88.79291756141964
40.96945459328705,-79.01744167958296
29.9072810993637,-95.37853880222504
40.26860782819345,-103.6030833699301
48.45271700310683,-102.7990284934721
46.43578119928588,-90.2219105961548
46.30777675068223,-119.831365863426
46.23844074356224,-116.6239439153146
43.26887118929104,-118.8545520467204
29.55196667431428,-98.09746967234125
41.48722447043249,-88.49861834764816
31.28787100875165,-100.1962518089154
46.25798184322777,-119.585516690808
37.68019049528245,-90.09179025932204
34.90162006914307,-82.49227473553303
35.54811002916052,-80.82538502972263
48.69671217854315,-111.6458753783609
38.74044458466936,-102.1465914830351
36.12225588346187,-95.6492499107576
41.13888073783387,-92.59560041477863
37.2169641546217,-87.13896897475546
45.88146519886009,-89.06887853641612
43.02561316240551,-114.4522098688781
46.37612411273038,-117.5575823043446
34.6839640275933,-89.3485833916939
39.8419009325638,-90.33816774227869
32.01220616309006,-93.66543538641825
38.30977533544738,-108.8607905970154
35.91141586180488,-81.0243428102964
33.29345412353226,-96.86204220689376
29.79322661258461,-98.46128260256933
40.79431721188291,-80.79515448804614
44.51856655018167,-72.9259175155504
42.64944582959929,-76.04474462264513
36.88182402286309,-79.99432292772403
44.24858100112163,-113.9954002626896
39.71698889777507,-74.53604248905582
35.84611768657334,-85.48325006240204
42.9610738749724,-91.29600917502344
33.06781034006683,-100.0650841956614
40.47103058351599,-82.58143931188107
31.0966479582941,-98.31513896471441
35.1714579619988,-94.10152897471161
35.97116218685551,-120.6474932653251
46.56611489628072,-88.24906493075275
32.66467748426174,-115.6123580362563
37.17921303940437,-84.66475754627625
28.62736987235871,-98.4581756543775
33.38540685873366,-91.97943663802425
47.25699720207147,-93.2872484794054
40.13355586787051,-97.23718304786081
48.13744522140552,-96.60919743081566
40.62619352121651,-78.3808250563618
42.46690635380605,-97.75605733285343
38.95665688175731,-110.299762365704
47.41339793178874,-98.54237939640969
42.83009162335105,-88.0605302624169
32.1093159014067,-112.072920440733
38.93660823163143,-82.88910596297566
47.13185869554108,-106.4879113981284
36.89555072141276,-105.4282358009976
43.45765060164068,-96.45561413701002
37.44947649012099,-91.74582000203972
45.86774529491122,-94.90751979016396
39.08352247666691,-88.14143228030974
35.58528211018129,-95.65983549049062
36.41417860493775,-89.42592836372253
34.39905776516154,-116.7035049482141
38.20600728783991,-86.09882976163374
20.61547985634768,-156.3566998317685
32.01639672352714,-103.5842723623446
34.43648964544481,-82.44939046410717
42.88145769980815,-95.72134273550816
39.97706854400522,-94.9083534073698
45.41372428261864,-70.0443024541267
41.81587147066133,-103.2925089876619
40.21011655536891,-82.21845457741563
42.67752053484446,-113.8258545236556
39.89945949720053,-97.57798831743087
43.88299215729219,-98.45158381834652
32.54983711057795,-101.5977593253063
32.74443646462126,-90.03489004347314
35.96672703650542,-81.26788651972876
41.47397720638264,-83.77669059276347
38.84798363499867,-96.11329273143312
30.80982698677441,-91.81563136838255
36.55012975302586,-94.6435516303861
38.11265057236298,-85.14454060255984
34.40694988079389,-95.27560482520126
38.87316342279384,-104.4614597996765
37.97318892025256,-114.2240487855758
44.55638537873779,-123.0647310396719
44.10747909987705,-105.1608474653967
45.25951237576989,-92.37452115329556
33.35743633261662,-86.56379026091614
31.5328490310782,-85.29580244370243
35.55114929628472,-77.90051668609641
31.30848851781059,-83.8232966405487
40.88198921957839,-89.31579524622231
64.93472153491841,-146.2842968188326
41.834242744353,-121.488689218597
41.66798117094731,-109.7076832354179
37.16870311522853,-78.12022079463094
27.58982716348659,-82.13704149978659
48.64157110058395,-95.68592027109555
45.59221062055025,-98.10391757946064
34.82179519995996,-95.689380437069
39.15389649205938,-97.85630455575188
43.46021061994266,-123.6102913971786
37.35381548548298,-101.150414313972
31.11601798973769,-86.6412361978037
37.71097842920403,-96.6245866698917
33.49151465205639,-85.28095543412918
44.91897506581997,-118.2967231111296
35.72555387398062,-87.88397982905083
37.23619398637311,-78.38313899745043
32.88426896990314,-90.57127029839486
33.46560620577601,-104.6019634649976
38.2316416239609,-108.5958911578893
35.1610720353772,-77.0096713857013
46.79739526719511,-88.3611413782038
37.82213532054885,-91.74476135689353
38.09799233639079,-121.5678852948175
30.1014168912331,-81.99333760944404
45.67405726778619,-98.41430777200087
35.98517365484858,-118.3830037944826
38.66586701688266,-85.4504533578981
26.19300605209423,-81.345952017697
36.22773023989428,-96.92947854313125
32.60153373673236,-105.4368990919159
47.03660995593719,-113.1612902144346
42.05941078258842,-102.2777438853588
37.57570526676337,-82.61387636458184
31.58205054497867,-81.95651883361403
35.41683989000248,-89.7509240724866
33.75994912315868,-84.53942342645739
36.70267715757453,-116.5857006275099
33.56956187588681,-93.1940976625211
39.2778238228212,-82.40494060342881
37.02435211290594,-108.1727989490831
38.56839966194062,-106.2035527114295
36.49244066123696,-83.81869791442358
42.4382346311996,-105.699125815921
35.81538470450117,-93.24884546106217
38.15289060112345,-118.2179519263165
32.277559463808,-97.63728474379447
46.944446659712,-98.33326540965325
34.0640445488899,-88.08298622798445
35.01113089563375,-88.20985098574391
34.12534821908184,-86.54423856571975
43.82019041032838,-117.0839265429878
32.59897102453068,-82.98624440897731
31.56140788111265,-101.2776917323959
38.47502407666194,-88.26223050577836
43.37002752017911,-110.7486383361799
39.55301197592445,-87.49341395101351
32.03357374688049,-83.11762034906826
36.01032786104891,-86.70135939351563
39.80668942790628,-78.41365482337912
39.54413798591059,-120.977070182393
38.45906514102067,-121.748992704581
43.37041619465289,-109.2856266813902
42.91089997031128,-89.89007483602295
39.40125591644096,-123.0300283779332
36.20621742700939,-119.8514241916813
48.5000567089365,-105.2991370590849
36.0805068647847,-106.9750749805372
42.84271679472263,-87.85270737382803
31.41331286357667,-81.855645607571
37.35857100065047,-78.89883878955911
38.73206048224076,-106.8274942254867
41.01590672871472,-109.8491113842407
46.07007443022835,-93.23251431847027
35.69734302731992,-109.2789624856104
36.82047058543116,-101.4921724299769
36.1663664971296,-86.10794648669078
40.89828358057373,-111.9039185502596
28.7519921233634,-96.73432406677922
34.1475491398369,-89.46183194234548
45.83816547105238,-118.9409986939382
43.2561342431359,-99.96171077496221
34.018793964693,-79.06529446675563
47.25177104850641,-122.7442982191037
34.53447580216874,-80.48235812039096
34.62463321031088,-79.63403044977572
47.73149022133312,-99.94685170677234
37.74960088509369,-79.29223659281146
34.97552577988555,-95.09484316637905
30.7346904712785,-89.77720074215985
40.92378416862766,-118.3294345827129
40.76594679479398,-82.95393213177924
42.89352301825412,-110.9959740712505
39.79575655720021,-80.68449212269792
31.58113669063308,-84.88812015454184
26.20842352137797,-80.21794574187383
42.98453394122195,-117.0992690997091
38.76399444493195,-101.7430361825437
35.1030056479258,-93.84311821019391
31.97856397134556,-94.09381978627657
44.75486199375629,-91.9053363959633
41.97651250845536,-80.20424531073982
36.43250476245911,-77.71874861734516
17.97697142591493,-66.4180949090714
26.45041047912293,-81.68969349353101
33.95003361094383,-114.0357043510551
29.52066110539584,-83.2502340474534
27.20948844488117,-81.67295662132473
34.1886952331338,-118.4442285931001
33.93760661039389,-103.5282285898136
38.03744435339544,-97.24532033410229
44.01519707601133,-85.94966460081314
27.00603739178455,-99.38084627577926
45.38585473674475,-101.6557251570369
38.06193074841856,-83.77689106787234
34.03553705055569,-120.4406780389965
43.15654791879937,-95.40240689713262
32.14977246766814,-106.5815305197785
48.77472307969246,-111.4697624641049
45.13176058490107,-84.89185138149544
31.31062112617779,-100.9087673123654
39.42376037230482,-87.6549530681702
39.6437970017318,-121.4313545961787
38.39386702821169,-117.4828122172178
31.32773023452736,-96.86800408091376
48.49637500458201,-119.5039394977712
42.38257670118846,-93.26116924797248
38.07429488880331,-87.37682230559516
41.90725328994201,-122.8349673822882
40.02764303695582,-79.20230814247148
37.78466084091791,-79.79922696273958
31.61954560376416,-89.15788989097125
39.02612840608489,-103.8502667726382
42.04150062648761,-86.52071911677349
29.0890964240388,-98.05376959202418
43.27174734454361,-123.1704836125249
39.80895090435926,-90.77808155242546
43.62844998739271,-103.4897588523183
37.35628831698011,-105.8637800233149
29.73158146927813,-95.27970836445874
35.81728674743771,-93.53036061769618
40.81913792001256,-103.2292106189964
32.0639070684175,-104.220469737594
41.59248782595678,-100.7674599501442
36.33182280272037,-107.2722421529971
38.95219555836078,-108.9435473864321
41.67318615817807,-76.69234656205596
29.1648020401498,-99.47093662940067
35.50495285016314,-119.0360008620812
28.35615023352567,-96.922792772739
30.96246526030765,-94.17701151818186
32.63745205003655,-102.5703290342312
32.02159917655479,-109.6782221758904
35.09779541821532,-92.03244700943866
33.81857959278132,-104.8079082031801
34.84082383251642,-97.50532435617062
39.66214655614171,-99.00416245947068
33.6962432951407,-81.36050482051019
41.87128602876725,-103.9799694857616
40.71354318251617,-85.16811645105864
42.93525300222564,-105.8609997048053
43.77817292157393,-111.673313424906
35.23837430851641,-102.0022231809677
43.91327884759662,-99.1869768028197
42.79993056915556,-101.9900461659777
38.6934698958818,-122.522436149569
44.59988529502487,-68.4517253122958
46.64668337204666,-100.9043931611849
37.69483573799966,-85.3708614736913
33.47021714804518,-100.997848423348
33.43047788136123,-97.38287302540496
44.25552348074801,-83.80381767715205
38.67715083052478,-123.2421080588993
34.58885703445772,-111.3343686466166
39.32148278767922,-99.49327852583762
36.05364024073398,-94.09706080074639
32.9964604618598,-82.76049943674697
38.63532779393098,-95.32336402329616
43.85143122289406,-101.3800419509553
38.57285066587543,-121.5794075298013
42.03410499856214,-73.73361330179968
32.64975692866589,-111.9661675171697
36.62174924452481,-117.0619731118042
46.836994974,-100.2925365800336
32.97856216707967,-104.5426119225666
41.42123224764436,-118.0875902088828
36.21000547946541,-111.0502368016589
33.67004330804784,-88.30786011071534
43.52102431618037,-82.57783585914095
38.48305657612361,-77.70940287372802
32.13471069188071,-90.58682808006053
42.09222873437741,-102.8983814913385
34.71537897688758,-77.66423333367267
34.94248450765432,-97.34279028581327
40.34489275365276,-83.85194549433236
42.66957437636842,-99.58868419524872
45.30647130935891,-91.94517142214669
43.13505482698886,-83.65802162542687
47.78817594028853,-90.82477715016805
43.10991475360534,-85.2665272003896
31.63487705318173,-83.33292457400907
31.82479198464799,-101.191321811582
46.98322277890794,-97.21849877603472
36.47898247106534,-119.1011618634101
35.80204182512137,-78.27193653824193
40.77158082644269,-98.918106900642
40.32880722283635,-117.3395202827441
32.09381331484716,-93.93087157733146
34.37744581735321,-83.9946819126032
46.05896024204247,-120.2077809638136
40.12275749989112,-118.1950511499275
32.98585134490975,-80.96388473192249
38.75933746487978,-80.26372785221
33.5592443649584,-100.1402834697544
40.740024484579,-122.9485119811144
42.02222849288891,-97.0586554465773
34.32208236529423,-90.25361261508502
35.97258533977867,-106.5939308819111
32.74763076806607,-85.33008862466161
33.70480179944472,-111.8177263268938
48.53440604598534,-106.0000782532744
41.14799468563444,-104.9518067815218
37.19445718540183,-94.08997579933938
34.36249889258929,-82.19555192866069
45.81716554018848,-95.33127361528089
30.82732378093297,-100.1333977404888
32.12541019608677,-99.31071375521404
36.19104371616193,-86.79744913247058
45.33207765162192,-123.1845453765842
34.7103455827885,-88.22228175987503
41.42573389902768,-114.7515438102455
33.36261929730865,-98.93071123945425
34.05670781083535,-86.28186390925062
43.06324564771946,-98.06915034753852
30.90086310680628,-101.8136807290337
39.71097878724152,-82.18354920142615
34.72502344777322,-102.4068465360788
34.04935689576707,-100.2119649875223
39.50936914213071,-107.9158812834779
34.98712732552306,-107.4879588874267
34.69710147391741,-98.75590173378222
38.47577841758505,-120.627542492447
47.2702552875302,-101.612695948704
43.89715492507558,-92.61825495620147
42.87787343101623,-82.6804276266637
33.72103601084332,-89.6930539495157
41.11942497107022,-97.74133568779851
31.44232200731792,-100.7390868379468
42.86607387271462,-117.9475311196897
42.76950949121275,-88.7522603181796
32.35836232227706,-111.0985300182685
32.95680047248619,-90.83439225275889
32.55652581317366,-80.47250045247897
30.01474720893694,-95.22355077582988
48.82220930465427,-103.8689127399373
39.01883870694464,-114.2258554157591
41.14409531317996,-84.95348536717069
48.60118566177249,-122.2183098850254
34.66655859425215,-99.63392293019659
32.69989939806118,-99.2105591236778
43.04062017007519,-74.45183348407157
40.94058992806892,-83.05493864100465
40.2142997795052,-86.9791822050772
42.89986963158852,-91.70175176272217
41.34547997913546,-94.49792701102488
33.04051227741692,-109.2785864218936
34.59023824642686,-94.22248464680092
46.92986273762233,-117.6395650742746
41.70768546116963,-89.28770155387329
37.98802685098561,-100.5549399954172
48.3548647977262,-105.4515360578423
26.89346210564887,-81.76012166515343
44.37985860551061,-114.2532561056977
41.15040877778411,-89.65765301317869
44.55805300357035,-105.967100897595
45.61493304306698,-89.39638962887801
33.7406600791582,-85.66009184513472
37.49507257946522,-105.6023222885708
32.15451225965643,-89.47281305597355
43.47077581960076,-98.25865894163819
36.90689708229569,-100.6778113378129
34.5272589063838,-78.67350427478011
30.31426667945566,-89.94939934276066
43.76169922241901,-95.70390233418692
43.07041922390812,-101.7057677301529
32.86320003269725,-114.5042174980131
34.9223077357706,-110.8152383606051
39.12524136687537,-81.17865503043693
46.15190730875317,-96.38375141563974
38.68091212587738,-103.6691119797501
30.6308299085061,-91.75072407148933
39.26477304051823,-113.4751132886921
46.16908425782783,-92.32281124788561
32.42813931717095,-92.32831706405294
33.05147541730229,-110.7175024211423
46.33342615131351,-103.363104644941
34.18590036367608,-107.8947301007002
36.60865012610289,-118.9479399728363
40.10466670554449,-88.90776389742066
37.95576065101184,-80.5281445628623
39.52222486632209,-82.0747334430355
44.80113782439285,-105.6318484862807
41.27252901789724,-94.2039736449762
47.20037190990587,-94.7965739443425
39.27365137367066,-104.2136522455285
45.458637613724,-98.31159739858398
37.67718485214137,-106.4905832492026
42.42254820866793,-97.07234994994528
36.44895756252241,-107.8904575588614
36.86997329086586,-98.1638744513522
41.73652143224389,-72.89095483661914
43.61505329735514,-72.25647539278658
40.99513656112899,-122.6212499822492
33.10409847288123,-79.6874031462936
18.95225958793619,-155.6841166304231
41.66206413292561,-97.34927704265492
38.83147120337254,-117.1896156369817
39.25768769905612,-117.0189105603374
36.66622628447378,-98.08566646696801
33.43493081681204,-86.83111695758105
43.5315750818039,-121.6318981317227
44.3710880349069,-115.1301427526878
37.14453048472782,-82.15427725863941
43.72506710183472,-97.94829802247241
48.99338117240252,-122.5774349997853
33.29588257989388,-86.30346667285842
34.36119099974841,-85.10033007784583
35.59431412060449,-105.1218188629123
32.7122100899523,-115.0879582280526
43.2987182378655,-78.84569784963236
45.92718691724075,-123.9294670351514
32.47796843973946,-106.0489587356724
45.9965264569974,-68.25061609508391
37.55071223638703,-77.20974232634279
35.01351283998321,-89.96509642610472
44.20734713617444,-96.5862597213676
38.3116769546805,-79.42406679715958
39.15997301636975,-93.14101516955363
33.8160807817926,-111.4854241836718
36.04023525994049,-87.38299906066055
44.62597194769321,-113.9059244127359
30.48165990916334,-92.33565815827751
45.45429680127537,-93.58620148561641
31.763959593886,-101.4053665429396
33.04721675050503,-115.6215820428022
42.54707853464502,-95.10096872799781
37.9067610459735,-86.15247068823963
48.73985818775898,-111.918264710241
41.32138420648155,-103.3119477571972
44.30865572507447,-88.10072115686398
32.80041446054491,-116.9964555501655
34.87635224171475,-114.1523153164626
43.89444762904585,-100.2861396050587
36.44669975485932,-92.99420561154217
31.14871707689693,-98.58557178501489
45.87138086014781,-99.61455238592212
39.7279319585078,-113.0235938662984
44.88050569538488,-112.8159238337492
34.60697735501221,-85.46975244644837
42.33325507564322,-77.91651885669755
34.00879264246009,-117.2750506672602
42.43637916993194,-73.03854357289758
46.30655894374497,-98.01370270194631
37.04933899152314,-80.36294801219559
38.78270340453589,-105.2847530213016
38.47998199560161,-123.1687952329354
41.29331644710309,-73.1154578799809
44.32032276903303,-104.5132157472999
32.9093017699215,-91.2261520088847
47.82706832754176,-99.12177405151846
45.81258989172876,-102.9841802522927
36.4487557954189,-106.8239596136409
41.48733153870946,-96.13845589266143
31.51730119539389,-94.05576780239691
35.86804819593942,-99.25218506446946
29.24369017020344,-96.36457953648483
34.59349443929995,-81.8578278506283
35.89618208217656,-114.5134760462458
44.2486283180493,-111.4637231940337
33.12605019081282,-81.48617744165658
42.1837195723723,-89.75220771229377
44.65190572700543,-92.76316318205967
33.30613149866803,-83.38673700565886
28.18420888982747,-82.70018629946114
44.89075067185669,-84.11593219475742
34.3272396358384,-87.34796384061295
40.1300942614631,-105.5008446527822
35.27348698383999,-93.93700562851805
37.03090366806712,-82.31314955921484
41.31208500288466,-84.36210676897848
35.84985776451003,-102.5664133889123
39.73709776364277,-102.8395779762389
39.55120743261588,-75.13221178815745
36.11040125534155,-84.73215898254858
38.4297122078205,-93.41631016857835
34.32124589687875,-111.1417666627588
36.00455207293345,-77.25129343717637
29.12046165644179,-99.17419584819392
38.32130884180886,-110.6747717502971
44.96634818059693,-70.86918695091157
48.4165066791445,-103.9144569785459
44.01759998485157,-75.35789693432892
43.82169979047757,-121.7983472607151
44.93959158527311,-98.96098760061645
39.2002746339944,-87.99006974812463
35.30156097579344,-83.88314223775862
40.59987335704672,-74.78159063812315
45.84260827892862,-91.3063859738391
41.23339719826068,-99.38253832155702
42.59351978837631,-93.54706630861317
32.05996408704221,-96.1562575700098
35.79938101447046,-104.8389293234484
36.454796592043,-101.3519078212956
40.84490980409054,-100.9919899721009
46.66459486850083,-119.0783142904156
47.67580930804743,-122.9774807014477
44.3845663874995,-83.33057875716337
40.26517687849692,-86.51093463607283
45.45067462896848,-122.4058852349615
40.22246718575137,-84.03170886452833
29.6191075278487,-90.73442062955807
31.41950642040449,-89.49460667695585
33.50513216224489,-111.8216832976831
34.10948446628007,-111.2825219958465
43.49352121334048,-100.4753796815736
32.88039495967201,-85.84136069114673
44.22211791174896,-70.75590567542731
37.05530905412759,-108.8451669353725
34.35640295533538,-100.3785803379706
31.69067655051946,-89.43172590456267
44.02541281337067,-120.1415515933368
47.23196680031504,-88.57401377966751
32.76648544884447,-99.043873978535
41.65214728348874,-75.54818051761187
64.6691762378535,-148.2376532949798
32.66655875604162,-100.3274908254681
44.50347809967159,-69.31929435985123
31.68536802033303,-84.7144252933239
44.35902351410944,-87.68471812930797
45.91546107069193,-94.47736881530076
41.50775154596208,-72.10423823138395
37.50785548054769,-91.7933043181696
34.81177898981004,-89.17067275309131
34.21372823609665,-78.0511352934546
48.80943021863931,-105.6558490879481
41.4570028489311,-107.7620369344002
37.10184087197114,-102.5803929058512
41.34345535060744,-109.4462989603325
32.02805111244017,-95.48861468772515
43.31598751544436,-95.92884470702076
44.60245282466301,-97.91063583846287
37.05775456906452,-92.43977299917694
31.20015003236224,-83.98085640881358
31.36298713185477,-86.98719485691547
31.23385437737341,-89.39722657533994
38.36272073634785,-96.7601065136919
42.84405735697013,-96.14573842152971
31.75493031557352,-97.3367296758578
36.17438410116986,-90.8245729515811
42.03444053586803,-94.17407871471109
39.58139492173903,-100.5359330889583
32.98769153438839,-110.7787155861207
34.526449602521,-86.32030877812365
26.37733944626122,-98.53383123916487
40.35032384417064,-98.68907514001675
42.17323791595872,-120.3446819849594
37.60823276861635,-105.1827218051702
34.03239753167266,-83.65798916348086
29.38441260907449,-95.07857977410282
48.37026576133561,-96.05807953906033
41.75636073905174,-121.302398550958
35.50661630264063,-106.7213271277815
38.2856552471795,-95.80258506127464
38.34757061805777,-121.9093685335575
33.18270928255998,-98.83024545211873
37.24434613719334,-95.44613257226037
43.35049097833608,-84.94470584048466
39.60443140980495,-84.15018197328378
39.3140373677461,-118.390978324832
31.27184063098334,-84.2435881232806
44.05176251603029,-93.14932982648436
40.55360387818756,-75.20765089336187
37.80884734258564,-85.21400010022185
34.5156206488158,-97.33097537748246
32.60602648898253,-87.7121182354475
44.61919892482485,-103.3464238923517
35.45959006508312,-95.12349074879798
36.8320271798336,-102.2074818525946
42.20831991399604,-105.7269036913856
42.87282732079058,-77.95460501591069
42.15932522615355,-93.7763094433339
46.90244033359503,-114.0372376676019
43.61216414662007,-92.248893363093
34.62746943326638,-98.52609273914348
30.29030793068037,-98.07273159659907
34.54287070606981,-93.95932214034313
40.38693805100672,-101.2297941667881
40.47530159334134,-93.1435260216223
35.56386717478737,-111.8859627219458
34.69019152881364,-117.6753156462198
35.62787934960998,-79.9758449708077
47.70922332927648,-95.29786903260008
44.40026980318827,-90.16027509099898
30.39935938820068,-94.99264561433827
44.73755978933424,-119.2220125692678
39.55196540274441,-115.7686186415818
39.09598745096592,-105.225055170935
34.50410842235175,-82.71312603398904
41.10782821514079,-74.81119997679694
42.66087841729421,-122.6202162282072
35.29637305690038,-88.0998025276249
31.41865439164712,-83.6549575492102
41.76301021296106,-85.94629563751658
38.6093227601278,-99.31966362102416
44.86128134337767,-104.1380783593634
39.39503707470151,-101.1326312453536
30.52290017759129,-100.9224486871816
31.10700142665075,-83.0327131566459
35.14650344750097,-85.77360157356215
42.11711497349307,-104.7739676403392
38.22953357054242,-84.65405407958036
37.30597566049761,-114.5765036739055
47.80319168014459,-117.3523581436085
33.20907511653964,-97.71548844854605
37.80627024216943,-110.3198168883427
31.04032990084393,-95.12814948556021
41.53618616186046,-92.77601762758212
35.95352621499859,-107.0947043606756
34.52552651371927,-98.6856631513866
46.40170343262365,-118.2902839655067
40.50271759880975,-75.6319024625139
20.92470341662618,-157.0295962873529
33.39796281191242,-84.3522498959513
61.66231240678512,-149.5944118232509
34.19353036590523,-119.1695852007884
48.13013427754228,-102.3535387278976
33.90543840164336,-79.22959948540522
37.52538959172175,-121.2493691231177
39.25670905034691,-111.642622995431
30.96789160710828,-90.14655984022976
41.35893977388211,-111.5932989381365
34.48619574483342,-99.11538994650452
30.23823453358427,-87.92628268264984
35.83596224462545,-110.2297355263264
32.06535174086878,-87.3950614271882
45.72511806654087,-68.58747476977518
48.83846782376012,-95.09064269187608
45.99204645673937,-95.85757019699538
37.37485424389699,-107.160075936016
34.09192096456814,-102.9400512597131
45.79304763447845,-108.8268201835988
37.74430429380339,-96.22991872629457
35.71613357763781,-89.68323368596172
42.39885173539164,-94.57449690494579
39.59134650494263,-82.34450642457494
34.07917285612731,-107.4102036273086
46.41983278966087,-105.0747622403802
42.70061708135572,-92.70886768976682
33.95139028639728,-109.3971318370502
35.7778365513149,-77.5809808659115
47.35792318722731,-118.956705005073
30.54323826796345,-102.0343915819909
48.37929336122086,-96.6930252439599
42.25543224431089,-122.3986999806967
45.78284474706799,-107.6933597234456
32.21404886120792,-97.37465829730256
45.15322664585585,-68.56853959102308
38.7032980777468,-75.58524444619398
42.58900145098846,-120.4915379309657
43.05222514473029,-92.13913186484538
43.80602653715555,-74.6035638947873
40.60328084721295,-114.1323983059377
33.85083094827665,-103.2649696298219
43.32373046202957,-75.02719877253766
39.31669220905169,-88.50804817564789
48.51499031999377,-98.81855286051666
46.11946006451279,-95.68556684139335
33.05673898718757,-101.2143508436558
44.66312699909861,-67.5712443517195
30.24023904818874,-84.32846409128327
39.54509490697311,-107.5028040169691
41.87757330711334,-96.34733035981462
42.01401537413951,-90.33485551270051
44.18856735740006,-97.70973335113024
33.49109696991935,-80.56696103621472
45.83546021874501,-110.5640033665344
37.63969641195577,-88.71792171289692
32.77984818415219,-90.71182063272587
45.34318246708337,-84.99597152582513
43.73051364583701,-82.66104581462025
35.15956053810567,-79.9324981362402
38.03280583102357,-101.9722842168717
36.43400999211165,-97.72102534305942
39.84074942661452,-116.1629764982575
44.08445350862623,-113.841607163923
42.53803845194324,-98.01978549552238
48.48898503352986,-115.8488153832147
32.38872818679494,-83.31132354190646
47.13069884207189,-123.6348743237071
40.60652935829653,-112.4638385569298
33.70377865377978,-90.80265422474352
41.74341483291047,-74.70027649421752
41.67601681284309,-96.23939821273501
37.45360556355041,-83.89231192867274
37.62148548462634,-111.8623348707086
31.39441314413693,-94.21562336832507
41.77658988937279,-87.74709119800055
32.25557374547316,-84.58806920607557
26.01349546879587,-97.62955432545826
33.33861175065179,-107.6819319628149
41.77958640043529,-100.1012691774287
39.07048691618591,-93.98039840356256
31.71848925011388,-82.47872155257261
29.77365687400366,-100.6994120459573
44.38441435772771,-71.01980914970265
35.30253481915673,-103.6138415986613
42.49654049634324,-87.88655872473768
48.37187056480177,-101.4219113324874
42.71365105708068,-121.4793233599942
35.17825037850218,-114.7997086352304
42.01420551788953,-107.4294636258076
37.26112211320106,-107.4473443224851
47.17525559059094,-110.8860475495157
43.04883598933075,-71.52761201066424
34.16690833912691,-109.0412271863831
35.84211807154396,-117.8737903895818
32.09114133164177,-98.64202672713873
32.06348297352197,-102.7103179908632
32.66196315939658,-89.08459538301662
37.75378503753414,-77.6217463975944
35.46113310264656,-101.6356854679149
48.58999227541521,-103.0627817753976
44.5380384464751,-102.4011410025101
36.01765883363515,-112.7935141045219
41.13300752955666,-90.80317108965258
42.49391940997618,-95.5252706215171
48.18242057959891,-102.0103126373706
37.73321981927912,-120.2326089016416
30.16270027325844,-97.55364786507445
40.74118791930439,-77.42954067546036
37.32456049246829,-97.53036989214817
40.74947667228292,-80.02619971120298
35.60788715384336,-79.27696585582756
40.30377659392579,-121.0468985958328
45.73362981671826,-97.98635072681836
45.33022996336442,-103.162115524392
36.20020036613217,-105.7085789972523
44.79996358976899,-118.4106876023986
38.99657123250148,-93.71871416174426
42.23948225094071,-78.76845534586293
43.8351356977965,-106.910129309982
35.64529929584849,-106.3078629206928
45.39892520356123,-96.93372932814812
37.9322549697779,-76.31721363891457
34.8989487002955,-108.4026874169759
31.43802606854159,-99.59858883185154
45.62549736038721,-108.9557113167154
32.18112714885612,-108.3638000803693
34.41196776557463,-104.7102647992818
27.75478759378805,-80.43408600876784
40.01337543918673,-118.5332678719018
29.58395872834195,-98.78286287909265
43.26660603003883,-98.15803588562049
40.51399714780371,-92.72399591305725
42.64397209153302,-71.32735276854814
45.32656251357859,-84.30025273223842
37.3581182594437,-107.6683147643953
38.98276366704639,-74.82938951745064
31.49625552159734,-103.2501167646773
45.04529210002008,-90.47069574435524
35.56967327357054,-109.8173658316263
38.32903346326703,-109.1155720295898
44.21742390881316,-86.04225348051763
36.80072613643903,-108.0721516803743
33.00657853255002,-96.92528797151196
36.50148989716786,-102.4365258524103
40.41655772206717,-99.4157081001718
42.89747491225423,-70.9993674340454
48.26784392762152,-122.2714883383316
34.38718066486411,-93.43356718297196
34.62984259816583,-81.43794177885167
39.15378426450369,-112.066970492187
31.8413941812345,-103.6439756213298
41.0701732042567,-107.6374807750585
43.03782412708406,-102.1412771633483
41.71341926192784,-96.92786401895162
37.44591435577622,-101.3532273398416
32.5325178401304,-99.34373603416891
42.81110175108326,-100.6271134127185
41.18904484975165,-109.1824416428004
33.35889527148275,-112.4049146726239
40.01497724233159,-97.40688822566389
61.66592772249009,-148.9704283824391
46.38012540721236,-91.4277561539509
31.14176546026772,-85.52393119549525
30.37884525573059,-103.7535473859264
46.20345274604241,-91.21208560196953
37.31681715768085,-93.92741875805804
40.94639800694099,-108.2238811489052
37.92375754374186,-100.7694010118281
36.63668262695233,-90.87479329516226
34.57978389173734,-103.6671934189375
33.71943435852275,-91.49457860050056
37.06266267081521,-95.36754885731675
38.13091887825862,-93.47477700101356
44.34895914378716,-98.2320067805217
35.38380554272787,-108.6605506525378
39.26959319037832,-107.8149136759717
36.55837143857482,-101.1655586519962
45.38488454568679,-84.57763389384944
32.61976066803263,-96.03615401216325
43.92125294627871,-96.22478694906447
40.27316310832083,-85.40115952304518
47.65555231897159,-90.65291075099852
37.64402436660411,-101.0537000683165
38.6350843923199,-106.0803458025097
37.1440549739909,-89.8045406114636
45.04897762516773,-97.05484496847635
33.70720583890386,-80.24584365593037
36.19642533090825,-80.96245225477409
41.79974864022166,-71.35335040170543
43.67368248707915,-122.708510307311
37.75087188642605,-91.46708415309506
47.32325828196353,-113.5779162062511
36.34671405646905,-89.13042496601535
30.78516894768394,-95.90142946289359
39.05171038713441,-115.0949942790275
37.32858923650653,-102.2769782261855
34.64980979524774,-92.68255464702436
36.97721767717554,-80.94256889107999
37.89698182261619,-109.4723065057459
48.49964638175643,-97.65203502246953
30.73457207706353,-94.49740117557822
44.18099734820946,-120.6264341828618
37.36267939051297,-117.1181462267994
33.91383249281484,-116.3205772997985
36.04726741738632,-118.7369342263015
35.33779508921323,-115.3130905881185
31.02326224274413,-103.8866465693885
45.6171137820173,-69.73114352238485
48.37889769830633,-110.8655499601981
43.58066873526787,-96.29241260925167
34.25935348245735,-109.9927228043836
34.30422150811449,-98.97568845480892
31.43939313970473,-96.70690743021638
33.89055438833694,-80.34372668518337
42.95666128925033,-77.09566989348484
39.03009301686483,-99.81710613535645
38.41797258694375,-94.52783913270575
43.01589264792641,-78.48111843568037
47.1951907658753,-97.31221254605657
41.19153971748688,-89.25083577463552
33.78891338170336,-102.3275150699377
42.22677601192113,-99.86710614954927
39.78004945373227,-114.7438945249148
42.94040893763388,-90.58599237278479
35.10973152699371,-118.5483587731977
44.13361183340557,-119.940121924115
36.44080989067207,-84.24270024234717
34.13679047869339,-93.07309363396301
37.72716825026487,-108.7524763688895
38.76565321086554,-108.2134705037688
40.49393964265424,-107.2784665745414
39.29812774901201,-76.57194270038002
27.04003576541414,-81.10609499624738
44.77300501281447,-123.1543759066564
30.68697260051406,-94.24201310725593
32.32771810333029,-89.57302946206771
39.91313772098501,-121.1896675756606
37.7672586688827,-77.98876614876494
32.22311775415884,-94.46291801452756
27.20849271351712,-81.2470912114352
35.00959330496789,-85.24464350530022
46.18826812051491,-99.99088575169509
40.75412122830837,-104.7547732987785
38.15990131753641,-108.3325557166809
39.61208069271967,-85.94776842625826
42.66848809054114,-74.9419072652769
36.71518495223167,-81.18446404326602
31.85255170271893,-87.72867658057932
48.23976963733188,-101.5771855899677
32.20863754330519,-87.93171081096123
35.28510089524048,-93.4283623431765
31.23243369434411,-81.75546057860863
45.36384484745964,-91.52280261557924
44.77643200778637,-120.2047131700885
42.55077175198847,-84.56214956749473
44.57054062704319,-72.50606749802988
37.2228953757216,-119.5023372129954
45.08584597462424,-69.97507360588342
41.90506402184457,-84.67053153207665
47.81351523285684,-111.9893713835555
28.3313515836209,-97.41086632258438
40.18074814451167,-84.45104713431694
34.77210968863082,-104.4978843628189
31.132749313291,-94.2749109250933
35.64944975689677,-101.0451033032708
45.63394411594284,-88.27947093006766
43.60104363367068,-70.4529788044947
33.02827435729456,-100.5599109107127
31.80699566625988,-111.0449209391729
30.03117357742265,-81.73821019990505
28.15207077498507,-97.29366930374763
36.06782659539104,-107.9436194495443
41.02723336955106,-97.48288885827698
29.17813869573949,-81.72066192793916
40.20544340182391,-101.1094039439777
34.76455964224402,-111.6273086678749
19.40694734868226,-154.9724152284393
40.40889298569191,-102.2969989717706
33.1702653562928,-90.50111770335347
44.243878599614,-104.9182773339551
39.05490342156073,-86.60601631333829
46.59440658822285,-101.3095221389009
34.58402121040699,-97.14253319286465
39.18104190204325,-89.09636189358581
30.2881127940344,-93.3509745137458
34.79295183853038,-105.5566737538304
30.73316111554815,-93.38557505083818
43.0297735346773,-106.8126151645614
40.82908082142033,-99.16240624362649
40.94201286357706,-93.60816638931303
42.22146121201121,-114.7255153616478
47.0930986757981,-96.36009593359435
31.25855850968646,-94.10550467348324
48.6768605249049,-118.8945867236466
37.15942812382058,-88.67906859787026
42.34293701921151,-110.5307768030476
39.06075835741975,-81.61602526874181
37.17788936759055,-119.9121435821758
36.77754480895842,-120.8345380830704
37.7329313315026,-80.22643235613072
40.51410144497851,-87.99618943250535
38.50569886911291,-93.6514538977459
35.98659907201468,-103.1339941842281
47.78159027605616,-106.1540896211796
35.17518019696544,-118.8238759102193
44.85047058157694,-108.1662933708235
33.10009077392265,-97.87704571886746
40.8944517748254,-83.48623321090099
40.6980286453407,-89.90335892859424
44.58157672152824,-69.58100683015333
42.77035764860313,-83.52822595620749
39.50899287613108,-97.36280224774701
32.88843637595191,-92.36674886015234
32.75349250585143,-87.11898369222816
33.73413163096551,-113.290844922915
37.63118308094575,-119.9449300647327
48.55733186364373,-108.8820701297923
38.02266067057401,-81.26514448698742
32.56460531071438,-110.7193441627109
26.61279382824431,-81.7962630441545
44.64062013434753,-92.0767994777033
39.80396565244641,-91.8898107818081
33.41154417859718,-86.13633223170461
38.49600652838244,-96.55715589399854
45.69839675564684,-89.6698087705112
32.62550232783659,-98.50170965463838
35.24609439872246,-79.08955476829782
26.10017124289718,-80.38042820347887
40.40675120366199,-94.7217005655861
40.46644715745006,-121.5049961047756
31.58510995375636,-89.58835548505034
38.9484852619091,-111.2122551211046
48.35965856254853,-104.7545850151115
36.39463429865653,-102.1345082431132
43.1671090081479,-94.23633199639727
34.50256769266619,-112.2082946635255
43.32402587227056,-123.5827796543051
45.24544739077356,-99.34168115310753
41.31969715906607,-118.5478640007243
34.73014549854773,-114.3176369715303
29.14027825157486,-82.35176388926091
41.80107873477084,-76.0576290775946
44.08161689449115,-101.8050396106941
37.62686007125126,-97.47000422164587
35.86535155128614,-81.4592153416327
38.99028308948441,-123.1637625167644
33.50457946557241,-97.6585046953161
33.57984654489238,-117.7413049663073
39.83125052791554,-74.37953383402376
45.77722122638945,-112.8432059805175
39.02577849513595,-119.1213405421028
40.30045327346243,-121.4189431151386
46.6648491559147,-103.3259134178457
41.36921278867181,-93.38398915237642
42.58791574866026,-114.6728076075875
39.7011313580248,-92.73093225750517
37.37198983126464,-101.7737523216148
40.8875928350262,-86.40360172280607
33.28599272232903,-116.8701962960528
41.66292662901179,-123.1145431456914
33.82159591057513,-80.0818503119616
45.08919901560849,-119.8879742345704
45.89286449031256,-110.877976662859
38.27093819457634,-91.08432335135453
43.22970070417312,-72.74604832970034
29.8608611774559,-99.78782589802812
33.06713138340762,-80.10723351138707
36.437677857993,-94.80931827458717
33.81487575481715,-107.7225851911827
38.67382806365313,-94.89152661030774
39.99796326848103,-105.8107139305038
35.28021969161908,-106.3270945995894
44.3624886767985,-121.3417353450131
36.52130931382276,-91.03438372021964
32.44361381624328,-108.3213543950195
35.35580087914128,-98.92330296362307
27.35159475187184,-81.77445679869096
35.96029539014139,-90.03647527177296
28.65130819537094,-96.90466612062089
34.48506265178066,-105.8035280982332
39.9763144826758,-74.90578404942411
44.64485884067459,-95.68027458978203
32.66618935817167,-103.2649950815082
34.22585405561247,-108.8524693662402
37.52224022349903,-84.1564453662947
46.84404490821601,-109.765297334988
40.27753953374621,-80.67480840233371
31.65582120587344,-86.93669515243943
47.34657230718557,-122.9343423858693
30.46153842976014,-88.72189104622002
32.1842364793302,-99.60593898889108
44.33978860059494,-121.1558519434931
46.03337768348047,-83.72720713923219
37.80882470503644,-97.57311580640322
45.29784237023052,-122.5279009915248
38.02271589710998,-83.08732397982149
39.72073066805241,-81.071247794253
38.59840448515019,-82.26656251827971
46.03485758670215,-95.4265685059083
46.88477472345376,-106.7383461433552
45.06922000841149,-88.24122956852788
36.93372072249412,-101.3609546897586
34.2885032534383,-103.6833827483737
31.57711312400838,-103.3051580001586
38.20255036975922,-81.37750085191635
45.40720694335867,-117.4285994549317
37.58602504141403,-94.96067850210757
44.72531977454028,-113.4384282558525
45.95883550458538,-119.9096857767404
33.91448937442431,-108.3389970955361
47.40296463399636,-116.7569061186357
38.98274608251999,-111.9076660318221
38.70687924253525,-101.3718849517723
36.08775167941814,-113.8944914433572
35.21160210055957,-79.50379735447582
42.49434207010729,-70.83519210840022
40.52754222233228,-74.51717705968865
44.94262277692914,-108.4168018323992
46.22390216166278,-97.13532380633673
39.21848233421836,-79.2262585821678
32.76026297801821,-104.2017187134795
35.79432367039239,-81.18604452078763
46.11821479735048,-103.764995572955
47.47343443198251,-102.8234336391356
29.72766528562863,-92.33639915050377
40.84450848784845,-90.8642090845267
30.56877888536911,-88.5647998453116
47.5874721283751,-99.07465284784683
43.85074959346201,-85.40872318627967
32.52560670954146,-82.72193282974553
45.37586321983945,-122.0823442449797
34.16784200337504,-98.4879074541594
44.48555283684498,-98.77785421562405
36.05660908204798,-105.1388918305076
38.78269280635485,-92.93056981682997
42.920716917363,-101.7780713325921
35.30523606317762,-97.54391222491988
45.19336159308144,-98.63660051444512
48.47266192143828,-111.5426618522383
35.56194915100303,-94.9821806273953
30.00100424173417,-96.33133923094596
32.75165666518038,-109.3462892277852
42.06268010440558,-114.6752248276829
33.40013923470791,-104.341246308993
31.41416583233915,-101.8244162436151
31.54106550900082,-97.66508487224264
45.42916616247702,-101.2299542299868
28.47001173588934,-98.61337085473826
46.44510498332792,-87.30762125883642
33.57720819960221,-92.0761779559292
42.46899201313695,-99.53939979582739
38.39795924611403,-92.73095851738587
27.89454101249837,-80.60015535495958
36.11491004312674,-108.7754841422327
30.87985380846991,-84.47236499633291
34.69909438238318,-90.44165090072853
34.75955204084386,-92.51874539697795
34.02387759133684,-94.33871670445225
42.61559193691103,-98.2653276413346
26.53791033629678,-98.60300240006485
31.10724110366039,-81.87405138706241
38.34659314208725,-95.38223940136425
30.32833868828619,-103.4695900648044
48.2255922079808,-118.0207355623875
39.15071670559551,-103.6965562564268
47.23317045258094,-68.55419472411799
42.76711793209265,-123.5389058323734
27.01764764182032,-80.45802189366422
35.56061850496239,-76.09305329163718
43.38850450945178,-96.85163780539459
36.51502494874683,-79.78565051990718
44.26552780556456,-114.7271899144058
33.28566827469513,-99.39985616675166
43.63767684197359,-94.06303052377812
44.98806474643686,-90.89632548499337
36.36693149234966,-105.4560385448114
31.00204160037609,-94.40310102974703
46.11226316739283,-90.97318036115946
30.69076763218779,-103.2213826973219
32.19515949918767,-89.04658192321895
40.54989495019236,-110.4863414146881
34.94794936346258,-89.68865304179482
33.35145392493747,-95.30595310060698
29.49136869818599,-94.9160181884098
42.46592302808299,-107.5927318498386
34.46001845181588,-90.78337844366736
36.17705959612858,-114.7684593980001
35.34104884561369,-84.75640833980961
32.77683539038128,-83.08519142241838
43.17883857365938,-76.08912301969328
40.03097280176235,-101.6959556454614
43.24767200427722,-93.69517085195073
46.93524817370515,-102.3287306651863
47.3831746610053,-122.5568909892248
34.51870810643045,-112.4446742584809
41.56910129567638,-78.20003592877349
35.11153327100166,-95.64633537987217
32.49267574333269,-95.51562928818763
39.42814876359979,-96.67391937838318
35.8813663505908,-89.07807869708748
46.57301544121982,-117.7006624579939
37.16135938762294,-121.046994735076
30.73867971455067,-99.2259195593352
42.67204193099075,-103.6752349160338
40.04685371640308,-102.7934486541085
39.84157014506696,-96.18622228866475
41.62301319638664,-111.6681582363678
40.366774503369,-99.90175251030337
33.3509506381883,-87.69103269985905
28.15860113400041,-82.01376484312215
40.19109798576243,-106.2915158624409
42.54257765722316,-71.40618479149404
39.3545598766514,-112.4016872181269
43.00959265094033,-93.754914805298
46.02382983174198,-118.355107517047
28.97798061714983,-97.0777171172504
44.08560502724766,-115.6396512733736
39.73035630248084,-78.14463036030415
30.51378342286218,-85.41012717006052
33.56916868683029,-116.8280253951939
40.97353112564191,-106.2265945646768
33.27925748341549,-88.53935572544057
37.78166941120642,-89.24188924517452
31.76912290199886,-83.86570052007683
32.29751576271494,-93.60713480460915
33.04226428518459,-111.7835988026552
43.78537409393842,-99.31318267291141
42.54991949321599,-99.82273692980466
35.79023790971269,-119.3929964532065
31.5365716752932,-102.3841001999635
32.72025485645864,-106.9050452713357
35.54142511243899,-90.26235046834277
42.80247045357094,-88.93601239368074
43.18082100891976,-120.7999231554852
43.07591923656204,-72.21276618395629
45.7983324986794,-91.00517277333704
36.00920755469281,-114.345522767315
29.34130164342672,-95.50733669914592
40.46078538138603,-76.05113972707176
36.41653088303256,-106.4815388731588
38.15618445587576,-121.8078816831618
46.37098940084901,-100.1310320926933
42.11358334740143,-123.0384728069413
41.17511842044291,-92.92407281243061
39.97225739077085,-105.4691672853651
34.73236989132015,-115.8613846592032
31.34951782017132,-86.32802832240081
33.90522083787726,-86.87339251893395
34.44127071006845,-94.81730124707461
39.66678084005525,-82.60920385707215
37.17358112870473,-95.21262048922122
35.65566151336382,-120.6709748399417
43.25761369919484,-76.34855465622637
45.90918568306552,-86.86786905197357
43.97623321543546,-92.85939837176615
38.88592921628695,-98.61372893635998
38.38892727943488,-109.8692844345598
39.91300716757841,-91.72741678571967
44.20329860794944,-71.87000589848469
40.49541176255359,-99.64419794222032
65.53976942617166,-148.885962162795
35.77219962460143,-92.86014661673724
33.70468407461265,-103.1148437369229
38.94371261974644,-97.05608052789165
32.01739143342829,-108.8617331096623
47.62089118825955,-119.7490140419997
42.14813583624859,-76.71204557604355
33.17261812948838,-82.86748860909256
37.93481817066368,-79.21236523528275
44.93995867377375,-113.2663940978097
37.17262233707226,-104.6456870858658
34.93931434048094,-77.33955284428458
46.55020634584127,-86.44894933690084
46.34555521185257,-107.0388592774672
39.61006453966245,-81.23094149453257
38.96088491042415,-80.66580251439764
39.55579634148949,-82.57253957161234
35.32230396049167,-86.98000719407523
29.71250955779535,-99.33042292436345
46.8815347449836,-112.6341418799023
32.87658642158383,-113.5411578749171
27.44427835353621,-81.61991663211946
31.40608054618639,-87.69827730345959
34.59183174907579,-118.2784977161874
42.45586320183465,-106.4368565356224
33.91749776065249,-81.04601951763897
46.99597109898881,-99.0590129530509
35.62338703028465,-112.1095645915397
32.37659048234874,-109.8444559268381
40.19668467696052,-110.9668097005324
32.04042183763838,-112.5784402252324
38.87841185624095,-97.91224744149646
26.50408673166098,-99.02192186132723
36.1169507754821,-101.8288696208049
34.74599847668301,-81.26771640043573
38.39428526427576,-81.47498989561025
45.61243591865757,-97.01998595799164
34.70990184607921,-100.5834265012394
48.06741329094079,-108.307631021451
40.93398065745581,-85.94446989221555
40.4747236349079,-116.1147960673354
29.72941186945252,-82.91608301796371
35.66454047499813,-97.74518345729655
33.61004396494766,-89.84965008191266
41.65334551866935,-115.518561677539
45.24676010765911,-94.60275781780011
30.78733117540956,-100.6217401396926
30.45893907696252,-96.37349890110512
47.67830970898085,-105.1381292953494
39.55557931792909,-84.57720438051396
43.94832477489243,-73.99445048712502
40.02211185092302,-111.9582949634351
33.0148537772522,-92.21186051373546
46.85501847960604,-92.65144039230397
31.70255704385488,-103.6019277904434
36.80240564376138,-90.28071283262848
36.05642497217229,-86.27522483473086
37.55965654238115,-94.29464664273137
37.59572881546988,-99.69504482726275
46.23716340484961,-101.333821425285
35.68875470218973,-105.3750368783239
33.81711349551989,-95.35720390482332
37.71081302290334,-120.6723123574684
46.15694798553225,-113.0494469020659
43.06077796782804,-73.33646517594914
31.38005128515019,-85.89212416748724
36.86181572628692,-118.2347294252158
42.51689678704975,-94.4119488700015
34.30012405485631,-79.01121542518163
42.38710125987817,-72.76411842027895
33.33655271140924,-88.79081427210329
39.62747132468839,-92.47342331117268
42.00912455402666,-83.81540044547894
34.22175463388524,-117.7221257528612
32.72631920854845,-111.8071245685748
30.12706861786956,-95.05090958486886
43.72378603601217,-84.46975149419134
33.05526952586317,-85.94144682540387
41.28435256206721,-80.41914950229521
36.07479798057172,-94.60153127263592
43.23068324753419,-96.52585203570135
39.63460898236626,-117.1640354966029
34.94335414920639,-120.2300770151001
39.32291358892765,-89.62356527771576
35.08968083172764,-79.66682997758244
40.3487609972797,-80.94952572936984
33.58480944416131,-101.5142207144783
47.0918735580335,-120.6200542886655
38.4669091404499,-91.18317938424337
34.30548337257479,-110.8842528532915
33.5266278783804,-103.0535862152604
43.64718510572909,-71.83716552272146
27.70325304445015,-81.95898421244475
45.60343337534315,-99.88277504569841
40.01721678947677,-106.798087596334
48.65105346632611,-96.36411820270503
25.41821831272262,-80.66983330030662
42.25761313384643,-97.659658942642
34.48720371879985,-102.0782827907689
32.76945902397021,-105.9874769466727
21.05238721723934,-156.8745344427275
29.38429799812443,-89.60436155463181
36.23226220109947,-81.64786793392977
47.58516731811923,-112.0857802578222
42.48988925860776,-78.4425882767601
32.30955281526281,-88.89157657318277
41.49750273908629,-90.30306802806959
41.54082281452617,-103.2906467461541
44.72638084126061,-88.32897494422924
32.68900246317732,-116.3064662842687
47.83228269057845,-96.23573010122202
34.77603706342531,-115.4528528503553
30.30295043061473,-99.9067262759016
47.17205977639152,-110.7352480430398
45.67402396481155,-108.2435189354097
44.32265449088021,-71.70869698913307
31.72590026242878,-87.90615771785744
37.86029500286546,-120.7612514453243
43.62250102977152,-71.60240711790684
31.80960507271035,-102.3884898713784
46.16389711491504,-122.9119641002126
42.922850338334,-114.189887340672
35.12624186812427,-90.92842278322115
31.66220000033533,-101.0665783023968
47.89335246124896,-97.62368531263321
45.8555010027325,-68.37878489241409
40.53503206677011,-107.5691453458091
30.87983575447345,-102.6688237194654
38.89666197904946,-114.520836738077
32.33471957815338,-99.00889874170873
32.94167347887989,-93.7224912249033
41.42929013880502,-120.6158921984285
42.30500234619758,-84.86778724428324
46.88690878029708,-89.29493209641737
44.36839426297867,-97.80895619831713
43.4013213193389,-95.07959294577157
44.26098046566675,-115.0415409688491
35.54230641866199,-81.92000652194007
37.81993721160359,-85.90568980690499
39.79567163389006,-96.61943834768383
45.70284856864894,-123.8295388164447
30.41910649445333,-86.22793889765141
37.69635986743162,-121.3444664222304
32.46229692800753,-90.09939383619187
40.75522356462026,-105.4479099508054
32.95258686038354,-103.1947982094474
45.46675759642958,-110.6786454964281
40.36349774622781,-96.29532933675296
46.00659255016956,-120.6410185404268
38.35479423749103,-91.34821050566966
41.43721440999648,-108.939497748258
38.08776092308904,-106.1606239161702
31.59401157672081,-99.0509595508391
32.96228412156616,-84.98983460164668
35.48602234404682,-119.4500752089055
29.07107204974265,-97.37186695943964
41.54223001765573,-122.2458737342602
30.89105802271725,-103.3819987137205
31.70854955489754,-105.402606465294
46.63624467095892,-89.59049696150251
40.40740083921971,-79.40372399888042
34.2321260340064,-98.74432992452272
41.28405645371959,-103.663497813896
38.62895734623023,-82.95957953540838
33.49369845419722,-112.9362297669308
30.98760058473608,-94.86222981419752
48.08128609917387,-95.24919326349509
42.17541677086365,-88.13402017607817
45.97418898648616,-98.7768305744947
41.45124452994215,-110.0722433416782
35.62852006300661,-82.89497460407058
38.81874326166461,-111.329489856906
46.58653512168658,-94.7814027880528
48.71999538437027,-111.2301174551555
33.95015892035567,-97.03331393903449
35.88984634157232,-105.0225402741537
41.15286609062447,-77.30143412991542
39.00086108643164,-86.07939233585198
26.6135274318865,-98.86558777053168
40.78548343425624,-97.80344724450225
39.48659576793088,-76.6736119390253
60.52374403564754,-149.656307919351
36.48772833388173,-116.8792937808346
37.14975426538854,-79.22919727182448
32.91466439389841,-103.6160921323145
45.88687586565236,-90.86331050805045
35.27623118736372,-101.5747359552047
32.0439588340294,-101.9966937922209
19.34858502299624,-155.8747291884914
41.06304852948585,-88.72360189585066
40.15496443175962,-100.8158994861925
41.82109534219683,-88.60453666984982
42.22273311483782,-79.88117258404644
36.76577887054505,-87.79435172293242
46.23050876088806,-84.28496945528126
40.822345717828,-115.6520951498888
36.74238014207339,-77.64540373127832
29.6573433520587,-92.51643005167219
30.87799610798836,-87.38919271049225
35.91166585833541,-116.4932553023538
30.75113369843835,-91.39791827572066
44.89055677631214,-96.476726965405
37.65111476903149,-78.15348009565925
45.22570480761737,-119.3362602949698
45.19165640675455,-112.1389810831123
33.14477813133805,-89.81313796288939
34.36243927031046,-98.15579879550917
33.26159746146021,-99.1114875909864
35.60478435419154,-119.2768907566894
35.46975312006836,-91.11880170363725
37.38801808885065,-120.7188945612159
43.89206977326165,-97.34497065523144
46.27554274448372,-119.1431099806288
37.65692011207053,-79.14095342440376
33.7221066786907,-114.4685868002328
40.97739053185651,-107.9774760395795
48.08972237166191,-117.0233809727738
48.4386673227158,-93.02119530978055
40.73412660950853,-101.1520971234166
34.35128854541826,-78.5918514615507
35.19171508760542,-97.70589563873487
32.63636956539278,-85.47927781945727
41.02573564674454,-85.11656222791191
44.63007112896701,-69.15327153292296
46.31467065630649,-84.55141568384234
34.13185633186193,-114.1791173424448
42.24220737055532,-72.52653003465242
41.23709571755724,-124.1070804563026
29.7597345143755,-90.12757876646515
37.55716230118914,-102.3574798042228
37.98363039970992,-75.86039548435754
38.57442310591905,-76.86135463507483
38.71403207038866,-77.38583932768869
32.27978336592,-85.28067632656341
48.74435723845084,-122.4770284649294
34.34697144065094,-103.3035773879147
36.25643233888677,-94.69894987459843
45.57662508756916,-103.9768556222764
30.82126211097434,-90.73493647899842
30.99491389303419,-92.63882586200329
38.61639635981025,-92.83360757924012
40.6403700986681,-97.28297260186085
35.74794157387288,-115.8195809880055
39.88191533299277,-91.0402390266821
39.3471095276587,-113.6582375078538
44.97514787233077,-106.1854759966128
