Latitude,Longitude
65.38136548145572,-17.26857759690472
65.58078010499676,-21.34608081094949
65.15688047117874,-22.35738537382325
64.00803613426255,-19.88730908478518
65.9171381820981,-22.42868794411437
65.68704457859354,-21.69035217386647
64.4309435452378,-21.63962516562358
65.48075747027302,-23.50155269284007
64.95889671630317,-14.1679786355139
64.81081657037772,-14.20265778837297
65.27584705469329,-15.18940283791668
65.21093356632713,-21.27724605799
65.27857422811526,-19.77874309969317
65.01671405562762,-22.0267793371681
64.01527707337978,-16.3683609699989
66.13689900433035,-15.37824310309897
65.63903610081843,-21.49025014959471
64.50425947592191,-21.20471105538172
65.69245586485285,-22.08335172225024
64.50104174741072,-19.92534744428945
65.43202507088404,-21.22524463205151
65.9843578015408,-22.94104462894339
64.99142059920473,-15.04285970682187
64.85942216482462,-19.37840057359351
64.30464841975926,-21.5404366961355
65.42674837869465,-17.32702611226465
66.10089480473714,-16.8920179124442
65.01842760467018,-14.38843963832243
65.34429072546801,-20.80407753672965
64.838164425893,-19.37694518818745
65.4580869715767,-17.4041586350406
65.72960943870883,-14.74974667420573
66.12139170097232,-19.06997936971383
64.21600612095777,-19.24409962772479
65.62596710950456,-21.72990210697118
65.92054444510693,-18.34992680089912
65.01055386386662,-21.86611786515078
65.32013867335128,-20.67762769490823
66.26288026036747,-15.17348584430153
64.857783965335,-14.24402244143544
64.75738068154605,-14.38063552448264
65.45263946524241,-21.24653146892099
66.28055309374017,-16.30921016721589
65.88552424276246,-22.30031918950203
65.14686411350507,-21.07544735782779
65.3095026005891,-20.68548707548397
65.78387593551773,-21.37833472184082
64.51759905310948,-14.51356447010319
64.8940535015851,-14.51759310677198
65.92409935346953,-18.09459760339034
65.81880120911804,-19.37368942935592
64.88919367919557,-22.82415592480829
65.33796236977761,-14.49234430475336
65.5650905714665,-14.30688572493832
65.52608572723702,-18.10730212811384
65.45274762149297,-14.31295140195593
64.53179748508649,-21.60041490356789
65.6472976716462,-16.82534941436918
65.2451658895673,-15.89164096494702
64.86881032147905,-14.42661552964067
65.65941983567156,-15.13953386460185
65.39937654410606,-21.19436976934095
63.85239423607894,-21.43748124211987
65.50382064700499,-19.36475469409233
65.54491526007318,-19.49553673147136
65.20055187553103,-21.44779264264103
65.32544865416276,-15.67665589241447
64.68877378508996,-20.75192774881942
66.03107038974855,-16.48622831399804
64.8804796582559,-21.19646587137682
65.65089177247134,-15.18978922815805
64.33090209036129,-21.67893108620119
65.58822708927599,-16.22539323597457
64.43722152378203,-14.50663517365709
65.71133720967289,-21.40864911118923
65.1942487328038,-21.71154979218104
64.2886849565403,-21.41018992376836
64.3270559460246,-15.41769363234393
64.7983515559334,-13.888939281089
65.71508311572228,-20.22381461647916
65.09326551594677,-14.57750611907605
64.24175929108094,-21.82861327982702
64.90364113997688,-23.77714511656809
64.00819351296089,-19.88718185780682
65.15386908398953,-15.35069128168035
65.63898034425632,-21.45489293738361
64.61823938651474,-19.66204056512085
64.1672355208659,-20.71896011894434
64.89668001680678,-23.94840277988911
64.93228170427201,-21.54649785800568
65.46074471496635,-13.85644023503873
64.2383422678018,-20.65521249990502
65.48276352015725,-15.96124575397456
65.59238383726984,-22.10212174594038
65.36489324421764,-13.8983650732879
65.02581849090154,-13.7943924737921
64.04186379068624,-20.27657617374771
64.82457099664754,-19.37334967643937
64.9016767318713,-23.74490968871079
66.00294495622978,-18.7862159547975
64.90306604554515,-22.85024761686394
65.26490176276552,-18.24246376865208
65.69671933157692,-22.48814490893678
65.50467161863395,-20.97482915922673
63.6910020487654,-19.92161509083089
66.2299509072754,-15.28276616414988
65.45234634679534,-17.39253996911681
65.71856324646882,-19.5221012406319
64.40856808991373,-20.03891047174515
65.64540787217904,-19.53948743776174
65.49886112103636,-14.43131437071982
64.85979290303148,-13.76166671679797
65.41793840631222,-21.79174493819485
64.31047008052167,-15.4059297176411
65.24628705262495,-14.35455951013933
65.53987038921068,-15.41050073739234
65.08097880226998,-13.65036815046244
63.96457504405557,-20.58080985170339
66.00999006012596,-18.77798851437774
64.97496661941516,-21.60830261654796
65.33376572381025,-15.85292148878893
66.04097469348049,-19.01080923509975
65.78842731138207,-22.5706182183691
63.4927024288902,-19.37070077267277
64.30274888999992,-20.32879220561212
65.13022279272695,-15.59202109934243
65.57843023906368,-14.05648986685137
65.7649279079481,-23.3270214501016
65.30498816501783,-15.3147019013642
66.09258223632442,-18.64814969450811
65.68541085760639,-20.28963461277988
63.96037722198276,-21.94266111093389
65.51148656372833,-20.61046816229833
63.94413815801911,-20.1135874906476
64.84368728839114,-22.4330329435323
64.82446379764276,-23.44684808527789
64.26696837462484,-21.12562659779866
65.48334906892912,-23.48281302035706
65.64556559542163,-17.54791493031063
65.64218690122185,-14.44195130213924
64.43463997793056,-21.01810425881235
64.67742206764315,-14.43764872841864
66.01033104586652,-22.62170472953092
64.8427942512831,-19.37485793127696
65.05399319443765,-21.09953596402104
65.38704328504899,-17.26922160659777
64.54597214659312,-14.61308266125919
65.22581344033753,-13.63697816775709
66.0176366381365,-20.39464101379909
65.76415522943022,-19.23890455422929
65.61364623795373,-14.49540354871263
65.11112586296285,-21.77194699416394
64.90698606828204,-21.17800723566653
64.93216752727953,-14.64283352090332
64.82520329510487,-23.96432531278456
65.89849308597762,-16.3871725512175
65.38241198775772,-15.42705853377027
65.51426365921722,-23.85557560312113
64.61730508857248,-14.41250644261695
63.60227760883424,-20.20099214097947
65.55007371486649,-24.20785569299331
65.80016612467686,-19.68008123813885
65.7632944687045,-23.29137499291194
65.72839207894407,-14.75603440405986
65.42551881384409,-13.73958015828563
64.65693182665608,-14.27759036521768
66.12058120840163,-16.53429924430064
65.20177563465738,-21.06103281207916
65.14190782910906,-22.30765163715628
65.12940754420464,-13.92312374446642
65.40001759639142,-21.19504303283388
65.3429643361217,-14.49493948481354
64.75303216403007,-23.70749772826853
65.48935729567626,-19.27352915028169
64.7819969084532,-19.38004004500429
65.60645047848361,-18.61417462986745
65.88786888391637,-19.86525956441822
65.5981419897239,-17.11998618648986
64.84085693212336,-23.3167984630438
64.74599560149196,-23.73338560861722
65.7322499113289,-14.48909527514421
65.03954914227143,-14.0853980568278
64.91593713842497,-19.50001590811894
65.88341340578194,-23.85921094476245
64.9956710075891,-22.23601779999708
65.75362574807109,-16.3316616825367
64.29482525153537,-21.742908317511
65.11311646569027,-19.66288755425421
65.04181249022068,-21.09547075464083
63.98952509484074,-22.29560908746074
64.98805169568281,-22.65478373694552
65.45610528438128,-17.40034077464141
65.34958423259731,-19.01832692163686
65.10893811741035,-19.65815114088469
64.09182492584222,-22.02826158902401
64.70028719983391,-14.16858627395139
65.64044256157838,-21.58588892478702
64.80931376100193,-14.06727270711589
65.05960072996095,-21.10253721327125
65.92998972171934,-21.4377918135934
65.3571960451839,-16.06820421552489
65.4943571021573,-23.20690814290141
65.52565583690014,-15.43776252329073
65.33877495679123,-15.72811175553332
65.35031868516191,-20.76302259950376
65.55467698932334,-20.40672254597671
65.206820425911,-21.32586047997788
65.27475296333165,-20.85818436708389
65.18514523869548,-22.43935128053246
64.17439590728415,-15.89311393172449
64.67677657605991,-22.26248781860534
65.42190328436142,-14.61579434998783
65.78330805274629,-19.96182953646775
65.82288261468693,-16.45604511302516
65.74314965559127,-23.16038379227963
64.87034610458525,-21.20430368686459
64.63463189062576,-21.68058171093992
65.14598635320736,-21.9934435491414
63.97279203145494,-16.42028822916889
63.94790903384333,-20.10207506804715
64.94906506332983,-22.8974025883858
64.88628441925037,-21.51337771081262
66.2718779739093,-15.85573775536251
65.89153348389702,-18.57255484886221
64.2084160532771,-21.7232285047482
65.91705070462822,-23.76476968168788
64.41038067915058,-14.56651599419794
65.1267216525659,-22.08545970229998
65.61423082547537,-22.94402772148236
65.35081236342958,-14.31103601718019
65.57882785406565,-21.46331569321426
65.8094346174411,-21.32378602032329
65.3901658842305,-15.88332769676689
64.78150422365707,-23.89943489594945
64.92994657323678,-21.09120562021105
65.76442677117676,-17.87837420639619
65.62233869839336,-17.24399334566977
65.65778286552558,-15.16139933875347
64.97438386769677,-23.21575484004554
64.83223780433269,-13.95478105762332
65.72247911447417,-14.88047596616666
65.87909396623697,-14.82689505739272
64.02474919425163,-16.93430848686327
63.93468526470072,-17.34074499522049
63.81993822986642,-22.59410273979535
65.57593945310116,-21.79218813511761
65.2795730712285,-13.9081014762309
64.7451534628775,-22.0964483228373
64.90764639170881,-14.59184587464337
63.73818262782678,-20.47330514914084
65.43264377186242,-20.9606045401886
65.63819088754754,-22.66889228563718
63.57338427401584,-19.79638418474359
64.6837713013439,-20.73206054311589
65.42755204963859,-20.95895742537615
64.92546646413163,-22.25022752893642
64.91046214181996,-23.55572909697582
65.31770513822684,-16.08332433971582
65.65904758770274,-16.57543647092441
65.50570632665716,-19.44924409022092
64.99130643518663,-23.21814357253607
65.4895523826431,-20.98447634822774
65.29591127635956,-14.56856377814362
65.04190299173557,-14.95372376806078
66.0378641894156,-14.80422213126555
65.53380190830751,-22.23368380703599
65.92763256955742,-17.45483018406529
65.08851831126579,-21.08911037549579
64.4160402351973,-20.02597872932236
65.72939556354244,-23.1626654022049
65.0166237461508,-21.07027415814242
65.94219594300624,-18.93291875654636
63.87997830891231,-20.57479937219226
66.06662605094184,-19.10363984817718
64.57202726938839,-14.5876131553371
65.14313092424233,-22.00354704419316
65.26369650595849,-16.12451794988658
65.7390736159711,-21.6500420852033
65.72562204363716,-17.80623524769653
65.79008346473988,-17.57667519871609
64.22071457150093,-20.73157930925044
65.25988504753279,-22.35233867508061
65.4011158055437,-21.88048866199808
65.34722136982703,-21.06156059274328
65.40776456613612,-19.82186242859292
64.7260005450034,-22.0906508708567
65.86182407273415,-17.30835682664422
65.58080931042839,-23.12862055539647
65.06042043503697,-19.60929732426402
64.85069111957179,-23.91323778240362
64.02223900748973,-21.30581458987615
64.37397823462973,-15.29143412074372
65.29066045773081,-19.04528900452465
64.20946739372201,-21.27195820712009
66.11169085687209,-16.435311933682
65.98719356156155,-16.40797232117648
64.9436230936886,-23.38947343925105
64.66936363304349,-14.56108708452881
65.00987225000473,-21.87116054840764
65.2821757891122,-13.89112050959391
66.05096057526724,-17.35659056427472
64.38485488050817,-21.35473122378606
64.83283151343879,-22.8600377756922
64.98552867770859,-22.89623065479622
64.99904520861479,-21.06855087648851
64.74424787525017,-21.45366926954576
64.67278665354483,-19.53853972597172
64.44972953328794,-21.08985608787768
63.9252009904335,-20.27462589304495
65.39662638741922,-17.38855705594015
65.56419070594563,-16.94183947060858
64.81480794476609,-23.14092178819111
64.69297349999465,-22.10502343989689
64.09714427693049,-20.4485868674286
65.10696842569469,-16.29974109409707
65.19704361173697,-16.21035174144629
63.83266758672737,-21.69192236916149
65.19119746349436,-20.77704081236557
64.91696486530563,-21.13494686362489
65.94470306525595,-20.37541411031177
64.08014144288045,-19.75834066115295
65.54750264298916,-22.99480756704512
65.73699926187429,-14.71202458572862
65.41908416571995,-16.19978983062715
65.64151961283997,-14.96300711628034
64.84994206267534,-19.37673445904534
64.81647470191699,-14.64617438859716
64.89157319986336,-23.66635666751091
65.33763588785314,-22.11118552076753
65.5931955096948,-15.31823501442959
66.09751783490589,-20.24405850142817
65.64315841127245,-19.57863860491894
65.12740126889597,-19.6899027564928
65.6179103780135,-17.21868474001069
65.88678421578723,-22.30162397214333
64.25286787790631,-15.62326681839483
65.99469734666197,-20.38644698578602
65.14034341212897,-15.37644661267312
64.72531884166193,-21.39936483023418
65.4664763729141,-22.30768430799755
65.90006976001601,-19.42567798478249
65.94500239319571,-18.84148128313124
65.96439634915964,-14.84699536583122
64.70821268606737,-21.25494145870848
64.6790353979338,-19.5288353133843
65.02516075477293,-21.08182460450679
64.0858516734146,-20.49679544304433
65.63879853773003,-17.25927925099808
64.94381039501089,-14.10744812356574
65.40128847924446,-20.59983881982031
64.9343105857482,-13.72519112377467
65.05779037296793,-19.60978754004371
65.51990376814601,-19.30485193582563
64.82925942390258,-23.26268801949334
64.71046488711272,-14.08324797427913
65.27675535526498,-22.32379775806041
65.8574641541918,-22.30505345655334
65.32957504146036,-15.07936430343735
65.84330048845655,-23.82986978858372
65.97249304280093,-16.41245998456842
65.2856846110024,-22.32017144588429
65.78190366041986,-17.88769682425512
65.46429974517088,-18.87156074875261
65.75684005447755,-19.64089975829282
65.603521772089,-20.11149642520503
65.01319341553568,-22.59526942986311
65.05003296699657,-22.3077410270085
65.32180398199166,-19.16539295625435
65.72163816487395,-14.44895914532379
65.21103119499156,-13.69356725352814
65.34947908283516,-19.01767510435177
64.0262328993274,-22.56124148574254
63.8648052365156,-20.20511947210247
65.40323392660004,-19.81983283970987
63.92668905887891,-21.9965504161971
65.70735489670378,-17.67471925957036
65.60937821984193,-23.39961514396696
65.96306713821055,-23.08106431824277
65.72463643655252,-17.59633493765675
64.88709844724545,-21.51314667147718
64.28331755604574,-15.46784122191347
65.5763586061575,-14.43128855732546
64.09801572970045,-19.97995977779422
64.91952242082877,-13.93333548995342
64.80923875509166,-14.07469502210382
65.44072939075004,-21.46296362608758
64.70999912787657,-21.37420582039078
65.73602374052211,-22.46020677310187
65.27616565514725,-20.70145654661402
63.87003497594335,-17.7924503900081
64.19579690831638,-20.99738847826962
65.22116812001464,-19.72289290421662
65.9808356867147,-21.4465612747171
65.5918805892481,-14.5204803796381
65.42770500878038,-14.58859200650407
65.63587258064287,-18.4708936531928
65.57507720548887,-20.00466451103248
64.51970753864421,-21.30684545262208
64.02618221154015,-22.65364473431427
65.6198408137162,-15.2643023200325
64.9057655738587,-13.95891188065938
64.31032665678568,-21.95250369307687
65.36093014547312,-15.85242282823192
64.35778085064956,-15.35663114599538
65.52161035796705,-19.45176398857728
66.01701078508843,-23.39590815197781
64.2928473873917,-21.84421440269567
64.82478593716526,-23.21759019827053
65.16675207884838,-15.87292105827685
64.14224561550675,-21.26048319598515
64.67551732482262,-22.09871405896586
65.84582052779331,-18.60593850226287
65.35516585987165,-17.26211087778443
65.86804584452722,-23.8502187791305
65.29350044264991,-20.92214417486038
64.14726339971944,-15.9598600732105
65.09659937973184,-21.72043543701321
65.20322914963795,-13.77912007106922
63.68428767504788,-18.35958654792699
65.9512929498818,-22.78020936543523
65.76742335022155,-21.6289895876988
65.45292013189409,-18.98070394143213
65.13449867554017,-14.66144867789945
65.54488584640893,-14.3345753099955
65.37115735060642,-20.23983653025558
64.12618930782199,-20.18523546937591
65.54369257995839,-14.28504761537103
64.30101405585238,-21.0193874564948
65.58240221930781,-24.09108101522783
65.50716350540952,-22.45684906494779
66.1441648181847,-19.06373737816256
65.44085652746311,-19.80857208624371
65.77302054031432,-22.18536256954036
63.95736635594434,-20.29171829151259
65.33386237234215,-19.09811569305836
64.47885871698789,-19.95149066511681
65.65490065944871,-16.94075556046974
64.89244799536135,-14.31283514639068
64.31346040675463,-14.97459028715115
65.94618503996527,-18.43787836159165
65.72418668506224,-17.07422337630587
65.79028356842936,-18.06125950094841
64.84260284348385,-21.25730983849269
65.81702292621374,-20.26979823155095
63.97441046415874,-16.41908658803181
64.63092557648078,-14.45312694641714
65.49556760654261,-23.20459867768325
64.89062615962092,-14.65164245857014
64.05820449465685,-20.20674603221179
63.85029809815844,-17.8486644104962
65.96298177613717,-18.9623523707385
65.57718224357568,-14.02433573730025
65.08182458183838,-21.09307790888696
65.20892227322418,-13.73563808144121
63.90581157966304,-16.71749517614699
65.36762051298895,-21.84409245122147
64.04030006985941,-16.24197697688229
65.10625269930003,-14.3289148659271
65.90958141976681,-18.28791441635832
63.73428392008635,-20.13882424128141
65.96264441099933,-23.07832219561459
65.73435802870374,-14.55608204471934
64.98605892129578,-22.23540749777371
64.91878647920066,-16.36760808471216
63.85339695648541,-21.94520700648934
64.71490864297792,-14.31757205856491
64.90450194876193,-23.78263680481875
65.23174914727055,-16.18653362677543
63.95254328568753,-20.06237634213259
65.25192919959275,-21.14496375021201
64.95582327707233,-22.23751192842056
65.93572910099068,-16.57676542798036
65.22039934578463,-22.47435541094738
64.61814336007319,-19.66249111485285
64.82870901265777,-23.23341448088938
65.38245655474152,-19.11259655660109
64.16059095179988,-21.72727035992135
64.88554093278933,-21.19248347313581
64.97555278853895,-19.5731250310884
64.81049151054408,-21.40151699514196
63.93399726303102,-16.44782653162412
65.45954577732391,-15.77360037700796
64.89340197569685,-23.95937927204512
65.07314903533936,-19.61696846590194
64.05809530021718,-21.80046186483307
65.73880868378659,-22.02442542149519
65.93551655878392,-18.84394786709825
64.13580202081735,-20.71561323355422
64.72104357481426,-21.99000070571295
65.12273045041431,-22.14813191909077
66.27663308565239,-16.37764986587998
64.5439401049649,-22.21069824640137
65.21859249342576,-15.23286130062913
65.4553950137505,-22.26805998344773
64.60750505980464,-14.40947415584486
65.70754096058484,-22.12948514420838
64.05112513327623,-22.6112416814423
64.04751411941922,-19.81141613275085
65.578560471001,-22.28091605603003
65.45951226020912,-15.52452096315817
65.74202909402348,-18.27799342883482
65.42853296334515,-20.59397818168496
66.24163958455532,-15.8131378613788
65.02253948368522,-14.92985581203191
64.76452413946066,-22.26674934493519
64.72830236499301,-19.43182996745909
65.91799404230031,-18.34413298797328
65.7770975620205,-23.16992908037903
63.830301708021,-22.51280912337231
65.57256175663088,-15.35692074785602
64.8627786157565,-21.51985170956152
65.86929940766044,-17.93252030786288
64.5795730665484,-21.60992206898177
65.23918494087383,-16.17178058448672
65.80347920312347,-16.44462038974205
65.14538454543647,-22.32897640207648
65.62952352118633,-16.26120038336686
64.24342186196215,-21.82956264693173
65.3452071284042,-17.25961307809107
66.13108444363142,-15.15666650287805
65.42123763830347,-20.30328829401505
64.00728291301637,-16.36316122640288
65.68010002109243,-16.17281931851565
65.5268782662912,-16.16377366921319
65.29396614334868,-19.04872286259307
64.37249012409528,-15.29890422201705
65.05752087274479,-14.62771373863221
65.62863703572084,-17.24963845808269
64.10934776373274,-20.70219967522969
64.11774714090622,-21.44935718710845
65.54155349295702,-17.4721772093126
65.31615341891626,-15.11800137688994
65.67376933544755,-18.46041062269158
65.35175796279012,-21.18934826450727
65.54389788008348,-23.01055907838699
65.54399345881917,-24.29072574057835
65.80129190795776,-19.93174480825839
65.6474620873508,-17.26626187300481
65.15151421156742,-15.72210725550404
64.61922718870399,-21.50065136899456
64.99991102158812,-13.92768636586542
65.71922187033319,-18.13588406968477
64.7441400130289,-22.22574699727996
65.46829344721672,-21.28407169107864
65.20252755687878,-21.43455650906376
64.2055594890191,-21.22918476851177
65.19049260690817,-14.01930847286885
64.82943504499907,-23.25529475652268
65.4285831105341,-17.3050419182392
65.4849970236766,-23.24421599545971
65.31095255296533,-15.87884618269248
65.02384617835544,-13.64862593126882
65.67492339064404,-19.35326754265034
65.88207659163497,-19.8638764473786
65.12453401747437,-13.91487602276624
65.763289688029,-17.87768822168037
65.17523295758143,-21.84941734164257
64.38882195069682,-14.92765883854874
65.52996479248071,-24.4533989277722
64.95400828351042,-14.14770846149591
65.18420287207485,-21.05999099763944
65.35044618340369,-20.59472064607438
65.70096276064473,-18.39631030230266
63.91785778040761,-16.76574826708324
65.62248532394722,-19.36691417056905
64.82449223039492,-23.54078596877176
64.80803579238481,-23.04522280473238
65.2855378889214,-20.97992840346062
65.03567206185609,-19.61471909034513
65.09801358024188,-19.65142332296219
64.19609303546024,-20.97902547567297
65.74149634134788,-18.19754777188074
64.99280397529306,-22.95739315253027
63.74750596050683,-17.94151043103668
65.0161153897264,-14.53789341503992
65.69139893376256,-14.40612015805127
63.93754707098679,-17.27665102738223
65.61858425829804,-17.50899028024739
64.322661377933,-14.94231888085948
66.13615915416355,-15.39898670715064
65.48010672556815,-14.44263609283668
66.01008921935518,-20.39371114305174
64.98411973280719,-21.55485220361068
65.6472581422175,-16.82628206418297
64.42352959096456,-21.77277270054874
65.5114306850509,-22.47730015559346
64.30488270503257,-20.16376944050906
64.2502338936565,-21.09734268008517
65.37819836267177,-20.25330695804767
65.50110383693415,-19.90918785259507
65.56727344152145,-19.97559854063935
65.63414784667995,-15.05674869207419
64.64391795743622,-19.6090110387421
64.2135310646052,-15.7154936032995
65.19319254364086,-21.46067688375275
65.81497908269189,-17.89256252225829
64.99805108827286,-21.06801767759676
65.06685546087624,-14.03338222540472
65.36730512874595,-19.80393737117477
65.93244928322223,-19.40656545469718
65.55110816728903,-13.96890657221612
65.2653600907653,-18.98628126228144
64.25633944518356,-15.5912893695558
66.06326771276103,-19.32188561073514
66.05582236112178,-19.07949787810303
65.12468963614526,-21.65546697132583
65.44833022377902,-21.43643507135755
64.05173883507977,-21.60427438354804
65.17874263128546,-14.08793550495905
65.35954074271704,-22.05685646758976
64.92048761896444,-22.25499250085219
65.46446875074078,-15.74033011823387
65.48397570022654,-15.96276407984769
65.542443429487,-14.13683003564699
63.62859034837087,-18.40434023583591
66.51666279858901,-16.00123328540693
64.46966190373657,-21.28535436637111
64.65433754893118,-21.28638056540493
65.43980892302542,-15.48814092566318
65.89145368268309,-22.8376333613249
65.0526381762065,-22.76814629834847
64.9337083715347,-22.90071284106727
65.40971728475857,-15.43330940298042
65.37447501898113,-14.72710517490732
64.11926900709587,-19.89589424156757
65.46607713056154,-20.52164959990832
65.54728806734047,-22.29083428196201
64.94123438729049,-19.53084976066819
63.94064716197596,-20.7757251436296
64.82595281101878,-23.53235462535433
64.03460124036839,-21.61354744872488
65.12706436223425,-14.33438737080374
65.93534582407895,-17.30837389093276
65.61239964323315,-22.94576417279641
65.520241164921,-19.61860341296036
65.5534577033648,-22.42967942508682
65.44610408048102,-21.47748939493729
64.68092981679958,-22.21282808684469
65.45932511739221,-22.28149395829498
65.55745316040866,-22.11729049975543
65.00540092086993,-23.17106846297483
64.6077846251016,-21.96369355156903
65.62786180968733,-18.56069917920189
64.76639007554289,-19.38471747737734
64.12380401316527,-21.21049519833509
64.02033035575364,-22.56900307599178
65.81339785256165,-22.51348687850658
64.83159181242665,-22.03874598810922
65.18699591425191,-14.5394993406044
64.02610044279594,-21.8746817808261
65.95917659128106,-23.65788358919047
65.60636978108577,-17.09304697410071
63.90264443784275,-17.73451314534233
64.74736023315681,-19.40276770893782
64.89109680350862,-14.57439188537234
65.5765612864734,-14.43255316315327
65.64511629990098,-16.65657826441121
65.23243214627773,-14.34664852024926
64.91135415400444,-13.70620799352192
66.05291892135568,-21.55780048056332
64.20807412221086,-20.55982324306519
65.56844874583933,-22.27830373659842
65.95671734757248,-19.41143209612784
64.89170264576602,-23.62267109948951
64.2069843698282,-20.77978447961077
65.45830444321905,-21.68209685687522
64.6379995899125,-19.62385109484281
65.70955435968798,-20.26871945106408
65.95490501978368,-20.38676009488652
65.57006820457619,-13.88661893839628
63.84112588884615,-21.54189476437487
65.84907040767887,-20.29264569884544
64.07251701212297,-20.03618705217481
63.88442023275817,-17.74795769069315
65.21973924782553,-19.72488980626408
65.17009539837443,-14.12115314080558
65.0683631266336,-13.99203260192453
64.90021942928955,-21.51698762607458
65.13198059937025,-14.55578529372099
66.19677634207342,-17.13759077604464
65.33757427271934,-22.11136806614133
64.88000281555618,-23.96008086181665
65.62615158648669,-22.04903403797065
65.5332530445862,-13.82993064856
65.59915998538007,-16.24055282248357
66.1891402598652,-16.9976553016912
65.64627002684007,-22.63374448240403
65.76893635717124,-21.80075138469697
65.56933731533591,-17.04590352726842
65.20469012160562,-13.7993179976103
65.49846102954174,-15.45951378155539
65.53116661424937,-15.42687435230784
65.03842479465386,-21.09415786910091
64.9341600433601,-13.72408688485529
65.74100782904164,-18.31764280486387
63.84181689189978,-20.59226791676263
65.32373073439896,-22.13893873300862
65.50244432553085,-24.52945218551716
65.0228037425728,-14.29677677071067
64.94863242737348,-16.33684971529686
64.55807998102031,-22.21347034767134
66.02452044751936,-19.99614290251668
65.29607590596393,-14.53570900228314
65.50560590589964,-14.28914004307396
66.23212685911221,-15.79811945273836
64.44376907285306,-14.50620667926831
64.94815761425701,-23.48655140591817
65.50565372880321,-21.34633702528281
65.01976923022974,-21.0736147994495
65.77216552535798,-22.18267969659706
65.42392131570296,-15.44901025647803
65.609520747194,-23.40036032434157
65.07070318518531,-14.88720796147302
63.79975559412669,-20.19342001165741
64.97181173416526,-22.86201893469829
65.06739942724953,-14.83392003631848
66.10138441856259,-20.30820052072836
65.47559734378301,-23.54206677384389
65.55844573284347,-18.10693178743766
65.15723171398552,-21.09209800933145
65.93161611832173,-20.36251920571428
65.16761596870428,-21.7020891677911
64.84253761766315,-14.6706200100884
64.08254252733457,-22.69212419895663
65.96988965863302,-23.33050384677263
64.88412567738247,-22.8092323616251
65.04254177051659,-16.16181130621075
65.7195256913152,-17.77193540028323
64.3534567336943,-20.12411666578655
65.95919907422986,-19.93265280591102
64.38904246753238,-21.37525153459943
65.9103120015163,-18.29199663541727
65.45212711496764,-18.98347471761896
64.39837600801982,-20.08369097343258
64.89543122426602,-21.18897167148235
65.59240086323298,-15.31956314682168
65.331694481932,-15.06997725585314
66.01940888986508,-22.78043794852813
64.72911811024693,-19.41417960315929
65.6574583263413,-19.59245257183319
65.07714926976048,-22.73394094942639
65.73701053504652,-19.12868332951608
64.67641670711208,-21.58562721963435
65.82623581967914,-18.05740195575308
65.87102644882495,-16.37828090034698
65.72910831874871,-18.17920607275664
66.43403021472493,-16.47276875575659
64.73171596061157,-22.09195551801914
65.2689708259711,-18.24014630093484
65.52209543996037,-17.47349989507004
65.3056035792326,-20.84469274009464
66.17087375329554,-23.41756350974071
64.83578436472945,-14.33817188950426
64.3828758982925,-14.93341230207417
65.50862973094527,-17.45088400340996
64.2668220308739,-15.50675080073284
65.21122107216529,-14.48118218417439
64.95637809970748,-23.04607492460861
63.98098488729016,-22.33209779508124
65.1581469323288,-21.53925857887075
65.31042078647128,-18.25842945011829
65.56291697934408,-21.80538710842728
64.8543249881053,-22.19737269826326
65.2336009066692,-14.45654955022036
63.97111468501588,-16.42079221260309
63.70526395588616,-18.29256195605022
65.14096963485196,-16.23007202042672
64.79227143683754,-14.19288773527737
65.48924076712566,-19.2731826128641
65.86070692754498,-23.8429591958013
64.51926430349945,-14.51696487673696
65.73791899675126,-19.36615012824528
66.01440071591756,-21.46056247105081
65.93262029955694,-18.37760364413359
65.27624847047412,-15.89816923840153
64.96041842726922,-14.17324340304962
64.02857645149786,-16.98485330757012
65.6133912123856,-22.5101701844093
65.6179612570275,-22.70635769343865
66.02411776912555,-14.80973434631085
64.17923576932928,-15.77015494485584
65.22693035756376,-21.14992485467685
65.07270734526891,-22.71891747069903
65.5498707748798,-18.07241714973844
65.59002208607552,-21.34346980458553
65.65501412938751,-16.94140489810463
63.95633973593886,-17.45654741940642
65.80350148633417,-23.44068244710147
65.7761099219234,-17.18984685670359
64.85285517866939,-22.02589282243081
64.83372064028245,-22.22648674401857
65.90847800551859,-23.4568899288382
65.69907976748797,-18.37887776326486
64.0748922853743,-22.64493421802561
65.89514443453234,-23.85739635061358
63.85033142751713,-21.71057722803554
64.84242349289445,-22.59223289824572
65.28373159689677,-20.69249298343949
65.12210007717783,-15.53761285204337
63.86143026140725,-21.90092914270358
65.26813496105095,-14.26389138742495
64.21181891024115,-19.15761380794476
63.99269937698762,-20.43379305944837
64.00947598662174,-20.92240671261547
65.59646854695676,-17.19333093983477
65.33641464714503,-21.74625423066615
64.71013474144867,-14.08477241862217
66.31630442672989,-16.42392306543012
65.30346830130895,-16.08718214552955
65.01976241803376,-14.58676161119788
65.20728463925134,-21.71930739231839
64.82969858449526,-23.26958022745571
65.80130192810115,-22.5382864530684
65.6428408991363,-21.65223334192937
64.92534828706788,-13.68750782869638
65.91612638788632,-18.57876631153287
64.71650886137411,-22.15869863068175
65.93941507068423,-22.44789122674941
65.53536125010254,-22.22445123392415
65.66007252070027,-16.57032325851536
64.99868306472557,-22.68905832308676
64.89785295463352,-16.38613322459666
65.14512860231328,-15.36503059007367
65.46044395346294,-13.84364725602691
64.13433315292501,-15.99159039365554
64.80908340822012,-23.08036457169596
65.62303686315461,-21.73528742309228
65.7265214824552,-23.36383446647202
65.98890044135064,-19.95119473095712
64.83159540168735,-13.81830592975757
65.53554348738021,-15.42027614998277
65.94890545055507,-18.15422364254814
64.12184285316035,-20.18584756899987
64.92174677032963,-23.2898670676119
64.8679404255723,-14.29518928174692
65.13800308741752,-22.03004341999102
65.49539393123162,-16.18612219019377
63.91099531958541,-22.03386189589497
65.42079269470314,-15.44187369310511
63.51171255321414,-18.4876332420835
65.57161063151476,-23.89121233437554
64.91720431020946,-23.12390985041776
64.90822325044844,-22.21869701631329
64.27259837658802,-20.36590446826094
65.71449919697048,-17.36623513243968
64.1374093699716,-15.97992512774664
65.55943355596865,-20.93734634601205
65.85107565167837,-16.47451489772669
65.34356114042414,-14.42596246396714
64.89816444605269,-23.70656127903243
65.02847727132374,-14.96808454273766
63.55489081105058,-20.06873645435798
65.03807229315642,-22.40803911036545
64.13224269955796,-16.00821388682111
65.75760403460698,-16.38235509357818
64.52674938913302,-21.88399919291236
65.46410971633111,-15.75684469659976
64.9958618785437,-14.48810342116344
65.47200684366099,-18.67447676945898
65.05751007840816,-13.6922141213037
64.18035983523355,-15.76419320841982
66.31204391596548,-15.99943343150771
65.46194083142758,-18.82334761202035
65.79988781822227,-17.57085302006556
65.48244933883198,-18.65286616726331
65.52522266501612,-23.91304570327741
64.76957001962708,-14.07474966307953
65.46076900025727,-22.17124077542007
65.62387135759961,-23.33218970266519
66.11436583448526,-16.4357153955343
65.8598270176277,-14.81378451577029
64.93141582162835,-21.5454526383961
65.0126501830198,-22.75589536431985
64.73107292639763,-20.79960831226011
65.82271770426425,-22.66939150847487
65.3431599094406,-21.18987966699299
65.99798726874313,-18.79225870816782
65.03909758300148,-22.39327489949131
65.48702582544989,-23.4677458670527
65.35111548601246,-18.26206093904056
65.16516178816714,-14.20116947946903
65.36574671558705,-13.83124549921712
65.74730282121037,-14.65359978687804
65.53961178232562,-19.43574733935002
65.00817530703034,-21.06646210795503
65.05000879987757,-13.70606860536939
65.72297519131455,-17.46637018227968
65.37925544002742,-15.42526721579282
65.81485217324014,-17.89258611136702
65.47333246887688,-19.42051600293494
65.62929982926501,-21.39931716927794
65.46189906921563,-18.82609296469036
64.03034492447155,-19.87983069233456
65.86127984351359,-19.37578843352149
65.14541617499323,-19.71599897420814
65.55399581695553,-16.96536425656327
65.68471597755511,-15.04750905440432
64.23530383994724,-20.7064885220457
63.86385979283699,-22.33716756558145
64.10029254815105,-19.96086062657002
64.94050547067847,-16.34868496323329
65.67828480183245,-16.17064042801723
65.78435945545014,-17.21690221434396
65.1698905734747,-14.68191965477107
64.83126160113993,-22.53594349917465
65.64555227573658,-16.12898375620855
63.87378426996055,-20.50598851694471
64.03862772530805,-16.27230809654058
65.58101765124555,-14.12243887632368
65.15530213728049,-15.92425618551349
64.93655716867558,-19.51883394873354
64.33135601435944,-15.41353544947558
65.76899129072163,-21.80511393012868
65.2756497243343,-19.00450555234764
65.49185779492109,-18.64011595199583
65.40863830835994,-21.88024611000769
63.94671132828789,-17.64714323926733
64.87861302723785,-23.95726071660209
65.01307301908558,-14.18518920302986
64.84169694488433,-22.62072186246625
65.31355989238543,-15.65646171064166
65.57848135666505,-16.07150177088639
64.1955331843679,-21.51168544351754
65.64452603293138,-17.26268192432938
66.01378317465739,-22.65543162700393
65.58715450396937,-19.50225142964119
66.03159193951957,-14.98886940067836
64.60528170904752,-21.82400987351423
65.47663034503526,-20.98481354922159
64.20149197041128,-15.73700551438057
65.2919974161579,-18.25652234624075
64.29811767028137,-21.47091070647562
65.23739212424265,-22.42578426183555
65.74945012036248,-14.64253100869271
65.69110741151304,-14.4061810015598
64.80528102700858,-13.8634194847252
64.60041670247169,-21.47462578447758
65.71820162448986,-18.14569028473457
65.50885659323863,-20.03087929709663
66.40199534133798,-15.87704971004469
65.81910173407668,-16.35662990205238
65.51460379262201,-22.11030836854844
65.81987897301168,-22.66009497373944
64.77749468428311,-23.89416526771172
63.92290363764226,-16.7873930537918
65.1284267118374,-15.9454860257707
64.85016114351554,-22.20804058137437
64.41833387814286,-21.76156480208493
65.45207331838498,-18.98364184424235
64.35809933166937,-21.4085990267531
64.64196026278941,-21.46394920221019
65.01941149288145,-22.05586462073693
63.94693996792287,-21.96348371317353
65.88279388659265,-14.82778908206773
65.90929251316669,-23.71508465228064
65.290466141714,-19.04490669309547
63.61559178703297,-18.03217772755516
65.278740707095,-14.30698433268389
65.73210347017468,-17.09903262308506
64.00000547890778,-20.4528270758939
65.51524639537175,-19.59251716942511
65.60853372694284,-22.78184215938365
66.11425063237331,-20.17719207240713
65.11763072084668,-13.7796524360993
64.84383990936566,-22.43233598718087
65.62790482694378,-23.85081645651212
65.20534458263674,-13.85549553658689
64.38466693532571,-20.08407428446754
65.50477728588426,-14.26398305197825
65.72866189132836,-17.08847567823342
63.84915435103694,-22.21193291894593
65.6634593419241,-20.22708357332133
64.8841990416247,-13.81959653795342
64.86695286548614,-13.7614578520502
64.70584539445153,-21.03548079854052
64.70722022068752,-21.51990567952141
64.89188895250777,-16.42627979695394
65.64310063661262,-23.4675556209548
64.15650953017142,-19.4904027577954
64.8026286943791,-21.43025231874786
65.50448341242456,-15.45968591164747
64.07246060476194,-20.03637719758315
64.20567828403553,-21.39923760862728
64.87741476721835,-19.52181281384844
64.86889810145398,-14.31012538617057
65.01271437214017,-21.79151939073713
65.3640252303767,-13.9025004918949
65.54274926443878,-23.01542284667249
65.18413997316227,-20.77788674375142
65.01704154040209,-14.20864418796877
65.38423630575414,-14.33883594016302
65.40057396117476,-20.5992006247339
65.12598559344708,-14.69005588974382
65.36021595532723,-13.87066753310429
64.91584073230047,-23.80675706438115
64.94318090975194,-23.49665010060738
65.63223937329897,-15.23576678411704
65.71591773867596,-14.95040256178908
63.94020282895774,-16.42939383837135
64.9344119495456,-13.72751663048995
65.1706702222869,-15.30731701279241
63.80730637264807,-20.88259737041076
64.39751073068507,-21.44450658920972
65.14005327546758,-21.59401288787318
65.73653892335925,-17.10574020739056
66.02863665889376,-21.54914001458108
64.04800930635184,-16.18015499261485
65.3052404849978,-15.59385797047819
65.55141415083347,-15.38741759210419
64.48915117871839,-22.10880152559024
65.74841256854727,-21.37246895219969
64.14298178256149,-21.02677731536246
65.45346681503798,-22.25316569516573
64.6634541814837,-22.32106724520714
65.59766273761716,-17.77706645960502
64.68175573689821,-19.51854624485829
65.73309995564159,-17.39634781178841
64.23958708011473,-15.67947512463923
65.99155385066419,-16.56451768762467
65.43422181972416,-19.16511454068579
65.54224317850336,-23.04873983184509
65.72421769779734,-16.33217391143448
65.55722783767918,-19.28666236409622
65.66108754957583,-23.63946460695096
65.13352049844096,-14.52099043552683
63.77412412050843,-18.0689106018316
65.67592035159181,-17.55939610560979
64.83969407536627,-23.30895045886699
65.88054226869924,-23.62912045939087
63.89391499381659,-22.42119628439928
66.03451441914412,-22.98922115469297
64.46779791688974,-14.50137387609994
65.61792732187969,-14.46807068589192
65.26016440311372,-14.0430357826455
65.39377080043653,-21.19303876981136
65.07707978017035,-21.77324526655758
65.13378074523145,-14.52053988008631
65.78021207572066,-17.20055969324279
64.97617366039842,-13.88394760947062
65.74314442214877,-21.98263583087239
65.32428919405153,-22.13679785275908
65.51092601101016,-23.43955220173787
65.65221422232233,-16.39927974751506
63.728370836052,-17.98953521368139
66.18116827427228,-15.24344284791093
65.73293892358603,-17.10084666679536
65.1287628229277,-19.69195268151321
65.40778443284945,-15.4332080369311
65.12312455179183,-22.12332239789211
65.59098813127089,-19.56394024510408
65.47710212795619,-23.63988732668849
65.25815576502472,-14.21821878161562
65.72075331239472,-22.46191687326235
64.84860734086911,-21.23509130465745
65.17341593003572,-21.5096295102673
64.80342087938268,-22.26367886729998
65.55908618662792,-23.99313705843154
64.82401360652744,-23.443631318491
63.83887210969326,-20.60561757085346
65.55734692175855,-21.47499533026025
65.53889899195143,-23.79668616070739
63.76897125921544,-18.12892526007184
64.41266754862008,-20.03050289944309
65.93601516626063,-16.57641233571122
65.52095804080902,-21.8625617750898
64.69514661098938,-14.18176841369011
65.40984940140649,-14.34129341960567
65.66100217288837,-16.36892324712183
65.57907590974732,-22.28969031308103
65.45507320237063,-17.41258377413219
65.04049105352566,-22.75816269429322
64.94633931679732,-23.4410924269843
65.22036630532108,-15.54839466000139
64.66283129483351,-22.11676105116085
66.01007075075027,-22.62142146321063
65.94298666670242,-18.42604730378487
65.07870522507919,-19.62758020259864
64.00730055410888,-21.46013899798722
65.5377401121126,-20.9445501380811
64.98463622700389,-19.57204607527466
64.99135454991189,-19.57772492707539
64.98277060425465,-19.57096280031463
65.37941033690369,-17.38857269107423
65.86735852341432,-20.30043798405969
65.35618168702412,-21.7732654374108
65.33716507477017,-15.04462350158494
64.88501612684304,-23.5859260432959
64.72061151046425,-14.02903526659245
65.42763555802645,-16.19358260985811
65.68529070627513,-17.34730566687765
64.10764163345743,-21.27371585263017
64.64393552687356,-21.66194574573464
65.2690356283021,-14.48723034979803
64.964869378933,-14.62825212272126
65.74216778166425,-19.49871804520801
64.84664870519256,-22.3402025723181
65.78154583657754,-22.5822632556913
64.70506206349798,-19.48729657489108
65.0206315629395,-22.21712734300731
65.4597622761159,-22.17573169766478
64.0828263267182,-16.10695724317196
65.35990335240352,-14.80940733873794
64.38388539981587,-14.93284073426365
65.16288373923365,-14.17454022191541
65.53971141471622,-20.20529461209385
65.5641736582273,-17.48225554726019
63.92884638015993,-20.53775083194279
65.18807142494809,-14.01677888308336
65.67740217526116,-20.67186905037018
64.76202972525965,-19.38617796766621
64.36100063976717,-21.51128494386499
65.55826196188433,-24.24696596810629
65.43573926589907,-13.77456718525212
64.19459091582587,-21.22217178326411
66.0784608739329,-18.56788301657726
64.87678988718045,-16.44080611287676
66.33557009861319,-16.43043484546245
65.31274350932206,-15.65234558028176
65.70529435190309,-19.11318003207067
65.70053015944914,-18.3970852006195
63.96602150947351,-20.9930610346689
63.81839458467773,-22.53018375860547
65.91964910212997,-16.39783494372756
65.71408943629037,-14.83497154004215
65.61270255946401,-20.85354270035806
64.76183543757843,-14.04973508583555
66.27970138252095,-16.22403634261507
64.0719382494375,-20.03799684621928
64.12168394982625,-19.87826751040407
66.0296517431106,-22.9888396883806
65.07365446916405,-13.66568801392564
65.37044460160199,-14.81187755597952
64.10694300526352,-20.69778723605864
65.4337315786156,-20.69595891811852
64.99911069224697,-16.19748583939838
64.89855540646458,-21.18714274838324
64.81731019838683,-23.16636138575035
65.60207393757604,-19.35367051413588
65.08953035993164,-14.33035993725801
65.28390226457309,-16.09822979103903
65.3680863013815,-13.85865355378578
64.11329237035804,-21.02230811124414
64.32032141786155,-14.94782970559304
65.57401190507878,-17.49670128134495
64.96710157266257,-19.5711494430084
64.18123093440762,-19.43102953267238
64.20582403897177,-19.11223447317732
64.6143715168783,-21.9500768089826
65.89810724378083,-22.5718725033623
64.91073218044751,-23.10431678578817
65.51641327968493,-23.87532410889039
65.54760262430976,-17.4750253702919
64.42272853100036,-14.82698131648725
65.68293309061839,-19.50827584100614
64.88683117656524,-14.65468193397118
65.4635240103413,-15.71973798961753
64.1358202296849,-21.74063167134128
65.2638824636591,-15.19660038420532
63.8958341091274,-22.6941410675103
65.59377977175184,-23.98074490845531
63.62072188612271,-18.02053555772032
65.20508816755469,-14.61198591035298
64.62463690837065,-22.08623210371148
64.18793237731147,-21.53997448943831
65.12378125730649,-22.17716445008686
64.2930670421732,-21.67004968193096
65.61565630494863,-15.09837513956597
64.39621085890387,-22.01809353366453
65.75649612485978,-14.57707610641586
64.78736444418732,-22.26668958600182
65.60597477330974,-19.45137608745049
64.09133202585933,-20.18198215463907
65.46824568306805,-21.41682126992386
64.89338238144052,-22.83836234133155
65.16930843728542,-15.57963330159763
65.81737351740792,-16.35430163205982
65.41481610391374,-15.4351727388463
64.24489782773277,-21.09036508200204
65.35971632864525,-14.89342919411738
64.30795532618696,-21.909901649126
65.76894013317478,-21.80600437202529
65.50458186733967,-20.33196483691392
64.52551806693431,-21.83555587738687
64.06023847672641,-21.05851819297263
64.29554188500114,-21.71599086705242
65.12464038261854,-19.68496227980489
65.20545823359835,-13.83274470475071
65.65472459077904,-20.73614086047782
65.22514371645416,-16.18974331533359
65.68970794053827,-18.41671048103008
65.23254201632272,-15.21301838067899
64.38203267596464,-21.35635974300564
65.85883565272131,-19.71370032837374
65.06229998110503,-21.43699836224101
64.10431730040114,-21.08796859940337
65.1749757085326,-22.42271291348296
65.1265691383627,-16.22720697309386
65.22257003442603,-19.72163543186742
65.2996178509693,-15.51279291446076
65.16416406283982,-14.14264801304864
64.23941380919533,-20.54803708111232
65.65935660248755,-18.43222581160947
65.24510707247615,-13.61023710123705
65.02261823302108,-22.08039178276389
64.36320881883209,-20.10439298113958
64.24733082520936,-15.67130914430625
66.12421648465066,-16.43499054843942
63.85376504642541,-21.93995600106645
65.42306315969088,-21.89288604393903
64.83328211825237,-22.45338659386116
66.09126851266714,-16.83039704521766
65.7651588858134,-21.47117210493229
65.71264845249992,-18.06689638185786
64.99951784021741,-22.8657639758698
65.90295307876616,-22.36779047304093
65.53119220335182,-15.9870097878358
65.07581933113593,-19.62088518224807
65.93054170457133,-23.54565242434047
66.18535322505697,-18.93001669061092
64.83960766814612,-21.33120198256974
66.01828557712729,-16.4168742388747
65.6332272227802,-19.58334941297811
64.90521698191112,-21.51365816216302
65.35363433255093,-18.2368737377073
64.07567612182558,-20.85682898179506
65.98908112777453,-19.95134474267795
66.07274790754505,-20.04708380328566
66.0014186205436,-22.61241557010296
65.62240811516864,-23.47205540699455
65.37829822180306,-14.75713149598493
65.47233843414196,-20.48042477613486
64.09566827771658,-22.04106247009764
65.34625864822654,-20.2167245624841
63.72822850272701,-20.23499788744177
64.42864406809124,-14.52951523104523
65.27046971562304,-14.44483257921438
65.33485205375375,-15.69756592502899
64.90864682151587,-22.21917819988538
65.66345954416047,-18.49482698311551
64.4098749331535,-14.53732633632285
64.91761006806989,-22.23662295251968
65.52321343012535,-21.31125066563554
65.56106973016507,-24.02176032052559
64.92724826671338,-21.10301744717621
64.1544581050225,-15.94694350120472
65.64420917887192,-16.67604381958315
66.09017578076707,-20.33294221720836
65.06277213649292,-22.7357140767643
66.03454156951025,-14.80633917685354
64.83927971784045,-22.93827788456827
65.8203982573852,-17.89195779573035
64.45098289590865,-21.10547805514181
65.76944924681821,-17.17385731576078
63.93568082997638,-17.30756536181674
65.68988055157973,-15.01937925722696
64.90618374270264,-23.91666625931329
65.6075777300166,-22.77863457584339
64.92159718926393,-19.50073760172528
65.65844978914653,-16.51465534223017
63.96731232605683,-20.27242155814244
64.84201505819644,-22.64561517137038
64.8352660870546,-21.49260089281798
65.48824281072213,-23.22638146979009
64.07607614322245,-20.84942369411096
65.8050418607658,-18.61130718121487
65.90638990566661,-22.56519388340563
65.12407087765429,-21.07248462692081
65.7462769475679,-21.92642430445989
65.86484982169482,-22.40429064834907
65.5643486701942,-17.02007730092353
63.94561392372567,-17.6582464757197
65.19589608685459,-19.73582036420225
65.47035316133947,-20.49783843836765
65.86474062785337,-21.29067178113734
65.62835876921284,-18.08838317144602
63.9595880095863,-21.12033820429195
65.14824991734919,-14.72398101788815
65.36827034245911,-14.35061145478148
65.82137412601729,-19.86737891080474
65.36398471816474,-15.85750128702685
64.48257308259178,-21.1353250200831
64.83013333803399,-23.5036167314337
65.34423469471275,-20.81198058885758
65.99235344357356,-20.38378773078926
64.17582900409774,-21.66761527958756
65.61619886347022,-20.8477412208968
65.29465142228267,-19.78870485929394
65.0666435967719,-14.83654869896937
65.11817605012989,-15.44653240091732
65.32585334815404,-18.25740380690834
65.43687891397876,-16.19672523687493
65.67409464494962,-23.60204040033879
65.66684645796958,-20.70470764023254
65.67782311248224,-23.20270442898322
65.46823607265165,-18.71133201160677
64.97312594997439,-23.13573259381829
65.38153026187473,-14.3080998263394
65.74835663886172,-19.74841630449777
65.20606423025765,-20.78617955431824
64.92248859552035,-13.97300039221075
65.90246975113595,-18.56498330953818
64.71446048402511,-14.06300041311285
64.15603604585932,-20.54112728799129
64.84128196316158,-23.32234195083631
64.69111207511513,-21.46590823436519
63.75157082729616,-20.4184921277468
65.5714957568861,-16.04603787873441
65.16299686423866,-14.17531901628328
63.48864453443339,-18.5335724132004
64.7418035531644,-23.80262879024389
65.17817685033107,-14.10610906556423
65.43811733015853,-21.23148399832513
65.53974546172415,-22.478201456312
65.54053294287644,-18.07654118948623
64.73385447652866,-13.9894709849529
65.61150377249346,-19.57906177616542
64.84252507071785,-22.59567092040507
65.47687446487483,-23.63961347364285
63.98283377798132,-16.85651921852272
64.3302044494316,-21.64803639074626
65.74635038803962,-14.83722896049635
65.50922487068733,-19.69323738579171
65.66019385170249,-18.09289398979686
65.99643513430564,-21.35134058372216
65.64296318897274,-20.64463262470631
65.01726157513941,-22.03355294632412
64.70856510463389,-21.06898679482232
65.83178679657645,-21.29685595897164
63.92603623318371,-21.03614699711956
66.03256804284219,-14.94688802085622
65.61167481236623,-18.50473670352467
64.82327931507778,-19.37185098216977
65.58458411477054,-23.1886357389429
65.04404840283674,-16.16157054167315
65.54451592540383,-15.99066830409582
65.52046323282043,-23.39384741851032
65.2605205971218,-19.73832841980706
64.10669688069022,-16.09596236890466
65.77838316044199,-21.43891842576355
64.01877280007386,-21.39433775102625
64.82329966904555,-23.96477604570627
64.98753835622628,-21.0549117550736
65.06117899594378,-21.40572284564719
64.68350414380875,-20.73155767761008
64.03432354045084,-16.29081007881845
64.23107449662069,-20.56563457490069
65.52872579566986,-20.4067833060668
65.92866947959047,-22.49766689062434
65.40066186697395,-16.1843867129542
64.99585603298075,-13.90427611687152
65.0492309099537,-19.61679981531915
64.7013534836889,-21.16029395646063
64.12492132268113,-21.94163843182759
64.92878596365021,-14.64270518457018
65.18799563887275,-21.8346306381667
65.97352809014629,-22.57493728141342
65.06104780154406,-14.90864500796545
65.01351969798597,-14.95393103173109
66.12913815951458,-16.95288351350564
65.56950386266028,-16.04050414525359
65.52657087755289,-18.58146243639157
63.81990972462359,-22.5938143899259
63.78361249453605,-20.13099526630376
65.94515932477297,-22.78391260357832
65.58658880697133,-14.40792031093234
64.98693733217652,-15.06269035130208
64.58459730622852,-21.86195585611709
65.74143960869239,-20.24445771604955
65.5225284446813,-18.17193745879358
65.99100080725644,-20.38324100839294
65.03806300621454,-22.42787979777567
63.96427053829711,-21.4538669281707
64.91992309615803,-13.68542379420749
65.89280263407905,-22.85349026235128
65.23326647894525,-14.11705534060139
64.36249582700756,-20.1053358351642
64.40593918724112,-14.54047310713771
65.74334631676439,-21.99032494956116
65.57469169272984,-20.93175604542737
65.65490836892975,-16.59777213485145
65.46588277191907,-22.3054768395895
65.64143008715244,-20.64349293626567
65.07478085564162,-13.88771932594777
64.31044034562973,-21.93797780974375
63.9904839093838,-19.91439294442198
65.4844968482672,-15.96340735700002
64.74659906384221,-14.44463590074318
64.60849772547724,-22.16790594101861
64.8249514233668,-23.44907013312333
65.68447399868049,-15.04825346892608
65.64720268918755,-16.775900801099
63.85225766481202,-22.11464174346194
64.53775383189351,-21.76206435872547
64.20626720781732,-19.11419253766911
65.9837200018404,-23.62178901359033
65.01421653039857,-21.97389597802895
65.18332419073081,-16.22994814947254
63.95794157869626,-21.0773470115267
65.5706417411295,-21.32506003291454
65.51718942267804,-13.82658004016587
65.84260823664405,-16.47625922052984
65.42330172423337,-20.95705754819883
64.25881207211513,-15.56820445710309
65.37360616576969,-19.09116498669159
65.65185397078817,-15.18541143546638
65.42266286434733,-17.29113129437274
64.77785600835837,-22.26681668089818
64.33082708981442,-21.73946525775504
65.81358496664232,-19.68613633167725
65.02895735103336,-13.67834939702549
65.64335148468399,-23.47130645809853
65.35695881404001,-14.90931468211219
65.08321536274786,-13.84834752587419
64.97736193808844,-23.21562851149199
65.06254870070508,-21.4353896719605
64.3952346326779,-20.08674172444227
63.86018557976374,-20.5345755085034
64.99817640084649,-23.21000447421778
64.93165982504162,-23.32609279532524
64.72071214630998,-14.02834749834178
65.18732666378267,-14.04180674735002
64.26625119987267,-15.50903236726383
64.8888480183855,-23.68786201532827
65.51397573104765,-20.10431280910228
64.92173241566933,-23.28842716718561
65.89651412365686,-14.83027765714436
64.26032314604173,-15.55422393135562
65.64509147577955,-23.70972444036356
65.28191986675664,-14.00628454692376
65.02519181924622,-22.14827469702746
65.42118196675466,-20.65639801114529
64.94004521331655,-23.49986374083569
64.80697375323832,-23.01427910835599
65.45742625717742,-15.58766163701805
65.92740777119675,-16.57833686333942
64.60178488417031,-22.20614589401156
66.31322539904905,-15.84974425132856
64.91659051253673,-16.37312658804753
64.0481818393708,-22.70606780160434
63.84998016241329,-22.22022482733718
63.67431422225836,-19.94671334141295
65.33853308279234,-15.03807756422437
65.66803688374345,-20.65751317234515
64.8395150530953,-21.29816335593044
65.34464641062253,-15.77314034436535
66.10655955950583,-15.18905583394932
65.51950228025842,-24.4701146188994
64.60473140663672,-22.21952465674769
66.20992197826881,-15.6926152749757
65.30189850729259,-15.23187021494822
63.97288990958781,-17.1016778489183
64.57112377232804,-21.97812093015502
66.04954148610882,-22.98688327141646
65.6866679330611,-18.04877518846945
65.859096093557,-20.2962989378812
63.83781459830836,-18.05194708029285
65.36277815393304,-14.86278504891791
65.1368865448967,-19.70634920802973
64.29178685731577,-15.11227267039946
63.63514563015513,-18.52054370077295
65.56189114222505,-20.65480609415769
65.21894669922438,-15.89740468088455
66.03706272619621,-23.23003483944602
65.4416108231126,-21.48168551140367
65.29969764567366,-22.2929042841788
64.26452473213091,-15.51757729619372
65.35040912676673,-19.0262271002311
64.75001597845025,-21.40039904786464
65.86066987770795,-22.64059235698868
65.46934287044031,-22.31751228201356
65.13970912395637,-22.02065045897888
64.81831267730193,-22.9873921098027
65.46186136998182,-18.82520005993982
65.82058183400528,-19.6858849261737
65.75287293518504,-19.5141357495438
65.14759846762219,-21.9861746289479
64.01166966198195,-22.18459206486663
65.72545482677874,-19.10611660232944
65.3461579417564,-20.21667169120787
66.04470498673943,-22.69612671740242
64.37427064123212,-15.28931277430771
65.80164067272263,-18.05491654732657
65.77260159032794,-17.91232694663878
64.88122994390594,-23.96136045239547
65.14904317787979,-22.34805522538636
66.11546081492361,-15.180003580108
65.71040101798424,-22.13590224877847
65.03114454767612,-14.65384178274378
64.35626242711413,-21.41866095214231
65.41048743055619,-14.54918549587324
66.06634114336389,-16.44166415581693
64.64281003037377,-14.50172416546537
64.5212867923779,-21.4578921223945
66.16801969752593,-15.34436086290278
65.12818232142529,-21.06210600328545
63.80212042649978,-18.55997886269714
65.27239389305328,-15.4925407117297
65.42067263229804,-21.77149151989721
64.42671689402417,-14.79014537383252
64.9201431153141,-22.25510303838409
65.16155143562787,-15.32944251089095
65.42217687622514,-16.20043282204944
63.92126377336741,-16.78537553964006
65.58622109590688,-22.85896722676503
64.30958379107199,-21.98635321901759
64.36551576533505,-21.86122596798672
65.02840776258702,-21.08655026313463
65.97388161174202,-22.92976785757248
65.02525094323816,-13.77241023752263
64.93773677937007,-23.35913234475004
65.78449192329585,-23.19087075632458
65.49210118372737,-18.17941362011605
63.84963583796637,-21.46682487132234
65.07376795535063,-22.71705843114195
65.34909556506807,-20.59465442641541
64.7965372762279,-13.96160528884961
65.43228213681782,-21.22548885699891
65.51669403141351,-14.23373582132123
64.93636313970538,-21.06711811657465
64.94820145393663,-23.48640794132015
65.77603619423635,-19.3401085851729
65.27345846384264,-20.85718080393663
64.99408035638179,-23.21496256007635
64.84251527804837,-22.64965896846985
64.66839202908137,-22.29342562300743
65.53566212472818,-14.35187440170219
65.25362220872553,-19.72450779140605
65.04772687574665,-14.35135449126098
66.14022177485475,-15.37118810198114
65.55217944308994,-14.32371042972371
65.43338710184993,-15.48037747880558
64.1229053765399,-21.38640171237264
64.26039501397288,-21.37218658933683
65.61255216103935,-15.28690827547204
64.35088247057642,-21.00548974193022
63.9308184391606,-21.32165823126074
65.77829212740835,-21.44322139402513
63.8614683681507,-22.31162290605139
64.6207195948466,-19.65130741287373
64.86713983359412,-21.51698057445896
64.24961966746912,-21.82966913643905
65.16162597842073,-15.82531782807014
65.0606143971958,-21.40926386698261
65.03483193670073,-22.75235333527801
64.96494650591278,-22.98135316797353
65.30137937451526,-15.53801516389809
65.20926727886066,-14.46163750659714
63.87837600557931,-21.72288641575733
65.6344835841256,-18.55227055473463
65.53354125821696,-15.42305047884758
65.14994380667716,-13.65533099633329
65.53637094878864,-17.48899760460733
65.58975476085719,-23.12955351916565
63.85541753192157,-22.09116496407202
64.19185055100353,-19.06478623055662
65.65671894240062,-16.95389107589797
64.29956491456457,-15.41937302531974
64.86009852428836,-23.51263675613198
66.0355704278686,-19.33330123468797
64.99634640316322,-23.21227694937929
64.85510583677501,-21.51130666376036
65.07547148451788,-21.10728747711795
65.63307282083991,-22.76343659870696
66.11245255290639,-20.16622732856855
65.55767074852454,-22.26711607544397
65.5825836491631,-14.19844527653015
65.70067165381244,-19.61286463575328
65.48747930480445,-20.69847262251312
64.1554347998704,-19.50115342319062
64.10896786801196,-21.57326834761753
63.63357983275194,-18.00067970868848
65.12804788613902,-15.94653089805516
65.45345831105992,-21.72940639419589
64.33043134134157,-15.41491516968096
64.92142826988409,-23.26327984480365
65.70861863639993,-16.40940631671436
64.78887519462863,-21.5015991909908
63.65598129227075,-19.90391835360265
64.72030750647728,-21.98852222164618
65.01916549466075,-21.70483736542743
65.35682681696149,-21.77615416070133
64.65392226115316,-21.30441506146706
65.19090675117855,-14.63134488937074
66.0755031365926,-19.25416212084749
65.35844715195908,-15.40014964687675
64.67548767944454,-21.068570650063
65.31513789788998,-22.19138725643356
65.45461123238685,-15.81194005300999
65.36333730990313,-15.85615048426591
65.01155010597616,-21.94348338085246
65.66191874984436,-22.59315052688238
65.97003293188583,-23.3310674220265
64.36335423411848,-14.92527658797582
65.68565257163343,-19.50986242241186
64.58351366794199,-22.16375525471273
64.36399473929227,-21.94484255676817
65.04254398979961,-19.61846266081023
65.9206592491353,-17.45877672101948
65.73543115358667,-14.71979336822418
64.10719059535154,-21.593582872778
64.98701445028098,-22.65126063981225
65.29652283871889,-14.49738477993364
64.22833429015431,-15.6844894040304
65.2556818057169,-15.19117884262483
65.27477864459476,-20.70254497833494
64.00555214111125,-22.20645174283049
65.92012488963456,-23.43766532929532
64.29183380944447,-15.11525001716811
65.75529359494439,-16.33119982295596
65.0852884733143,-14.77398258950376
65.61007694521282,-22.50689153698664
65.47229362110082,-16.16293587991264
65.46620783911247,-18.91556890477695
65.37225732980815,-14.41419520651946
65.28763224479313,-13.71593598775677
65.11076012670821,-21.75849857850545
66.03025679652032,-19.33813755109626
65.2884218513529,-22.31695425487277
63.59902295360143,-18.46972983228705
65.55575890929516,-21.46827383017894
64.95633331195954,-23.03670021741222
64.72770078881506,-13.99714922270831
65.62219098574181,-23.75354894006099
66.18301323978721,-16.98865071431981
64.96662848545239,-14.17860111713081
65.74505063960585,-21.35556760981657
65.82921351449048,-21.30084854037982
64.16981522189634,-20.5131511316765
64.8319094770139,-23.95138043044878
65.5240864907627,-19.36046954467556
65.55284861308662,-15.38492016045531
65.5796380794073,-22.28773285025594
65.14048446498613,-21.06070577411083
63.76444005954776,-20.17282359455571
65.18005463650765,-14.09468642361178
65.36842513503053,-14.82392557963421
65.69051920541949,-21.69715214920391
65.16165066281324,-14.15568082780485
65.52787028008841,-17.48263613603246
64.98713967617645,-22.61462857144081
64.78822272466371,-21.47176138304707
65.61524057416166,-16.91584271337707
65.01653776193699,-16.25367552454129
65.14404297463228,-21.72761294907083
64.86923870262571,-16.45303372239953
64.77111220142325,-19.3811098505458
65.23148654193949,-15.53484272837801
65.29634354511465,-14.48023680777639
65.42818949240363,-17.30246214123643
65.30186213559949,-15.55699533763462
65.65955023492187,-15.00943375175605
64.76144210105468,-23.68304896008931
65.25357065847932,-13.6074772051671
64.64952978324912,-22.06335643077071
65.3251740171878,-21.05596403803799
64.7640966550953,-14.47786298743639
65.74791925534535,-19.74647290260832
65.18365355788394,-15.9098784236423
64.54094525794365,-22.20644010534559
64.0112115764197,-21.24977982950409
64.69759969430024,-21.59080667070544
65.39088672389042,-20.64501389366006
65.05910790229976,-21.60312330896568
65.9940883254307,-23.43858003665298
65.00992894252468,-21.80941836980649
65.41119324982938,-20.69947548357255
65.874124523055,-17.94695069634261
65.72584865193542,-21.38159859499608
63.98452881769538,-21.15774075639011
64.3812288625905,-21.35847700291517
64.94682766244993,-22.23452103695347
65.7383194853699,-19.48542790951173
64.82814726687002,-22.25124135097331
65.38217007193806,-20.21333472146866
65.101532733248,-16.33245335549588
63.88109693095291,-16.68818049760047
64.90713130388801,-21.17745814899036
64.8271598823061,-21.35231894293729
65.40694381331258,-15.90003843330168
64.54695812891718,-21.4193782070197
65.78289516085185,-16.44129735653084
65.42322700018251,-14.3973351003485
65.91724953546763,-18.07816303152421
64.24760682297604,-15.67003518771917
66.1280412049612,-18.94513507008511
64.23654597143704,-15.68257859202874
64.43114195828201,-21.66018826099272
65.55884675595954,-21.48372422216606
65.1488655525409,-22.34774751978373
65.55449257396373,-20.40802813723825
65.19557545005573,-13.97684171307658
65.74927292727085,-22.11482420334512
65.6456472717595,-16.12890384388998
65.01220557781362,-21.95586428399495
64.08723123365615,-20.00609708689344
63.96298281017526,-19.97570100554924
65.02563351115579,-22.1130844768668
65.54664398940237,-22.99811664953116
65.0373373948014,-16.16344152424964
64.89779201018686,-16.3863138619994
64.00835202001859,-19.94993958423125
64.81887476479814,-14.32327778732517
65.62671691177826,-17.02334411242856
65.61862207702946,-18.59103170807135
65.57581425842832,-22.87857034336779
64.15583780125705,-21.78354428427982
65.92084355256198,-20.34714175630278
65.0298970286047,-14.13813695438603
64.79838207853153,-13.89917347258713
66.15165512735999,-19.05770601709893
65.17444159818211,-16.22193602961255
65.53559307195712,-17.46933520580448
65.26032737282827,-22.35145186459906
65.5693166243027,-22.48827408685509
65.93361035095033,-22.44598838837692
65.66414218733455,-20.71027695699602
65.59385958652085,-18.5173845470375
66.07797016001952,-19.21872782266833
65.45318505230215,-22.23385162021676
65.31621857465069,-20.68172038495475
65.25096648934212,-19.72053309203153
65.10756534371596,-16.03023823461783
65.43208129085913,-20.69637944487203
65.58779276104059,-23.83928938791156
64.52488714415072,-22.07383420669296
63.95474165786935,-20.77215853045702
65.82947941877936,-18.60259438615169
64.04875247178119,-20.53401553008457
64.69464249752326,-20.96518513037714
65.2795545536821,-20.78300162244858
65.49647957221083,-19.89080331173389
64.83504304885591,-22.03680496297439
64.26289015647376,-21.37425437024342
64.00813091299698,-20.59251180648867
65.75636383339453,-17.58468533032563
64.84163117535365,-22.761881033605
65.69408640169134,-17.57100366659522
64.18452691995724,-15.80324950694381
63.63753793722613,-19.95034723535802
66.15244870685869,-16.45280553407559
64.34871225221742,-20.13119641364867
65.78467673889385,-19.98052726244252
65.7546899436859,-19.52813028786777
65.45153673256665,-21.81190865222885
64.13349675252756,-21.67493797036992
65.70631435516724,-17.66961480769865
66.0167611896591,-19.02966789434285
65.68575507044126,-14.9515852143599
64.84763336889449,-23.48913110993909
64.94266488502879,-23.38572193213832
66.32979872803668,-15.84651472105338
65.12448738583532,-22.10630132227644
63.82521942870085,-20.08600715103269
65.27756178297301,-15.48262118594496
65.72721630831686,-19.48278965348406
64.98931181502057,-21.05622851341592
63.92391930482054,-20.54880767173515
64.1617794490368,-19.46456896493123
65.14288471313903,-22.31220274058316
64.82380766552012,-22.27254104608071
65.73082203503417,-19.10720717354697
65.61539822040912,-18.50118096990936
64.9442516239773,-23.17370264118707
65.56003344576156,-21.48607834536083
65.78190953725932,-22.58397208540282
65.55555770303918,-21.46721351580058
63.60863252750881,-18.36101003985303
63.87888285551801,-16.66323912856367
65.45225882147295,-21.67614942781056
63.88436623331712,-22.69129930022479
63.83857197840659,-20.60740482175022
65.3746182012583,-15.88437371112377
65.70044905914888,-16.32214309075815
64.37185260126832,-14.92348095676724
65.94099796511425,-21.58666481949421
65.49165840268445,-20.98362195079635
64.3485796350269,-22.00185796007354
65.53103040766976,-22.26005713537579
65.65795428532573,-16.49789802186399
66.03443190413033,-14.92280665813174
63.90880282433177,-20.65034979779663
65.54071532539498,-23.03923055832936
65.6054759077765,-16.14557668059981
65.66536380422977,-23.63984435843988
64.39231207062757,-14.92415649349859
65.53534526820201,-20.40675869538897
64.91628882773236,-14.64724536116344
66.03319359253105,-15.05231176079044
65.06225838976638,-16.20258597655626
64.99157059806718,-15.04243737723065
65.23777729238546,-19.70485632350453
65.80551478092282,-22.41504286420498
66.04536996376885,-21.56219484473703
65.15915059118245,-14.33987716098065
65.79997069547188,-17.5707951760182
65.15593256112433,-21.54530766618234
64.79212243694984,-14.13943398870457
65.0050764304442,-23.16612587506688
64.02578767975248,-21.0001030747845
65.47715251487097,-23.52690464926917
65.69169901848352,-19.10575004091907
64.04029674092247,-22.04669069202136
65.48040780261059,-14.5458644631824
64.96923665829094,-21.55041354135226
65.65436390510158,-16.93853150645104
65.38471425982618,-13.72830250275678
64.69568842821562,-20.75092727788914
63.99744652902515,-20.17209083684778
64.03794569373655,-21.92618059939917
64.2411870773032,-20.33194495224414
65.46007819147118,-14.38723532474862
65.75130509697591,-22.13328495071337
64.52221138081569,-22.18665426446161
64.30333126180132,-20.16658115964489
65.67482496253811,-18.45445457569451
65.17421764726922,-22.42180131362639
63.8745811617228,-20.31200769144105
64.81923009266433,-23.17466674590949
65.59580000399676,-17.19041804626484
65.34627580907195,-14.88327685261446
66.05116618060887,-17.35663264738487
64.84225304946703,-16.45565523887607
65.46517567482,-16.16966520945979
65.11677410780466,-13.80442324450899
65.56083443899455,-21.4864951512497
65.12693467236646,-21.73793278578026
65.01772171802806,-16.17382853152879
65.5465671253824,-24.33560653579231
65.48783259534441,-20.98475859261267
65.43741331371965,-21.71709944728187
64.94670581771844,-23.42374313694238
66.0125307874599,-21.38027157028706
64.96928434192247,-22.58903297192195
65.00841602330853,-22.60529246717071
64.15522130832112,-20.54582179721096
64.80407108720176,-23.93347108585376
65.00945482907741,-14.01591836686692
65.54543222410938,-22.47652062576201
65.46263565531204,-18.81686041409285
65.79167044821095,-22.22070491085103
65.01138145955042,-21.82677724826538
65.11410716931903,-14.78995817515845
64.89764795564582,-22.21979787313057
63.96255129819218,-20.64118355336916
65.20761229177864,-21.81655473881891
65.65156009435327,-16.99271803572688
65.81824337220525,-20.30625785351914
64.97415263043969,-21.06704286384615
65.78530214152599,-23.43758283150439
64.95151909358874,-14.63522873322183
65.60173960931648,-20.89238468040192
64.98423442157006,-21.55486774841562
63.91621506743762,-16.51885112742301
66.08066338901611,-16.42998454094565
65.46130828738987,-17.42103483615477
64.68565753832546,-21.50361621716922
63.82062107261476,-20.92936992930752
63.85048006457342,-22.01352490932707
64.83382931871756,-22.97145311726669
64.1971002632706,-15.74531860392877
64.72277092687654,-21.38795130353138
64.55308380018575,-14.65424937097874
65.11584277645827,-14.33257835480559
64.11021084170815,-21.55852881758578
65.949856441038,-19.9274117565329
65.65492501170503,-23.26699274144226
65.3349203832869,-15.69812661936904
65.20474796131428,-13.7608498730018
64.71105417455605,-21.17354163800221
65.45039294556005,-21.39643873931974
65.75781678422533,-17.41121570599623
64.90288730392841,-22.21622800401722
64.83597458895935,-21.49290209117344
66.0296811211714,-23.34214038539113
65.50691256348587,-20.59734885714969
63.70361957802422,-20.25360647812921
65.78306944033035,-19.83930398076326
65.77386650360376,-21.60126704424668
65.93882564966198,-22.5870162022843
64.04416161686763,-21.03227151965997
65.49368523410446,-19.43773884195651
65.15619683150905,-15.79372927433646
64.13052061047235,-20.52471690322424
65.01331133581468,-22.59467429320483
64.82010276555077,-13.89961465837954
65.31216863966563,-15.14593718601744
65.72093114506566,-18.1898411812749
64.8486460154718,-22.68701553240557
65.71763298650409,-23.17116421905951
63.83506946576251,-20.13981392880553
64.2028538768129,-21.70812062759246
65.2102080765209,-13.70977954034962
64.95904120139016,-23.03024777483188
65.53347065414083,-19.38020642417611
64.10617287073035,-16.09629897237852
64.38376392950389,-21.3547048516462
64.19299981801548,-20.40424340498227
65.55079028231371,-19.93322749981433
65.62914288778869,-17.81907912411633
65.00995517455219,-21.81099987216612
64.93576623734452,-19.51742552505999
65.20375192564714,-15.24426505621001
65.46098456741092,-15.64717283720831
65.15875979611698,-14.70557496905629
65.12309691172942,-22.13707238209484
64.52386315205382,-21.31700666329183
65.57024606549628,-20.93120740791143
65.80950984381131,-17.89452632807417
65.52078154273117,-19.30574288453876
63.88811313238661,-17.74097598956444
65.94658461580777,-16.41444796653519
63.97051198143521,-17.12485355732648
65.60702866497488,-20.64570668238771
65.70078985124567,-17.49670855073158
63.95649986475338,-17.57804906281641
65.19630942255874,-13.97002761894794
64.98508522207712,-21.55535223389901
65.33516430664926,-15.05415361111565
66.07775684608613,-16.74669790819484
65.6177734637837,-14.47016898792936
64.47333695275323,-22.15549199364708
65.72171584363592,-14.44919735687294
64.35167499117904,-21.63487232798452
65.74683949721633,-20.13496436609667
65.67992544772275,-23.19951667488724
64.57727980977444,-21.52257798847509
64.82862472417463,-23.2325255202208
65.10947542074591,-13.83276864555352
65.65437510197825,-16.42783866994075
65.80942866973764,-23.43228579715191
65.61733043116992,-17.03625196115796
64.84150288329656,-22.63486619217235
65.7761727636764,-21.72787659081149
65.78579184438584,-22.21596556282521
66.09175076394352,-23.40264937234715
64.85725314976428,-13.76392070840732
65.60212557509436,-23.53963864920586
65.54369571364738,-20.65816830336822
65.04129901386223,-21.0952718927361
65.91908452561118,-21.47081906329193
65.59263127022444,-22.85001695204324
66.0289938184216,-16.53696023605356
65.41966254206244,-15.44005059347842
63.79641070839376,-18.54978745156996
65.79576658065106,-17.89287849715203
64.903176511033,-13.93170161654661
65.47620123055472,-23.53547050295582
65.99359306003716,-19.97485290936266
65.02285166630739,-21.61465367245982
65.15821205047916,-21.53911607270238
65.42906740016032,-14.3288390828868
63.6677059296324,-19.9927285315616
64.67872187388528,-20.72683945864219
63.59758921488464,-18.46353158548452
65.09918138469507,-16.11251717492568
65.70427776730847,-20.27858628591399
64.92133592282276,-23.25955550171753
65.92655770423394,-23.44169480556815
64.49563004634626,-21.35387297645068
65.108509504254,-21.09799530456915
65.36395977354981,-20.23043740700078
65.68019167953085,-14.87733761127967
65.5203458844588,-18.5976387153621
65.59266997820728,-19.56542422888242
64.92142195136638,-22.25429695740773
66.11272748770091,-20.11692792610563
65.56343073248753,-16.94220535350917
65.83503235092073,-23.46644358929199
65.74038699861715,-18.07407561881666
65.39957706781196,-20.59930329338274
64.1055981055156,-19.83473703266094
64.83394425822132,-22.82010460617704
65.94706491049119,-18.8408006860238
64.6941062142245,-14.20961527071454
64.63016091203698,-19.63390144217966
65.25629080324754,-13.60004190998911
65.04010213979198,-14.23998565112983
65.91010188527021,-18.06931747433763
65.72642461071199,-14.92789557310697
65.75127977778638,-19.35332189582816
65.6582696988053,-17.28526724749848
65.26827604394445,-16.1169157103038
63.5307763761426,-20.11975361472618
65.5116842624122,-23.69125073862757
65.23245532271119,-14.07558008893462
65.66269528888984,-17.3041949523485
65.44720390465241,-18.99536206259732
65.64043157327558,-16.31661322418899
63.7465799912631,-20.4344268300166
65.46626992755503,-18.91513004154296
65.65001274334175,-21.67964228002737
63.86537948467041,-20.44462107490954
65.49950723181736,-23.66193339511139
65.37060778832792,-14.81070993189226
65.3451221776542,-15.76624927242089
66.19077544339628,-15.5788872272726
65.12547505944893,-15.96185613491867
64.92252498406882,-23.2247654932699
65.35939900307385,-21.79848527166505
65.1646780156917,-14.18795807666569
64.84210030985105,-22.21826531692747
65.5612337482858,-24.03213668623117
65.66476079026978,-17.53850356746577
65.40019719807417,-20.59913583344058
64.01115711933416,-22.21665664588149
65.20801706057055,-15.55997866711258
64.86805647917343,-19.4048736376505
65.6657693382802,-23.63898961624703
65.26175810872152,-20.851084263424
63.89901195742781,-22.0433968905701
66.18251702963393,-15.24868262637514
65.84212565747806,-14.83231670826847
65.48671936105858,-23.46832911936779
64.97394380333073,-21.59135783581307
65.92141178918922,-23.80661511714983
64.8929454075247,-21.5173701101996
64.65339066373946,-21.37154830797459
64.8895666352567,-22.8251995635007
65.64035820341171,-18.53880488754159
65.06100307566123,-21.40637283061881
65.89048755354551,-22.42852574546463
64.98802038001922,-15.05457493769632
65.22154453640644,-21.2452252651272
66.1074823431622,-17.26367706878646
65.51598721387819,-23.42605449095157
65.42854851869494,-15.46787955981318
64.52469043704737,-21.84480069273408
64.8107320344628,-22.04767304683737
65.27205106468374,-18.9938196974809
65.7013657084215,-16.2123260298034
65.36589785109214,-14.41913300621522
65.20362745720841,-15.24432568113382
65.14625823832053,-22.33799264230499
65.23363750599017,-14.5370578212532
64.70849019964687,-21.2246148573693
65.26398292707003,-14.25212895015242
63.9164217260704,-22.69499298463212
66.08432891206402,-18.60126790289562
65.60211527787193,-17.50403634282148
65.51513954288835,-23.71526303751697
64.57423470465449,-21.65457217162376
65.57572403232511,-23.86625249547417
64.40042774285942,-21.53958230756808
65.23294512548429,-16.18509980471665
65.21022322120011,-21.34108995805742
65.49203092960673,-23.4586173890838
65.90094242017143,-16.5847790968837
65.92589715660077,-21.44071837611513
64.86358250968524,-23.5358455746581
64.25570949549882,-15.5971052065509
65.38188859648368,-17.3894310141233
64.0953062108978,-16.10132681278407
66.02288399970779,-18.7343964581062
65.92170679639956,-23.7886890533795
65.30870330614079,-20.95863059289641
65.77659321712785,-23.1692496206793
65.78238656202348,-19.67064444780909
65.65784056368122,-16.47874837142806
65.73864630444334,-17.86028304280274
65.65686098540138,-23.91006605627277
64.28871080459373,-15.45773956564922
65.50188986540071,-17.44397442902784
66.07796017065304,-19.21730607245268
65.1250151395765,-14.76782106626454
64.14413457543954,-15.96413264997326
66.11784901391148,-16.91691695365279
65.43928836466202,-21.47103958898828
64.27858517487749,-15.47738594652267
64.93232180846582,-21.08011225732836
65.46454441675874,-14.59011476453397
64.83766057713001,-22.77255035142196
63.91737785948039,-22.42136252278389
64.97024431087996,-22.5681504068011
64.16515209360892,-19.4597244873687
65.4914646990182,-18.13477402601612
64.92384255710263,-21.53273787460272
64.80651929104461,-23.0269676725103
65.65406608688275,-18.51077521287589
65.26948819167808,-20.85495916660113
65.80159203184286,-17.56936131867879
64.62211435112168,-14.42217008161629
65.85202708401546,-17.4127529503636
65.81281188389448,-22.47843004671509
65.02836846673904,-22.54143558314947
64.76756603440269,-21.37897200026809
64.00200227744016,-22.54324968741624
64.85928982044292,-22.19092076339142
64.15669448531152,-19.48845388535769
64.0098214874158,-22.58994305057162
65.77584494417015,-22.21223189326373
65.33040144022083,-22.12797627810188
63.90452497181358,-17.732655174296
64.82536053405198,-21.35538917703449
64.50402947814685,-19.92279698955192
65.32305999577154,-16.08203429246809
65.55722123523724,-14.02908948761923
64.7082428851158,-21.2542576400942
65.55610805478557,-24.25759442951471
64.19634649078446,-21.5052829176967
64.40275477798824,-22.02628238116834
65.24687138696324,-15.89236408547572
65.49948229461936,-20.09492501616813
64.59436284604625,-21.83575280468749
65.38580361406292,-20.92808732446586
64.91260136597256,-13.80384003750891
65.56692227828594,-18.09921785713317
65.22944749859116,-20.80535985303597
65.0059368372303,-15.00909243599479
65.21459940799679,-15.89799038972336
65.07730185438017,-16.36699618186207
64.17917621658891,-15.77281259695672
65.4014581711064,-13.71482545978002
64.70368932293188,-21.62841580539179
64.01839614558298,-20.86087455740377
65.64371916710658,-20.7670871740348
65.79304031721435,-23.43501314239499
65.53867314752306,-22.32401201220822
63.97315592173334,-17.09906807004428
65.1899497297674,-21.4650306848439
64.1165102362932,-21.01918066514895
65.30486543148456,-22.22514468612294
64.4831926593894,-21.13643642500756
65.97814245923387,-23.06830463266754
65.20523796833305,-20.79327874166606
64.82993469923883,-22.52965648797719
65.52526177891643,-22.29513171621838
65.54620910573401,-19.92305073670013
64.84513266536686,-19.37455877118533
65.43381775894308,-19.80258033695449
65.652353988921,-16.60984216379237
65.83925682085963,-22.29992379467636
65.49965066296649,-16.18578505493076
65.26541592492211,-14.2557589245598
64.49959677835099,-14.47798264019545
65.58520963528593,-21.7761358335278
64.20239498252622,-20.82174371018445
65.30682674439623,-21.20232254417908
65.63660325263992,-14.97428362136467
64.48297707135659,-21.1358461866191
64.94019945798934,-21.06118361941596
64.14069394217019,-19.59202028306115
65.54040237822346,-23.03404411206863
64.91760880458892,-23.12497922163302
65.6774491823331,-20.67214625912335
65.56136126994485,-13.92920294008522
65.66030301091959,-16.5680636672937
65.36571730182591,-15.41324849181879
65.63364720673725,-18.06960103419023
64.88346009039597,-22.80723720201576
65.89088887950852,-20.31101207681482
64.24162196079901,-20.21817224588974
64.65660114872584,-21.7308004136703
65.70999767348219,-22.13528415268563
65.00388625238989,-14.4556937102825
65.05812847601173,-21.54415356380929
65.53232656402416,-19.31839537021789
65.0245064259339,-14.35700276105186
65.42572809978644,-19.8259183493224
64.38746169275055,-21.35913904352172
64.48532751223435,-21.5102772181736
65.17336652799126,-14.67125252189616
65.67286563430777,-20.69352042585871
65.86265256564155,-20.29647393641202
63.8352966141982,-21.60708876983667
65.03608773292842,-14.34339030705705
64.73698427984714,-20.80941868661962
64.39964362877483,-20.08065627040645
65.84008254678473,-23.18182724507748
65.6441822688499,-16.67084374997286
64.40932939180078,-22.02190817706977
65.15833801334811,-22.36948491563808
63.62255220164207,-20.13451792681661
65.38581897230408,-19.14503377823097
65.46065610849865,-21.34386018220444
64.2655930942661,-20.46643665446786
64.79860408689578,-23.9239836674419
64.42217318217811,-14.87988368229057
64.80883441808437,-23.06893683260213
65.19846702798296,-13.93761344089735
65.64836408490036,-16.6229627084348
63.96027689165016,-17.18243356828462
64.7012784960578,-21.5894339186522
63.95276109420796,-19.9882227340609
65.75243078529819,-19.75997849332678
64.3121129338778,-21.90306345300652
65.44470527875006,-21.24763106734044
65.09396404022739,-21.74845702860067
64.40997036942645,-21.60976544383681
64.93441951411954,-23.33578620431316
65.63686867939616,-18.46896629730714
65.05381082534605,-19.61348236983326
63.98160585175965,-21.46089112916351
64.74467778877262,-23.73816359521653
63.9809928082141,-22.51516934528517
63.60158611610937,-18.08603800399044
64.09837851838246,-20.51953478545629
65.67126793957132,-16.37160625738939
63.57640820017073,-19.83696291721487
64.11950747607858,-21.81474132892092
64.68564428954389,-19.51316951326324
64.76289125581948,-23.86316272340724
63.95658860703185,-17.4957196268495
65.66037420060242,-16.56702063417508
65.74521797629237,-21.93255622069179
65.74967661629634,-14.64124295831559
65.6037740859966,-20.31243057442694
65.61263317742802,-17.08448829990274
64.29881083273678,-21.10992120033124
65.64813997967204,-16.92553000155397
64.4510701139826,-20.00381703473215
65.45523644331702,-21.82933696460162
65.54465532507679,-21.29472956200277
64.48046638340625,-14.49664889750884
65.80701556625783,-22.52693935114758
64.98649017891434,-21.05481133956233
65.49533855158921,-20.69629262009164
65.52814378566129,-22.12258237495641
64.08358156406405,-16.10660195376583
65.7682721166559,-19.66763622623246
65.6481727047661,-22.02695916804685
63.95713526840268,-20.02606658147022
65.74682082188238,-14.88260980677893
65.58240647886196,-24.08893254578997
64.59283853885177,-21.70423018890208
65.89837540610597,-22.31024911463132
64.38238187632206,-14.93344668886136
65.31456303065174,-15.33752237605964
65.5480213661673,-23.2018231439489
65.87403705937825,-14.82019043636799
64.39915408734016,-14.91882119696613
63.95861253759272,-20.91115964144691
65.60014526976644,-16.24115161201523
64.03278137655592,-21.45548812075615
65.16571695457407,-21.87736685791234
65.4902393149181,-14.58343810247893
65.92348334357744,-22.80343099164119
65.58579712847337,-20.12832257075649
65.64595085644443,-16.12881244583945
66.00392387375226,-19.3970677990209
65.96045351130456,-21.61135573063157
64.04638186232343,-19.81344337258508
65.32027326675939,-21.74475718946366
65.57987785389358,-20.65306641247672
64.82450449223735,-23.44706008087326
64.84147151935632,-21.4893515870568
64.89227845343031,-14.31298449838309
64.91973159576872,-13.68542712153795
65.20053959939882,-13.91923077900401
64.44477169397982,-21.53379771461868
64.50482273121226,-21.53680452145686
64.4679513651285,-21.12864050221326
64.39974842002577,-22.02281033852134
64.59130371242291,-14.52299464039063
65.63641976952273,-14.9693048412099
65.22963778375207,-22.4613676998628
65.90854696303813,-23.73691053498522
65.66342696162901,-19.0857062031958
65.87584462737155,-23.85778282632407
65.60213603523879,-20.89155757867633
66.03238620810137,-14.99561919557827
65.46177786100175,-21.31825792561853
65.50137686774772,-19.95771169313661
63.98934382164281,-20.34313576505835
64.74870689065814,-23.72343507634131
65.51077537778664,-15.4555825254572
64.97081959794102,-21.06769115371683
65.06161573806641,-14.90738874094658
64.81295694359012,-14.60393651621125
65.90737708139268,-22.97986108293654
64.26314817626461,-15.52799086837212
64.96288105752603,-14.17666975673312
65.01981821912587,-22.54675239996776
65.33801940824144,-16.05970436885761
65.0948777522529,-16.33880223065831
65.13684969962263,-15.6438552619964
64.15800652981268,-15.93799289496852
64.89341208405408,-23.71554906906139
65.3896153887498,-14.40288732665201
65.73050324218295,-21.69694781939019
65.01749572857437,-14.39983942901519
65.43491792694292,-13.76901727785136
64.32781587974654,-15.41757139012943
65.33407343640044,-21.05717502914647
64.08134052215978,-22.69178371973246
65.39552228361899,-20.69796169878362
64.01562697006557,-21.18838394357264
65.45745160833896,-18.16569106099058
65.75513879519126,-14.60694878281013
65.64212222516232,-23.46298346224035
66.0341626042681,-15.09562805103643
63.95861676288568,-22.55080018906941
65.29172495940746,-18.25654094441197
66.00514051158876,-21.36048501552471
64.99690954514618,-14.4745154043435
64.99754380416299,-14.46889328346383
65.6495113584289,-16.74470237258064
65.46868680018432,-18.74886712049747
64.19178758699684,-20.92542062034009
65.49825983467326,-20.69351855667363
65.63236128355096,-22.53098795607183
66.18442009242025,-18.9215450159427
65.51613063041447,-14.21263867099738
65.94724354982168,-22.45813899671431
65.56482694095286,-19.96914192000061
64.93506022697419,-14.02325480938583
65.23812060471604,-21.76945534239066
63.8372785922336,-20.81145496421888
65.3128847201684,-18.25880251093013
64.18237732020665,-21.57517274233891
65.04002500642221,-16.16229917568738
65.76417187166939,-23.33103645946024
65.55739197227058,-14.02839352299927
65.54489417293632,-24.28294095011899
66.06749234167985,-19.04593529166631
66.19881362040972,-17.13045944016954
65.95989636725818,-21.61238324216396
66.20685801965637,-15.66903784951494
65.12873837293891,-21.08765330024503
64.0136959474909,-21.26039413104224
64.67151127547686,-21.70205719201951
64.722961515182,-19.45467148549327
65.46326672872176,-19.36191862309579
65.56463338188823,-21.48328705787318
65.15841435216824,-21.53868863812039
65.02150651420904,-13.82575543663745
64.51578436575448,-21.29865708503718
63.74395429722244,-17.95880922213068
64.61377251837698,-21.63950127968898
65.28184858899736,-21.17964419308021
64.83555117749621,-22.79296844494236
65.58279058691437,-23.18776599337938
65.44780862697588,-17.40234670697879
64.67990262544978,-21.04751502930197
65.0298845529083,-13.67218609282493
65.76282977589199,-17.58246853340451
65.49208518452514,-19.43682541272443
65.87072065961402,-22.6325103147127
66.03144455312665,-14.96795125203485
65.01018970865216,-21.80567566229796
65.52953064502034,-20.34158787983402
64.96957896540238,-22.57186846891694
64.62121105359215,-21.93948034008951
64.69762710261779,-20.8933614548678
63.73958571972126,-20.06379041046766
63.98265502517388,-16.85609568579947
63.66868031289575,-20.09834782672926
66.0298570163831,-22.93516969622988
64.73939230739224,-14.35020986917282
66.40742664177046,-16.50783085629243
64.79431142306655,-14.4601188011201
64.06821833794292,-19.76924645674606
64.59863356106855,-21.79875310505056
65.71768757159307,-16.41420687968754
65.86602016070745,-22.44411839987988
65.56588470840373,-19.97177150409096
66.20241451138949,-15.6088934705028
65.58653716031931,-17.14900933111335
64.72779025117214,-22.00414816340729
65.02512632776387,-22.12948753304359
64.02181954510114,-21.31414291566249
65.22102290785763,-20.79950541228649
65.18459137805746,-20.77480616856765
64.71170143296808,-14.07871141534198
65.33686880379511,-15.8015098957562
64.3426376730822,-21.8190917419026
65.3570811124149,-14.30993313460676
65.12041466358889,-15.5337371025985
65.85465220893859,-14.8102780554506
65.37932608844277,-21.95797301295527
65.54546626891978,-15.9911523945431
64.39653852234677,-21.98899591732504
65.65010857342381,-16.14097494286789
64.10596792044619,-22.02490747030047
64.81467942881855,-21.41122745360643
65.26188122170356,-20.85122943917358
66.2750915408047,-16.16464346911596
64.72956846199631,-20.79948262564393
65.64366745431182,-16.80985318770311
64.90813462477846,-14.64256325416518
65.50137830563258,-19.95793214079645
64.03366053685124,-20.45683460401271
66.09972738990255,-15.18265214504902
64.83722266659865,-22.0322410799978
64.7319144523116,-20.91771856659751
65.2506256124505,-18.2334926345236
65.41182796885509,-15.43376649706228
64.07288117037501,-20.70431571384871
65.7595590436639,-19.28389191689645
65.64504858578663,-23.70988369365527
64.19892391850232,-19.25934490858958
65.38487137991753,-19.24346091029506
65.72531975943956,-21.38247622554595
63.8876674768772,-21.28556674414977
63.9572223300523,-17.52277457963224
64.93560306687299,-21.06949627584709
65.14697296536198,-15.36169426142821
64.08898705841213,-21.98195647543636
66.1839303390757,-18.94819783245379
63.82952055825415,-20.35895693902938
65.6071927286421,-22.07689318121212
64.3309442061189,-21.73916777860655
64.572180072839,-21.881692305791
64.31271095578767,-22.09578907621612
65.96255001856774,-18.96166043537607
65.0295986319139,-13.84916471370716
63.982447864021,-21.65410846311031
65.04273262305796,-22.27112031208689
65.52779049679286,-18.57929960847402
64.84366417601956,-23.35357616974472
64.9341078798336,-16.36901433403954
64.21374174177038,-15.71512952119488
65.05946883626424,-19.6092239997694
66.07381187527234,-23.33473501710063
64.03021186258111,-20.78496791756719
64.91842589016046,-16.36789263134698
65.02330051877628,-22.08839189278573
65.4590524053039,-18.93389742135404
64.7932523636792,-14.02772972180337
65.10286418812362,-14.32847044822206
65.77672305135735,-20.03928335194833
64.88896037113017,-23.70042488700084
65.75254244785357,-23.18193284251294
65.89952038800836,-16.58310074129698
63.53027105634586,-20.11710075944779
65.46826887903148,-18.72841292012085
64.81542643636936,-14.31806120615221
64.42308854755156,-14.82389070681264
64.67819353387908,-21.57798736203174
65.94130459147536,-18.13003971057955
65.17977760651999,-15.57499303280111
64.38855911905566,-14.92793114380655
65.05017314621801,-22.76849976834284
65.25437940443994,-16.16323731544413
65.0805920442088,-13.6507850737802
65.37336987976978,-21.19534241992103
63.95406267934511,-17.44189294640858
65.66573635602315,-17.3134728410934
65.7465748736379,-21.9252264294912
63.58770743145887,-20.1563691756733
65.37841338028394,-16.10421405077832
65.97041316145103,-23.63301608112809
65.74730375674903,-20.13308619471138
65.7712744859533,-21.77160672722761
65.57912328557758,-22.2829568907369
65.15594330826163,-19.72611496725995
64.93156866168034,-16.37092784307293
65.29687143164176,-19.05324074383288
64.55093555416839,-21.37752761732809
65.08203856512675,-13.64952833668168
65.27750246647486,-19.00768528308376
64.69856129805032,-21.53513475891301
65.54086765398483,-23.04070223050381
64.67449340997736,-22.27282408072066
64.97350757869613,-21.06732956725123
64.94969071163736,-14.1271849277882
64.96142819782392,-13.82931049380886
64.82769236494529,-13.84185751471375
66.0833163910913,-23.12193524102652
65.02272046017339,-22.08143286019946
65.37680881878488,-19.80680904850484
65.08633358072713,-14.33380336775256
65.75268820157562,-14.82668039750358
65.83742445475242,-18.24944704867745
65.81175303793725,-18.23214242776425
65.00370695396359,-19.58646241709017
65.68177943089417,-19.10055784035529
65.27215227085854,-21.16892359061196
65.72467165133608,-17.07558880740027
64.19336877562343,-20.91193228482409
65.98994574479276,-18.52889918574383
65.01644193647276,-22.02275377266554
64.71071842634394,-21.15228129292875
65.6730813232685,-18.41313010442816
64.83053556244666,-23.49929116218185
65.30861822110252,-21.20118534657511
64.91569703984712,-23.532747743583
65.04794413829465,-14.93813302738357
64.942301317345,-22.2293446255027
65.46286568620252,-18.81536412981096
65.9139369315106,-14.84021160078552
65.38306476826934,-17.38951544822529
65.6580624659135,-16.50855172727755
66.04808812873027,-18.52238198519019
65.46558413067946,-20.52323244737808
64.18732936877694,-19.38800502603951
64.95454422564777,-23.20556446072939
65.65576846395415,-20.30441199655369
64.68798809804203,-20.75148742712387
65.5444070141394,-19.33452319776595
64.3063798363272,-21.7814751078201
65.57842520839574,-20.6533111482873
65.55040842804206,-20.34434969806587
65.8835223066979,-18.26719756133484
65.96738535826549,-23.08404129448598
64.46890554711653,-21.28070685985772
66.02512645598233,-23.35646754926729
65.4221863777052,-19.82907003191702
64.45875037828965,-21.53080049076628
64.03588229537365,-19.84767842595434
65.41422992694808,-17.27333771200648
64.19266507771744,-20.91630564795295
64.62084986988295,-14.41729470950753
66.25817072217366,-16.41609322492274
65.7471820916985,-19.55964223090024
66.28138561305862,-16.08930014419035
65.62874748461526,-15.24254548470518
65.27617786984045,-20.71945669642925
65.85771955500157,-19.87310435984083
65.74058315754364,-21.36028708674065
66.003688440156,-14.85809320973569
63.71965834607518,-18.24509762009288
65.29373445048432,-18.25521061896275
66.29358830704834,-15.93684295533663
64.99445515550666,-14.50937789276608
65.13131091088471,-14.33544390750928
65.44132933872022,-13.79035063187774
64.23972320603254,-20.53900610487882
65.55828752491422,-21.48211839946235
65.53619111951672,-21.29994490068566
65.5410381986641,-23.02538844399662
65.44888318215526,-19.81243349026031
65.63024214364444,-19.45801480365896
63.7808404344764,-17.98040254731685
63.98280733318099,-16.85633400820795
63.95298300892944,-19.98793122438798
65.28202890892518,-15.18472043020199
63.97034080955563,-21.24239626796605
65.8514378439017,-22.41351018825818
64.52354197973395,-21.55898523031804
65.53136258818563,-20.14571599926753
65.46935807591716,-22.15928931676068
64.69599204752748,-20.9715480816997
65.1554425936755,-14.3399809230304
65.41729808279234,-20.29944022308998
64.18840222391924,-21.53826909989013
65.48461218953253,-23.47620459055258
63.97627681119524,-20.23828165547309
63.93239051144669,-21.39489823403139
64.62222454982705,-21.57793237513711
64.21169983389692,-19.18195830353372
65.34941091903674,-19.80270304316011
63.90678803954741,-20.44519641345008
65.46186809644571,-19.82789788689333
64.66305291798703,-14.31006893382948
65.19934241332645,-21.10220201621912
64.91475883147429,-14.02545325441961
63.62207695648014,-20.24668635873347
65.45801048184347,-13.82828884116719
65.87093207648837,-16.37829014998372
65.84040347421335,-19.87295876045348
64.25128194275176,-15.63719850029256
65.68016373533325,-17.57018173696838
65.06040887207728,-14.91005814717127
66.09801418331446,-20.23604597287783
65.07127281218146,-21.10942260021451
64.83792262406436,-22.95545804322968
65.32721881157475,-20.18582649619374
65.29056202051717,-20.94648774549792
65.1542338855867,-21.71098582286643
65.55717237931282,-22.47597060995533
65.8764627809973,-18.63852234604144
65.58995309230961,-22.14668024681874
65.85378763523684,-19.87309212751049
65.415787388358,-21.21876004143751
65.50749245521227,-20.04078150919493
65.30715137258139,-14.46329197206915
65.73813505585169,-20.15518850197836
64.4066958028719,-14.53912497950839
65.25200493633216,-22.36811865797983
64.29864517834231,-15.42269189926899
65.68468018793187,-18.13568124910707
64.06986209702055,-20.89921765300047
65.69731923991802,-14.4062385662048
64.37255966462297,-15.27717463501665
64.17876859338482,-15.85710588136244
64.69469654488218,-20.96409551148229
65.36250336769797,-15.40603613854721
64.73048056473573,-13.98893197861045
65.64228169806398,-15.21728259693364
65.67111281954085,-23.23594823804284
65.63846646741132,-21.44585056139463
64.8065686923578,-23.02249859183264
65.55444415124315,-23.89572360049201
65.59244372908785,-22.50010039017803
64.2461924221428,-15.19421995666342
64.05987726907681,-20.35201254546168
64.47757750454925,-22.15283132685941
63.95611710865573,-17.58234749187924
63.88575129188333,-16.62606225381318
65.68776044634039,-21.45124577345596
65.9075069275623,-16.58577393655717
64.87470650599208,-19.41302105715799
65.33708736665892,-21.74659814231144
64.70596609443052,-14.10623337713806
65.57326996067984,-16.20517421284138
64.00535841992043,-22.70705615654796
65.44500678376427,-15.9544511650169
65.21365160425505,-15.23750738970738
66.03952924585971,-22.94246299783351
65.6665228918141,-17.31569437077905
63.74312035234223,-18.59293797071529
64.81789958608077,-23.95883941375557
63.98199920547895,-21.65408246168308
64.69802121006913,-20.86731978352601
64.9708701575851,-22.56685401093229
64.13434521998452,-19.62697008368101
65.65580835623773,-17.53296542360433
66.09190998055445,-23.01445649946665
66.45112106398491,-15.94936967484918
66.05038319134324,-20.40050268628844
63.98259082688445,-16.85606688336969
64.97488754861274,-21.60815531729756
64.58679454600954,-14.57679492099801
65.58661079400508,-17.14976474688584
66.04407125299383,-19.010733905201
65.49329122913619,-23.32307417347128
65.87206364702723,-23.58650834778847
65.59635066357646,-21.76001310129537
65.75461177784862,-19.52900462064033
64.85488526636428,-22.02368341788669
64.33820121958365,-15.40285908076162
64.87398568284341,-19.41075444431169
65.11844312830246,-15.44515804068493
65.08372359927174,-13.84758864778249
64.15663065233551,-20.71463541570814
66.18780985220886,-17.14850223607259
65.6301542861252,-20.15188487895701
65.42095899742176,-20.3031255762582
65.73882948248553,-23.29435173652232
64.90851519554293,-13.98477242099367
65.55456828549326,-21.83101803877036
65.65062556289718,-15.19088379684101
65.30613601219393,-13.88107756263683
65.68865016030739,-23.19262187251507
63.99012129046424,-21.19988107851158
65.16742363287315,-14.28398057543639
65.58747377680336,-19.56088604624473
65.75745919562418,-16.3315623885816
65.47587792841861,-23.53862813976652
64.04501839168366,-20.2422872787553
65.64793449251883,-22.02711301061004
64.96567530957118,-13.84617550289577
65.63839731423182,-22.66695881206322
65.71549727496925,-16.41458404353997
64.88667316948752,-14.48408800523362
65.53522701284169,-23.74180284055578
65.67943628338963,-16.1720262955378
65.57913585504045,-20.92878663198038
65.0596963072727,-21.50513807891049
65.55340337107171,-20.40966919742737
66.0741356136469,-20.04947630421782
65.8383836783183,-17.29278460171017
65.16747667644528,-14.13013805245021
65.43242378836804,-17.38280588646635
64.30527740954126,-22.02389072434618
65.61429323220298,-19.35467408473217
64.86224824276994,-14.41327752354438
65.56173099167533,-22.18285529735914
65.07045848272304,-14.607295548882
63.88791316845341,-21.50524541627433
64.07978455669993,-21.66043315068001
65.67949856600517,-15.05671009156031
64.92793503142929,-13.69278535773532
65.58127054200405,-15.34450586493113
65.73897182578638,-23.28704036683942
64.98342353113166,-16.22872638487124
64.8752207070511,-19.52316631410228
65.94593779430971,-21.501097732358
63.79097916417919,-20.3685293051216
65.50160464021222,-21.88331511298452
64.10669684743314,-21.09468038427661
64.2892711615514,-21.80523088004643
65.9514122949026,-22.82295001442322
65.84814054825296,-18.1978155568383
64.90982109759497,-23.09738727654931
66.0856349810232,-18.73617463725212
65.57478426609234,-21.79385414073516
65.20079398961872,-19.73185881859322
65.92702386305963,-18.10437484886258
63.85145768538024,-22.02938599585746
64.7664825531755,-19.38465849750222
65.0353228907314,-13.87318946170923
64.66831837982865,-21.95118147059998
65.47337293531132,-15.949718794196
64.81935570128698,-23.17527298650798
65.99410971992096,-21.35210281732541
66.18285989310436,-16.49715251422826
64.88091064025134,-13.80649344632311
65.26243521930422,-21.76000038732811
64.9213033401764,-22.25439700775107
65.02903287940333,-16.16821267809507
64.00169162874721,-19.89947028560495
64.18289748438279,-20.62333346701064
64.69634504649801,-14.19111785975137
65.20921025703072,-13.72720440519706
65.9871206485089,-16.40794406702124
64.43880967759073,-21.04318658476335
65.16750798471536,-19.73733273117773
65.51233850557914,-20.97121273332024
64.87450434482824,-19.52148018551392
63.96796449103083,-17.14959335597621
65.30712179772975,-18.25918481334482
65.54438776822664,-24.31637178439731
65.37661338759568,-20.64379980642333
64.81716686979044,-23.16552443693506
65.63309876736314,-20.79771114072799
64.9148720823548,-13.69069828677808
65.62379039864226,-17.02614570930672
64.22899561208237,-20.52115535375759
64.30145783539881,-15.00691853608357
65.00956768411747,-22.79691039577772
64.47799819255718,-21.51243850821339
64.77792672690875,-21.48271433133371
65.74832587738224,-17.13456613355662
65.32838978953166,-20.19301321993337
65.46430653314647,-15.73565267733361
65.99872766198699,-18.53030248694536
65.19800074359827,-15.5617137357771
65.54490054310587,-17.47371659242319
66.07660208819524,-15.10780185394001
65.70026444682225,-21.5628262056684
66.20038069611155,-17.08590181630347
64.82247723851762,-22.48899402362512
64.81154893015471,-14.30412110276035
65.57967658639694,-22.28740501307872
64.66154970692861,-22.33293471206257
65.67949807892799,-22.50625385929882
64.93744970024397,-19.52080899302403
64.14498789637352,-19.56831520720591
64.69755019310463,-14.17052878845901
65.60395193685696,-20.88283373251573
65.4852855390688,-23.25031827301915
64.1502535480028,-19.53923766283935
64.48269166190386,-21.13542423888074
64.44162274764173,-21.05762369538301
65.18927759854016,-15.2489403270811
65.33157156729727,-14.3780860101444
64.72332039360775,-22.173958478295
65.36701255157735,-14.77360420020612
65.9792931129161,-16.55993948580356
64.72906050571845,-19.41435491628164
65.70725925097209,-22.12844881133831
64.34052075111121,-20.997058335784
65.8738592195173,-18.59520595914625
65.62688163744873,-18.07218794795429
66.3724982068197,-15.95334817869495
65.35714887147293,-20.59810863840646
65.86599431044489,-17.31218577035746
65.64469629540801,-16.34632332895278
65.11955034425593,-19.67482047806225
64.65426929646108,-21.28951703556129
66.04127804564082,-19.34998406058696
65.88151033262741,-16.5614676530937
64.8058911398658,-13.86261820281354
64.66954226631977,-14.5610793562979
64.83332660635286,-22.92362385261252
64.43972485390353,-21.0497936503701
63.85328277238049,-22.16704174670053
66.08927887427788,-20.33429176746042
65.90695812683691,-17.45695441393093
63.91229605527468,-20.39631455593999
65.97344471866613,-22.57483386973771
65.66741935827858,-18.03503670457884
63.93454593705719,-20.84152485749916
65.74351293333831,-17.12272101255197
63.93862265829519,-21.00001650201154
65.54319215370991,-15.99040096465385
65.471036150838,-23.57945872959034
65.29760488606195,-18.25645420682517
65.71465727335358,-17.72160537059074
64.93450528595365,-14.02072017616901
66.04946196582955,-19.15891525804687
64.24411459713836,-15.20498168693823
65.75998899590573,-20.25977777549642
65.83650767536824,-21.29396192413591
66.11062301253425,-23.45768119776763
63.75508958003135,-18.49238082976787
65.16664637332885,-21.09587524049012
64.21020933052091,-21.2812413593977
64.39816610126682,-22.02083413983522
65.2371364396327,-20.83493758656122
65.42547111883992,-19.29195736307407
65.13483689388183,-13.73610302347971
66.28163948671728,-16.24740148388821
65.25986187633052,-18.98380601238982
65.7123840017246,-14.81869952015185
64.7951713415627,-19.3559560762924
63.87832650506924,-21.2208791436832
64.87230032921357,-19.47489912484555
64.80436637321888,-23.62229372284243
64.30868272024469,-20.99924648307858
65.0328835096526,-16.16554792448143
65.22918152593215,-22.46216475243605
65.8831264470522,-17.49020729037377
63.90948962223317,-16.55746166407578
65.01213177615723,-21.83570724346042
64.41637637359881,-22.01925130367636
65.93072078504264,-16.41707651653782
64.73123694847742,-19.41138809545308
64.54163519274175,-21.54985785835898
65.66049297804103,-16.541005199088
64.22667304649494,-20.57127958275581
65.14786331390118,-15.77170474775335
65.50624326839133,-14.56944121695996
65.30069149701339,-19.78919150555861
63.90235616580524,-16.59599499983349
64.70465269160545,-14.39466921740373
63.95452877771574,-17.44482627815652
64.10961893162013,-16.09349181820834
63.85543960700521,-17.82910055946402
65.64436661278927,-19.39205794868457
65.88101334061278,-23.5174416218089
64.82259139003666,-22.49284233317842
66.15602349359983,-17.24248130943079
63.95673401391178,-17.19517726598513
65.20535140450619,-13.83803490100746
64.19997184532997,-20.86297794729328
64.12630786963183,-21.64628006217179
65.79033771546534,-17.57652644320381
65.253439497275,-20.84547466814702
64.84329118646659,-21.25359303344104
65.30751165790997,-14.3861664263415
66.4388944746471,-15.94987835385794
64.75438510623742,-22.24801625575456
65.28560537366612,-13.71469014187103
64.84761895340392,-14.38907846424939
64.08150769146776,-21.70623485431593
65.93149546312218,-22.79461817475529
64.20680498215833,-19.12030184059885
65.5442322488535,-15.99057799772554
65.20460854480218,-22.49625741874952
64.13114588859936,-21.01295580696474
65.27880215437166,-14.30563661949205
65.91858845408221,-21.28844215798354
65.91063648372185,-18.55244610187776
64.37200653030162,-15.30092956809426
63.852282683589,-17.888468256091
64.05219688607554,-21.99507339524538
65.44866311980829,-21.47306101858225
65.77850715887192,-23.17372998489181
64.52807689411169,-22.06826744093684
65.36840299135935,-13.86559164396483
64.32670991388542,-14.93755168549357
65.57099468384565,-18.05335900766127
65.84052105963154,-19.69307118965338
66.29323232055482,-16.43013245083851
65.80559492001089,-19.84771434423635
64.63314924698209,-19.62683551553632
66.2352445142556,-16.43053165284458
65.94594332927069,-17.43437540932697
65.28574295917869,-13.77751596761749
65.42595209875147,-22.21086120909621
64.89131511747215,-23.96163066964274
65.02168886819902,-13.64880789600851
65.050380003814,-13.9476680925455
64.81350610483864,-23.14147253798374
65.26418358647368,-13.99805340146763
65.7498494012752,-23.21751080335087
66.03078691083033,-23.42572093112407
65.17272957766471,-14.47886949858601
64.84210123396733,-23.33320724781942
64.66593726056828,-21.20586310103412
64.79064631174302,-19.3662054205215
63.98300600642035,-16.87229758687548
64.27147182301448,-21.38153319812011
64.02212290522394,-21.30196044685335
64.74146638520116,-20.88021583661245
65.79633107720996,-17.24227336167164
65.12644619741174,-22.21504438043499
65.55830377614299,-24.24628389283404
64.69418049380829,-19.49947010706763
66.1850785085056,-16.9899246963509
64.7076870471916,-21.09367494155261
65.03714514407626,-14.95837804874716
64.59627030768948,-14.47911360065377
65.46300313065814,-18.84390864557713
65.10256289914834,-14.59681168822329
65.107246090659,-16.0425944974072
65.47131912512971,-23.60950111963821
65.47157408492762,-23.57590369421622
65.32641756070942,-16.08199151807498
65.23540399109734,-13.62509851144904
65.30477434302544,-15.33246837500332
65.47411416283686,-23.627555888288
64.35714183682883,-21.97867585353704
65.55463080925537,-20.40579049350343
65.75014286532677,-21.91115226874032
65.17915986783477,-19.73511921864494
64.84307800591861,-22.21711839716669
64.71953672543012,-14.04035001908654
64.63817287731585,-19.62363514404652
65.04545752836346,-22.28959262354955
65.43100256987077,-19.13316268099659
65.59589401963625,-17.77579341499551
65.93775732862896,-17.30945986916646
65.51758597252703,-23.18413910444383
65.01666431116811,-21.99332988164703
64.87686940801919,-13.79598113040871
66.05443053000975,-22.75947856653679
65.57914255359997,-14.06560922970246
64.24969959696081,-21.02304293212211
65.25858762475194,-14.22027818795319
65.4670014602323,-18.77010715771043
65.66191146514356,-22.59533129296434
66.08616863043422,-16.79113612657262
65.4565815239232,-16.18376284161175
65.46368388300775,-14.56655427596015
65.36379108331398,-13.74417567184716
66.04067922322784,-15.10057372706367
65.96938098779182,-23.43826060320849
64.05488470914447,-21.05870079728103
65.8751672871738,-23.49140858315833
65.08469150208835,-13.8470969676366
65.21315076804923,-21.36480078619043
65.37578673158181,-19.14477977832787
64.38455895081282,-21.35465628196065
63.84317458602421,-21.50436225654077
64.90237744816031,-23.75197563938863
65.77887607026057,-17.19705077510852
65.78307786568007,-20.25677326326896
66.12516516039183,-16.54477328292354
65.0703414105822,-14.56861004578456
65.76935763880195,-17.58122281643241
65.74380214528084,-23.14267362260407
65.31273523469432,-22.20409050528039
65.59717034451504,-17.19517910008556
64.91360292106702,-14.01969112834613
64.66879612755322,-20.72535274807649
65.56250349711084,-19.33138736961678
65.12915098010257,-15.62983428121335
64.84870831363439,-22.67821654722603
64.82837512788984,-21.48496057618908
64.51972522409734,-22.17781524136834
65.82261048589051,-22.66933219165919
64.43853989856817,-14.50378007282884
65.58005255047195,-18.09106328008989
65.55517547362952,-22.39493640720215
65.90950909202793,-18.55431356024934
65.9587585737907,-17.42655743765928
65.57855523913177,-23.15836508235859
65.59278809476218,-23.78793623273472
65.57711572783683,-14.02419587301222
64.30029361143643,-21.10831412547716
64.56091806741021,-21.42448889941076
65.54030693218282,-21.29675864933397
65.33796466840245,-20.95345129681963
65.78349981104331,-14.8338285549313
64.38686649126845,-21.35732252505523
64.90045753963085,-13.89984319620055
65.71672562976322,-19.37554485206572
63.77800979228736,-18.51863828385638
64.53797834375678,-21.90370393471937
64.68214205430026,-22.20365508822014
64.55263671572791,-14.66541684012241
65.59427746050515,-17.50836675604166
63.6795372726184,-18.00352101514687
65.37940882196398,-14.74902662414359
65.33065517164704,-21.1916706607506
64.8219226925472,-23.38471871062479
65.03979968299805,-22.38442278081328
65.2791057993474,-20.77725962728893
64.93173976195915,-21.54594593619587
64.2221530493734,-21.05440200112599
65.14735818444049,-14.33946961637961
65.43700866674111,-19.0389079493719
64.4064866954469,-14.53940035775246
65.3243650393699,-22.13661767683158
65.45733625767764,-15.80671426408619
65.1522601549446,-19.72462698634072
63.88506721167226,-21.08362085789125
65.39873695057085,-17.38803172290106
65.13706901424437,-22.30084179058745
65.4215680042683,-19.0908398934632
65.57969376515477,-22.28619973205588
65.03928654165102,-22.39081043236981
65.66738769450235,-16.99757166964813
65.23541103445787,-19.70531479267148
64.17969684177979,-19.43750449739768
65.27567828054127,-15.48633607176497
63.98088479262469,-21.95083121174148
65.55177330894797,-15.99729344241378
64.14987884745847,-21.93084734545577
65.69842785723716,-19.37549508402833
64.64561661434577,-22.15082419866759
65.4421586398155,-15.93651083790438
64.70514975710871,-19.48714141565073
65.60514250451112,-20.64646154065259
65.8833590053731,-17.48990945780476
65.51006272434587,-19.29530217237383
65.00045379705342,-21.0685855289917
65.16198970740497,-21.53362801723812
65.45706611102692,-20.55053392152608
64.04164128978307,-16.20608065432592
65.59908442168899,-21.75754824195132
63.95334584057577,-17.59415708149968
65.77433015163392,-19.823813946156
65.5760121219165,-21.79206675035543
65.54906743999933,-18.07284223076039
65.6711980404242,-17.87032744757636
65.7234163175915,-23.39473478949468
65.9106348660319,-22.98804161216891
64.82771674113646,-23.52317746460891
65.76644499218509,-20.07204798836779
65.8938671227023,-18.57031306401561
65.45574872667544,-14.33083894026325
65.72552426568308,-14.5161831273322
63.95847494405742,-22.71543095746462
64.95386017303564,-23.0951491650436
65.86816814429064,-18.60927530923244
64.02897957514762,-22.56442016075223
65.52626905998478,-23.91611382875871
65.00541014980305,-23.17182019963143
64.30447439617397,-21.53479558502029
65.6208328896345,-18.0238769990095
65.95138899274623,-17.31931592118429
64.43870484267214,-21.60047489559704
65.02551507050934,-22.11173584579506
65.6219701445054,-18.49053010034132
64.96952949733695,-13.85779211674697
64.37380364940717,-15.2807890838803
65.6653484305581,-19.09008931990042
64.71257805043089,-21.97264831755844
63.91788945318687,-20.59488149041124
63.92573585375104,-20.56537067220762
65.8581993001302,-17.4927999590231
65.32930714830744,-14.42446472670986
66.10087026079204,-17.29054845556096
64.04276211653134,-20.18649124843019
65.04364783054305,-14.950281898505
65.77813870064875,-17.42130482462856
65.7466214790951,-21.70607741896933
65.21546145396847,-15.55060397354454
65.15152418313608,-15.72234288201873
65.59359793748372,-20.65093525671974
65.24876724638688,-16.16083050861952
64.23278567701057,-20.71129740576976
65.62478140411012,-23.81575383829134
65.24533233998324,-15.20719634430598
65.92606488943274,-22.58797328111728
64.00290598524082,-20.09966356056894
64.5048430724076,-21.20715384297624
63.93404316312464,-16.44762233147815
63.86906821759648,-21.10027008009427
65.8861007647999,-23.8593418313236
64.93670641318707,-21.06611876659974
65.36931177328289,-15.41950741795947
64.74808318178074,-20.8532994597546
64.33421445546462,-20.12511481568175
64.46567643143544,-14.50517591403296
65.74298312565205,-16.38978266914436
65.58309577843714,-14.5373068652573
65.6009146706582,-17.5034863294868
65.55812205629644,-20.32683066158751
65.58043923143909,-24.09926505134829
65.4807950653995,-22.12943037260428
65.54487029507352,-24.2830967803708
65.05585136062264,-21.0998740178714
65.23589436917351,-19.70499178615662
64.94078470211399,-19.52959278175743
65.66783588501801,-14.89319281233622
65.5210187342808,-13.76523730706395
65.5836320169784,-17.77147171111158
65.65923005048175,-14.92029732499577
64.77544303793316,-22.26683707134367
65.34303298817782,-15.01637002288679
65.12452192333413,-21.07123189056478
65.51670185366434,-15.45207772716495
66.13929402778017,-16.9554158204466
64.13133511569845,-21.01314618863132
65.95209715591925,-21.52231314865536
66.0712704035566,-17.33580727146593
65.04670386298963,-14.60109285331967
65.12778810809827,-15.6168666355322
65.78565330303088,-22.58448576861986
64.01627510827002,-21.22944375126108
65.63120710126394,-21.4028246910433
65.29394792052985,-20.88964922565656
65.5564404112288,-18.54852915538004
65.39532624619325,-20.94707700245442
65.06296218715512,-21.43079993694823
64.5945009197519,-21.83543506448028
65.18451869965358,-21.83740785901158
65.42169987764335,-15.44358524387168
65.04928055935153,-21.69817563982428
65.34099280807817,-19.79699201371005
65.70673397160064,-17.89149012720735
64.57339918157362,-21.58865326249733
65.50003804237568,-23.45127435549901
65.50925766775856,-22.47477283963291
65.50849178151397,-16.17471355761878
63.86840104777894,-21.75673913801598
65.72839043438663,-19.63007702688695
65.89691386082866,-18.04623651557099
64.11282374511306,-21.24794157192259
65.73884367284182,-16.33340239454092
65.14400045832943,-15.66341138065342
65.3294904998056,-21.1917132376717
65.0891267513444,-16.20102324423417
65.47088049136923,-23.58119769465074
63.68888067783148,-17.99869653345884
65.25799971048342,-19.73114459727359
65.30386265227052,-13.88870285989522
64.27734091634943,-21.8353722501849
65.51383165292907,-20.62717779983476
65.65169524948475,-16.39528682536005
64.6180053763209,-19.66341324618065
64.40880131185146,-20.03829123927113
64.92796766881887,-23.30882857244337
64.69489261282718,-21.90591129408478
64.88414860938117,-14.47397977415882
65.03932071385614,-14.2404830359272
65.40604934401833,-17.38607142493602
64.71134587963077,-20.99599072824172
65.77805745221752,-20.0266114664852
65.14772745101689,-15.77049332606289
64.05090804002295,-20.3868417538858
64.38638405731864,-21.35634997961341
65.71747349001491,-17.76279451616063
63.93695953571641,-17.69947306538871
65.20618733718254,-21.42069331990247
64.4879844816185,-21.15678506433188
65.37809664270068,-14.54144750458758
63.98195969520739,-22.7407005797685
65.75386862474144,-20.10883543743306
64.26376715627902,-20.46891947486152
66.02600927001708,-18.5194990540849
66.00783849338146,-16.57576208099139
65.60935215783014,-23.39909988529221
65.50864858928686,-20.10414166390731
64.57731911260062,-22.17566647231481
64.07005559109429,-20.1778267301063
65.52732664935901,-22.02237508297993
65.58253529331385,-20.92425349916651
65.41085926012096,-13.74431327525177
63.9860344340964,-21.20896039782443
65.90697842359269,-16.39456662704622
65.54000256385348,-21.29693574980822
66.09173420370719,-17.31461647715027
65.50790644605932,-20.10354683370935
64.13843718415606,-19.60450139995629
65.20339781563742,-21.10279669289757
65.20511151238745,-22.49630839787618
65.4366110150278,-16.19687296677239
64.89964892830837,-13.87648132494426
65.12176471524971,-19.68112422616296
65.2473670968158,-22.38828948834217
65.01894669058443,-21.6447147923603
65.5168953503801,-21.32640630062253
65.88498495980187,-16.3862356714372
65.1089087953323,-13.8397452086707
64.8874757996177,-21.513203703087
65.70870080063922,-19.37577031895968
65.56522718974036,-18.54674884552643
65.9473229757868,-22.46139252317249
65.74424508810736,-22.07282034139052
64.775618313968,-14.42559410410668
65.30169774318597,-15.54264147449686
65.70409535853882,-18.03768934510649
64.88804550500639,-21.51346748675199
65.4503814587766,-21.39660262103242
65.70722776565641,-23.20661514971933
64.85611119374315,-16.44629917443683
63.98869201644791,-16.39520010298172
64.22314700514261,-21.22104722838401
64.78045377923321,-14.47518536737347
64.74359984075608,-14.00645369135042
65.31325202996248,-15.8780715151081
65.89754506937346,-19.3586135750667
65.3308356126341,-22.12702750088948
65.54879987349702,-20.0508843641188
65.55885477980776,-20.32944795973204
65.57092230299308,-17.07897047446853
63.93912892618487,-16.79575331120266
64.8569648276986,-22.0224611763315
64.9068811470912,-21.1783595222039
65.58335817666088,-22.15867913362189
63.47245961186859,-19.25702603708217
65.43057408624108,-20.6967877818005
65.06404624266061,-14.34484050530646
66.01152450425522,-22.62493108525672
65.11069254542876,-15.98506606965908
66.02508714727276,-21.53064453863241
64.92480012218282,-23.30081195046395
65.93946251915692,-17.44161309676043
64.8578340440038,-16.44563463475543
64.87530379585016,-19.52319786701264
64.40914505801206,-21.59263059197482
65.7749351511152,-18.17144328070307
65.20572784214333,-20.79381183772733
63.99459480378474,-20.0712553382877
65.33130434612882,-15.68398386696999
64.05503494836066,-21.05888111648874
64.9482303812666,-14.63716940784722
65.69290318110872,-22.48399041204319
64.65087186424356,-20.70616476949572
63.5096219635339,-19.60675482042832
65.77192160869161,-21.53819679529612
64.72902459229678,-19.41455720240651
65.01615647287302,-19.59986654598157
63.74789022680586,-17.9408825935024
65.92155020119287,-23.80577580429705
65.17238384461672,-14.11910975813434
64.56575022824383,-21.44385547891403
65.76047601742286,-17.8818180602173
64.74272115356885,-21.58106936277753
64.88284533708767,-16.44139618107911
63.83002952850348,-17.97105694045917
65.12970717435448,-15.94469364680656
65.32001682868692,-14.43128613599952
65.53331023047474,-19.46762054081664
65.2058336371303,-13.75270964326373
65.06446844947699,-14.85002300305623
64.01901941463619,-22.15194676763994
64.96399643464605,-14.17745757625679
65.62869442457624,-22.74291166496756
63.85377725065224,-22.15975499801469
65.27131850094055,-18.99247191887319
65.21818480078093,-15.89745853054933
65.52491396677617,-19.80115270556147
64.02320800665726,-16.99169550276039
65.41881354770332,-19.15886155771711
65.80917141448819,-17.56106041505926
65.39239780155249,-14.4085040314711
65.6195817602321,-15.08856434599905
65.16868001159605,-14.68475200865018
63.91660959665334,-20.45233044574289
64.70300888630624,-14.39168470013427
64.14734858273097,-21.02925666686178
65.74741660295089,-18.2408538104984
64.90528581252802,-21.18175984773423
65.5301533368062,-14.53194706318368
66.08765993184383,-16.43210092160115
64.15893609625574,-19.6525885156303
63.9133942622238,-22.02944628522942
63.91413228601468,-16.75027899117514
65.01256151509264,-21.9605965173631
64.17975585277782,-19.43732689170079
65.72890946522669,-18.35219371521807
66.0343672487695,-15.09824640048669
65.30997465796493,-21.06191737247632
65.62218543713392,-16.88506292686464
65.44257526704318,-16.19558734519893
65.61556152522753,-21.40194609622981
65.88117926125784,-21.29983492770082
65.05913157553138,-21.57189866826537
65.70178712346947,-18.37404853165605
64.16638080981774,-21.24103690343142
64.87382922860385,-23.93639960817115
65.26770313957294,-14.26192949900369
65.21340358478311,-21.36310145875796
65.25929148309372,-19.73389717778154
64.7111769188084,-21.17961048427189
65.74389256797782,-23.14260278005018
63.48112512516723,-19.31464545086925
64.91697801759214,-23.85555802242872
65.30339005098489,-20.84324100743144
65.64311357048445,-21.61810890718333
65.5278635597601,-22.27959046422869
65.87650334947413,-16.54268819950407
65.52014977385676,-23.39268519169373
65.044812491052,-14.03506970770407
65.87716810742518,-22.38689937252709
65.59843964186116,-21.75813845971566
64.64467617484975,-21.75682178207724
65.46563775199854,-16.16928057621956
63.83573390186063,-20.70987412747911
65.24471532224605,-21.76939365406142
65.72360686931314,-17.7992525780799
64.84801433432992,-22.66924643061465
65.5712336841114,-17.08118876494325
64.73663412363128,-20.89689476213728
65.46496547868624,-18.79184333202314
66.0065237012651,-16.5752538841787
65.46863792669205,-19.41550286302918
63.9680521793508,-21.45746259248449
64.4929895031173,-21.5237459597925
65.3123065968692,-15.33246464770519
66.088354624611,-16.43241205420939
64.8107106419875,-14.60154868592331
65.3213708982583,-15.09858999283167
64.41361636711136,-14.57779969964376
65.82090364630596,-22.66591432860774
65.93147240931064,-21.41445245170108
64.77545641310105,-14.11016415000821
64.4885712766905,-19.93190784363868
64.26526732428795,-15.51359409496227
64.95698825469597,-23.15354365511561
64.35535958127346,-15.36620718010688
65.45250866225301,-18.20137825481399
65.4663169413188,-20.97739460813559
64.11624501761177,-19.91248838222678
64.20933938470382,-15.72140977764735
65.20319995925149,-21.43137851317857
65.57957718778619,-22.28504008856074
64.07758586416321,-20.98310490024813
65.54270063643406,-20.26024001255993
65.85496571855992,-23.27275287871806
65.51692804740826,-19.57847752879361
63.93160372352664,-21.37788175531046
65.63684189044933,-14.96872754548842
65.56395169952611,-17.01798495205807
65.19540844053607,-21.0592286259092
63.61623365493648,-18.49348897327323
64.3965090196608,-21.43856012973387
65.49281640345802,-16.18518300032074
65.43591527007626,-19.04325366370732
65.18599821968829,-21.71499465957629
66.0345790197495,-23.27489785584413
65.20472427374999,-13.81717271011251
65.54099745397467,-22.4783907335775
65.82894410700011,-22.28312914186447
65.3232401531608,-21.7443526982555
65.86406764863133,-17.49579832414423
64.86653332922265,-22.01838721581855
65.28592167182373,-21.74846495371571
65.1981996495022,-15.56164654379997
63.81402123169757,-22.70582961019975
64.05928225851444,-20.82491602520146
64.43168142521024,-14.64063858408534
64.08294235689792,-20.64356575115267
65.28319897615903,-13.75139656881487
65.52694020424684,-23.76215455187536
65.27726637269886,-16.10691097381606
65.99029202597983,-23.63910436565208
65.92715391531772,-19.92117742730351
65.41324793189428,-18.22446720380617
65.69557984555831,-16.39359305318134
65.59208303884463,-20.08127942884798
65.92588315039413,-22.3563941625028
64.71038625608689,-21.14910818974157
65.51733206126933,-19.6784186231004
65.85995790750249,-18.26000800114586
65.15533584444167,-15.79105192234
65.66560907479084,-17.86316184581235
65.3083206234279,-19.06635552119054
65.75149248377889,-19.51143689708824
65.443121931761,-20.58049521803761
63.97983209077836,-21.09471908762464
65.64623944606453,-16.78426123639064
65.23090183096048,-13.64557540991546
66.00696966348498,-19.99251257543735
64.19818950142455,-21.03596713947612
64.0715909944888,-22.6858476200794
63.83403416131194,-21.70029707066681
64.39898470781696,-21.46712747185487
65.62438129587105,-14.43955937239397
64.22260666070468,-21.80755338370672
64.80200177281274,-13.87328143668251
64.0115852210459,-20.98856205359948
64.42204610803284,-14.8810106635241
63.80813652507796,-20.75875671721062
64.39532860974587,-20.08671320961741
65.8617337811366,-22.63976806156765
65.84890797337864,-19.37139722295941
64.67412462053096,-21.11005596706444
65.30974484482573,-20.68532885357322
65.00329603905915,-21.67277001954412
65.31456583037162,-22.19707465568413
65.38133695531691,-18.23698935816696
66.14408270162409,-23.22961644988434
65.83269234616944,-17.88355854381573
65.19373987075306,-14.62731371225879
65.87915584801102,-19.74210446235374
65.79053799387269,-17.230792300729
65.51533256437077,-19.86989262569218
64.94939806745161,-21.0557982924502
65.39530446158123,-16.16750864292212
65.90701980723232,-22.9824251759288
65.34821389879116,-17.2599517237976
65.31769683651254,-15.626759613996
65.03794032130091,-22.45741414350763
64.88644349040833,-13.8270083641126
65.90314744734373,-23.85133320678832
64.7478955067071,-20.85472419492095
64.251405726744,-15.63618086952136
64.85901018218726,-13.76190224622359
65.03340560166109,-22.54975055379488
65.07282075972134,-16.21519829302051
64.32272382170248,-20.12850720977707
64.28723915915003,-15.46134376001758
65.55670211847345,-22.98072562658509
65.69046256538547,-17.02190332124604
64.80668316008686,-23.01938506972561
65.46512663968026,-21.27845650331713
65.25455489662629,-14.39913987352743
65.39146357416132,-14.30108843942637
64.24478804435378,-21.06963147249371
65.10571684899425,-19.65712882416742
64.56123009701874,-21.62610470375558
65.37743943414254,-14.70247000774989
64.21083744294276,-21.48152905856104
65.17630885935421,-15.28951746181834
64.5438518810825,-22.21065490726097
65.4019510034769,-14.65681730570549
65.7519252587224,-19.18131744700505
64.76586547649,-22.26704367692243
64.19324902433975,-20.364062112981
64.67403377032245,-22.07052856252153
64.93772622625615,-21.06392523587909
65.04180671039336,-22.52311381249062
65.93952483711507,-18.12416107812464
65.1074997969942,-16.32766963987138
66.12097363055548,-16.53532833286955
64.17854406565156,-20.43472395063571
65.78325128040302,-19.78420740911131
64.75321619406041,-23.83516528850961
64.30748098724713,-21.00164597246183
65.51053924879615,-19.75732235195996
65.25544679136223,-14.53661554751029
65.7279041021306,-22.46144689019321
63.7039520827033,-20.50992057263843
65.67936827909273,-17.01251457028782
65.4463735785948,-13.79949874071067
65.48919719957694,-23.22225623838693
66.0490321546713,-18.67781563148115
65.52771694322801,-14.5358978109288
64.21509529045498,-21.78130646989024
65.14454915950725,-13.72943327021427
65.02625218137102,-14.55722669378362
65.52948624729129,-22.33442199169079
64.6379762365921,-21.76708527650858
64.90228489948211,-14.58323044313194
65.340323731462,-18.24441845924434
64.66161874996564,-14.55444576206605
65.18643092436344,-21.71486676152067
64.69425134465779,-20.7489306947329
66.11250664700606,-20.11545554427849
64.02898692605066,-20.49483830981206
65.42944046629624,-20.59326799282351
65.71324453153954,-21.69293621261287
64.33976269817396,-15.24640961227769
65.64013498211523,-22.56136992678962
65.22173769678993,-16.18886980948937
64.84447964978737,-21.2957745334013
64.32985327122428,-20.12597516097729
65.53921771994945,-17.48999220858653
64.82358982831828,-23.96483539434338
64.31644586408618,-15.4140284723735
65.98780137151483,-16.56253528153115
65.1311006592279,-15.40704234899208
64.40068828668113,-21.5413143745948
65.4635960445678,-15.71022784338104
64.96855507820636,-22.95628478955204
65.39013312879571,-17.39011855806642
65.63626730856375,-14.96995831021398
65.51832752470104,-19.67413941585117
63.95794119486595,-17.19082495864573
64.91082496349918,-13.73921795815275
64.02910965702758,-22.56506786862549
65.9942217037927,-18.53267530414045
65.66709258902601,-16.16123751455433
65.56872300125244,-21.80204012201145
65.20139053419398,-21.44437227333306
65.55908725584196,-24.17222870203016
65.29319863109103,-13.92966816598061
65.45291081061185,-21.92347921085558
65.3406368674339,-21.19062830434016
65.53996974300907,-20.41064429875154
63.7247425493443,-19.95070736589233
65.55223480703114,-16.9705386154425
65.73220420277876,-19.52667497321113
66.14972798958583,-17.24359984557807
64.36551240860815,-21.90228716148397
64.20031751983393,-20.85697696105525
65.48309821567679,-22.12460367168999
63.76235665026099,-17.94356458249554
65.85472171842724,-23.27154959734479
64.99198478002253,-23.12516196209849
63.82597225871559,-22.40814038018422
63.85288943660765,-21.95801403765031
65.42423093966921,-19.11335181965759
64.4370995519359,-14.65832386889334
65.20998404133476,-22.49151294163616
65.13735796190221,-21.08795967563525
64.06650778476853,-16.13434857468551
65.54060209461737,-15.99029423438732
65.35324545381685,-21.18966846504201
65.31216633585231,-19.79016938735399
65.01276918959203,-14.14218222753344
65.63789642347638,-21.4758090630974
64.99214595172039,-23.12526688507466
65.5835347421699,-17.12212568535725
66.1658856528078,-16.98624215115002
65.04861467327828,-16.3481733960782
65.05293748316959,-22.76771706653907
65.68338862700631,-15.05093245895389
64.07752575066934,-16.10957894123977
65.28061511653286,-19.01229594357996
65.36920333355707,-18.25065759910508
65.58840642330512,-23.9592967942357
64.83025520259254,-13.82328742469444
65.7599929904164,-21.84603614216271
64.25395183544921,-21.83006801159007
66.18994924202725,-15.54172188724386
64.60163292849644,-21.38605414473005
63.95668293970886,-17.49979862797401
65.34812271390462,-21.05547551338939
65.58368257691775,-22.12304587557505
65.18993492016942,-21.83296226379673
65.53195988151572,-24.40495765554795
65.16484885604102,-14.14026912490258
64.69659530213464,-20.87830620894589
65.76659399645337,-16.3943382528687
66.20053220517458,-17.08401886063952
65.35889364904631,-18.25770486742821
64.45295045627638,-21.96026974140773
65.601310536516,-22.51367681866229
64.4054028618453,-14.5433943407092
64.96894458607896,-22.23463949417839
65.25327847877224,-22.3655203866777
65.46639404727318,-18.78106899152601
65.94725687300571,-22.46189762923915
64.11968465188377,-21.42603396436386
65.88473497913952,-22.29983825111486
64.57581664898113,-21.49771862638979
65.33349356369281,-15.0619938849176
65.00236259613932,-23.19954320881908
64.95771094704615,-13.81945104440012
65.1291060928463,-15.62960217867709
65.85156137440957,-22.61039826556226
64.91503156579627,-23.88263114188246
64.38445950462697,-21.35465173786273
65.08813656029622,-19.64134703736997
65.99158869684528,-19.9547205973572
63.63451735717469,-18.52053091987509
64.1228231008617,-21.37756440181218
65.50650766568333,-19.45029060043756
65.56553187185773,-22.90118811023035
64.827878495335,-21.48432094821763
65.01363030152663,-21.69534718237154
64.35747421595849,-21.64111167098103
65.15769849481809,-21.90236764551005
65.10622877123578,-21.77119167622629
64.12094108223255,-21.41096622164898
66.15244197736335,-15.36206829640213
63.81771731432083,-22.54362812837051
64.20614178105212,-21.39275464415643
65.44120228143719,-21.23949271319768
65.61181712994431,-17.08689174034366
65.79600357999793,-17.24155744847287
64.61627920570257,-22.12645055570904
65.10075213820106,-14.80903575209678
65.03857106150629,-22.4733342150742
64.55390771180323,-21.39551773560177
65.16398648500247,-19.73365994853763
65.92665849217605,-19.92080490705857
65.77954186841679,-20.256051779922
64.84077244965876,-21.32571577647096
65.40802465127696,-14.64337917572166
63.75542764632146,-17.93798283572653
64.75396913632977,-19.3898913112152
65.90896231103073,-19.42402509305514
65.49400733521551,-23.20769747432679
64.20065957171268,-21.66108144190953
64.29861009211281,-21.04590681494476
65.52077120493146,-23.89751830300879
64.84918587447008,-19.37642472911552
64.55348675103143,-21.89439061983458
65.27077907242816,-14.28543817320671
65.85055891669901,-18.19505963444387
65.74867762637936,-20.25113777001397
64.3546716944133,-14.92381341077044
64.65127696432116,-14.27468913251532
65.4616043153065,-20.97613249940562
64.84599508977578,-22.42000968540846
65.151343659233,-14.33971455383355
65.52813627152346,-24.45939938727257
65.4232823788618,-19.28845774231372
64.75805362446752,-23.84954522046286
65.00651133225242,-21.06599454055751
65.44172968920549,-19.02433088885532
65.88527047439013,-17.45752337178973
65.94203183553174,-21.59389796744373
65.04159560382702,-16.34175110497759
65.21348501082628,-21.3621288637435
64.02650803663583,-21.61159147508782
65.6033099765604,-21.75565850586779
63.73151202651575,-18.20595414342105
63.83317142289786,-21.05681331876628
65.51261224983584,-20.33646086074482
65.45516584383856,-20.97408101442972
65.28454946142139,-18.25104681148764
65.56250755898296,-21.43791150085137
65.55726907240489,-16.00706212052686
65.01091632143685,-21.86047050149569
65.83224543186063,-18.24610403762459
65.0186321934341,-14.37126935587482
64.97524290136062,-21.60864039361562
64.71421287380805,-20.97991629262609
64.54194348053943,-14.584856322026
65.46505152001457,-15.49491333036022
64.07035744524657,-16.12539209356446
64.90634115209922,-23.78842779355935
65.54696833470044,-15.3938658216596
65.36778994851765,-21.18827534698869
65.75180909058304,-14.56536822014536
65.73145420679691,-20.21927468187643
64.45384068149976,-19.99644382892451
64.24722993249459,-21.35529750922955
65.46418474892701,-20.30217263004005
64.26753651958565,-20.19253924307072
64.20888613941145,-21.76383191796119
64.12688252114437,-21.64667953124025
65.47312092327635,-18.67102900122169
63.76814224854026,-20.22122281210636
65.51806314710856,-20.3365751519994
64.15875564426021,-15.93596430123326
65.63566614899119,-20.29571285006883
64.01146634574216,-22.18526721301842
65.14782619018544,-15.36044843800863
65.52015077101498,-21.32029405113888
64.30503542131994,-20.1635258958661
64.15605320139065,-21.70988474126242
65.38527603494813,-20.92746518523561
65.20316810368713,-22.49443700985751
64.67026443452644,-14.56069789961079
63.80365007594127,-20.77592324983979
64.71062498214366,-21.57350217403781
65.44296955896212,-15.89306212160396
63.8943109584304,-21.46837323262775
65.9070121508468,-22.98288239070999
65.5995673982205,-16.92786820338863
64.40037754302672,-20.97397495033924
65.00222613146785,-23.20001614957158
64.3068636425473,-21.93011188405511
65.56834089306672,-19.97886522802932
65.00318481418535,-23.15204455897437
65.30200262772802,-15.22318435450288
65.19434927050813,-13.9892849938017
65.04233110513142,-22.51552171664436
64.10685141231664,-21.79089920925746
65.64920966752317,-16.75139643163344
65.1279791801643,-15.94696376471802
65.61641699665626,-21.40161222866848
65.73226163341025,-14.48886972402354
64.89803769455254,-16.38590853890213
66.1785429049343,-16.49605403415598
65.45320561006986,-14.43411731784411
65.03934652468698,-22.26394074373657
65.52725158032926,-13.82164352972571
65.69889236875272,-17.89221124776434
65.54181010645499,-23.19844172813178
64.29754861289743,-21.85411874888222
65.02381708357497,-16.29309464932402
64.8715694714982,-22.19081368460242
64.39899182617987,-21.46829070906612
63.91798230730487,-20.41776083154314
64.30049972217002,-21.49500454685719
65.53657478058291,-19.52946817641371
65.64760601710412,-16.36650231556564
64.5299400522719,-21.6815339892244
64.08288870556306,-20.74924762501283
64.7859043446309,-23.64453032922522
65.39556889493348,-15.88906074496327
64.12742445035113,-16.06486514081978
64.71317346890497,-14.07200807510332
64.59175936740694,-14.51872081012423
66.27911146667624,-16.27895163702688
65.30526174430179,-22.22238431766645
65.52776388094257,-14.16026828391275
65.7268673256931,-21.64252078511963
64.07410392635862,-20.8714993857187
64.29096345126055,-15.12564336577882
65.73541632649028,-23.22804534739798
65.70537142218825,-21.42734973825851
65.64451685875764,-18.45593212878088
65.75291355332335,-21.89745143565204
64.39315342061465,-21.72033239242077
65.94123100744243,-14.83789594121645
65.20486394808788,-13.8249966440398
64.84441578482121,-23.36402935270532
64.66741824455588,-14.31975815998305
65.75791819491143,-23.46225583888978
65.93639362054212,-18.3936185727691
65.29435397415187,-15.89722664891192
65.65856607253433,-16.5160230111293
65.23928780930004,-15.52791697029351
65.74879091703754,-18.16889755064487
65.94385166951439,-16.56841529327019
65.24436323838724,-18.23793758290113
65.22799400357492,-14.59593888938532
65.56272313036422,-16.94295234937518
65.26647718504961,-15.50941361223983
65.59308691591455,-17.77400283158043
64.87221668198457,-21.52050138473027
64.15943581931255,-19.46942952282897
65.64563325006226,-19.46379476992999
66.09257822182295,-18.64796221582417
63.67656451375817,-20.33693547967115
65.22599090922806,-14.57393275013363
64.92411342133616,-23.81532029222955
64.17133198536114,-20.38134149224033
65.50253465153178,-22.11505349243324
65.84321887911474,-22.46782336395399
65.39881742636257,-14.40144202858555
65.34013052150178,-15.0305164373007
66.11932850487662,-23.121267801263
65.57086412555923,-17.07827559314953
65.8555111105059,-23.27658004873357
64.405642766328,-14.54146882977357
65.23412747771812,-22.43670377901589
64.34736222501947,-22.00466662769166
64.86336449262474,-21.5199970432884
65.61069117120562,-19.47268765556925
65.5988706157644,-22.0893018051207
65.36076392394084,-19.21578637544869
64.91764910015408,-22.25222156287882
65.41322814726612,-16.19670778401204
66.05265371923251,-23.150017656507
65.9395848358444,-18.41348576737006
63.92966040660114,-16.79096457827054
66.05270213926464,-20.3997778358988
64.72372805513571,-19.45217731747987
64.24703757754,-20.66148715087881
65.21442290684553,-15.55129786080411
64.42754229467606,-21.70381207509194
66.1825020186627,-17.16057051601598
65.73933969273224,-22.01492531745122
65.89632744455929,-19.29926513284856
66.1304845685656,-17.23465139883708
64.01634276798073,-21.23091757853902
64.11301385496309,-19.83621702192285
65.70903345842133,-14.40746111088859
64.77121483241694,-23.87551690551944
65.36584674879512,-13.73038824673769
63.57081303619599,-18.26172722236555
65.43670688022848,-20.65453372890088
64.88152226975237,-16.44216292191367
65.71233296208366,-19.09264641240872
65.29871572316144,-15.26816746181595
66.18305798636476,-18.95259086993484
66.41134817580317,-15.92259184294462
65.87235081108513,-23.58866922211397
64.46564309637351,-21.52390578090311
65.50718090692565,-13.8228733808069
66.40907404113509,-16.50726346486433
65.09289623143698,-14.73728610548722
65.72804153325875,-18.35372211781943
64.36583089442003,-20.10253962708772
65.38905305251629,-17.39003571740642
65.16434325353333,-15.91277077290564
65.63249618672974,-23.26594748195244
65.44816746114368,-21.90377297783401
64.78290811968922,-14.04180570736544
64.86762089087735,-22.18412016423118
64.79468693549045,-23.91829309078572
65.63929862635331,-23.45580947288495
64.96904330906285,-16.32453995770359
64.07210553373908,-20.63743916112595
65.1479924547331,-13.71615388469016
63.96204920970997,-21.93961213993369
64.66722768917371,-20.72351784444373
64.97064870007556,-22.56696749601296
65.83470433664758,-18.59975058476815
65.91385837769636,-23.83869793822121
65.0593966227834,-21.51387914714577
65.3780995442628,-16.10304254319384
64.84161671286917,-22.64127267421406
65.33486997496966,-16.05939264493336
64.29824926948437,-21.06784025830964
65.0232857274982,-14.35871560492281
66.19118908342098,-15.28576138907573
66.19835107695617,-15.34125807793623
64.86575850850171,-22.01845224612739
65.46506451397643,-15.69804268760662
64.1855884284316,-19.40033303913683
65.28019356095616,-21.74879861174952
64.83764270944252,-22.95901333736801
65.64444681617594,-23.88358030012541
64.73713827787246,-20.80974729984377
64.68881667884064,-22.18080983890549
64.21124824375012,-21.32159569867821
65.39359960705355,-20.27368731106274
64.85373661125307,-21.21938276582585
64.12439209031375,-21.30786867144678
66.03040052990087,-21.55100974120322
65.38150968411347,-21.87638043077755
64.84193834047042,-22.61386038088692
65.6155323484067,-15.09805104673171
64.23452871238916,-20.63853432216421
65.40620071196936,-13.67976952333526
64.70834985089613,-21.30902510836821
64.84320741913623,-22.434632740522
64.9611995641291,-14.63188613468962
64.52475382597385,-22.19564821302862
64.54468788216172,-21.63629856006955
65.41432416384039,-15.89951984615021
64.7979391564653,-14.4842155249856
64.5348080207236,-22.06192027559052
64.48300566259532,-21.31656138218706
64.41149257431454,-20.03235390715986
65.91936247023095,-22.55860355628138
64.40265468124869,-20.05238299589196
64.1743069251031,-15.89346963050069
65.62702655475618,-20.29790217167424
65.01599597238217,-21.06978962588308
66.04063813848093,-22.68391383134548
65.19164844178032,-20.77716753401511
64.21491082347345,-19.20554224346192
65.70660081437492,-17.04660341945576
65.83978953081653,-20.28419645427982
65.57197184413728,-19.99223605095797
65.82227977548736,-17.55053403806209
64.60349438444918,-21.40481812895509
66.01523114548833,-21.40857226215975
65.28723186338702,-18.25292853165057
65.57653130837126,-18.5442382925167
64.60077441194872,-14.41697298762396
65.60726234361374,-21.75186513080026
64.42133437807891,-20.01850258943171
64.56344491809224,-22.03689403834441
65.34800719450128,-21.05658142573067
64.86651973033992,-13.76122761365396
64.82211881121462,-23.19184175965909
65.85381705866298,-23.53883466423035
65.1642942876423,-21.05774040148816
65.85439004997835,-14.81056792855124
64.83777812861025,-13.89727298270246
64.54335966740474,-21.33122670464125
64.69130920561992,-21.04719677724518
66.27822277701047,-16.3267472503632
64.04710484745164,-21.04303038006059
65.26750254405765,-18.98979151163605
65.66799943289503,-22.51738001533839
64.30528527671137,-21.9656553124506
65.75323546615108,-21.89642529059089
63.93447633977113,-17.33896716347132
64.41858887985114,-14.77352352140622
65.23013389363643,-22.45990590832063
65.25136420126412,-21.0882469605528
64.87697433863569,-21.19975182600886
65.01619759954589,-22.01477227497948
63.83216175822217,-21.62604883138955
64.80061078394725,-13.99038618534709
64.89409459217893,-14.51899396053357
64.41331834634929,-20.98544091858434
66.28728088434536,-16.06042472234627
64.7225302436848,-21.55308353324603
65.33352127607616,-19.8057067952294
64.24597734747206,-21.35408559519182
65.20298128300391,-15.90053291321036
63.94079935451434,-17.37284795549756
64.51397594940848,-21.40956629330841
63.64441360892582,-20.38589040444136
64.98814424123418,-23.21981184972888
64.0680255777189,-21.05580288997236
65.88294844713892,-20.30711133923567
65.36565459037648,-21.83575888398183
64.04001574808841,-21.91074489316975
66.01356794312986,-23.00664081411897
65.56531293495195,-22.90390818928665
64.96195105628287,-23.21247680465659
65.46426648751114,-18.86094210490478
65.20060475998912,-14.33753918535021
65.85047762488803,-22.30395634903307
65.53381069486795,-24.39128589825243
64.93936764573452,-14.09713771862708
65.14722877237512,-21.98819010778892
65.47675123688211,-23.53050967377401
64.94759840890147,-23.46619889478688
64.87320306001612,-21.20176023487208
64.88408968168267,-13.81923659323874
65.4685779832718,-18.74155007231661
65.72275588932698,-23.17302776868975
66.07778494155546,-23.08306068304745
66.28511785841539,-16.07176918356418
64.92496576216715,-14.6448695101617
64.91489428950754,-14.02579438700187
64.91283296846673,-23.89732592274738
64.79507414298902,-19.35602780464985
65.15645570273247,-14.60806073863495
64.88297316447947,-14.31167746293042
65.5494329494903,-23.13190612153253
65.1865326698186,-14.02641710272248
65.52107960060002,-17.46186325699348
65.94806356553883,-20.37931449615084
65.00398743203048,-19.58676050091643
64.71701738033752,-21.98352713026545
65.8183875379045,-23.45433591654587
65.01111680391259,-21.0675425752307
64.15584035397895,-19.5968219799297
65.27760649170125,-22.32274358220529
66.18453730363596,-15.51319608097874
65.03434759589722,-22.54928866797703
64.5623712077134,-21.50265722252603
64.99199740407849,-16.274796120384
66.27853079968713,-16.28992486203904
65.71833844739932,-14.79166671919439
65.50234478112617,-21.88257877415518
64.70491018785398,-20.79244716940962
64.01891660128807,-16.97809216177706
65.60497373889484,-21.7544932777161
64.51481439087787,-21.89013235541309
64.31304835291004,-20.25978864502331
65.7367021542739,-23.33740351796397
65.39385197441185,-19.81233410248965
65.27052837344564,-16.11365280467237
65.63302551185745,-22.76245750285561
65.04335201369872,-19.61839437390183
66.04010232108348,-22.68337439291087
65.57106309965218,-18.05328325311254
64.46680638072556,-21.52208823126516
66.47846022615182,-15.92214530281694
65.53115061546838,-20.14307255666127
65.2889403987862,-22.31634091354125
65.6159714150906,-20.3037427023349
65.57310525832996,-21.47197842193411
64.98345947230449,-16.22891700527922
65.61915879000905,-18.58917153564412
65.03791322716523,-21.09394872223712
65.30578861605484,-13.8804043909983
65.51904246659062,-23.72952577198373
65.63951411744726,-23.72210300783486
65.93403076794147,-14.8345999218197
64.6091878842164,-21.95706244105102
66.07792153767976,-19.21944225789232
64.71175987336554,-21.31640352498541
64.9054725329078,-13.95615824187685
63.91532847014292,-17.71603197701149
65.79422806378464,-21.34953733871647
65.54315957254141,-23.94016612431929
65.20622148867092,-21.31077852003495
65.66102251182005,-18.20051830354293
65.832626831165,-20.31676006531823
64.7856866159017,-14.17930448298064
65.63225099788885,-16.86640060888852
63.84503801178791,-17.93615917109074
65.58207864099485,-22.86742984849194
65.23830416931774,-15.89520218599832
65.34707388882155,-21.76228754996711
65.19181830042191,-21.09698495706473
65.659731969819,-18.21138801193973
65.2063152255187,-21.30727257671312
65.3158873480755,-22.1783526700238
65.6372960902118,-14.97694643356019
64.16225003366338,-21.03736685533152
65.59227240683488,-20.90319799380407
65.72245549350001,-14.93456041754406
65.73147039971218,-16.33258529651415
65.6263182100439,-21.72897751881886
65.1096165679253,-16.3244644359046
63.9903400929891,-21.62411935259611
66.05236306966798,-21.56047809574056
65.45109457377653,-21.39372409399294
65.86795528920116,-16.48182130984166
65.22606192537549,-15.54161140268314
65.78142075715694,-22.43524935281695
64.21230413571443,-15.71703979450684
65.45556715681937,-19.22677771324738
64.02040154173389,-21.63503705969828
64.06540113387166,-20.06711423617965
65.82526805127527,-20.31504508469372
65.6593971602201,-18.20520209217186
64.25915033113617,-21.83264383406412
65.56268560641885,-24.17816524428331
64.89165805608752,-22.83336081192762
65.5665709126441,-24.04490585188377
64.41139843466232,-14.57114200309631
64.19065350725064,-19.34800621066497
64.76358021680343,-23.86479489202693
65.38928242771411,-15.43056162509332
64.18014142088191,-21.22726807494578
66.1626668710073,-15.44510979290927
65.79928763446625,-18.05824492894688
65.56254813128392,-24.15532282786156
65.2135305804187,-21.36012000467298
65.3084658418633,-21.74061744993674
65.77446517189857,-19.25298740623076
66.12863450556343,-17.23481710352988
64.50646443682528,-21.21937132663291
63.44302189920007,-20.28165699888195
64.20863650590623,-21.71845297841736
64.8374787743173,-22.30283626863148
64.57101859718293,-21.8526777608833
63.96300307790188,-21.93974430097049
65.56897214635795,-15.35870298746571
64.69624221839294,-14.17576945225268
65.16828903556237,-22.37933390463843
65.91723028505147,-18.57788850258822
63.61794055786438,-18.02289767735547
65.14084269621063,-14.64403844265754
65.3413303487328,-21.75164179947024
63.72599555748983,-20.48617291757876
65.57521395414398,-20.93155241101413
64.11830643934013,-16.0803476247222
65.55789774205064,-19.95273391717378
65.44733184988024,-20.29076117405115
65.4725150247323,-23.61609563010791
65.50854528020518,-20.97177458791435
65.63302014799896,-22.76463465687052
66.04883756437148,-18.52289895084654
65.37296711825653,-20.60782527443836
65.32909593497234,-19.80457251000563
65.18151769696533,-21.48958138112675
64.27718232995798,-21.39352903954794
63.94183213858399,-17.37826302686191
65.18039151780233,-14.07779620605813
65.52072344467395,-23.39653349061831
63.94284706700799,-21.97989174193086
65.48389690452713,-16.18097812185068
65.65765687639185,-23.91286842159076
64.87162342334709,-21.52046049802279
64.78610195703386,-23.90606260080861
64.79788745975964,-22.26479573493
64.82314206941243,-23.54757054180583
66.38000036632036,-16.50400653542324
64.93757030785528,-23.14887893649561
65.4572649472636,-18.16586904196132
65.5849244517636,-23.18873249407669
64.91199950662858,-21.14720603673155
66.04336188709543,-16.56700782463083
65.91248112257435,-17.3098855516822
65.36543764599142,-19.80428643142238
65.5374691400996,-18.13117878787382
65.51812946194048,-19.57212539833349
65.86223399821458,-20.296221051739
65.45910742305286,-15.7969491236731
64.74844204613997,-22.23595746877895
65.02326681623641,-22.10095472564852
65.33290206647273,-19.80582617670672
64.80812385502061,-23.60281770379611
64.38888874910481,-21.37081456761053
64.8934909363601,-14.51391606045588
64.31432344763347,-20.27394507140397
66.01375672520022,-22.78166388127928
65.55632567792526,-24.2567752125576
65.05775918003664,-21.56363166572467
65.58569955920896,-22.85968585858708
65.44655732800744,-14.60281392525434
64.38903970792165,-21.37398096175657
65.06064062615351,-21.40846482637818
63.98399084719458,-20.21435498539718
64.69346133916564,-21.91511873580401
64.91165157697534,-23.90015409925677
63.94762813854298,-17.61523070514318
63.9711207711191,-22.36732459755848
65.22547374278129,-21.20586860119986
65.71630372244668,-16.41464004299029
65.30142699354548,-14.35248126836817
65.51698862473052,-14.19872141362166
64.28619162160295,-15.20636835497463
65.6823925063326,-14.40863741186922
64.64412930440417,-20.70789455956246
64.91026823828196,-23.10269647549839
65.73542813164029,-14.53234140177667
63.68812654141924,-18.34475533703463
64.09432112601908,-16.10177558942796
65.7149241040849,-14.85631208123051
64.65819822906933,-14.477578360637
65.81467133023524,-21.31939212536967
63.55209091638319,-19.90829010597187
65.1560762913177,-21.54476968623441
64.52982535621133,-21.32973063453836
64.05592971181356,-20.45275025024918
64.7025782800685,-14.30149261877246
65.56975503824857,-22.18916586898735
65.04241241671335,-22.2701638617108
65.09872665635295,-16.33642250408046
63.96372643445378,-22.47319728019556
64.5165448278018,-22.11384481268198
65.96283886792348,-17.42409923557724
63.99389804919134,-21.10338252237063
65.19802167008949,-20.78046311798139
64.76726350809497,-21.54576893938218
65.76223321636454,-20.26074602900115
65.88821394562207,-22.43089519036018
65.30796811621232,-22.24819538580094
65.05219239139569,-22.76858746654126
64.97295264507763,-21.59953365709095
63.83250192250079,-20.78785283466922
65.83446906444281,-18.5997984259596
66.00510656750333,-17.3651903201233
65.69251564900382,-21.4946367906942
63.86660334886181,-22.32020452863771
65.50047335095398,-18.17645816381978
64.12879917459887,-21.01268950892513
65.40024550838974,-21.19541804327984
66.02484569105475,-23.5555520290597
65.488858040331,-19.38724428852634
65.7212950414714,-19.12346473992016
64.90694054043956,-14.60144530666786
65.49158681774072,-19.28698363311644
65.18370773016682,-19.73169049635025
65.03731520695693,-22.44357235421793
63.83999908156257,-18.06426402933665
65.09985865541199,-16.17360273963405
65.005936317395,-19.58963586996773
65.00781378891499,-14.97596078938528
64.74286523033466,-21.53974160847235
64.52499280677756,-21.47794019233297
65.57295566961798,-22.9709374754902
65.65815351084963,-16.48916007159733
63.97509773255691,-22.48840330995553
65.33520094267432,-21.19096904545062
66.25685364890187,-15.21492705674323
65.31802394064711,-15.62821256506425
64.03141135229455,-16.94983267487029
63.48686398056238,-19.34211199911141
64.12031416710991,-21.41849589009097
65.72385515020848,-21.62836941694462
64.86643855038706,-22.01832858016149
65.25575867609932,-22.36059944224412
65.37498574219659,-21.19658948111474
65.03841144474441,-22.53834514594515
65.40022269098192,-19.24494082248482
64.55940064355738,-22.21357232357591
65.13398806861689,-19.70045187834821
64.75477922866425,-21.56562866103283
65.6984461926277,-16.31155617912551
65.52589000197695,-20.40657184464222
63.86705049801962,-17.80139400867694
65.2837973533686,-20.69246707436626
66.00934223344699,-16.4202515227457
64.42038570900233,-21.80005502219484
65.4504968742943,-20.29309905764048
65.70343165375353,-20.27949764868949
66.02676282814413,-19.36820449201781
64.53137780379201,-21.79496162721061
64.12558558303057,-19.82151915759908
65.09852706410402,-21.09361092113275
65.69403876510071,-17.02747614525033
64.12891531778662,-21.17541829032137
65.554421480451,-20.40823116794774
65.4053051634452,-19.24310469363514
64.80180226157053,-22.2639993672475
65.54007403395042,-20.21229818549529
65.3994810139999,-14.53807195880596
65.41402742779253,-17.27307834897301
64.18715461120335,-21.08120903944874
64.25980886447306,-21.37160219485816
65.78345529217084,-19.95962363554744
64.88123722023589,-19.43968676457038
65.13982228143227,-19.70987331360312
66.04681205795819,-23.4719567402734
64.1329971082509,-19.63440910824917
65.17477867298636,-21.05735290465957
63.97383373644824,-17.09194125634399
64.73973463120818,-23.7600862620823
65.46861471004729,-18.69059802866196
65.69559670376228,-16.25084120779709
66.26489014229219,-15.11542937078646
66.07186129821805,-22.98781447531277
64.18938425099842,-19.36851165427508
65.0504767538673,-22.32058161606479
63.45253370647145,-19.03827470612226
65.44820946579651,-15.95621141326013
64.7085436400033,-21.06813965816413
65.74628373160705,-14.88540441931541
65.53417752783203,-24.37333995297725
64.9683912717088,-22.57897742847402
64.67642793534397,-20.72400522391663
64.83481695815316,-22.8304553866183
64.84658232824017,-22.34732745335553
65.58916731661769,-23.1279267070409
66.32681569146098,-15.98047575467952
66.03297417010778,-15.0461769478326
65.82927338747842,-16.38195653678976
64.8715825706267,-21.20294520462172
64.82399859922756,-23.20922616991565
64.96283716032083,-23.0247931258385
65.67230035950615,-19.59100103613527
65.5809569193632,-14.15534499315526
64.87438982687992,-22.77374211338226
65.1874385431496,-15.90730664016149
65.68666224761785,-17.52183952572908
65.55474911504946,-20.94039233975727
65.56374155460684,-18.10319165915006
64.43089075889466,-21.6660288627724
65.5349188141721,-23.74061453755949
65.14015926311276,-16.23093823403755
66.08482398404833,-15.14216769440062
65.00796883003568,-21.5689923339848
64.0430409034082,-20.42219747060792
65.21572914019971,-14.59788169790092
65.57028657566323,-24.05944192093377
64.94669675127139,-23.42352961274773
64.77473431026118,-14.09779589081529
65.24524614915917,-15.52442321430077
65.37687621463463,-14.76705291028013
65.34748985615416,-20.89484800272582
65.94235451395643,-21.59502557187911
65.69072749044787,-18.41440016199645
65.45805770608588,-21.68012389909876
65.45045551266885,-21.39594857630177
64.37065308365399,-21.86092724527935
64.45567828593897,-21.11580693418013
64.70848270409631,-14.09751238046779
64.7897141118516,-22.26643857114958
65.56203837581079,-16.94420882642861
65.64346921564076,-17.54725772415992
66.09120659023665,-17.31559199905335
64.28604682952847,-15.46336341570325
63.85831710960312,-17.82312202051606
65.87873673935816,-23.60800483997892
66.12290508872758,-16.94437033226495
65.56115441012942,-16.19136623768069
65.05862751256718,-21.45347806091835
64.0611714741168,-22.70060110550535
65.58758121179059,-17.15357894574915
64.7174182417888,-14.04977810460855
64.87679353999232,-21.51441358658311
64.10329021038338,-21.88073100131927
65.4312069978827,-15.47579315562536
65.67313578678775,-23.21061334757933
66.40567885569092,-15.8788942539674
63.88760470104567,-21.28470634252431
64.35581378680916,-21.64251038293198
65.40343202036,-19.15155670165177
65.15814276706102,-22.36908265424737
65.43620575146902,-20.69483183431776
64.24496109731449,-20.30947328493237
64.64676186986969,-21.65778511835557
64.12143811646477,-19.88249778996499
63.72360497187081,-19.96653117727669
65.74984573422466,-19.17362689104785
65.43235789342631,-20.5923256795584
64.92741581708279,-22.89161282260076
65.48635223670547,-21.88588124186417
64.76693396525546,-22.06893694470153
65.19631732305108,-15.90551115549913
65.52863310051433,-16.16189057894206
65.30659780355754,-22.25435481181303
65.0183333076115,-14.37361216186842
63.88069264995269,-16.63940098654039
64.75274459425809,-22.08200050170358
65.58518399886637,-14.27132084126661
65.11030294751001,-16.26543617564781
64.05695480210612,-21.76642512136319
65.68872257486088,-21.44209915475776
65.01738564065501,-19.60152181235611
63.87006565216229,-21.69251687190111
65.65728223691808,-15.16708734431581
65.50710321290212,-19.98675416635952
64.80524912865327,-22.26334869372344
65.17661472793509,-14.65489812715644
63.84571934115669,-22.67747874863759
65.16833777741257,-21.70200357683747
65.51553432539649,-19.58591265493705
64.28415617511709,-20.44547073048152
64.70633293690624,-20.84220452768034
65.38785460391094,-16.11432737354478
65.64711378246852,-20.29340603767069
65.70111100581374,-19.61309564472354
65.8315228587511,-17.28998321562642
64.2046860360162,-20.48567397074772
65.81001256207145,-17.43678683679851
65.2727885088094,-21.16976313856232
65.51342122493892,-22.47853053055587
64.41760178287346,-21.92834740016464
65.56938620036387,-21.47825664039334
64.2524276882258,-20.2024259248287
64.89102855277784,-23.96171361293339
63.71398230012061,-19.81744489561428
64.9200054690629,-23.83660463818153
65.75769281477476,-23.46155135033568
65.74241215305946,-22.45317780422901
64.7249172270432,-20.93646546021708
65.02063140459704,-14.25644177087641
64.28067780376657,-21.84028549789034
65.50736931751905,-21.87935452676542
65.22499807272101,-20.8214653724362
65.01190031130501,-21.84294424929784
66.07633224555575,-15.10711179544124
65.08799590582554,-16.33615013981201
65.50374794635582,-19.29304289696993
64.95226870882479,-14.1423222658676
64.80628710728865,-14.0399959840372
65.35629266155462,-19.80452935881699
63.44069929162566,-18.75970269459229
64.90495730609565,-22.21665319749772
65.42866066977771,-21.22376584079739
65.08361617962865,-21.09090477076076
65.41998872391365,-20.27250527231353
64.30497875853946,-21.98115854017338
65.0608875429555,-14.86891053068527
64.91251862032694,-23.80093109259353
65.708767186472,-21.41160697283503
64.8874621059187,-14.48752864603711
64.43486320107678,-20.98895666712727
65.06596443973254,-21.11135427899628
64.59544663108159,-21.82291429150181
64.74647681195468,-21.57924122251107
65.29833100157559,-15.29038454857003
64.7113094308677,-21.18743769925527
64.89356939940913,-14.57662430199599
64.71098255799639,-21.17223074099588
66.16070560405751,-18.90321130135757
65.42716215152885,-19.80154218879063
65.63660975263828,-23.86290062920127
65.94706500311898,-22.45727907942338
65.11528329821617,-14.78799819380236
63.84127423570383,-21.52786248076985
64.90488101833789,-21.18224167769121
64.29417796250002,-21.48360083395508
65.67561614973614,-20.68553791514334
65.73062961263025,-18.34852720903188
64.37430473771363,-15.28427729256443
65.23727827980714,-19.70465925089406
64.90774414682687,-22.8623345947465
65.11010100687523,-16.32175859300616
64.74098605759183,-23.7522526079815
65.18148435218778,-16.22977311250587
65.84498375834306,-18.20341857224741
63.58164582681966,-19.91735078732108
65.0253913830131,-21.75169674098647
65.34279192230113,-17.24880891489097
65.64153180337487,-20.78272322416193
64.929286016991,-23.50928340677784
64.06060586868396,-21.96258760806298
65.57980506044277,-20.92811239779677
64.92384181640267,-23.21609758976096
66.09322435279978,-17.31013147198414
65.3585778635025,-14.89989652862701
65.69235653594673,-22.48490013056029
65.62528709423043,-18.48641443164253
64.69026608909502,-21.47479286269413
65.61992639912899,-17.22226691050767
65.36997629126189,-14.75177805859227
65.28446896505024,-20.9876660593191
65.71641765926219,-17.06167317544564
64.35876019892135,-20.99834777758947
63.52347126634773,-18.47331513842215
64.75676572145599,-14.37995115193601
64.06780076054052,-20.40828656375798
65.08401716318052,-14.61324991500077
65.1649475757394,-14.69329253750532
65.26144936071398,-14.41413147519472
64.85908520461146,-19.37819908222351
64.84232844205319,-22.60253491335659
65.45164706051095,-18.20279581150191
65.41315212688625,-15.43428433350104
64.7419639168353,-23.74816169904487
65.17624304639199,-14.34068330956063
64.31212058939833,-20.15476212882443
65.72678963211187,-23.36250684412926
65.19622561827288,-19.7357948937924
65.12371632651205,-22.11336300732261
64.38529459559022,-20.97797157581521
65.1973499978442,-15.25067118981547
64.37218519839249,-15.27649473002444
63.94463718122891,-20.11168439836747
64.38356767989738,-14.93310937664829
64.47832329470698,-21.30384869365428
65.43100858644716,-19.05736470658584
65.82932827119569,-22.28374786098034
64.31327540502267,-21.89664544889713
64.46614728952774,-21.12823393582487
65.04699782349957,-22.29693626123747
65.51598462453815,-19.61257119576408
65.86779099419175,-16.38169430746581
65.17065382891666,-14.6801426671859
65.34506172889884,-18.24204718678323
65.57930911843918,-13.89168888778008
64.9844779064547,-16.29129641180891
65.6222822626263,-16.88913610360531
64.30537781055573,-21.96187090520496
64.05034786314967,-20.70254018045923
65.94464813568158,-21.59975303056783
64.91329431342163,-14.0157996959442
63.69836960924617,-20.20894568077345
63.95018496865953,-17.218794399794
63.96396078274289,-22.40020994216238
65.39012631849468,-14.69128731363237
65.8211971492655,-18.60841290706603
64.89669585020005,-14.64382393212714
63.97925636994136,-22.74335449655969
65.1872949463253,-14.47704035412293
65.63918046637133,-17.00042295838754
64.88836223105268,-13.83601490374912
65.42110771142453,-19.28496451641117
64.82335365401944,-14.20066937627715
65.28771042391179,-20.6918371854321
64.598074998296,-21.78304694876294
65.017484801821,-21.58863298805364
64.8724058738133,-19.48295176507095
64.91350290708856,-13.69422978152186
65.04574682629998,-19.61825798990566
64.67345791168565,-21.65285132212827
65.24228972135116,-14.17973914146805
65.52605747551459,-23.91563437313089
64.28077049678122,-20.34520786689428
65.08550580140975,-16.34418778278298
65.12659559977831,-13.78855187023961
65.00508855708368,-23.16628471967924
64.51053397718928,-21.39629771792133
65.86904965125593,-23.35263852517605
66.08015907882796,-16.76019132559041
65.53918290136997,-14.34590417457538
63.99451669129212,-20.98186908577477
65.00854404026533,-21.63692472115156
64.86008912896776,-13.76162542285572
66.18589364147037,-15.52223579053062
65.92786561227828,-21.29327602793643
65.45425155171655,-15.81501790012615
65.42815811618755,-22.2074468121769
65.38074859214248,-14.40657397179747
64.36433867441677,-21.60191439750025
66.17356719577528,-16.49089090572391
65.41459061537638,-20.94683389042
64.21853208314478,-20.35764253639551
64.70839062328716,-21.23628901712102
65.20521269060288,-22.49625142648974
64.10749903525547,-21.27451042684271
65.02531090261327,-22.12432088928519
65.83638761181886,-21.29402228345023
65.63244244935521,-23.73324060450356
65.14755587965186,-15.70202155771827
64.73925792225323,-19.4088280093431
65.49233139750821,-23.31886325741366
65.90273763037864,-16.39038368927622
64.73793700407231,-22.20061510035032
65.88416816460452,-23.44333755577847
65.73713794837748,-14.90409877797783
65.45551239641414,-15.95204993589733
64.40304792373412,-22.02628843124821
64.92822252077642,-23.31001693702888
64.42598140163598,-22.01008597787753
64.44723493651804,-21.95938508648304
66.03445422002432,-14.9213529896843
65.34308356281254,-19.17200528960105
65.25456269467304,-15.89883090186672
65.6365111131336,-14.96914678638995
65.61518443938326,-18.02795797808727
64.2623993757254,-15.53496326737044
65.35355994590181,-19.19360410501739
64.66624974730725,-21.2020270177205
64.41764046516803,-14.75448653405729
66.09959918056384,-23.03969407074406
65.42338079182638,-19.82896877716032
65.9941718707176,-21.35197412126783
66.00142374545271,-20.39136430488118
65.16045469793725,-16.20612086721614
65.85363410244877,-19.37550835252659
65.52548537854287,-14.49865051848236
64.80645772794382,-23.02539621981265
64.28761398120804,-21.40858747441775
65.55089913232906,-19.36600125900132
65.31066431029987,-19.16206024950528
64.31291629102877,-14.97602830816772
65.84276396278524,-16.39622255423626
65.16413863495436,-15.32364265128008
64.41303005851142,-21.85904536218948
64.15481682069246,-20.61099209012762
65.4994495796019,-20.09690199493789
65.07663617674689,-16.36810803073389
65.22996527049015,-14.34644509964745
65.27495646368882,-20.70236921952053
65.48998998962131,-18.179438581436
65.69481470830179,-21.43487064850716
65.63079488396794,-15.04613265669933
66.03635721707765,-23.28452109021032
65.55541061188123,-22.35607714840616
64.83917291872598,-23.30678619139224
66.0430778202466,-18.52159965619626
65.76639811110782,-20.07223470838829
64.74996793487327,-23.82601194069288
65.64805203973633,-17.26746306671335
65.515471312131,-19.40426108127195
65.22770846550168,-21.07311235570871
65.71501570656729,-17.75285051579115
65.71055712800896,-14.95930754943663
65.20843539693485,-15.55952959179895
65.23867754109382,-14.1659030832841
65.12312086342288,-22.12439273577537
65.91451285277692,-19.90144672294351
65.6438452547198,-18.5312048469077
66.0072616241597,-19.99274575180447
65.6551415435967,-16.45560492756517
65.2453458704384,-15.52437815213144
64.99921064466857,-22.77558933162425
65.40869105676826,-20.29351697901517
65.39652102866296,-20.93831444357821
64.93716017021377,-14.03924806561956
65.45585362354367,-21.92279657950106
64.4009026343778,-20.97407425349647
65.53513905019072,-23.20023000008289
64.839347380337,-22.94210543103987
65.98363371826008,-23.62184063155647
63.81433133069834,-20.11292912830912
64.84498323124015,-21.29256755674255
64.42384558130865,-21.58313852971344
64.91614824877497,-13.68797556079193
65.39519361805336,-15.88862146604017
65.73297060109948,-19.39094152935544
63.85168669025728,-22.29991651159652
64.49464790254434,-21.52575087342622
65.86385095133377,-19.71874566908811
64.00180235381609,-16.37140598339273
64.76693407027031,-14.06903698269334
65.30497594398413,-22.22394819543855
65.26898916871153,-14.29888376911115
63.82176940048397,-17.9907573051263
65.62602182202926,-16.1853336328639
63.98993929435154,-21.09486428071352
64.19536772071339,-19.31298970719948
65.57966213371981,-22.8699155407595
65.08687622145897,-14.33328142112176
65.17525187862032,-21.50607938676366
65.58994103690645,-21.3433852349587
65.01705667061061,-21.99642616274914
64.91400743632364,-14.02240893952511
64.65736991077738,-20.70665541709733
65.12321400042886,-22.13409244420354
64.94156183321208,-22.22913941912644
64.87355480384481,-13.7795407149463
65.20143304957124,-14.61618015373251
66.02293019504224,-23.36338111501882
65.65130138404372,-19.39082539149939
64.83125127340227,-13.81940202267816
65.3249086084681,-21.744093575832
65.85816051170558,-17.8970946593758
65.12129426965333,-14.33282336135837
63.85417527026036,-22.30966014720502
65.84899390489657,-19.37152224576895
64.86449935519059,-22.18498205957981
65.77246927965267,-23.4465006935285
65.44716688398866,-20.68804857442028
64.22309815525101,-20.61584187496753
65.28574228555682,-21.1900456450699
65.2846851225616,-19.7843239123547
65.5775428228153,-16.95041895459303
64.88220400392433,-14.66017670599496
64.11804430414193,-20.31736924705707
64.91205156524263,-21.14704186952393
65.45678930491546,-18.16645055165996
64.37396318433994,-15.28157116845508
64.3318463673017,-14.9331515044163
65.84300334857505,-19.87292672011569
64.2430217605705,-20.21551108929671
65.64678001323684,-16.82837578945529
65.62297844340749,-23.22671000234541
64.36762688988306,-15.27135590975051
65.96262032510457,-23.07745600550987
64.4222923894613,-14.60930827067691
64.65360135836274,-21.32121254456268
65.45543104338026,-15.60390493112065
63.99877847068482,-19.98721053990684
65.70969743940003,-17.69593296368712
64.78676491242229,-14.00587047507077
64.68740948731067,-21.64921799983768
65.02517531848706,-22.14481289698213
63.76078675093579,-17.94144685551161
64.84210179359941,-22.58917996308357
64.83489510520141,-14.66742405132648
65.78298619405604,-16.44131080818892
65.91965551318727,-23.43778771267479
66.07876086435053,-16.430185977121
65.67565895401626,-20.68534997266372
64.82065023111446,-19.36673441968245
64.82296207613592,-22.48384803198594
65.33893579480602,-15.72916002178825
64.92142106181727,-19.50055167738708
65.92002751239038,-16.39822760488702
64.93677466615563,-21.54707203188606
65.37689490033343,-14.7044973758902
64.78804996924845,-23.90887012141713
64.0365611143353,-20.82516870198268
66.08719044192104,-17.31991466561245
64.64585493131885,-14.28069783851021
65.70065466808884,-17.89287855678819
65.11521247096246,-14.78815346036545
64.99011035431006,-21.05720602794862
65.01641493517153,-14.4288698094568
64.70402703554888,-14.28123801014183
65.12250924067914,-15.9704868695288
65.99856652502199,-22.82861125816849
65.25107395340733,-19.72068484672463
65.45413207950625,-18.97245950419939
63.77529828619888,-20.38041993089242
64.19621764601514,-19.30721931971927
66.03164959669091,-20.021438650944
65.41999043589041,-21.89171437867262
64.66916355583534,-21.1503838343279
64.70148310147604,-21.19350746110323
64.75412570295371,-14.49623274824645
63.9508294266569,-17.42502982694095
64.8089175936982,-14.08170086899203
65.78152736534264,-16.44071941278779
65.89942745730649,-14.83726898930808
65.2784349007655,-18.24414714197964
66.05547796026161,-16.444270641448
65.5851392458363,-16.94529576201016
65.65299249524884,-22.62584412907964
65.78472393128106,-19.97465943534584
64.665494753194,-21.23959513263665
63.9580416380895,-19.98178694582973
64.43715049356999,-14.66495829075082
65.34255225771129,-21.75356506609962
65.12646564372946,-22.21555375794646
63.99211779827312,-19.90914224022205
64.49909631959298,-21.18922331884131
65.5189970657982,-19.64776160297338
65.70413879776999,-21.69505735878646
65.10550865037045,-13.86613754902517
65.15156299850238,-21.95472453896345
64.6177217900101,-19.66830753414355
64.23952632795084,-21.34993794714534
65.21704650774926,-13.65767317286672
63.99401845299904,-21.94658794891169
65.576556786493,-20.93063702213344
66.1625160582802,-23.24948468172338
65.06294757544113,-13.69376042416166
64.15582927964842,-19.53597727528924
63.8518722456653,-17.84062827145385
64.33075289496131,-15.41451284617828
65.25687106279273,-15.1972059496036
64.61343221021347,-22.11156397244744
65.06443991147049,-21.11001991495799
65.12404883040216,-22.18175278446201
65.19135019604366,-19.73430555317585
64.52091175319397,-21.44914399285749
65.56761208130182,-13.82734415210217
65.64284521463405,-21.63310993457647
63.86756755195515,-20.46502483363413
65.30607123101525,-21.20227416250552
65.16144021730729,-15.32971007591249
65.63461061280805,-21.42047620895836
64.43998646197099,-20.01119006599708
65.65463836460201,-23.26735531676558
64.9787327648705,-22.57453694307878
65.01018821092138,-22.22535941358191
65.11788725576947,-15.44895047002459
65.47034699310308,-23.60140732042225
65.51848212607914,-23.88757581277489
65.85247165642004,-23.33346870258041
65.81134985530112,-19.84979641915655
64.8073396589921,-23.0999851346847
65.489174002305,-19.27306301115764
65.43788685148618,-18.22215291520844
64.57626507952784,-21.90179945621071
65.6732853884434,-18.46250649609237
64.50487148967169,-21.25741744294972
65.560655843905,-21.30394158035725
65.36416288323869,-14.85293178612703
64.05855291724822,-20.12194850898359
65.56130452772842,-17.49051643511044
65.6718977626613,-14.89102671951568
65.39020508363969,-20.22911465543029
65.53248008519822,-14.17878148241623
64.84725026387767,-22.40330718471675
65.87489293039869,-23.43253555631934
66.01575784559033,-18.76620074899096
64.72224477230978,-21.99327344704509
64.6660646747845,-21.22096926416758
65.8996792952394,-20.31582220697026
66.1666952917333,-18.90231623208163
64.32504712276848,-20.99637145125745
65.06555918221609,-19.60941918787092
64.82514352024894,-22.47100518345363
65.96029898834739,-23.42985476000094
64.73607976921002,-21.47864274473483
65.23685835904973,-14.34736974278897
65.48394441072011,-15.46426083955379
65.81407823642284,-18.02363924841491
65.56890516598166,-13.85296382423755
65.31815328780169,-20.92971890542987
65.36691906815518,-20.72923204687261
65.17546988507321,-21.84876307315523
65.59031261681028,-22.1446286226621
65.48418611430249,-22.12303219917451
65.87277371709584,-21.32564947327025
65.9082283865213,-22.98787454813113
64.24317336770504,-21.18356852337784
65.97620685991748,-23.32565481029082
65.65350591518842,-16.93630248786209
65.73907480711445,-22.03179932224853
63.99445551335766,-20.36480645593756
65.78227703996613,-18.16639157122204
66.09669177266585,-20.31574663485549
64.89231800019778,-14.31032582019002
65.7077719779324,-20.23174069849159
63.98125853770007,-21.46080096168213
65.83421466183219,-20.28047881719172
65.59064167950413,-22.96303044490804
65.01693834227929,-21.99549249362132
64.79409608424929,-13.92828095153257
66.11779299528493,-16.91674376383895
65.60269623860061,-23.53556188640624
65.21536689506786,-16.18865690714559
66.08596822271592,-23.00114075844472
65.2101362028979,-13.70611972053907
65.3505716723855,-20.99025932215339
65.93620016070176,-23.63085753772834
64.78922266129366,-21.50052847769846
65.14418982276615,-15.94427994122899
64.50650558495559,-21.21982714056373
65.36232630360654,-21.81559200208785
63.90396492867126,-22.69541738518504
64.93106265317061,-23.0891718475533
65.51367109631292,-23.8454360391668
64.90526475938476,-14.61671193219738
65.66022026480462,-18.43030985334931
66.2522879442226,-15.25430252344179
65.05298457823274,-14.34973246386786
65.83786831927407,-17.88254057540056
64.87437994794134,-23.93906138030259
65.98190068061008,-19.41351272935495
66.01495488276879,-21.4493662131347
65.11083089564949,-15.98435788088248
65.87194460168266,-22.63135824448717
65.36583288703613,-20.65129723163513
64.86707952591179,-22.0190850089654
65.20597518315022,-13.74772435538762
65.82303766166834,-17.55003710774401
65.91091128860141,-19.88979257950475
64.9972667151573,-14.47042697219447
65.54843533684979,-21.29975759445588
65.93047091276874,-17.30625869334817
64.94743038684175,-19.55329586628285
65.16775651462514,-14.13735569867288
65.64109262666892,-16.32121337441079
63.88567337960706,-20.76287956201786
65.51152767983726,-23.36620360053407
65.44420938098854,-15.95315009379849
64.38337644815164,-21.35486280146103
64.13533021095594,-19.71277609120703
65.07388362792376,-21.10814066852958
65.18343525511813,-14.08174445645684
65.03205625447909,-14.22870971525688
65.44983567132451,-20.63813494723384
65.02531350503752,-13.84210634291939
64.62698466698863,-21.39421043288186
65.46518068665478,-15.68746654560014
64.92008541036292,-14.03468512530603
64.67844927198703,-22.25487200889952
65.12434934638355,-13.80746315758958
65.37565863323552,-21.19690113715932
64.73358443728137,-14.33791480836196
65.56107936706628,-16.99833987798007
65.53403423057911,-22.22977158320706
65.16738459494346,-21.87361651634261
65.10930624209422,-16.32523353356758
65.12046300587136,-13.76417707882841
65.5002938566159,-14.48950047343101
65.58556854567288,-16.22040007049588
65.74720653803813,-20.1334556421285
66.06256629574122,-19.32289727962433
65.54015653913615,-18.07699255831314
64.75020401588792,-14.37066346840735
64.87570713522548,-14.44430616949293
65.62740367921207,-20.64297239692069
64.78856412740619,-14.48914655328028
65.55987764187817,-22.47725801897909
65.30512336328425,-15.18205870909427
63.87618779746565,-21.54117645027811
65.7401474486709,-19.20362940570637
65.12163468354875,-13.84444745140039
65.85113705675593,-18.61092646811738
64.12290317388158,-16.072616817891
64.19642441612213,-20.2777142257895
64.19344243952158,-21.22318736936472
65.76461930678049,-21.7737394085765
65.25630566281629,-14.50192425120629
64.80737983936294,-23.01084306543965
65.6269833643793,-20.21525002143382
65.68421965184126,-15.04896929689292
64.99993576188045,-22.85404161459513
65.61943979182155,-18.58819425064777
64.73748829977362,-23.77562980261869
65.4590548724305,-19.40373894427495
64.7427919570241,-20.87638770783249
64.74162775884102,-23.80186033143064
65.37282218282779,-14.79209459814454
64.69580823923451,-20.75131322478846
65.56210469466538,-22.42137116154409
65.2239090209202,-22.46999390539967
63.97306008083397,-20.60575298700977
65.69322520878299,-22.08755566982801
64.69811614320847,-19.49371364310498
64.51549778889047,-14.51074150614052
65.45096091059342,-21.739547663877
65.08334352614517,-14.33557143893809
64.30704912502542,-22.03916830570126
65.47650881320585,-22.1495288709549
65.55505737223827,-15.38081349305314
65.0024814007375,-21.65804295363165
65.68411571956315,-20.29028184707875
64.10988123204382,-22.01754166731196
64.36460948466318,-21.58907082626136
64.94912853950791,-16.33599964897254
65.15809118880097,-14.70421203318494
65.46619498031981,-20.97736191133077
64.77516933747116,-14.1044147306958
65.34592540843626,-18.24159045255451
65.02832420425035,-16.30974895475276
65.47872905569552,-14.44463650383237
64.8493121815845,-22.03041535184152
64.78956237173846,-14.18367682399612
65.56010458433605,-21.48616958123872
65.736455003068,-23.33836406743382
64.73186197236444,-20.91788380786043
63.85471158449449,-20.94739306180715
65.48800849601967,-16.18187293695265
65.2099897738332,-21.06730014627975
64.02278779784515,-16.93387842574623
65.04152409656831,-19.6182772771251
65.55893822141833,-16.18725457818861
65.44603273502948,-17.38186358945572
65.13364057514453,-14.75243123775223
65.74712487906493,-22.17687962814513
63.95082544417475,-17.21645035659758
65.46891189030045,-14.42091400336435
65.53244993823229,-15.98726985304099
65.52304412980064,-19.82959699133204
65.43259151753283,-19.80227806143536
64.91772574849102,-21.5300008566909
65.77464650667613,-20.04819031955022
65.927537906272,-17.3049366163928
65.46216463391356,-14.3080762640015
63.87820966402655,-22.42150931380329
64.99579768433124,-22.74638634743833
64.3525421853821,-15.3771122564124
65.54303656733107,-17.49119021998424
64.65157817587202,-21.88240313084602
65.28640460622947,-22.31939159154468
64.2949713735606,-21.06009708283666
65.07563325449227,-14.87064833274775
65.03396622636077,-21.72640304494525
65.66375726628515,-16.98581574179673
65.11324515327401,-14.33193540236378
65.54023515787297,-18.07681036379807
65.75827303586772,-19.34594106347852
66.35890114934699,-16.43385836244223
64.87986908510655,-21.19693272360305
65.13309933900373,-21.6113370229703
65.16014474465511,-21.70619423853012
64.93723906780302,-23.35470644798
65.00520849382711,-23.17476891650077
64.3658007473982,-21.91010022714066
65.47958849965109,-20.45969791154726
64.91415997230239,-14.64684563703463
64.84925030155175,-21.4971537969731
64.08297087721748,-20.43538530172243
64.75682624956123,-14.02164604619194
65.73073241134972,-19.10714818441537
65.90889308248101,-22.98854742121432
65.41429682008724,-17.27346726853677
66.03141801853546,-20.02116013497155
64.1399922283928,-19.59579959184672
65.63269467181966,-22.7604401828156
65.6494977827046,-23.66273367296202
65.0322161747227,-14.28562454161761
63.76852308259692,-18.49055007821347
65.4652644417212,-15.69433904910606
65.61973798723537,-19.36162936211378
63.9621264394013,-20.65562645895711
65.84596130520633,-23.29929937239584
66.04074868254767,-23.15541102279033
65.5742040597318,-21.41332529894056
65.13440103551866,-14.75009253019125
64.87040192620562,-14.67017098770821
65.7899131191701,-17.57677489863503
65.55548604437111,-13.95041896123167
65.56632354615564,-22.89716334581966
65.74638361880638,-20.24899748208437
65.60738236476283,-22.77482234351717
64.1299975551854,-21.01232997382399
65.21515913931503,-21.7350657410277
64.90595883689959,-23.91741515509127
65.84630893266893,-23.83327624785982
65.08192025549462,-19.63330229874084
65.77381963962932,-16.42387166849733
65.21312199599124,-21.36494858347201
64.62323572021086,-21.78399530819235
65.5204331675473,-14.35908595494446
64.4248782686874,-21.73285558905541
64.07408460152742,-20.84047628990904
64.49671306711745,-19.92374914148314
64.4694114874845,-19.98079754417504
65.6814182754179,-23.58067257683933
63.77733268948725,-18.51781406774692
64.28238534808054,-15.04351593269733
64.80937167535374,-14.06224286590394
64.12246592208965,-21.34357876860914
65.61970108656158,-22.72627049710585
65.40940305302688,-18.24278452951389
65.27527741331741,-21.07447628004147
64.84177135459166,-23.32876640513526
65.19968078373033,-13.9236812688411
65.55008867346992,-24.20864374792172
65.31869394104926,-18.25920213816558
64.84180902872343,-22.61739471623921
65.28798353709276,-13.80597964068856
65.6296511598297,-21.39955782445596
66.03229795118034,-14.90823771388597
64.00729860525507,-21.63397725025406
64.78208814271092,-19.38003402236232
64.8270405902938,-22.39962824950684
64.9060055271608,-22.85905273955132
65.52758022575384,-19.41831641949241
64.43313153774079,-14.678852142786
65.5088360515455,-22.47399266967433
65.40746257404953,-15.90009237285049
63.91560262552773,-16.52235957957959
64.8079843428599,-23.04904596670695
64.44028550597147,-20.96542465690186
63.53185719501045,-19.51062147515145
64.00699441830481,-21.46029682287032
64.80050264879722,-23.63197605415433
65.41348172272781,-20.29864385949353
64.37194451268645,-15.27612466342991
63.84494133164956,-20.16317839388633
65.50933971463978,-19.69236439417447
65.74577690815943,-22.09734669729608
65.22177639517922,-22.47302917910558
64.44307018966131,-14.50536006502987
65.50343730293713,-24.52620442472319
64.21176264011116,-20.72939593084561
63.7135788885558,-19.85284151418908
64.5564391533752,-22.04949950042035
65.22955876196299,-21.78186879548345
64.44142633904404,-21.95852797406341
64.25500285619422,-20.32422137476028
64.70966964890204,-19.476768510111
65.96445494623615,-20.38792852986177
65.7208543233028,-17.35354742987487
64.38237597205276,-21.35580173155632
64.55996178919814,-21.91349482569835
65.30122434737247,-14.33360638351825
64.02478972086261,-16.32875981697409
65.87196977218125,-20.30224603813081
65.50139343417261,-19.95749952035513
64.882928386791,-21.19492841377447
65.44969381177535,-21.47088501572249
64.49261337316304,-22.10952806809017
66.07304021997209,-19.18691084365952
64.51677502834576,-22.09213599183387
64.6552126841757,-21.27601008984872
65.42813291644299,-17.30227688121218
65.31789211973697,-19.07772451994876
65.24471651847685,-15.20758584334081
64.19795924967565,-20.87785743111656
65.26202878277392,-19.74270117454866
64.29117103003105,-21.70270747112722
65.84473999483455,-23.22050572610427
65.56075617805148,-21.30400579954116
64.36760905748662,-14.92309706831283
65.83794911971512,-20.30903257966977
65.43726943502605,-19.03794324680306
64.0363924979048,-21.60413155706551
65.62129676668859,-21.73655025946188
64.99853927370519,-16.19819650435774
65.61144303560943,-23.3794811570833
65.35281717664382,-20.1774039677452
64.49457604251567,-21.52566982444583
65.46812724633297,-18.75945311028506
65.11006069219255,-16.32240105205161
64.85153575111119,-14.67356487895514
65.05529090510382,-14.34792785937898
65.15709255326281,-15.81843129242493
65.64842814577646,-18.4512288806013
65.61846894681094,-15.27026970289566
64.17807929307979,-19.44107775723908
65.18414505096821,-20.77561383153486
65.35518500039751,-15.39763944783101
64.75050203353881,-23.6570788959662
65.95249523275282,-14.84161645886969
64.27888061029184,-15.20580923785881
66.03032518421229,-20.01799895244164
65.74546824558078,-21.93068526039073
65.33033579402127,-20.19658826589417
66.01284687210784,-21.38241349725083
65.78298961684995,-21.39106416968371
65.41330034683183,-20.69926078229641
65.84476411256652,-23.21095895680958
65.66286159703601,-19.48458215357119
65.73215829418902,-17.5910985988534
65.36615029548476,-13.81294073211751
64.8972282612167,-23.59123692795334
63.61444718322151,-19.96981487297366
64.81847387439018,-22.41531766934926
65.64195318618042,-21.70404715659872
64.93425391465132,-23.33497452728271
65.77723409716816,-19.36406975140082
65.28454064403658,-20.98679992642972
65.60787466270213,-22.77171246673967
65.10720295176006,-16.32800292561173
63.91596962741307,-20.69452043241031
65.33059502126915,-15.07582756695799
64.79646315491742,-23.63677609068926
64.73724607121414,-20.82901366207831
64.63338326582755,-19.62656168949533
65.04323426001255,-22.27319954602136
65.59767202588765,-17.19614405659888
65.77157674649719,-21.76878181606952
64.15154885587992,-19.53202894255116
66.02384094623837,-17.3542564724957
64.76204771132339,-14.05057107084832
65.55038164201234,-22.9877065619675
64.25827157111601,-15.21491065299117
65.22530634262856,-15.22157824829209
65.51702626940204,-13.79758450593527
63.72799923012942,-19.99452184619686
66.0743222774053,-20.36706395456921
65.1331573660552,-21.61117840106532
64.58099630201963,-21.66895735806943
65.60101313202667,-24.00875991920135
65.35013814461415,-21.03713359155113
65.58104486263807,-14.1306439963535
65.62205241791145,-16.88542584370836
64.71531821394498,-21.97685109411008
65.48595198801196,-15.46377833512484
65.98321167342137,-18.98288496406369
64.19712625356904,-21.49915457976808
65.45562381688082,-18.16936133125532
65.19490721453111,-22.47469740329702
65.12975326645874,-21.06105718406924
65.05429153083675,-22.7646031860727
66.05020064337096,-16.60935881530839
64.10755411497709,-19.98155534368109
64.82828326584364,-23.95855431858163
63.68501613544029,-18.49849713314896
64.28887870355587,-15.45726494536678
63.84499077454086,-21.65606902422053
64.79435560681587,-14.46053380292685
65.90866909898375,-23.73851220675788
64.56837439702873,-21.68512951850739
65.35153906341424,-15.39660768309109
65.67920897656073,-19.0995988542167
65.17688397961824,-14.65423838382254
64.8326836587633,-22.86503741133318
65.5205419942199,-23.41684078915434
65.78134753097936,-20.0141656299115
65.26866299080584,-18.23999144271825
65.01444648335736,-14.10312748679199
64.82632662311636,-14.37467282510864
64.43943835888655,-14.5028445775998
64.50395536629506,-19.9229196528796
65.25781492342848,-13.59740134803355
65.5254108306979,-21.8561362744755
65.78455791582185,-22.55942770616956
64.19202766783181,-19.32782001855726
65.94585457433298,-23.43380876927361
64.36501095635683,-21.00431939637953
64.7209125222243,-22.16988015944922
63.95817801516296,-21.10764289698618
66.16185649075527,-17.23344956475187
65.00372051743969,-21.67429602689393
66.01813752194711,-19.15563568621293
65.67385525935866,-17.33236964465708
64.74652349841858,-22.23177378364317
65.82666902355946,-14.84257564167527
65.20381537770726,-13.78493959363915
64.37695954054654,-20.98623913162265
65.05709761068148,-16.35920649576878
64.33291752679031,-21.00627516510395
65.7984030064164,-17.25001023595677
63.40751143251072,-19.11099967123831
65.54604438069771,-20.41219090667471
64.49020947198835,-14.47834469035215
65.15040349922522,-21.96295235968444
65.46381725908056,-15.75893205178272
64.75912346959493,-22.25716310969424
65.75551813188518,-21.88574447795825
65.13088036585935,-22.06648278083092
65.59997170099459,-24.00784067769768
65.59191346288264,-23.77320547897238
65.88185953284383,-16.56281413792775
65.99079511316039,-22.61149082791278
65.50868527748176,-22.47362692599037
65.37863970310629,-20.25407749162533
64.84049845565625,-21.32743060918693
65.25676655675785,-14.57986328855773
64.81852610045729,-14.65026083097628
65.74357684580566,-21.35561653611822
65.95659256021105,-17.32680735660179
65.4377062960394,-14.60838738171176
65.98576620749219,-23.02029006472115
64.82878381097403,-19.37510732346639
64.35859951010453,-21.4079766881959
65.02490496478964,-21.62661509315509
65.53781908792304,-22.06071465589783
65.50289038056687,-21.35207984460788
64.4756783109373,-19.95643201403407
65.33690917027918,-15.79905534489716
63.88984134162002,-21.31584176571651
65.35435235400644,-21.768593769637
65.51005915523982,-20.97100867802434
65.58279999221004,-22.96749185069603
65.03451327859095,-14.1966959326898
64.03069323243935,-16.93744329385578
64.1303517296385,-21.01242309034844
65.98260969725564,-19.41360151841272
65.00924703679647,-14.53048694784995
65.89567112264716,-22.60592307086394
65.20603206178757,-13.84346851246979
65.4982354326222,-14.52995871319252
65.45943119124667,-15.79457097551897
65.33908904772426,-15.03544261882525
65.82848658702788,-20.32104563169658
65.12810499905413,-22.25008254689409
64.53256566713775,-21.7806486349084
64.42837144939446,-20.96784751097421
64.53498779951684,-21.99076540152416
64.21620516157462,-19.24305032145806
64.80626467737252,-13.8624057622893
65.37958814078841,-21.98859505837929
66.34128105904682,-15.97244504680801
65.43828243731564,-20.28415777142108
65.78097873712431,-21.5099885498569
64.42124521645103,-14.71937900931548
65.13877241232404,-22.0258570750835
65.4704384127248,-23.60394038393034
65.355104978986,-14.50497103046026
64.9861150862369,-22.64609365123805
65.52533881004419,-22.31395673934512
63.71551263520733,-18.25878063311117
63.93810598863563,-20.77610732448706
65.29587234188396,-19.05203814537419
65.46796934485397,-20.34849922236338
65.731941235234,-19.34491673811178
65.39523429799425,-16.16660812803314
64.7156179640656,-22.08117025925212
66.12603066899793,-16.95125671934576
65.3542687429288,-21.76848474428774
64.77492820511019,-21.48538749751214
63.73314596427749,-20.087348811044
65.3442602469939,-15.77822098200195
65.0675266389444,-22.74653071578838
65.97264271532761,-19.94902546886229
64.68644630102631,-21.24021655627731
64.20434210946169,-21.47294471433537
65.01003256168603,-22.60310028847641
65.02831011078392,-14.11985052325412
65.46138988584721,-14.28306790169271
65.50033405007376,-18.62154843954488
65.27418644598072,-18.24449878389979
65.55790608278706,-21.45402500150395
65.25338357765715,-14.19807323275841
65.94431712724109,-21.5995695574952
65.3509429070171,-14.30959297938739
64.56750008069228,-21.45091697500858
65.70332848018532,-20.2795817348809
65.14061099993948,-14.73908739358487
65.12636972060844,-22.22379774454661
64.83130126558704,-22.28348905844982
65.34216185457319,-14.35336661137949
64.45162479083135,-14.51188046145815
65.61555025000933,-15.09790073592941
64.35823415372128,-21.40839039314943
64.95178622442656,-14.63517201188965
64.24471862521878,-21.17689786666685
65.45906602926235,-19.29041869203488
64.2418806061429,-21.82873309977115
65.40487412773795,-14.54153723493966
64.87004237460917,-14.67039965982978
66.03190035089642,-20.02168275269676
65.64875917276147,-16.72454379301736
65.85611259305307,-18.61105629434312
66.10286669126856,-17.28023755111271
65.20712740573907,-14.34107965509597
64.81426141380732,-22.99248853250313
64.16156918377318,-22.00664053590899
63.69760007482429,-18.31774689834225
66.32433817467788,-15.84705363753226
65.89416543893435,-22.57985331625008
66.09951806520729,-16.88480440312068
65.41292276915593,-18.2245870130979
64.69457806740036,-21.23933450450386
66.45297837624355,-16.44714041739031
65.02713974490206,-21.08488717214747
65.6660140857593,-16.37162443646537
64.07909304488798,-22.67140131368841
64.6395238021875,-20.70873674265388
64.25105579055463,-21.12955327476042
64.72756267826036,-21.59813751445235
65.1291112982398,-15.41592434988747
65.75285060671189,-19.23465441328304
64.17064213801783,-20.61764221843842
65.75408237383608,-19.51773376904872
65.30492382795178,-22.22687169019476
64.97164538736314,-22.91865841433454
65.63323096746842,-19.52370740961245
65.52723140263961,-23.81617501922346
65.26221977598266,-16.1435549296156
64.92347048626989,-13.68549272901257
65.19678568691856,-16.21080627469426
65.55039362918072,-18.55254548203905
65.03449112981266,-21.09225531900934
63.87012591187803,-21.3741114820913
65.45733236617343,-15.53253466609911
64.27499681390942,-21.83949093750516
64.03965944308801,-16.26015130237386
65.68966550956706,-21.47258842101198
64.16233969943632,-19.16236857479652
65.3505176705506,-20.1771663360441
64.88306508875755,-19.51475579763629
65.09400043224983,-21.09008637304362
64.54636277744927,-21.65332757595737
65.53274108361114,-18.13860851505511
63.95322014745756,-17.43747897197348
65.61980574311407,-22.69925915841432
63.95166438096253,-20.50745406114919
65.57949255262224,-14.0960731449503
64.15276427953503,-22.02901150347066
66.33668888648377,-15.84862074652457
65.22701653815,-21.15767160523732
64.18086248610399,-20.72447342083191
63.81334970942884,-18.58373359146014
65.60276143619815,-23.53539187118248
66.26257127818553,-15.81353781469049
64.80528700248858,-23.61888277891861
64.65562002934266,-21.73260347153096
66.14088008695704,-19.06136094100993
65.59794672308041,-18.07897583399823
65.34694035148563,-20.60558742586464
64.83540992960471,-23.29425989737305
65.73316547109951,-14.91268001477433
64.11798360810506,-20.63038010882673
65.65418978477189,-23.23785391570663
65.45355984982322,-21.72779516929901
65.27812052194272,-22.32240088015853
65.2308254003412,-13.64567832263306
64.60670673337526,-14.40973440488832
65.73011237575815,-14.54400799362884
65.23961671378163,-22.41889860496739
64.85237329459152,-23.91067078807327
65.34300529130316,-21.18993945767032
65.71760864683012,-17.0634968971712
65.66512937315225,-14.44555486321238
65.38094831942107,-14.54466209893698
64.73908902079674,-23.78616224206976
65.90989806841331,-19.42375551410245
64.87347668041328,-14.43803952246335
65.84961464205374,-18.20141630018455
64.91281340611913,-22.8690363895643
65.43517203506106,-20.96271357518557
65.8540111842701,-18.25769228134797
65.51994368835791,-23.41900584568678
64.06675468482491,-21.5862565340157
65.46699316860537,-21.28041208834017
65.4218757340858,-19.82897106305615
66.07263243765678,-23.32215546332566
65.49586667484837,-15.97151208002392
65.63520320078041,-15.11611786954567
66.00374497804751,-19.00547005977399
65.84627133160419,-20.30331059536889
64.77189532913718,-22.26687024196259
65.86542744572975,-18.26192733789113
65.30514730505136,-21.74067748134706
65.9491841111801,-14.84042935159266
65.36423665447228,-14.52687517762777
65.42181992733423,-16.20039009141743
65.78013903160814,-21.51898876567822
65.36639281937964,-13.75580877759867
64.83314789619507,-22.4537214634182
65.55560824064395,-20.94011780483202
65.43890204846876,-18.22063828707463
64.40024614116285,-20.07842810735915
65.26529046828426,-13.58156192833769
65.20257093268842,-21.06162895525828
65.6150280828509,-17.80903333391101
63.93446649245226,-17.32885720470863
65.60808629910555,-17.50693699570742
65.27006580065138,-16.11413572568172
65.96569940431691,-18.96676729910156
64.99443615974256,-14.50910797271309
65.01347508178944,-21.06843710063374
65.14177114764865,-14.66578191201857
65.00352518760565,-13.98309095679591
65.29431275651064,-21.19874965228497
64.95969857147436,-23.0697849324722
64.13396521236665,-15.99345023380955
63.83013719047545,-21.03317958519582
65.44922342641753,-21.43316381506587
63.85684989837468,-21.38419373235294
64.99693702805676,-21.56506332984899
65.46012130629443,-19.82517316406368
64.70849450123087,-21.22632940977378
65.57645956996281,-18.05051468165981
65.3639099876639,-13.74633101555857
65.47390928095865,-13.85699526300006
65.69358836136055,-22.0885229183263
64.04194369417499,-22.03218004789789
66.0819840036365,-18.58809737787944
65.56113710331347,-19.96120373476804
63.82601752903176,-22.40837149142145
64.18030609662345,-15.76433602082221
65.51641855013992,-15.98287486071827
66.22764555611963,-15.29554121619422
65.80496316527905,-20.26237938535153
64.36212943230748,-21.51540727516543
65.106466170129,-21.70362987514396
64.59606747660845,-21.98223087600759
65.77498380088214,-19.82561083025309
64.83136573276552,-22.53647893603816
64.65447854724601,-14.34597053819089
64.06637012042592,-22.63555267752122
64.75771479271971,-14.38115696584416
64.91107448103918,-23.08653444275661
64.91672764205906,-22.87569321107679
66.02937649164872,-19.01408007067689
65.54470059013795,-15.39771364743255
64.75254979083863,-22.24442295286316
65.92074068630421,-18.08488253547132
64.67682435120908,-21.25351702426547
65.20155419088167,-15.90027318306924
64.94406076542728,-13.78888258049461
63.60279672528742,-20.28102623224798
64.71589721275228,-21.5711216345576
65.35284661098278,-20.86876328972018
65.56251013152414,-20.65468627547291
65.77558839892836,-23.16878229026233
66.35979894624137,-16.43546500138652
65.39949826794256,-20.59934635313384
65.26972752914632,-21.75313016570299
65.83343614770625,-16.4586864276572
65.38647743636697,-19.2459197372483
65.34349570062017,-15.78341665890138
65.3876777878029,-17.3899250217921
65.13306230124896,-22.05267783837868
65.80870978847356,-16.34698244046089
64.49273888032643,-21.94445851972178
65.42164723262417,-21.75957053382436
65.2567019868569,-16.15664990521723
65.92258700535554,-16.58424507690097
65.64358231192305,-15.21495795505939
65.7805666222008,-21.51664821573442
65.09363736329054,-14.82456238856855
65.45903815816173,-21.69677599040453
65.75909865006743,-23.41362982546413
63.7391706591452,-20.1300803192148
66.03492269406765,-19.36031778048648
65.45457331408481,-21.82035997781806
65.65689249821602,-20.19593577253235
65.35894207051325,-15.40069154542295
65.06901200740278,-14.84006763780491
65.50936682507071,-19.69218883371207
65.29433434930515,-21.08393063436585
65.0602073845784,-22.75388880463408
65.77609689487456,-20.04304317142281
65.40918434644803,-20.25628954456104
64.13930671440087,-19.70486648855133
65.24165288352393,-14.04461937004504
64.75437357399807,-21.42493755328942
63.96763324283949,-16.42173843224695
64.91127194870025,-23.55186255538436
64.25804643879225,-21.03040473284624
64.84243614112413,-21.25922600487515
64.25779706608861,-15.57763040954589
65.14817597749342,-14.7241423526165
65.25047727421114,-22.37323954445792
65.79027032516728,-18.24888530944664
64.22578475721761,-15.6895791051773
65.89621166924995,-18.28267716118718
65.06296307358818,-21.43033752303955
65.26663176828035,-22.33992311978306
64.78673709297729,-14.00606949480896
64.70823776975517,-14.09864636486851
64.48763416134257,-21.94942203866468
65.75722906240358,-21.43864530154273
64.82399823857168,-23.44294203503332
64.66829288948418,-20.72475400059219
64.75088239918625,-22.09364134541341
65.75683608357257,-21.73471007003693
64.70836298628114,-21.69329495195093
65.63942286112932,-15.22101927826101
66.03969598843405,-23.16598092428561
64.30910560207626,-15.40550623085893
65.64626746492803,-18.08474392106596
65.63312088556785,-15.13144229487545
64.81206325736541,-22.04699521195145
65.55038678691938,-14.18421813104377
63.89091779261698,-21.114626781188
65.89457147173192,-17.44882230608399
64.35041098813863,-15.38550962070273
65.43619276972584,-18.22408412373718
64.74529811329576,-20.83916693318627
64.34027433366705,-20.99708971251895
64.50355642462723,-19.92334429746193
64.89260195456832,-23.96066888292673
65.60343209440379,-19.50436798005541
65.8065022274704,-18.22919078448914
64.83559382294926,-22.79795434881017
65.30821176540462,-22.24650516349802
65.47837085666563,-23.51639186010435
65.3006031155884,-14.3333195459153
65.03997714755054,-14.90912450134347
65.00000349517535,-23.20655799335112
64.18903949661922,-21.06869441507544
64.70477611481633,-21.96987612600242
65.5649749033013,-23.91911991318118
65.3186243548037,-16.08344740996697
65.45681287036172,-21.87404263182301
64.1651549290871,-19.62822734218504
64.96880497455486,-19.57207835843244
64.91558410598361,-23.10990318103623
65.20588379053348,-21.42225402580719
64.70270540406734,-21.13801219048481
65.98740500459401,-18.80443782600322
63.65372501413118,-18.50168943797753
65.75812676854105,-21.87531064209823
65.1683542573823,-19.73762655137303
66.12440185343354,-16.4349631493026
65.29868018899907,-15.4193821426093
66.1718293655637,-18.90414708213102
64.49183858478847,-21.34159208043473
65.50415072852833,-19.92874495279413
65.39589027356156,-16.16987653485718
65.32001359424879,-22.1594748330388
64.4399311564715,-21.98218991447235
65.72059804726842,-17.78907185350439
65.29836061222012,-15.49458947157743
65.1230578656321,-14.3332830255047
66.09926767727494,-23.0427848602272
65.56571574357443,-14.4532422747238
65.39101150147812,-14.68847063904299
65.58583083888398,-20.9189228145752
64.16039213222214,-20.38818530702081
65.14928540801733,-15.75891594159691
64.78221092858887,-19.37994480186145
65.41111502026055,-19.26908362099861
64.27585926981952,-15.48369000864957
63.95206941789476,-17.43147598371275
65.01038240755295,-22.60248426599432
66.09225761646081,-17.31337581594054
65.38898454845129,-21.19240439435776
65.97751856453029,-16.41070627530963
66.16292098070672,-15.17623635949195
64.68403330240342,-21.51423136860402
66.02716717839236,-18.73814423302456
63.9025987256035,-21.36474064851146
64.25202161219318,-20.48966410221411
65.87274669212202,-23.85587780849124
64.82920629607071,-23.26020101002978
64.34829814058061,-15.24817348803162
65.77546149148458,-17.41952500749784
66.21709741386327,-16.461954755721
63.9600430744864,-17.18329138568645
64.98688156881136,-21.55658824516552
64.74840001719124,-23.82078088835426
65.63665967894208,-16.15923412241487
66.16959965076808,-15.34226935394297
65.76470617598861,-23.31461550382273
65.83598748556737,-14.83641643220301
65.8288074141002,-22.4394091693942
65.59437399457858,-21.76293816239491
65.75590752224387,-19.20317330127122
64.31811878652329,-22.09665425006388
64.84131435381484,-21.31776106788128
64.01407849723876,-16.3720453056986
66.0213246481953,-19.37435093938188
66.15043187941716,-17.24382665039749
64.83729421616518,-22.56496622685931
64.83760937327726,-14.36679529943206
65.7326122830169,-19.44884379304893
65.43250931719653,-22.2067381271495
65.50786447858641,-20.97222383872184
64.80308790681602,-14.53045873287616
65.8781397085555,-18.07759247408568
65.62663966215881,-22.65620103705655
65.52816644247044,-17.48282982839715
64.38514380667591,-21.35489138855742
65.13439754417202,-21.0608763760804
65.07859635003194,-14.05763384312706
64.94327166565996,-23.49655153437163
65.11771608010996,-21.67506451568195
65.70659756825107,-23.2065360013785
65.8018934173915,-17.25911455551892
65.51356033420258,-23.84025643016291
65.14474416990721,-14.64141513469412
65.80986669042596,-14.88317077032795
64.89367185411163,-16.42414934508917
64.82078878884835,-22.0479307311881
65.73178175017398,-18.34557380491268
65.2968389471228,-18.25578405268372
66.0460681449547,-16.58854870133533
65.301917279377,-15.23089291832634
65.19772692785519,-20.78745187728994
65.45834429244896,-21.69248007124839
64.13114790983951,-21.92441033771041
65.13781076607944,-21.08795564552738
64.59968545136059,-21.67830044778453
65.1921504903468,-15.56026218641425
65.58328697960262,-23.12716040658557
65.2015573254721,-21.44346416206119
65.77398211573123,-23.25103804816933
65.65804266738765,-23.55194184954867
64.84168281427317,-22.64227589287075
65.0289635425863,-19.61499169893881
65.03073128879957,-14.31425310023386
65.66259856099423,-18.21087372753442
66.05198530395752,-21.54672253226814
65.89624705661038,-16.58120170528725
64.02595554348966,-20.91980819514131
64.3175002342661,-14.95691548779315
64.65246220576282,-14.31759475816819
65.24827934450293,-15.5267425816841
64.00135519293023,-16.94858344915751
65.6529329752197,-22.6260378462856
64.47235195432229,-19.9631821284739
64.20270266309694,-21.46606120591176
65.4485195805463,-13.81002597025673
64.33310215532606,-21.71263093860832
65.90626121603174,-14.84060648974603
64.96688976643553,-21.54734199334415
66.24393075516069,-15.81545228249042
66.035199039603,-15.10063976245928
65.35698992931752,-20.5980101589547
65.03933422615354,-19.61633736001249
66.07806002086669,-15.11265974921742
65.54523724620667,-20.27688392802705
65.47353906465356,-23.56585875673974
65.18623043792238,-19.73190290002245
65.64522018433252,-18.02977347542837
64.8606016659792,-19.38242440066644
65.4685522958358,-20.59858564922238
64.74001622142816,-23.75767282425788
63.83040906838436,-21.67632948641834
64.86220952939618,-21.51942856344728
65.60662643922616,-17.51243347090191
65.6086503826033,-15.29449430292781
65.49722338798004,-17.44147571791898
64.7329767955861,-22.18583271538328
66.0085179489499,-19.15837277574531
65.36031815140407,-13.9117986998359
64.84588254384082,-22.33586652938137
65.31429925652792,-21.74423147469501
65.96493489084423,-18.96552143247353
65.77403141106393,-21.56510599605373
65.68942723325277,-23.19261444115928
65.5530649493774,-16.96709784518332
66.06414662610077,-20.38736243189265
65.16623083303972,-15.87031611926254
64.93844383028252,-21.06284362546625
65.36030205701573,-14.5209450190889
65.12065043619688,-21.09186975198338
65.89774445953474,-19.29162767336625
65.65231792297652,-16.40011778122759
65.76332322426767,-19.79150110230687
65.45340454921998,-14.43404824611638
65.23518155236452,-19.70555621128173
65.55063467365443,-23.11398464366474
65.77560304281461,-19.27885437174592
65.70422319156091,-18.11308329238762
65.58102234447001,-14.14410192894318
64.07027007316015,-20.79319850357993
64.93795605598666,-21.06353763460156
65.17161922350147,-15.58089996536789
64.80848621484559,-14.5695193754752
65.55767605589159,-14.03039453697846
64.06089470254463,-21.87470201181896
64.94533368067567,-19.55155723068834
66.50234853619588,-16.18128864016515
65.06869939775324,-16.37460949843141
65.17567337379846,-21.50525344531258
64.44543620311008,-21.08037745234823
65.70783570189212,-17.47887198704497
65.14680038201152,-14.50645676023108
65.40034906142506,-20.59913277378012
64.24237473578425,-21.0267529022662
66.05287582145716,-22.75202277335707
65.79349430829663,-19.27055754632081
65.56705163849004,-22.91136186488842
65.63846939495215,-18.02716288013929
64.66151290194021,-21.95529292803032
65.30474886644052,-15.33066931077661
64.14241115451365,-20.23231907467071
64.47576291788684,-19.95627213775126
63.8588375725684,-20.77307889460587
65.96670257805322,-23.0434050146478
65.48511030195031,-22.12274561932338
65.82578505440209,-23.80758610840759
65.04235136470663,-22.51270316028949
64.20991549269779,-15.72027939179881
65.2053893558259,-21.71669961490365
64.78608446566366,-14.18131559802722
65.53877093618179,-23.79445721599107
66.05196067029664,-21.56189653135523
64.21259852929725,-21.04692140850413
65.03735179258142,-22.4355655234833
65.19779287050085,-15.25020959808879
66.03422911990526,-14.91804458693528
65.4857577130562,-20.69855998551642
64.06997701530265,-20.93457711948473
65.57991262276566,-19.31938355855723
65.05943341641432,-21.51319992619489
65.5853294728967,-19.46415056994086
65.68498297481436,-22.05900335835206
65.20356146994983,-22.49529312926824
64.98791259522473,-21.05507802761072
65.13977145834997,-14.74049963940049
65.64466305501226,-16.69719004990166
65.84345070090319,-17.54091871214901
64.30028670641117,-15.41669134964934
64.99778299973255,-13.90991278231752
64.88546691242118,-23.96167753686937
64.86282611503468,-23.90784551502972
65.42839509480581,-17.30338842642497
65.63822872242123,-22.66870629757806
65.55206619242736,-20.65669020551295
65.96237636858078,-21.6024172726039
65.93017911667103,-22.5314212526036
64.87463919036674,-19.52205635867738
64.10751002937316,-21.28268541423566
65.44160627898297,-20.31681131338779
66.11427793321135,-17.25472589955539
65.27408751514285,-21.07680529956149
64.16251776326268,-22.01379972123967
65.56922839580811,-23.17859479206597
64.06529359041033,-22.65806634530926
64.00028158453885,-22.24095837427345
66.08827935121285,-20.08087409410229
65.20636421270494,-16.19598042093189
65.20728059158297,-21.39794152455082
64.53019626896543,-14.54725727751133
66.10771763204676,-23.45250486933199
63.87823950153681,-21.70243535700453
65.5153832537978,-20.97129647955436
65.75802361999794,-21.42861643074599
64.06982538411201,-20.11519156986756
64.16607328919937,-20.50324775117854
64.83303308599402,-13.95615801907718
64.80759443133925,-14.57587992561988
65.3699782766224,-15.420304016783
64.84381044135074,-23.38871821733664
64.86220034302204,-14.67428576549358
65.48380796041545,-14.58790969970584
65.80128382796744,-17.95034933596786
65.15936103047719,-15.5624579599495
65.56256283744906,-13.81869685257795
64.8937503860188,-14.6430878837521
65.34767199005668,-20.8403997271827
65.85585158417823,-19.37498210512254
64.74500982482111,-22.22812488696694
64.69961138528201,-20.77838368242884
65.98182523588942,-16.56019235502475
65.25447896170932,-14.00717860322648
64.76931112109594,-21.38181478277297
66.0079948665189,-18.78199335043304
65.4615092962877,-19.31040509936393
65.31829463602544,-22.16851153286403
65.63576171614748,-22.04241027522168
65.58812920901245,-16.22522087324262
64.1628520309538,-21.65723889922419
66.09535216306818,-16.8484694586096
63.87820796831207,-21.21410176234188
65.59757450312104,-17.77697755128001
65.00730811998125,-15.00530275850081
65.58353097921459,-17.77144696510575
64.91507184958458,-23.53472583740894
65.08068556922095,-14.33756817029291
65.6125811070731,-22.81306626233631
65.25738415322456,-14.05996505080679
64.92872023426088,-23.20678438414521
64.35902708369555,-21.77941906720589
65.92734736497026,-18.54398072950514
65.2632572606715,-19.74489023510989
64.26210758486917,-21.13349327772145
63.55095187607783,-19.79755788397801
63.57312200187899,-19.85658238796218
65.63396444342096,-17.82748897619073
65.1561624438613,-21.91055590479369
64.35978392637595,-21.5394164902074
65.54187781912499,-17.49098222519581
64.09814542328154,-21.73630236932497
65.51964398811072,-23.41959234163605
64.36016400120154,-14.92401032950235
65.45925080368339,-19.40401347535265
65.8020654720341,-17.56883643176458
64.3259737811177,-22.07770188772631
64.55925115277907,-21.41781631810407
64.85308274956321,-21.22129742734965
65.31047613320348,-19.16183581800987
65.79390823871448,-17.43422508515369
65.52398231006555,-17.47641962256314
65.61366584274259,-21.74129966574694
64.04173190452227,-22.03950788011459
65.30160249098941,-15.23707147882773
65.68042888254455,-17.57066756008932
63.98252913645573,-16.40540627319326
65.0370295169281,-13.87607802011134
65.63713424048309,-21.53963168122888
65.28228544647143,-13.77520017305127
63.84568951084536,-21.37685810550626
65.95420129460626,-18.18498964638324
65.50167666730601,-20.57553447406921
65.54517240874009,-21.83165658442019
64.63579021858513,-21.5921249394858
65.15337096051655,-21.94274720315139
64.6490706905522,-14.27810722467932
64.13193993858671,-19.64018555638507
64.01658391432638,-20.89960622172978
65.44649641451217,-21.47706924249678
65.07154162162706,-14.88531183007521
64.87231396209764,-21.52048993036711
66.27812195781961,-16.34088453028199
64.96822890769434,-14.17931103287049
63.92006634570254,-22.42149288815061
65.36676766590068,-22.03487465943988
65.23969570815753,-22.41869801725867
65.78739473654241,-18.25084254979047
64.2587670540318,-20.19785224488957
65.55692052080997,-20.65580138847605
63.85080006528555,-20.84675102448358
64.76154617173027,-23.8592011956784
65.78141769250084,-23.22552690803525
65.02142448155993,-14.26127738953438
64.10227931514311,-20.52066536050105
65.96387693683741,-23.08285490349209
63.7399046296561,-20.36014865071841
65.06304183027262,-16.19381777336421
65.27298243997596,-19.76204964971372
64.90556451543051,-22.85783505292557
65.1970620114369,-21.10161981645003
65.36620605861785,-20.19160447794373
64.18825207883452,-15.74854130059782
65.87888928018047,-22.62146509665521
65.03728441021036,-16.33638027345072
64.614417371297,-21.76175237820569
64.33471337712312,-21.83924428837525
65.01836162561274,-14.93726095325734
66.00252358573164,-22.61348581698225
65.72885940208835,-20.16465479567384
66.15182869916556,-23.20207601908903
64.30058142396466,-21.02267527251505
64.97662927605687,-13.88551829843968
64.37514171919739,-21.39580602336106
64.18656746579802,-19.39333092161448
65.00622452808308,-13.80547659276004
65.02939259840107,-14.96728704064481
64.16240294017344,-22.01148449358186
65.40661350254402,-20.28939819882846
65.76103395958181,-22.16268225621232
64.90475039342206,-21.51350574406019
65.75820672789696,-14.8485025252077
65.62443620616897,-23.32848239966735
64.73660195410972,-13.99008559137073
65.90022710338442,-19.42593577354132
65.11017999917007,-19.65907401896562
65.46068878329142,-13.85621505018938
65.1568980555549,-14.34005727824046
65.40190109884634,-20.94953345013528
65.8805124269552,-17.49201244605564
65.65250504051718,-22.02595946373129
66.01271052131935,-19.35888524178059
66.03888145408402,-19.01155474937535
65.13335032157444,-13.76742836949093
63.61760736902269,-18.02334409848356
64.40059960766196,-14.91766503509847
65.1305994964218,-22.06800008290174
64.84613976589195,-22.38150407681943
64.39144150057577,-21.80781667481694
65.57455849714052,-20.93177861365309
65.48859394109049,-17.45243572755344
64.8759723833752,-19.52307912619753
65.55677968962972,-16.00619067713003
65.56104927508325,-21.48640713486333
64.01578838557843,-19.91248340938226
65.54320428152825,-20.65807892238818
66.08706747544882,-23.00290678734385
66.21881391360607,-16.46050346670896
65.77614011125236,-23.16896677577343
63.69404864319515,-17.99608859364702
65.4481729555778,-19.21320521312451
64.0615477262738,-21.55576884203219
65.42880629177246,-22.20715924566872
65.00367483857882,-21.56734134703488
63.83688506134416,-20.32806302670024
65.99544869222267,-16.56664124288076
64.18946757749889,-19.36696267918596
64.06993466500063,-21.63315317641428
65.00769763335407,-13.99619249156404
65.07622508881049,-19.62149628711777
65.60213520779521,-18.61797258436539
65.16114618474887,-14.52980944420473
65.15874979443696,-21.09352055776696
65.94243393239546,-16.5687129699153
64.9198142863397,-13.68541004143783
65.45156977839605,-20.63584816012935
65.36325252329516,-17.26359678368894
65.7183393251285,-16.32852166774049
64.94742584847594,-23.45530616402153
64.71249940218718,-21.61631216144601
64.55994365326619,-21.95784400265521
65.58846614515485,-23.83742290795001
65.49663316678804,-21.36284894343844
65.58893195472902,-20.91350473696127
65.1627414835008,-21.88322086315777
65.37230232773912,-16.08110488312818
64.54459377299769,-21.66740813016376
65.68162484970895,-19.38391337173538
65.59751040877723,-18.03595508153214
65.61502895343305,-22.7187011094513
65.6027393679831,-20.88985550180233
66.19109006873451,-15.58222047661994
63.89582008486611,-22.05293630374605
65.20355750890423,-16.19642540413893
63.93967782625615,-17.68740220569096
65.49976866871589,-15.45924780262537
65.49129406461294,-21.95685441104737
64.3262967989531,-22.06257848445383
63.84475663022189,-22.38222731917994
65.55654286878044,-19.28372956070022
63.87419364572801,-20.31374409112285
64.34822892130508,-15.39321117220286
65.64737767408391,-18.0755796705788
65.51857463679576,-19.57011448280726
64.88024896898702,-23.96043893877481
64.19746770091794,-20.88263664874524
64.60135311288853,-14.41583279822565
65.89900681569834,-23.85268630814999
65.40996837801184,-19.82232528259783
66.07593884501476,-16.72833683247681
64.18656821641895,-15.75035121842178
64.86773913490191,-14.30713457840075
65.20824643623573,-21.28904009466432
65.47256936280831,-16.16306621495767
63.84027427141535,-17.96391312098631
65.01311486254184,-22.59555554245539
64.209167123315,-21.30094259315008
64.35351746488499,-21.4615119999271
65.78086358125867,-17.58090154152891
64.02241992382095,-20.87359350907099
65.56369975234998,-17.48197403269319
65.23252980180433,-14.59080516122665
64.8470933603573,-23.47922072435664
65.11049724085507,-21.09736611027625
64.81766895308165,-23.57407938186921
65.85973770149077,-22.64127350567303
65.4871208016344,-15.4637643572722
65.47179036355236,-20.48545668736971
63.83721561436531,-20.63027318449144
63.9131268304024,-16.74613943635806
65.77222205106499,-23.16957063773738
66.09231245941803,-16.8376975829409
64.72686478296063,-21.50334893038292
64.04023656124963,-20.54368655364214
63.96148031830514,-21.94018504685846
64.70052787714468,-21.68894742280359
64.9226858091915,-23.22302537958297
65.28361965154612,-19.02462829709144
65.43344059064101,-21.72649559849457
65.47435807942239,-20.30661326692864
65.52580467298804,-19.5186763692302
65.50861919550219,-15.45706665080668
64.15605344996212,-21.86517658333542
64.96230540019374,-21.06082452576364
66.36765469830954,-15.8664553821287
65.16287467448339,-15.83280087283898
65.2137102249996,-21.26524942660284
65.68531048332365,-20.28970527311633
66.17487539806942,-15.20455976134088
66.09862804925214,-19.08253950081686
65.71475999521365,-22.47310858247427
64.96675522942026,-23.01563110496517
64.03640802149353,-19.84585593978217
65.77372405703106,-21.59443219536585
65.18052310057617,-22.42973225274129
65.73630840633591,-17.59096128284566
63.45716602612467,-19.21790558040542
65.64604200767556,-23.66673464129382
64.80961251449249,-14.2672552277197
64.88444840876419,-14.65849989082375
65.67235690233905,-19.49572700359516
64.0369225799953,-22.07084795989822
64.9061436834187,-21.51447016842948
65.62365813317166,-22.05028147875932
65.82828639305895,-20.32108513487655
65.76090806126722,-19.64928984942915
65.91082832760927,-20.32744957776196
65.94093645168789,-18.56401830205117
64.91174207495948,-21.14803255102189
65.55814472444227,-21.48155764335736
65.44959871866209,-20.29244357831377
64.3494235636128,-20.13053929701369
65.36647177405564,-19.18806251725528
65.22703721621725,-16.18950392405696
65.12396660569183,-22.1878188650677
65.58039519624712,-24.09938746801902
65.83406670492845,-23.82077892685004
64.7702288528081,-23.62126551334426
65.99843724696518,-22.99401044406432
65.5206912689279,-23.39561648047818
65.03503817812125,-14.91438904781916
65.076998117244,-21.10530467040018
64.3058092373621,-21.9505603536118
65.41779931365838,-15.89931131418261
65.55697951621974,-23.19314637371728
64.12609304580053,-21.86862503204451
65.37042649028105,-22.02812232111567
65.88609723219281,-17.99461969254011
65.48794630629922,-22.36033939189952
65.8836666444227,-23.40038745780547
64.83365160584216,-22.90573899489458
65.12638595747845,-22.22600086662866
64.38650752853367,-21.4096734524444
63.93443552283323,-17.70383647071784
65.05836116397992,-21.45486884551523
64.09024203427504,-20.73476188567537
64.01524415883421,-16.36855156119304
65.14828986322901,-15.5515885443598
64.79340273212986,-13.94200079645559
64.48851596093189,-21.33317092153423
65.89303348077037,-22.85428669625476
65.46167689784653,-22.16926993530011
65.87375856206616,-19.74191314055574
64.79017561348105,-23.91190572230874
65.9566618802467,-17.42760754749018
65.03071122463172,-14.61031398287802
64.68781585078524,-20.75088650487722
64.50183166769358,-21.19597668933275
65.4513488826271,-19.81450642455922
65.49032797154271,-23.21696755941167
64.82824283766183,-22.97889213822039
65.15638030370295,-15.55197106747067
64.33090940529168,-21.00600203650174
64.31591565149432,-20.14749780600986
65.6902798219432,-22.07275340841089
65.18124144691612,-21.71650328801944
65.45622117592264,-18.9558576415647
65.36929573013425,-19.8038124966649
65.69228574035645,-18.1012473677906
65.66960987803026,-16.16312635751924
65.78263817354073,-19.7763619921115
65.7195828190324,-17.06654864984454
65.69502740880176,-21.69700253355025
65.67615634528586,-20.66728840946184
64.52795083592498,-21.5034909970672
64.31756096543134,-21.60410145808863
63.72188224813062,-19.93682035860601
63.85190060323816,-22.12290341075157
65.13231243333253,-19.69724529268556
64.05116788508717,-21.48428584383585
64.8325759330111,-22.54282877999063
65.01062051608102,-21.06734528074087
65.77992803522459,-16.43893827638601
65.00383243227714,-13.98450788904544
65.37406483924435,-15.88333986700566
64.38611695849796,-20.08271351568229
65.54726022988464,-19.92511748379547
65.19305532750718,-16.21518064481062
65.54809744046977,-16.17305104289636
63.84552722471715,-20.58093191592416
65.38287299319101,-21.95666755203564
65.63066837881674,-17.01334886163821
66.01437410018447,-23.5572752344418
64.34619066776253,-22.00733208697169
64.75055597961563,-14.46546430566867
65.77364861702664,-21.60298196317416
65.17413949707374,-19.73331446399607
63.99930756076125,-22.24858472505504
65.60208411075534,-20.646920118923
65.58915784711252,-19.56234962789204
64.29095120539048,-21.46086004601204
64.05667716969467,-16.1507303756225
65.14534756797532,-15.94225165045236
64.84641434883581,-14.21665462342305
64.1174192397455,-19.90599222534954
65.90466639586043,-19.87575327187792
65.65730400472414,-23.91107952958127
64.99208096371594,-16.27460389365555
65.28853002366604,-21.74810927409308
65.62784395090775,-22.52926526905929
64.32925228653275,-14.93480349157252
65.53970748414866,-15.4110190725945
65.62979418915067,-22.85192832449678
64.86822686627796,-23.57671996755467
64.52835263729594,-21.6495086907325
65.32551818985259,-15.3569658801604
65.66118492719184,-23.63917764449631
65.59728578638499,-21.35072410345665
65.26656175060938,-21.08949618026134
64.91602719709807,-19.50007473551871
63.85847318604613,-21.13657039400991
64.2224001684418,-21.22439158547414
64.59626573225697,-14.48692667330808
65.24246042269318,-14.5902884965175
65.3726960188731,-16.08246138186931
66.01488277192868,-14.89290197674254
66.14391246167483,-19.06381035636987
66.10017827599057,-20.22021245466049
65.52790474263398,-14.15997299540027
64.6760450655941,-14.38627632280433
63.82171423238022,-20.07263615641551
65.43930451118646,-19.25049907917305
64.16646470026018,-20.71884656542943
64.20177956370648,-20.80990980647215
65.75104899344473,-20.25324128267852
64.90049695352668,-13.87577843855003
64.94039350005107,-23.37891842695728
64.975103489302,-19.57314526934348
64.35140428336365,-14.92347844233312
64.62123123448133,-19.65019923295764
65.14872792638782,-16.21640859973812
65.13311448743848,-15.94494465275854
65.45233386756773,-20.32908274738594
65.35137689122342,-19.80342274832235
64.85071075495783,-14.67374653137102
64.84646674943664,-22.36084358053651
65.1506817948052,-15.75443955561702
65.93538789280255,-23.43975607316445
64.43585236148431,-14.65185925861996
65.18637027530744,-16.22965488426153
66.1918879232056,-17.00371828423296
65.3243175963366,-19.16601047951976
64.65450430788907,-21.34436332716325
65.32049120120601,-20.88358036553944
65.38888393392811,-20.6070569373687
65.54321277539208,-23.0133085951794
64.85766861454348,-13.76324416606532
64.72670388137989,-21.59854549769477
65.82193158338497,-19.68600318768373
65.60218565785765,-23.54050025159266
66.13011646234575,-15.15638017478036
65.34793449301468,-14.92912228169305
64.82480361268416,-21.38395956817227
64.69190010740782,-19.50656627047385
64.83731696627635,-13.89201371164335
64.24497418436806,-15.6764444221439
65.9340976278193,-23.4403931829229
63.95644423685572,-17.48910069583451
66.18068489706856,-15.48746979639594
65.61579042747425,-20.84866341756641
64.89758088707593,-21.18780578429599
65.54840163348098,-19.54165461460565
65.5351483144486,-20.94776145321248
66.17631195776848,-23.37078624051192
64.29128777124915,-15.10518321357952
65.45926149208158,-20.97537344636363
64.40462876445775,-21.56964048509856
64.83686847301162,-21.34809773388504
65.05565978116947,-21.66960313209897
64.80690123732022,-23.10784582280215
65.47086423616035,-23.58142503746759
65.46160581655484,-18.90139906810368
65.44112554398933,-21.48157321546669
65.66383892335777,-18.49314855183598
65.00597057843758,-21.9021934813186
65.54096095639473,-20.22844772852207
65.0099912411229,-21.80764264766423
65.16557970959595,-21.09570814268235
65.63827979501788,-17.83441012543654
65.51616985982048,-21.97960322093525
65.5190207310924,-19.64720356357909
66.10138495729002,-16.89340963003794
65.98337480811752,-18.52962894303344
65.5892863228054,-16.93883952125787
64.14572704090973,-20.71316205816825
64.22673626737057,-20.25106152558223
65.5921853243212,-18.51949854777112
64.74801534725798,-20.85224023951008
65.66334637637422,-19.08564694443636
65.24300507191953,-16.16715812249337
64.7985345279665,-13.88771291767569
64.31145568309827,-14.97983509311117
65.78556464697327,-23.20078728991328
65.18409437054677,-19.73161301694745
65.88152093006205,-22.58606984953041
64.90536456875081,-21.1816556564234
65.16309228748602,-14.14685676031313
64.76922407520054,-22.26694861721842
64.32283422137115,-15.25522625149942
64.7944406140113,-23.63820027438873
65.06853881423913,-16.37438890166089
63.8622399179116,-21.68772528336842
65.65147191351173,-17.5492932026386
64.90931455790006,-23.56040211533573
64.09549225970203,-20.17678636841358
64.12262671940657,-19.87056107962355
65.64380781760826,-20.7668208703251
64.05961235944007,-20.28513089073573
64.36100507030017,-21.62419447200522
64.19390063526377,-20.49610919834724
65.73182814866331,-22.46273294384778
64.77778555292795,-23.89475309335767
64.92459486781725,-23.81688768194693
65.30563021091571,-14.38994954528557
65.50057783499386,-20.67719054136522
65.12276029567514,-15.43288264518845
66.01844058815026,-19.01188720472929
63.58875639855849,-18.32391882137759
64.82256010541893,-22.49262311574827
65.64448947215236,-16.66320986204147
65.65266461733638,-17.53250678550283
65.52457790617628,-19.97317953166606
65.88263655234869,-22.29973353127907
64.99967115003571,-22.8314563311335
65.63389016405853,-23.73073403735514
65.20215194361361,-21.82266853290285
64.83738912942017,-22.77374697328338
64.92185328575944,-13.88713989996931
65.23732647946157,-20.83510293803972
64.84126832736217,-13.80154480950571
65.7192926661894,-17.77053618305785
64.8306988639749,-13.85047264804788
64.93249227978013,-21.07936542829919
63.99464326204811,-21.12241629687138
64.09031882054855,-21.01104658545466
65.54449484683165,-22.47678985255278
64.74102833051438,-23.75205019697159
65.63581515767302,-22.56368982303099
64.60092926472072,-14.41662987031259
65.1023169368534,-16.13446107079572
64.92393043387453,-13.87168885154613
64.34202427423224,-20.13266883963183
65.62324264994432,-21.39701497067912
64.84947760014353,-14.23483490054528
65.56111428619364,-24.16700792153923
65.40781213724152,-17.38461362532443
65.2026593182971,-15.24500660848363
64.96435481112276,-13.84070962836886
65.79818975860124,-20.26017816249324
64.80717508386357,-23.01232584117351
66.26614103905257,-15.1314586763603
64.6582889975324,-14.43387029079412
65.405212320296,-19.82088752661552
64.86813359062249,-16.45342580147127
65.24270692126692,-14.59006030735097
64.93239655742424,-23.32948832686881
65.74134178705174,-18.31660076006264
65.5614047146693,-21.31162087487269
66.38615941021241,-15.87754191756353
65.5441267038136,-16.16994980971028
65.86229342892733,-21.28539210226827
65.56699406728828,-21.48109562004779
65.22217291129803,-21.24348198535445
65.77316170720168,-21.71289763554426
65.39114270636179,-15.43115955304618
65.48861742123549,-19.86905035724432
65.30707574541583,-20.68855763738476
64.95214245681794,-14.14170285729816
65.07390062910386,-13.66502970474532
65.72975736609193,-20.16304401362993
64.56096042336786,-21.7153645117741
65.05984270514257,-14.91131039829927
65.18884671927921,-21.09638809906546
64.24271907386175,-21.18502295612732
65.41489986717382,-20.94709028124034
64.76350178174965,-22.26567101073195
65.33844052789833,-15.72591301714614
63.98990292351954,-16.39269595431108
64.95894721940799,-19.56493360722366
64.9995214400644,-16.26103299796033
65.46529926379225,-15.69278348897164
64.75313588291286,-23.83497488800687
66.10052828814815,-16.43993611695711
65.05266613559947,-16.17010034941038
64.03271138007663,-21.83299963695268
65.55856659783693,-15.37529867696324
65.55865059414272,-21.45053288658139
64.824056474783,-23.96483531504556
65.7582329926496,-21.86191789896071
65.17380678446452,-22.42071574917979
64.25275440094208,-20.48845342620872
65.00594246830235,-21.90151587674758
64.81270797316475,-14.63130180919915
64.25302418125649,-21.02533133106991
64.01141920841106,-21.23587222398594
65.55828933331848,-24.24662536841826
65.47289251357711,-17.43822482384671
65.67305466015439,-16.16571143139388
64.95857860485788,-16.32919197791541
65.02249295972251,-14.29367931705462
64.11843013065034,-21.44099514592133
65.54699404381093,-22.20345004812541
64.95765374242238,-19.56333784132749
65.3051237776867,-15.34787310712362
65.20852120808333,-15.89806531663472
65.68275710161826,-16.38416297802097
65.59337389699265,-17.17297303756533
65.00282190689792,-23.19775927398562
65.54067494522265,-20.41090444078016
64.86988175603753,-22.18665630136981
65.53790142111264,-18.13050522395744
64.39643944799978,-20.08608061089713
65.92102228757041,-23.43805741425967
65.55341737304741,-23.96398750315191
65.51790460351022,-22.47964057950849
65.47421903618307,-14.27819209858152
65.50123746440843,-20.97643995348523
64.70569328009844,-21.97134706300486
66.00896838105781,-16.5756074385917
64.82698946070091,-22.0378384711112
65.85161197329937,-18.25673013991777
65.91498039527299,-22.34124684319887
65.03751142083524,-22.44808233443884
64.9712342333084,-14.62613322434402
65.6440803306832,-22.03015208993857
65.74456288144368,-21.96662899724311
63.96177339574624,-20.65815326997474
65.77616232786669,-21.72876292439821
65.37925011543447,-21.94230831470681
65.91923200104553,-21.47350630132463
64.83006939987555,-19.37569077753151
63.57370531435565,-19.79824076633639
65.3811573666798,-13.72466817522492
65.95835013897856,-20.38918505093643
65.75615231371712,-19.77069223923557
65.54182107061578,-23.02021363492332
65.72806260918264,-18.31178687647622
65.65532615342754,-14.44158791803668
64.06588058841419,-21.72222119553678
65.34458829974253,-15.00890520830589
65.17304481188901,-14.67377432625396
65.30148584007748,-15.88721800645756
63.85244150561311,-17.8870422560895
65.15098145934854,-19.72308054202266
65.81198330206266,-21.32086834409393
65.97560726624556,-22.78060822427575
65.0955699244711,-21.7222209500925
65.66699079289113,-22.02878929328043
64.933713593836,-14.08770300563701
65.68016893412361,-16.17290393337317
65.50471418518774,-23.68461663868112
65.55078453788595,-23.13896989678834
65.53903369555947,-20.01417295847326
65.18332537600836,-21.48355178500736
64.77072951943842,-19.38138717460471
65.91802542651867,-22.80962591193765
65.62127566892916,-17.81217928675689
65.91918302046756,-21.47325050731197
65.0964451815548,-14.81949313207627
65.2203381412335,-20.79918675309467
65.45608661518109,-21.8468768275167
65.85382496679632,-23.83270971259206
65.02588329176942,-13.79363203202555
64.11290334364521,-16.08932590566916
64.75032391018583,-23.65466624775755
64.10924560666349,-21.6214818419595
65.79260992888625,-16.44246713273855
65.5371043017132,-17.47000600392646
66.15186735213565,-19.05750760013542
65.53183405911648,-18.57543922841629
65.58083696507276,-20.92684295231289
65.93985581153588,-18.9302353511705
65.4337228573739,-16.19669854338475
64.431689901698,-14.687463148851
65.79161868522796,-17.88775070793475
64.16798140770102,-21.69760787620062
65.73801980371681,-19.41228473147667
65.50631188388614,-19.37313351660767
65.49220494416737,-16.18478461352722
65.76802537351993,-17.41277146559524
64.30954303460376,-14.98478997774689
64.9591342857117,-14.16912436552614
65.64442027178195,-16.66430245122179
65.46366034742616,-18.81046468752033
65.53574446427841,-20.16738763728679
65.46617249524523,-18.91361848336615
66.01548946229296,-16.41491039154529
65.15510781719048,-21.93435496348873
63.82827309333618,-20.10853505822292
65.17484917079217,-22.42258617671073
64.04697801672032,-21.85324620920863
63.74461911818955,-20.19474703691559
65.7825929902275,-20.00424512830074
64.02730333833053,-22.10367267262935
64.98695663744903,-15.0622286878773
65.55292789094283,-15.99920273053809
64.6572769634791,-21.24506735912571
64.82475232165753,-23.21738242769656
64.7395947151557,-23.78932212253994
65.60474940960457,-16.24204214502488
65.49500625894619,-20.57621991989012
65.41822939244325,-14.39843557120936
65.60141860563802,-20.89296889061081
63.76254417182097,-17.94392952001514
65.58460170201714,-20.65113755639989
64.99992413520565,-23.20673919248443
65.46840253260996,-18.70881921415944
65.62089387406515,-17.50968292358701
65.55821315697303,-20.13417864073426
65.23481784915714,-21.08067417066137
65.18452889546123,-21.47997624955764
64.07668590336789,-16.11062611695539
65.63300782177772,-23.43983355721745
65.24309516029764,-16.16704700538471
64.81136121547138,-14.59084094601493
65.5248989009925,-19.79922151340626
65.17093126606477,-15.90963233754289
65.4385579372677,-20.69319170028857
64.60048222702083,-21.75202197287127
64.19567526752444,-19.31110706255474
64.55903863769674,-21.47845156857642
65.92029252099543,-21.47677637590901
65.48999528885533,-23.46178731533522
65.20809732463572,-21.28986357256502
65.75047363320047,-17.13995616298049
63.88070557449186,-21.23250356600881
64.8334027523168,-22.9086043878454
65.28562690887415,-21.74847353349943
65.37656975980553,-14.70646143562084
65.5132105326692,-16.17350664514281
65.65110539446373,-16.61340158763914
64.28323121518797,-15.05015865534368
65.47100031387221,-18.1534953935952
66.05684426204303,-23.52385053542919
64.0648481224321,-16.13746536361913
65.96628498982147,-16.4125039235686
65.61497194699335,-22.71927247428393
65.179227063296,-19.73510148577842
65.03029503424585,-14.66397363714742
64.07378736634999,-19.7638901018964
65.68356255786965,-19.6056107140583
63.7713449840028,-18.4945484039236
65.43887934529937,-19.18924299703001
65.340589287893,-21.75055052590131
65.66987449530868,-18.41539809917453
64.67593600060569,-20.72401090423068
65.43466269137095,-15.48250769937652
65.56498550587116,-20.65417965302497
65.33761301499437,-20.8966759556766
63.875213705069,-20.25866124459918
65.73170234697945,-20.16067945802377
65.28834222519215,-21.74817578952516
65.03687534379772,-22.54258141056232
65.59746077252802,-23.80499025248085
64.42236617527197,-21.94434603816511
65.15469361465384,-21.55032738886767
65.47068333745335,-23.60592374681036
65.58469282301942,-22.49700265105363
65.56046494367374,-14.30359241988499
64.11284250830886,-20.175316910281
65.27772877888341,-20.75873868405203
65.04991449518229,-22.30726597059923
63.87473811440287,-21.75008210834645
64.72900343486631,-19.41477160365639
65.56630746659741,-13.82348840504999
65.36200279025701,-19.16319846619315
65.56198804905833,-20.93544058336837
65.9418790695879,-14.83809196457742
65.79291774143626,-18.23150040456464
64.42685085346747,-14.78881257828358
64.0727712688731,-16.11963268468462
64.98155848590284,-23.12925687817259
63.88076907085836,-16.68664999928974
64.03409743939137,-16.29169620275546
64.3334977986219,-21.841830862292
65.29046452340415,-13.83540535990339
65.78953165042007,-19.8432538850637
65.54136346487019,-20.23570926804918
65.53582563728196,-18.57307126672643
65.19398719048958,-13.99573775950644
64.63288559410982,-19.62723174477242
63.80940230790638,-20.14558452902209
64.91837924825039,-22.25411972844533
65.45458841024724,-18.96444876389548
65.88260188844065,-23.85877375686058
65.25059367173345,-13.60945506913513
66.18782502824271,-15.53205979805742
64.69672051731477,-20.91618563673348
65.8318064751907,-19.68688578546452
64.28959096530869,-15.13672471368301
65.01026964317106,-21.80502616120757
65.54191433007995,-20.24571351597302
65.99696190967545,-19.96202215897364
65.77622814059723,-22.2129343090957
65.52390547788274,-19.81299955385261
65.10715896768521,-21.09758237571829
64.74208522051377,-20.831394231937
65.46820104335742,-20.34886348088876
65.92609420220248,-18.31297180470507
65.64683726537638,-23.66216923583809
64.74991781785437,-19.39480021060611
65.69271414943671,-17.02548669879855
64.98620709185894,-22.64683946718051
66.01081876191076,-19.39481072946045
65.61405446469588,-18.60269737199243
65.88075504002776,-17.31895198562305
64.25972456482477,-21.37151140602034
65.03853650581462,-22.47020408406028
64.88702199376685,-16.42829501490701
65.60077427637226,-24.00885572987778
64.69982073377206,-20.78001486678083
65.08543054084015,-13.84736846563126
65.67756821860621,-20.67315997339166
66.0311443974704,-20.39908958357362
65.8179222926909,-21.31480920048166
65.69339103962642,-17.0265203590119
65.37883755436513,-17.38815782913219
65.14120026865193,-22.30506331589765
65.29773938940436,-15.42313742113092
65.59793982309867,-16.23607187807891
65.0635489454331,-13.69253139704362
64.94430564250938,-23.49483610157162
66.1569989665972,-16.4602061295946
65.50578794337876,-13.79690355036911
63.94623168006157,-20.96881748311656
64.22807516436521,-21.35136172467268
64.84277883637809,-22.65157989552995
64.40282921414753,-22.02630063960539
64.39308326983362,-21.79636031560356
63.99369978752101,-20.06504094181913
64.7598928469604,-19.3856496991583
65.48150868270751,-19.42466888715681
65.18645504006732,-16.2295697547778
66.14107726945612,-15.41257532544653
65.39521496219446,-20.94708981006594
64.42634100265776,-22.00934579902616
64.48333072926496,-19.94615678049366
65.37221198161478,-20.90961593014141
64.82120384126556,-23.55629462079828
65.22336368304126,-14.34956412673805
64.03487780171818,-22.65211289880552
65.45438506753287,-21.72271174418701
66.14743212500305,-15.16875819444216
64.91081367708044,-13.73937751582963
65.8769077088536,-22.42950711099481
64.05946393375474,-21.89712663222948
65.03449080787375,-14.91510000150532
64.45620388713985,-19.99201913716711
64.26414227441987,-15.51993277374786
63.97795148513874,-21.95178532986225
65.6466001724535,-16.129031918779
65.54754775108802,-13.82399443680319
65.2957818146595,-19.7889733207364
65.4432008485884,-21.7909652484786
64.44406105187603,-21.07090892217678
64.93420387290284,-22.90101352521234
65.77583591729274,-20.04425729865313
65.30087887865689,-15.24399310254079
65.68054859449137,-17.01381974114426
65.69918663769234,-19.38162289927164
64.97770575877621,-22.5732297364092
64.80898321800088,-23.00399329364925
64.36384953349308,-15.33285103322032
65.88792861926977,-20.30980711110622
65.40892920317316,-20.29388080845562
64.25437640148361,-15.21491825223128
65.47373775877635,-15.95004605635019
65.73639684959217,-14.71482856976598
65.17338580404234,-15.58031154843869
65.14248144868544,-22.00590166250637
65.10844263191896,-15.52555795433313
66.18498646505861,-18.92290224448445
66.09094582733616,-16.48474117811863
64.86774945126737,-16.45339987056903
65.3265353549982,-16.08189631034864
65.55206915852274,-16.97261735005501
65.81204115561111,-19.90601413431015
64.67701578799984,-20.72453143590741
64.83949076886859,-23.43395488057354
65.58941405125056,-23.18475466020265
65.24622689163236,-19.71459121147521
66.12256934395548,-23.56862581134449
65.25479316089495,-21.08856968096641
65.12796572933982,-16.22648451450756
64.6002982326283,-14.41844569024966
65.65275750348101,-22.0260192810556
65.27766644092536,-13.95097444693672
63.83931138600891,-18.05715240161897
65.0556336112927,-14.57350340089656
64.91940548661147,-13.92085325670793
64.97417467903065,-19.57302498798263
64.32211394935295,-21.50034445407149
65.6609079261404,-22.58796118724577
64.36464272492327,-20.10309192968242
65.12760282045635,-21.63804808653747
65.71067370635909,-22.13614958304047
64.2161258908228,-15.70942913951265
65.5717750489033,-17.06004874511758
64.16464176737841,-19.62197963272997
66.07666945783757,-15.10797411276376
65.07207397877443,-22.74467226534842
65.20587762501926,-14.61114323255696
65.4183609852378,-19.82636037815825
65.38752866204148,-15.8836079877043
65.16307200883129,-14.14705818723401
65.76264760069591,-14.81938570712949
65.6182268795551,-16.21880456654803
65.3744452448611,-20.71982244715604
65.5081488472443,-22.47161379451139
65.72656710052316,-23.16594166561921
65.45376149146556,-15.82745149751417
65.03768274280563,-14.2072190298086
65.00839113551449,-21.92390863533691
65.52869239412391,-21.85005912810011
63.88002397378686,-21.53133035670363
66.1803266815798,-18.96391590381119
65.42199356123943,-21.21965316951124
63.81436175918551,-20.34590556046045
66.03953333024896,-17.33223294113433
65.8342755463994,-23.46612934460244
65.25888854910906,-21.76193999272509
64.80772486766563,-23.00901654432122
65.61816295374703,-22.70562523278858
64.437419717143,-14.50613042277724
65.3643134768995,-21.18739433172379
65.90261316760092,-17.31312299873153
65.68313236556925,-14.8737043753025
65.47973104932045,-14.30025486286246
65.24547542888426,-14.02968844640077
64.19579135534975,-20.9742904039085
65.66950249353378,-15.08486985160597
66.16909033116082,-16.48527408362552
65.04427116523618,-16.16165527410093
64.6534208091078,-20.70631656990654
65.7327336370819,-17.10047001196848
65.81950100851705,-14.84163852459941
64.64869791912847,-21.43093783371084
64.03099698281588,-21.99608599577261
64.43992709655511,-14.50267671347581
65.54230548395037,-20.25289340022137
65.44860418685833,-15.95612171170901
65.930228957804,-20.36098483965486
65.54602258162713,-15.99156478383131
64.08216270855003,-16.10724707108874
64.10324382490822,-20.34569250009875
64.77688515970806,-23.89272324885213
65.69455627920179,-16.19594789444129
63.86598099446975,-22.31707509230632
65.94773436484013,-22.93442619151141
65.44657790602443,-17.38252162842835
65.0809334686428,-14.03982910435629
65.13891156450933,-22.02509409431444
65.7329815190088,-14.73250936556689
64.22512433786885,-20.63022400794929
64.85151015843262,-23.91167956952292
64.12942946751421,-19.65406800328545
65.3717442730847,-14.74590869050537
65.00312064276234,-13.95260524855949
64.17248819310186,-19.44922676711079
64.41351076683172,-14.89989252399484
65.48620953687745,-20.36317163809952
63.91830605161029,-22.69419227380432
65.44101931409715,-21.48143617469707
65.53062661576124,-14.3575663835639
65.49106749341338,-23.30873532927853
65.27241947814599,-21.75213844580326
65.64616546688059,-16.12881596450811
63.94178575728596,-20.53356619358668
65.62298724408922,-17.24552642875361
65.00816090565854,-21.92215195100079
64.20639711374604,-20.78453661094005
64.60433381904203,-21.50081630481002
65.59247057641123,-20.90282652625476
65.58180498880925,-18.53801811661032
64.8629758827938,-14.67448143189012
65.66195260779683,-18.03508745847634
64.83429811438381,-14.34556750735721
64.40078800964113,-21.5419588607537
63.92373486495654,-22.48090195030937
65.20091977525371,-21.44649171851997
65.93675986032491,-14.83468290103573
65.81034847407321,-17.97759874718328
64.98996073562105,-23.12553880743231
65.3518100709387,-20.17666733424957
65.64422053257447,-15.03626686346765
65.76190165363772,-19.78786080327658
64.52574823429444,-14.53117209375225
63.95148107059654,-19.99493232635511
65.26248404889724,-15.89561021868231
65.20679707346142,-13.8674230364617
63.95895965684669,-22.71765454791309
65.11862652594546,-15.4444378241879
64.87648565019448,-21.51459602324199
65.25341995717338,-21.76883085834933
65.70857220864289,-14.40674482575579
65.72344689644054,-20.17728478612727
65.12780602100062,-15.61900576458764
65.95302678947589,-17.32168708004342
65.58332556218305,-20.05370589356898
65.61428491549728,-18.60219117391163
65.48104029208353,-22.12883962101406
66.48615930119219,-16.23643460927323
64.83188325465282,-22.53921817446939
65.35139604693417,-16.06474388196112
64.86863479697108,-23.57802022428417
65.10961040965061,-16.31359240152643
65.64325868025948,-17.00025204480818
63.98911502814491,-19.92370673197718
64.71025412850577,-21.19417150330014
64.1328360344021,-21.83832653384948
65.73658665376455,-18.02288458081474
65.57586343096693,-17.49776598065448
65.03824673137106,-22.53877853587621
65.53520485058736,-23.74148330766904
65.83660843301367,-19.69087128332058
64.31210094601103,-14.97816556881845
65.31317778633027,-15.87816996911978
64.88080542318164,-14.46080509899223
65.14667269351779,-21.99090981019817
64.93035904693566,-23.50837323279595
65.90744727922208,-22.98605171502476
64.53705570868682,-21.76356235699269
64.81305602880654,-19.35360983040519
65.13024967986021,-22.25653649705856
65.68053951133206,-19.45901425594966
64.84269987602701,-22.65100433567382
66.0874104469514,-15.16304295358426
64.42482356238445,-20.97085585755848
65.64790233255725,-16.36857391701722
64.64862802526257,-21.58604381149139
65.3429040940922,-19.79727062196694
66.31174078232625,-15.99992311090715
65.61500334730837,-22.72001331164403
65.54319610041786,-17.49115125496027
64.43758724196579,-21.60687221577558
64.94003327781408,-22.22936786867689
65.06946467210079,-14.34381076477683
65.52854168992495,-18.10337809937572
65.58971027280239,-23.12938707783104
65.6613285629654,-18.50026324680671
65.20847755227143,-15.24248501089595
65.37707477755512,-14.76578443950884
65.71394607783391,-21.69270099773521
64.93859574905242,-22.90254633020558
64.13016109371821,-20.31687697794213
66.12717841403585,-17.23559931260629
64.26418525937687,-21.8334433466638
65.54955428445257,-14.19152855074963
64.87539448952637,-14.66703107198345
65.58610047003876,-14.40968237031272
64.21068384658153,-21.48532713467664
63.96781286886098,-17.15102445791129
65.52992419186646,-24.45363743891596
65.73850915750462,-19.6611857416948
66.04729167555874,-21.50788547608211
64.86293165895789,-22.18669706937703
63.75673055434376,-18.4898195967955
65.00025615114795,-15.02067147702158
65.70578509894537,-17.66476987044209
64.93098930661715,-14.64289342039895
63.97748696342707,-20.9243628615536
65.18388709384769,-21.48182866469852
65.03866316537179,-22.48985548973485
65.9022308373443,-22.41973610210617
65.2054423428656,-19.73482312101406
64.98172510648293,-22.83822299114183
65.60185976032443,-22.10961574588821
66.06443642275133,-19.31954721434391
65.41088828176828,-20.25853668377527
64.40641019462554,-20.98042781208226
65.41677130470603,-21.80731274891277
65.4551393781132,-15.61759221283504
64.05037239926503,-20.64796774527318
64.66361003444868,-21.27463457640845
65.74205576669064,-17.11892035537733
63.9388662864004,-17.6930590076178
65.18322524448784,-22.43688501306087
66.09723944071231,-19.06618288158123
63.95755924841545,-16.85887817987201
65.31350129946131,-15.65626968275116
66.09609353785267,-17.29842449566708
64.49443470095247,-14.47270379651415
63.85048567574558,-21.98176993575485
63.87693817208763,-21.69832101840154
65.66823398988629,-23.24075639556104
64.85844848684468,-13.76233098743014
65.44403639485527,-21.2465800024622
63.82645445984398,-17.9770884991664
65.73464613634931,-17.84014096079299
63.97873024383273,-20.92142011994786
65.70160694629992,-16.21408942571335
64.65529650164231,-20.70640436398023
66.03467505006954,-15.09962801910103
65.20881537234385,-19.73425268766695
65.63777389691533,-15.01774407850776
64.49043203961466,-21.16533717913186
65.85601058284742,-19.26183835681499
65.84303798645755,-17.29617882463748
64.7227048292334,-19.45522469767984
65.36455637184449,-13.77410305399716
64.35542001815381,-20.12068498882252
65.36524858229669,-14.82566411374723
65.56361795179753,-18.1032992018137
65.46019392596354,-15.64125557517072
65.55006200695097,-24.20810374151286
65.36916198423823,-21.85062497667622
66.04780388797033,-21.56790381776717
65.45013306328381,-17.38780407329556
65.93650034560251,-21.3215454277807
65.23322481865344,-22.44230163279911
64.67734446148361,-20.72493072580053
64.88113551927391,-19.43839595806046
65.00398315391242,-14.45546074923802
63.95106898536945,-20.07725276909722
64.87588468365567,-19.52310909570809
64.9054916393306,-23.57487970267035
64.33436664993796,-22.03103696321006
64.4277280174626,-14.62031183353151
64.93796039031233,-19.52215553637282
64.1721488138651,-20.45064229327043
65.32684826167754,-16.08152819522734
65.62533379166243,-21.39740731840046
65.82564808284123,-17.89335830881985
63.90891579204283,-17.72525668179513
63.68590521771908,-18.00025442347925
65.48933484114423,-14.29863420644775
65.52653980361903,-22.01960325422811
65.30524637209562,-21.74062615024024
64.76773727641854,-14.3979426109404
65.59346075966646,-20.08586130572981
64.9870574944625,-22.65143440592392
64.92053140663879,-23.08617895952756
65.48018072147725,-18.65754482563969
65.48372480443115,-22.12352654804693
65.78889005189959,-19.29964399219499
65.58092480274233,-14.119815413319
65.7334732772829,-18.07393385156918
65.35032031478542,-20.17738945784599
65.94826173941773,-19.41190365349521
63.9465252935371,-22.43048185483703
65.44419502883443,-13.79559174895761
64.79526467941079,-19.3559281936999
65.163362214033,-15.30975964259824
65.568200502357,-17.0410387730733
65.2648809987443,-14.36458459084743
64.8647406741026,-14.28745408954665
65.48935908252506,-23.2766398414058
65.08611583926186,-14.76822999832622
65.12921567906875,-15.63003849417201
64.11638570611002,-21.14457012464981
64.88994889209394,-19.50077495240093
65.51545690527082,-21.977752121555
66.09770986971022,-20.23916415699304
65.17207200680349,-14.29443252914294
65.46657851130688,-18.77880006583001
65.74407070729868,-14.89185400541224
65.07773432012938,-14.86353610317583
63.82687850809918,-20.41279149854112
65.42756486252254,-22.2081198354369
65.18178432864727,-15.27354500184029
64.65454228906678,-21.28282118743632
65.88505758829048,-23.40957474891374
65.24028164549979,-15.20918964681103
65.65930190178598,-18.20985120754253
65.33917244432949,-19.10528114371364
65.72218726877729,-18.19015450595756
63.88389714422723,-21.52135613942902
65.5866050173255,-14.22108848567461
64.89392643220552,-14.51631364244757
65.23702647749188,-14.51443874436832
64.25718214184974,-15.58330563194688
65.2297292473272,-22.46119560288473
65.60215142381492,-23.54030288052922
65.02760495848995,-22.75299415396693
65.00652767697821,-21.88667147413716
65.76382247596842,-17.87787359466545
65.945076592117,-18.14104749842874
65.75738215869805,-20.10065362440426
65.07954921379131,-22.72319306932083
65.37125265718798,-13.72332479869211
65.43218641162923,-18.20658261602243
65.45832083255534,-15.63300795280207
65.35286552354947,-14.94899752909576
64.90992855763061,-23.09567847235329
64.80544364586805,-13.86314995041396
65.62579644245113,-16.18621373321
65.49604829667108,-20.35842508330208
64.48807149007442,-22.10943895854992
65.18492791156719,-14.63477705783131
64.8638097359874,-13.76127907794213
63.99831711110604,-22.25816410863285
63.88304656681277,-16.62996120548584
64.5436207047735,-21.97134690988107
65.51436314289961,-21.33115514510081
64.44789416135926,-21.53466893468291
64.62225299699537,-21.36492474417267
65.16800560697844,-21.51994257697649
65.89064786195661,-18.27688547601431
65.59471638596295,-23.77412914309662
65.5119033426781,-23.69169686658029
65.99116813718216,-23.43667063878593
65.52759699878037,-15.43459366465128
65.53501633290948,-23.74075043425793
64.38601288308578,-21.35575264824683
66.12324109144323,-16.94560785389921
66.02215584113395,-16.42135196293149
65.37108429062282,-13.72322601482925
64.99346610138764,-22.66769110206661
64.880011173626,-19.43472002623012
65.45511985040635,-15.61737430786155
64.17688128182235,-15.87871896629544
65.23186017331423,-22.45151251960561
65.49019230936494,-15.96809717235029
65.89697163660699,-23.85538043452926
65.13870405407239,-21.08782567572175
64.9135444239697,-23.89410741173014
63.87868291829226,-22.69041952784528
65.64219842347273,-23.46323608194276
64.08933604979848,-20.00226348577948
65.77868310891058,-17.58050152524134
65.40987269997767,-20.25715193544598
65.06615894126456,-19.60958032085036
66.03222352499307,-14.99442399608265
65.74202818304113,-22.05711378267974
65.07224799780353,-21.10893201755369
65.35970964639225,-21.80097057685524
65.43650000545837,-14.31762707007139
65.17792469762395,-21.71517467590766
65.39088980921505,-14.30758217111516
64.17059895370434,-19.45195057364417
64.83264885474536,-22.86130877560166
65.03869304982592,-14.63716857297206
65.01498520472714,-16.18191268386879
64.93246665335232,-21.54665009388814
66.27691107478928,-15.80694262269877
63.55740512852317,-18.19562115685949
65.15190247554486,-15.7343457332028
64.64971097460709,-22.14477233474217
65.55763893708753,-22.37634930801134
65.72271055510141,-16.40468598974069
65.98640530359995,-19.411517794567
65.005138132023,-13.98915909652152
65.31311405547116,-14.4306475992278
66.02977224766585,-22.67384787483349
65.48885834653467,-20.42632853803508
65.78265134041594,-18.19640972082837
63.55882529418621,-20.14584112124746
64.74975549383555,-19.39504782891242
65.13129957505048,-14.69044215334758
65.60559979232562,-20.11752338893783
64.80043116827008,-23.9268595532566
64.40983931182726,-21.63020764642313
65.07958916222599,-22.723386345932
65.55987349920838,-18.5476651743393
63.95690245537585,-17.50937493535442
65.15453754311585,-15.92521431533331
65.66118386241551,-22.59998868635384
64.51779213863354,-22.17093569785276
65.70845869403985,-14.40667496122627
64.94518319203992,-23.40861115066713
65.46796105579514,-18.69764370099701
65.02064673508677,-14.93311657301512
64.16426323579734,-21.58583547768812
65.52537047428675,-22.12136081756855
66.13890603338847,-16.95456017357838
65.81482939928227,-18.60781593137092
65.42301742115048,-21.75418303479827
63.90887192794157,-16.56104331711106
64.22930744411873,-20.71738967676598
64.64407438817702,-21.75992640493271
65.92397886704435,-14.83479821102148
65.54711756870906,-23.94733887185319
65.66165307873182,-22.59763413647089
65.96343322766039,-16.41250404547823
65.30684874436437,-19.06176780729146
65.00346686695406,-23.19459144656688
65.40353412579424,-14.54035925454324
64.11527651290255,-19.91710729344508
65.28195080075352,-14.00608700647433
64.52926073373784,-21.81154468270221
66.0508348917808,-21.54083687819018
64.17139057746027,-21.59223508792656
63.55752975718718,-19.93846103815587
64.86326055062108,-14.41693545862876
64.93662331409064,-23.20357526981912
65.74530107731464,-21.35620953478443
66.0798724458275,-15.11886414043968
65.69094495113075,-21.69740639037145
65.76685231004716,-21.82674265666586
64.84505601061853,-21.24879348082775
65.7882845133465,-14.83828003060131
64.9008930450538,-23.93414538298709
64.91469552089455,-21.52818904169371
65.54005002343023,-13.75455897860318
65.25578202396049,-19.72778763663614
65.40990272021327,-14.63757705497015
64.35081185495582,-21.00551797743544
64.92099848603402,-14.64572652658726
65.45157794600732,-21.67648307893809
64.79341770803056,-13.93453531623826
65.60190184432845,-23.1930701572199
65.56092140786168,-21.30416125029591
64.91108516839702,-21.52314509499776
65.88646534051756,-18.6231674943547
64.41616655244829,-14.85224767325321
65.75260242202395,-19.66929930334034
65.84497203127255,-18.25408931057519
64.0212357229012,-22.70320732105711
65.03836463679262,-14.09333657967789
65.08051630732754,-13.65092115014529
64.35486632197187,-15.25619006432096
65.33514373210606,-18.25002338153079
65.56331009820161,-20.93440488647967
66.26614993819838,-15.1319946435559
65.8178782415151,-20.27035510613815
63.92221504019114,-16.78689030890797
64.18876779394947,-21.5369268186634
65.47267267924673,-16.16320120923746
64.00737150452485,-20.36030273184985
66.36167818418572,-15.95941815757514
64.7154649787479,-20.8211529434725
65.3901868379561,-19.12191144439073
64.91879613952698,-21.12754610662474
64.97202619839578,-19.5723739025415
66.12971508652858,-16.54607794114448
65.45079276949403,-21.67810235396094
65.5839584928521,-17.49380258323607
65.52814923672372,-22.4123897313198
65.52266980820974,-19.55308655010035
65.85452607237534,-23.27050875357799
65.80774481599839,-20.26393007307466
64.42889670035444,-21.67903069138134
65.51509488675646,-15.45386947432093
64.60922855119549,-21.72877568579741
66.19689135605533,-16.48254912357974
64.4963891218884,-19.92402068944466
65.90115196850316,-23.66268178774965
65.66486229384209,-19.38715943403778
64.18988287943087,-19.06019150822984
64.48782875773874,-22.10983362944489
65.60756014938568,-22.07175124251446
64.18084084989188,-21.59750196603455
64.16172877647381,-19.16182528831008
64.55298954756809,-14.66904051694345
63.92014920544052,-22.0135827150524
65.3818696699217,-20.25817769927425
65.85056803188031,-18.19837054409326
65.96360429373462,-21.58004928376439
65.5621779196799,-16.94389547596444
66.11274847892227,-20.11716738834961
65.55407825161714,-24.20018806454885
65.50906330227137,-19.6958355177078
64.79805706357092,-13.96669553363796
64.02848246175417,-21.00273469090733
65.89285436903941,-22.85369495587624
65.93036162844139,-20.36115121069776
65.00312701860318,-21.67206078696169
64.54289736845337,-21.33041602462835
64.85991387983046,-22.02069465562087
65.29478882503925,-22.30546392697925
64.43593106183056,-21.61578933589617
65.37234324436399,-14.79712753264812
65.39233514071886,-19.15066328248696
65.70563506676123,-17.66177481574267
65.47237435664691,-16.16294651771704
65.62825313237501,-20.14897619376842
65.78064340382146,-21.51567686700326
65.56030565747596,-22.31770060712225
64.4070066580718,-14.53884626214221
65.50123020081723,-17.4434725212425
64.38409766148848,-20.08505537733269
64.93242147861027,-16.37085042827652
64.34768409850338,-15.39406276922946
65.91930149543948,-21.46617520626888
65.48182756692249,-20.98444808596893
64.8348054911773,-22.55450003028149
65.40536980866584,-14.54201386245412
65.69595490375966,-23.19995174780956
64.60481923186023,-14.41164849527034
63.75586021352774,-18.49035117849266
65.93459139869512,-22.82976162988368
65.6125134166542,-22.50867203105249
64.12518185040364,-19.67745308055014
64.66735813731235,-21.18104995450967
65.66640971592693,-18.42051105325287
66.05293863829353,-22.76522775748984
65.60650356383516,-15.29930756241738
64.95194299098708,-13.81000904096823
65.92061627504589,-18.35005516920587
63.88665694912757,-22.05912295716193
65.55208228706844,-16.97397127908901
64.77865612741701,-23.89617167908971
64.54148902795346,-21.32992875180667
64.2619316192675,-15.21379654400446
65.22816333727047,-15.53982620066471
65.47641820191856,-20.30737066222711
65.34180398922291,-20.59436363756798
66.17630768023275,-23.37134514155354
64.62972323555486,-21.49259073594568
65.69101119039601,-19.3751449045176
64.40083757359578,-20.07444498944779
64.87240291120781,-19.40774818756473
64.93092900273871,-22.89797076265551
64.35675162414141,-15.3606280744135
65.43943302767595,-22.20610656285942
65.55709012364986,-16.95897989631914
65.89921485481183,-23.4821839892818
64.69482792698732,-20.74939695363241
65.0329958990261,-19.61429761441633
64.30116702222152,-15.00780137555627
64.34910231788665,-15.39074086314947
65.45499216868141,-15.49614573609387
65.23676838824713,-19.70464617881475
66.03200529673694,-14.90688867937694
64.02566344430593,-16.32525325346095
64.17540273820411,-15.88751631195413
64.61774357538529,-19.66802473751435
65.82781024750138,-18.05844154013577
65.51728145128995,-19.67858617345824
64.81174170894711,-22.9956247077306
65.45833782278406,-15.95166935006686
65.5115010523646,-14.41016205911659
65.67333696136338,-19.60003155454903
65.95643002164094,-20.3885910741305
65.2041730230293,-15.55885374851382
65.40319751948064,-14.61823543560844
65.52482464203268,-19.79834843133595
65.47125945771079,-23.5777552087876
66.09971586310672,-18.80451593427993
66.02375261855656,-14.81031154672922
65.60681961386518,-18.61369644874993
65.91641256405075,-22.59378034057197
66.08374658576095,-19.05489509757431
64.46934768243128,-19.98097564279822
66.11444746024236,-20.18061097388339
65.13353659797004,-16.22371367616784
63.91970581222925,-16.7765294810214
66.04081028116693,-22.68416238619699
64.86971576354182,-23.91480933370255
64.91650250266844,-23.86817759584826
66.0395339136029,-19.161230775995
66.03992157258821,-19.11731024526306
64.68974206037328,-22.17751589928692
64.07721387690306,-20.98254030932224
63.90671007720547,-16.57337338712798
65.59482463159195,-21.43448533672261
64.88565432408535,-22.20686476472132
65.58247811158488,-24.09042019447422
65.25670936306366,-14.21261209176929
64.37318279145404,-20.10204271847796
64.83390304386755,-19.37632292164356
65.5531757093089,-16.96682382585643
65.19654086637345,-21.45672229361085
65.2951805954953,-16.08349180333289
64.97474469176088,-14.62276853174658
65.71429663657842,-17.74530557052841
63.95102018695658,-21.27577959333777
65.25332143521739,-18.23432605163691
65.2135005396523,-15.552106605263
66.05186769945098,-21.54590732951625
64.6965911166497,-20.92452761207347
65.48986396218734,-23.28640591317655
64.48737044347136,-21.3295813366397
65.5975631276297,-22.51227537182007
64.54120256608216,-22.20648881335787
65.63004280664533,-22.85144825411055
66.01606511771244,-23.47594313891734
65.46777861979422,-17.43039754984531
65.25211855464468,-22.3678822404778
65.89905904157247,-18.59502847395116
65.58528848480796,-19.32470865884692
64.99586068728834,-14.51110353245955
65.6588566398587,-20.72418254933131
65.15745414678611,-22.35833419012525
65.19223067201625,-15.5601927980542
64.39587729802048,-22.00924632094083
64.74572999927057,-20.86732593498828
65.87674672604265,-21.3200060277324
64.7343143235544,-20.90989322303945
65.75169146438976,-19.18027690962757
64.27250411522597,-15.49149909150637
65.74372888378176,-22.17454925642973
63.91033759305207,-16.73443970507419
64.18395982968109,-21.09225808506141
66.185163723423,-18.9237264571059
65.50006723269075,-14.57532866336339
64.81649335644012,-21.47106324139196
65.63438475353395,-18.55248353654945
64.10004064981577,-19.96397057602317
64.94671232159523,-23.4255231483078
65.39442921926349,-16.13282998829483
64.80645638214365,-23.02494597797489
64.93736519034135,-23.3557976798355
65.9304973946347,-21.29935766598513
64.25991169418042,-20.22241864088594
65.21320773212855,-21.35438603070906
65.13117556645037,-15.63329620659275
65.4850762683644,-23.24331332172738
65.81246525503262,-22.27961834166566
65.89949431546756,-22.85744856585222
66.10273004453605,-20.30223505836955
65.81398250622617,-16.35064529408105
65.64702125263271,-16.12952447094013
65.0252403209596,-21.75211672561812
65.76145960572713,-16.33831432337658
65.1221714892428,-19.68195943433638
65.44683049597106,-15.95601402129125
63.71953554646606,-19.89286837392902
65.65161409657277,-23.90270456623844
65.52288460787511,-15.44117801970185
64.37257907398845,-20.10257689942431
64.21164175913094,-19.15647124445042
65.50455490759926,-20.5792850806205
64.28854937213733,-21.80784070488799
63.81694600200568,-18.58460728192582
65.25299902560192,-14.1967191997314
64.41762987326248,-14.75509846336196
65.91601838562747,-14.83943468406582
64.2781462843791,-20.44645823235751
65.94549063650605,-19.92713215145513
65.13609742695724,-22.28939815173969
65.52509741096502,-20.96342122909245
64.13092074680316,-16.05658693316115
65.43866269521692,-20.28442106541881
65.85860183465542,-17.89751896278003
64.16569188390667,-15.91720579496888
65.3257877964507,-20.18708658519558
65.66298985450048,-17.30507415046029
64.23743673846174,-20.70211376731638
64.90736329838234,-23.91226107891814
65.39908520000735,-20.24353284560436
64.31461293328205,-20.1500359814934
65.62978956338476,-17.5340258377643
65.15565258092235,-21.92229966886905
64.98567674864337,-21.61796923507384
65.57517744501679,-15.35348192291215
65.46025417984906,-15.76944596430973
64.29161963994135,-21.68585619881492
64.53393419971245,-21.61598503177973
65.08649132400929,-21.08933065227743
63.85493629263352,-21.03333569036521
65.88132058418901,-19.73672457541419
65.26514396027609,-22.34282367415383
65.91602016432545,-22.34358180128867
65.76289606825843,-20.26060700532288
65.03508148956051,-21.09266712548868
64.98689231387,-15.06477522741921
65.29772583346336,-22.30014754184324
65.4681183135768,-19.41496137601378
64.07515736903127,-21.04314074674473
64.12081925428609,-20.4911230845191
64.92538193558872,-19.50943625918195
65.80252941570234,-22.50245516712332
64.79050743137974,-23.91238431860824
66.13250244108136,-23.55024697361967
65.55643223150017,-24.23314516821284
64.96975273401053,-22.59071077101305
64.21663991922846,-21.78721852911772
64.62978186276092,-21.68519083723662
65.85663826310615,-14.8098270577995
65.31552977886527,-19.16384820851526
64.27395390416126,-20.40112093185364
64.35750040040443,-21.40982902620962
63.94473459827271,-20.81939250866961
65.94238113839204,-17.31158777929225
65.81484938147705,-22.42214021533596
65.25727594456802,-14.06057178823292
64.30169485771404,-15.41279778843096
65.47682743959807,-19.37594627934996
64.7955650217584,-13.91030348632996
65.49015957813144,-23.21753120953007
65.1646433898875,-14.21013247050743
64.11203967899479,-20.37831364979679
64.93452211852616,-16.36844569603691
64.39234284109607,-20.97383075512798
64.96652089810819,-23.01698201518836
64.33939917686817,-21.61255280108291
65.69270517547884,-21.52244561248376
64.51486893362684,-22.15776646825626
65.45820565855594,-13.82880147305898
64.81225658221015,-19.35277989700572
65.81000841498312,-14.88245050799184
65.5911584404794,-20.07887494990254
65.2898047891286,-22.31506513269803
64.81277282696904,-23.12128450663441
65.575996934716,-16.06423427180944
65.64455546790253,-16.13074389280747
64.65721579501027,-21.24825734538258
65.14405127595364,-15.67889365920168
64.90465966893939,-21.51349022379889
64.12926037414569,-21.17096806549996
65.17936799984267,-14.08512332451763
65.09731354160857,-16.18375530423002
64.66989532239184,-21.41107089512199
65.50070986537061,-18.17637721743293
65.60750115567006,-22.77370858149406
65.13081425258638,-21.06099096079764
64.88904535153185,-23.70165010980927
64.94275504146184,-22.22957086179356
64.75377359196418,-23.83571636120204
65.38776290290856,-17.26930236885914
65.47947918219761,-14.27458768036891
65.81861466921504,-16.3559799164689
66.13579022287551,-15.38252486882972
65.58825097859098,-18.52823840718954
63.95189358256317,-19.99005334811304
63.79720681636742,-18.03597312165394
65.24175542511546,-15.20885085791483
64.71401333190495,-20.98120271188088
66.02749531326096,-21.54442182927155
63.97968308109402,-16.41030665584164
65.38305028224107,-14.53124949379126
65.03274374254848,-16.31865068746774
65.83060240410431,-19.86391367326347
65.07586493428724,-21.77560628252459
65.7448756208784,-19.56175373332815
65.4338872984475,-19.80261953228003
65.19666308080039,-14.62304698097909
64.46940867512338,-21.28440708814558
65.54838913772274,-18.55467626927072
65.56957094893724,-20.931596583035
65.72883108606848,-17.82206237479141
65.45771777655766,-21.67885775589606
65.5575115114147,-13.98061793164682
65.07576373058376,-14.01842319768238
64.87134073981042,-21.52035969296516
65.96923764390753,-22.92572998105512
66.06699398402394,-23.21096524296545
65.55825115524425,-24.24536197228553
65.54408844661936,-24.32252054028385
65.40684521603121,-21.21494631739459
65.15733881606364,-22.35809143715332
66.01371590143889,-17.36059512283799
65.91640030441424,-18.07697579686418
64.82577884428105,-23.5334198463015
64.91128175589037,-21.14978430959649
66.06169262345901,-15.08537180974083
65.49169894014636,-21.95709861089151
65.6698172120334,-20.29380684276503
66.1621946600707,-23.2536172820832
64.11594022124686,-21.14258760183917
65.67596922940699,-20.68332691407381
65.28458495915451,-22.32095741435826
65.66207468532846,-18.19808812993364
65.55646119607871,-19.38085366685727
65.19560055771228,-15.56003999364391
65.58913109967887,-16.09741783082751
65.36386184757409,-15.40888091626862
65.46625141547771,-18.78240602406844
64.27699279121215,-20.42320994010062
65.64439685337766,-16.68506452707073
64.14831102419924,-21.2581171514287
64.26216146294969,-15.53721156341282
64.04400589705438,-20.17329486997839
64.12610037280928,-20.71636682589561
64.95128712169921,-21.05621061984889
64.84650384214812,-14.21172371376609
64.99329506936748,-21.56375698757542
64.00805018691459,-22.70429896492385
65.32526017814193,-14.48725923571602
65.14159598905412,-13.74909455869975
64.67778301983692,-21.0635427707685
65.66933663257821,-22.02728173996898
66.2334165804229,-15.80386070839232
64.81320472632673,-21.41337910053951
65.63540783412212,-17.82979325793957
65.73134744312094,-17.09682193554514
63.93730904115984,-20.14245046297535
65.80431697754072,-17.43805406546761
65.18860710880315,-21.05929104910052
65.34780006729747,-20.84140665979844
65.95378306955583,-18.18183350595089
64.02076992675394,-22.13587138727707
63.91600739001576,-22.02336988100267
65.04101660325857,-22.52935723746782
65.41611980212143,-14.3983121549326
65.51917242447458,-18.59951851035055
65.02813613161817,-21.67006719011976
65.25607828978062,-14.22912720008632
64.67718025350842,-20.72472371769832
65.19171855715469,-14.47144713779273
65.30695439887302,-19.0618906092291
64.8381716361206,-22.77062572719609
65.89579790307218,-16.58068548774063
65.22031482098679,-21.11267411880744
65.83985889976948,-22.61739371077667
64.70709832031027,-19.47939809173042
64.71127533016617,-21.18823746098698
65.68033161419766,-14.41157084572585
64.76185347648583,-22.07384921381667
65.30711538323136,-21.74022493086589
65.50426766065921,-20.5781428134617
65.17365524994385,-22.41993281122972
65.66199740309666,-18.42731166521585
65.58613245895395,-20.6507590463889
64.699724672968,-14.18765740383373
64.0138508564156,-22.19487931871055
64.92126301106377,-23.24007977958092
65.89313752300724,-18.27948251200229
64.9399041965675,-16.34957912501391
64.73730898651098,-20.81033005111122
65.87169639767669,-17.9403170474017
65.79807005342798,-16.44117683915831
65.31846734720223,-18.25919433667634
64.19039840445988,-19.35180037831582
64.84104639221549,-21.48918945138012
66.04558828115579,-16.43967066663381
65.60270287136456,-20.88999567198254
64.43734306296389,-14.66231129081805
64.64961395317243,-20.70629690849631
65.30227474818787,-15.20422378997145
64.22321504429217,-20.3299627961381
64.2518426846247,-21.0230959153718
64.44056090676327,-14.50282811987387
65.52959761862978,-24.44971868870105
66.30653490115297,-16.45638825624074
65.62090765502668,-17.22540234905285
64.81758625231583,-22.04937601775317
65.0384676906711,-22.48193486447262
65.51049098653448,-20.66173640610247
65.94827749927514,-23.43308513316004
63.87715411855036,-22.467486965106
65.07571433633198,-21.77575185362683
64.60987092843253,-21.37063247347776
65.45498608219044,-15.60869221416187
65.83904291478927,-22.41901983219445
65.44404065131761,-15.87114514482793
65.36596992474259,-13.73006186982162
65.2942211682225,-21.1986634097849
65.35561017992119,-14.42655302845118
64.7505337506384,-23.6461948805354
66.05535035082558,-16.63950715138981
64.99670561368866,-19.57969926925212
64.26738777078904,-15.18288879540597
66.01307714113435,-18.51937081549239
65.60343193332471,-19.57388277044172
65.43123713289486,-21.22467268184172
65.73701322984579,-19.11659211106649
64.8980679086625,-23.70454981568316
65.34899520527921,-21.02195917993613
65.16324130616927,-16.2087076333166
64.99725790117563,-22.87482013095862
65.74053633829337,-17.11516444578402
65.93071436420573,-18.57056104000045
63.61487205880066,-20.10617378482901
65.10244943381733,-16.13103141723635
65.30702291106533,-18.25919460017268
65.69920311628893,-22.09292540696087
65.46691692917094,-18.77124500117736
65.10721931670997,-16.04286720011802
66.03064104220367,-14.80763214846331
66.0239742753818,-23.17341608463481
65.51671461955492,-19.77696736592851
63.65793736009017,-20.16729777306738
65.64230493129901,-21.70310624440515
65.25697229385285,-22.35820782115047
65.5426716530366,-20.02431448754228
64.0200766750757,-21.32847381501574
63.73155925016487,-18.20579635406391
64.25446559459314,-20.28500678621432
63.56675833878486,-20.06232789226782
64.62716621278327,-21.99296757958911
65.16909907364641,-19.7373962455625
65.6541952451714,-20.73819160397399
65.2255142946927,-21.20522363772592
65.2816429855816,-21.7484073375119
65.54267799914166,-14.51643014226499
65.83709227248885,-22.64395380574548
65.75038403889344,-14.56438906913908
65.65533025887413,-16.45754528669731
64.82846784159652,-22.52344748346521
63.9429434239638,-22.61911611983903
64.07034606583161,-21.60800240396955
64.9603332182305,-14.17305621015788
65.5571360855405,-20.93900876219637
65.62520642398277,-22.04992639571502
66.0320398203131,-16.51659356036532
65.32545030782454,-21.19158680958026
65.5884530974749,-14.2656607414776
63.96647011256962,-17.15969262890439
65.50915455990304,-19.69770767272179
64.29724881127719,-15.42777329957722
65.04839434901827,-21.09801519427717
65.45585833057494,-15.5728138686902
66.02776680381231,-20.39724485778907
65.31885964659688,-16.0833858413946
65.62994300790382,-15.12493949383118
64.24576113329566,-21.17238853943135
65.35043512722979,-22.08173761965185
65.52066352195051,-23.40530690721443
66.15519014004144,-15.17462400878981
65.74254853993274,-18.01016943689738
65.63627112103657,-14.97018766099936
65.3738861357795,-20.24532190470255
63.88542871151365,-22.05924077186181
65.07972084307943,-13.87389686513829
65.46772223248088,-22.31285668264018
64.11143150981661,-21.54435012949735
65.5129024145001,-14.19920709017591
66.02702246405285,-20.0014389570596
65.02429275304189,-22.18179382324863
65.6183953688466,-18.07578837738024
63.94863753265466,-21.28309943559547
64.97035250752913,-22.56763485366165
64.07797349761742,-21.71054869348733
65.27096702687709,-21.75245574711445
65.78179665590302,-16.44088568154302
64.67142029591224,-22.28615704185751
64.83284364467487,-23.28584522581099
64.2283220649409,-21.81500760234716
64.49405661017843,-21.52503951344091
64.57632301979814,-22.17779258465819
65.19174993082217,-14.34252713461265
65.7774975052882,-20.02991232677548
64.61398278873267,-22.10963976165214
65.89489667747304,-18.60448434666558
65.53784800826195,-13.82915221979005
65.7597511265138,-21.84793891365441
64.32501709677527,-20.12430930767098
65.21402919949384,-21.26429460280279
66.07070536365661,-19.29065068366318
64.38709596772297,-21.35794752059983
63.86935827553185,-21.56504968470494
65.19901139629773,-13.92793649477922
65.55993382721647,-21.48594292672167
64.8918695816738,-14.31044955332544
65.78901736003499,-18.25007323530254
65.611568500707,-23.21318380352054
65.11475963638242,-14.78902108104978
65.84475022137555,-22.46740025648678
64.37114023384304,-15.30434477948307
65.85636432275867,-23.42136730388379
64.71074828412434,-20.99950805484607
63.9952768052929,-20.57163042562345
65.52221495298811,-19.79103171358237
64.71602731773052,-20.96365518605476
64.43726033179146,-14.66386183192566
65.50463906489816,-23.35794413290074
64.41305608061691,-14.53673674754318
65.53397678479884,-20.15952154908569
66.14524974707271,-23.23477487445498
64.18418038073318,-15.81714283180815
65.57949954188827,-18.09128480058723
64.75405852751979,-14.49582992458153
64.92326050503426,-21.11815971490009
65.48503035558474,-19.86083011121131
65.63909275295919,-19.57908178298998
63.8724739984106,-17.78519239869831
65.44353631394735,-19.81023777605433
64.70829165357678,-21.07648582063332
64.84698782300171,-22.39058676237057
65.69587898725452,-17.89164287192743
65.03842032022688,-22.46385448389934
64.92454349482337,-23.08726576370434
63.80002043365903,-20.19200984871524
65.92905023607574,-23.58336126391216
64.58454404774571,-21.86209236082478
65.04085637444214,-22.53055704871002
65.40591150908794,-17.38614269109187
65.840987979779,-17.51251787068149
65.53728402921621,-14.52218842056063
64.99704137956542,-22.87542064097073
63.75297377424935,-18.14171731407767
65.00593915469774,-14.60611748687828
64.99475262035013,-22.67851208685547
64.91616414080528,-23.87158032343261
64.68227724346636,-21.41308461911122
65.24963616025711,-14.48312291406701
65.06340134173095,-13.96474734106792
65.74075553344107,-22.45417691047312
64.72982363038544,-14.41320897615832
65.53548380082476,-22.2241761652015
65.53666750948513,-22.0452437937731
64.85764817440435,-14.2436585975267
63.93191805345121,-20.17036203674028
64.37705967957552,-20.09779152087737
65.38056695848887,-19.80592338524896
64.73033167977086,-14.4141352234632
65.36428672830465,-14.78893222510841
65.58008994221768,-20.04315433033454
65.70387893450483,-19.37584545010789
64.92376359854671,-21.53267100203433
66.064342524147,-23.54375013051913
65.42735450195188,-17.30064233839746
65.48330479694904,-17.44879073448654
65.46527112888415,-15.68968332424034
65.6453604028664,-15.21073579066982
64.72486417499144,-14.32594151073749
65.57944423710305,-19.32100507108521
64.87762568996185,-22.79111235343165
65.30892783133656,-20.9579924864747
65.1059000392228,-16.05481041542176
64.49883042074944,-22.11107781251741
63.93572714602846,-17.70197249437472
64.00646810989119,-22.31763514279343
65.51857954287114,-22.42632712054488
64.48878868643659,-22.10890336671389
65.21327893817664,-21.3550658762234
65.67395481480683,-18.45956843655402
64.9962262364687,-19.57936189044554
65.8515949734989,-23.39137642993222
65.51487227932128,-15.45402131942342
64.82153240963335,-22.04711484975862
65.22621479301108,-21.78882387062563
65.05809414452455,-21.49441662914192
65.63826078916641,-22.66851789156805
64.95843550290583,-21.54936195011511
66.20920311854968,-16.46207802549007
65.61720648551206,-23.21369318531461
66.43883996480163,-16.4709998828837
64.30139973552025,-15.00709504018094
64.8180172397997,-14.14560811117005
65.49282201470685,-18.17915332612161
64.90495440158617,-16.38003889526909
64.15313543712682,-21.03240730241235
64.58546861740622,-22.00310141238302
66.08154332742103,-16.76719954946635
65.35529982550828,-14.93365186137394
64.26930255309493,-15.49899443121016
65.91449554529342,-17.45855019160583
63.71229076243967,-17.99647203449083
66.14702333119486,-15.36191086853636
64.46012087492352,-19.98882235402998
65.55425531569405,-20.40862876070611
65.91542918814129,-14.839758851995
65.12219075189714,-13.88975221035418
65.84023030826589,-17.54218549066285
66.04425803108523,-22.69390460444435
65.6337470385297,-15.23297361361717
65.66838383135492,-14.89186096127461
65.06873130918395,-14.56958580120868
65.60975631736714,-20.12322703811587
65.5613492968344,-24.03315489308397
65.1958599405757,-21.71214101527722
65.34269126341542,-16.0611477925574
63.88694090941703,-21.51219951321847
65.61126010430985,-18.0859531223898
65.31126710404472,-18.25841236602151
65.84591440583503,-16.47821884582151
65.39333667516468,-15.43175019488201
65.13728103363162,-21.72629711322537
65.69696649178805,-22.48095201027268
64.65737279704504,-14.46499231448035
63.88507405522301,-20.89940390111748
64.15258384157389,-21.76882484207799
63.69759442960419,-20.5013041033275
65.14046922970905,-16.23081785928135
65.29702866575404,-15.42658876428052
65.3855622445274,-15.42891760722494
64.96511288139435,-21.54703788414385
63.74551282756777,-18.60145365570308
65.62563522536617,-22.83534895860556
65.58839879046,-20.32182770016025
65.2967452406433,-14.44399404674371
65.58681508403612,-17.50407617944918
65.15014099841552,-15.7807531351454
65.42542778343613,-20.69782732303268
65.68787294567716,-18.05100188446585
65.47750631150457,-17.44349662079625
64.1850584699314,-19.40385810225696
64.53030998729062,-21.80602349305133
65.81163974507737,-18.00219404469664
65.34232035691547,-22.09334975030692
63.76801987297036,-18.08213446114858
65.42723048013156,-19.16638581359191
65.50659418443378,-20.04632913377706
65.3476259354804,-14.86462159282861
65.84067293261216,-23.27170222267283
64.09707309173275,-16.10054958035324
65.47934350982395,-20.46057213797405
65.51202704321611,-22.47777322305204
65.50654995409481,-16.17629002633829
66.19300415003836,-15.58871268034244
65.68815548307376,-22.49940449277143
65.5679092746423,-15.35929193550043
64.88616004547758,-22.81646052103036
65.14025657152013,-19.71025865790089
63.96879244406316,-22.37459991003064
66.03762260930853,-14.80227631290725
64.69199745579037,-19.50642142681549
65.654630598528,-16.44713381183882
65.32959001815917,-22.12958773784947
64.9999303340325,-22.85616851722801
65.2624392182666,-22.34733191314091
63.9833779295062,-22.40010718479458
66.10937729292112,-19.07418386848327
64.83007893215415,-23.27488305144441
65.29567828661543,-13.91830472231177
65.74325021552907,-21.99523621317054
65.37853445477178,-21.96664936805957
65.7907611319968,-22.53583147396196
65.3307217757179,-15.07520969508401
65.89059432491531,-22.84030980491413
64.38881285732134,-20.97491594411401
65.45499799703435,-15.61561318394661
65.03434780250922,-22.24915295316287
64.47483936682885,-22.15452825153293
65.36563006814902,-13.73552453115622
65.36248452863832,-19.12466617501578
65.81223745357418,-20.26677277581924
65.84399664021728,-17.53911536672932
64.13705502512859,-20.27645178615766
64.84538904675281,-14.38485826479154
64.93511329180978,-13.73458921050468
63.85750273936621,-20.53425676090856
65.39152027645903,-15.43129830814836
65.03325455477307,-13.72100966223705
65.63497353183192,-20.79328717867817
65.34171713782756,-20.594365917389
64.74113496734464,-21.39942399772007
66.16984414938705,-16.98891813581578
64.67339807211243,-22.27788163627098
65.39897617843184,-21.19419674421016
64.4265212141913,-14.79156988156835
64.1470111450012,-21.85856047330659
64.68708048384693,-22.18631503804717
65.29736165017158,-15.17402372655192
65.03342909643709,-22.75214142465238
64.29542330590373,-21.72877146299641
65.10575007812248,-16.07859127611233
64.5683446983336,-21.53175171087235
65.67373517313777,-20.24710156223305
65.59679483656572,-18.08757308478126
65.4541110065617,-21.92391225851419
65.22261562135708,-22.47191358346706
65.55392790351335,-19.94180199742909
64.96389250016051,-21.06177220767353
65.44685844800296,-15.49025381141615
64.32846010803436,-15.41713011131364
65.3057234327613,-15.88030294213832
64.84820386596571,-22.67061874888839
65.32783270110603,-15.08287587236333
65.79513484758714,-21.34726604042513
64.93398839942249,-23.50550108526283
63.85196183837352,-22.12497820649188
65.60962474346937,-14.49961546735234
66.10013810500764,-20.31103449116673
65.89508329763683,-20.31280955579944
63.70360610303709,-20.50959773750859
65.29872279952484,-19.78930113850464
65.16119486120228,-14.16121566901166
65.28322200752449,-20.69292985708829
63.91148687201054,-20.93302767098421
65.36050496335172,-14.39079807780827
65.63164870317222,-16.86743287095435
65.82247689703526,-22.27967658979419
65.60879086049513,-19.35375292626922
63.67288445608457,-18.00686172328519
65.96077491285095,-17.42554677840249
64.0346011878726,-22.07696977782478
64.41908179256957,-20.97639281707794
63.74340730069054,-18.17019712851103
64.22990775828984,-21.19975071195021
65.80733492247639,-18.61142653247847
63.61384184275377,-19.92050486813842
65.6033220839293,-17.78565391272387
63.92563568205866,-16.48500452630271
65.61956214777368,-20.64352663008809
65.24218748328987,-14.59039602420221
64.42543311383915,-21.72813162256905
64.93383708892428,-21.0750317710871
65.49508247180026,-23.65033184466311
66.04086824264097,-18.52181513473063
65.0382150432974,-14.1505600681915
65.51620126352567,-14.55608551766391
65.28125812613196,-19.78253588854815
65.47768073159702,-20.69988012072667
64.74809991851016,-23.81973431015728
64.29801251780273,-15.42495308037991
64.19571665795782,-20.73707556557733
63.97224886431128,-22.74676911170543
65.76089828890461,-23.36733598860803
65.68282847876844,-23.19799372208069
65.42043072479,-15.90066056987602
64.69924915162618,-21.07066788162467
64.99438494461154,-21.6186017598691
63.98377258380744,-20.81264092829013
64.56727142051432,-14.58255957258211
65.19819449064623,-13.93477703461206
65.47234687231234,-15.94899618307366
65.8486315571375,-19.69867107681005
64.10977365956359,-21.7661518355429
65.81069499189736,-21.32219601891364
65.07964612921603,-22.72513156231191
65.21556578839751,-13.66280622928463
65.14624320645076,-15.36295890678527
65.84498877958275,-22.61111587251444
65.82670515474176,-22.28076617048328
64.83578949360643,-14.17457587434125
65.06244877047753,-16.17767009207821
65.36723532217901,-18.25224011816466
65.12573635726113,-14.76660139006453
65.84449221553142,-23.20695363261613
65.32813984647277,-22.13238618802897
65.5243756743174,-22.30410335915626
65.15152507630039,-15.72257293074474
63.62864626185137,-18.51127620639897
65.74445266364664,-18.08814265356549
64.7933467628217,-21.46416640328057
65.18816407033609,-19.73275894881561
65.62595898466084,-23.23735395562252
65.2698086627408,-15.89809839016639
65.65892236470762,-23.92056691429391
64.1728081434875,-19.13474441913797
64.10829948555977,-20.32618795226571
64.29268035852182,-21.42409954920813
65.93104592932407,-19.42356415720344
65.56143474523141,-15.36898304339745
65.25043844490445,-20.84749118516493
65.83713275513134,-17.54279884011721
65.64585406921124,-16.64967694635651
65.82293784035733,-17.27848013046408
63.846690835503,-21.09441430915921
64.94895341262166,-13.79812197865406
65.30870236922618,-15.16017333826663
65.63664730891003,-23.72739896557665
64.91256669331719,-14.00950109094511
65.70117472765662,-23.20114040295569
64.12282268505334,-21.33035814809033
65.28185393307422,-19.78292875880479
65.70425297562919,-17.04295928888222
65.15606596421496,-19.72617353820078
65.0658901910084,-13.89413593333474
65.61535070112353,-17.80923969705481
65.78048762031617,-21.51722268216604
64.78139872925095,-22.26679378280089
65.49945534326527,-20.09542649945591
63.68039936158077,-20.16305104707311
64.8579403876123,-16.44562147928928
64.750367722717,-23.65594521809277
65.00590915264286,-21.68214532455157
65.32752546894305,-20.67758853321901
65.10877355858543,-15.51036681861475
65.36823125576393,-14.31093633961259
64.31190904154315,-20.99605121733145
65.61161714904196,-15.28890719929379
64.3657571908167,-21.00432554705545
64.64015034468316,-20.70893266095563
65.23070750102946,-15.53579177243496
65.81989784164057,-22.66044894901146
64.04738722950556,-20.68207272338495
65.25034292332245,-18.23348537008052
65.5662639813779,-15.36118750242707
65.03429688792828,-21.09209565608956
65.20683953616681,-21.71841648178257
65.45034390901485,-16.19277053418568
64.64152769782129,-19.61615577022825
65.74520125773995,-21.35582364494672
65.51183080941532,-19.76208949865361
64.42666579292387,-20.96851758332705
65.62452744754276,-22.85068365197604
65.03719865691298,-19.61487093719131
66.06124932625275,-20.03675116827489
64.61469019345714,-21.63556631175618
63.5586873271523,-19.6225687954901
66.0897805182451,-23.04834105987422
64.98242479886513,-16.22257383725923
66.1788685743389,-15.46087002918538
64.83026553087146,-21.37179073691497
63.96622543227713,-22.59104117170077
65.38107842742303,-17.38929636051079
65.45448062644573,-21.81989356393767
65.04010161519923,-14.05015455780382
65.28202949028832,-21.74836868088085
65.33331493412906,-20.67340166910882
65.21641910210809,-19.73189336200537
64.71536226255614,-14.0575940649162
64.99451169947194,-22.23594046019781
65.1099662246912,-16.32299330612851
65.11103533225811,-15.49383631320286
64.97239887755164,-21.06763389136431
65.38699608752168,-19.24673784283577
65.74372027793693,-23.14276803933076
66.35537819297885,-15.86880290377012
63.70403409403417,-20.5099026939551
65.39577641938185,-20.2390159675371
65.60959221475878,-23.56612920538588
63.85380039444749,-22.23576753410701
64.483491165354,-22.12311659184731
65.49003813449457,-21.89665069443848
65.59615596868456,-17.19219874791418
65.72272790987314,-20.18934294555723
64.13061630140658,-19.64749232107199
63.91406469485519,-16.53120854573637
65.2845523606128,-13.87898651372546
65.69226202726703,-16.18753002456168
65.70132632381981,-16.22472605548716
65.45904779045917,-21.69700802376722
65.40855295358088,-13.743931508635
65.96584918980747,-23.08429191853303
64.407976250023,-20.9838769978358
65.48693697316779,-14.26640611769145
64.12745523573027,-19.66491515098435
63.85029367258903,-21.99132118428663
65.14154795729594,-14.3392060020289
64.67440254575324,-22.07079313579412
65.19965573545777,-21.82094492408255
65.59254579354703,-17.50741123377354
65.37950587440663,-17.38862502113743
65.31645822138279,-15.11905436170424
65.75823535257635,-21.45478320506981
64.71369899629627,-21.5157670651548
64.35399436768475,-14.92373878367934
65.1278681729375,-15.61370032407493
65.98890356302572,-16.4092644962841
65.64533073469266,-23.70867649091569
65.61323715666371,-18.60408850942851
64.99100127326518,-22.66234162908375
65.40452978041381,-18.2278522729431
64.69533150189864,-14.17994490384944
65.60256299205274,-16.14025875218499
65.86519597732493,-20.29965692430043
65.63909697334013,-23.24593753467189
65.4563355264596,-15.62515735149318
65.16454499344064,-21.09526687300841
65.50396284820081,-14.46536932871515
64.11957358417985,-21.31868028470234
65.48438862540274,-13.84747063302588
65.38958370306418,-14.69302017126886
65.23909824094451,-16.17186684464983
65.56410314421677,-21.80387890325923
64.6694523263847,-14.56110324402058
65.35325172367155,-20.177902918247
65.11000175649346,-16.32279892619674
65.35386968057445,-15.39705643944405
64.681817192268,-19.51840402424576
64.17957477887033,-19.43786442579857
64.86346427292489,-21.51999358152668
63.94241335519127,-20.43409204715209
64.7562513383177,-23.84365027434331
65.80453528456363,-22.27487474409946
64.0510519302067,-22.61113312314034
65.65543211535235,-16.45851348427383
65.45040935540052,-21.39627381542908
65.76243383715627,-20.26075977857795
63.78261827527899,-17.98300032738799
66.29424156445755,-15.83054178674418
64.99940975899825,-23.13253239740891
64.78243285022029,-22.05757708143555
65.18897947866681,-22.44830758451226
65.2249501157861,-21.78957035820644
65.62023259817549,-23.56679039854172
65.2669278297404,-19.75139286878342
65.37016420704424,-21.85483801224655
65.66095944459886,-17.86008491505627
64.6024538424621,-21.38431478037782
65.87388162787691,-18.26403751819439
64.69447623419518,-14.24885088011248
65.27211331863923,-18.99395930651103
65.47561302578481,-15.4754924673958
64.81099812846787,-21.47330317127193
65.29239585237286,-14.55560770155621
64.80362375781235,-23.93262663160575
64.81742435151946,-21.37199402871676
65.36634140264486,-20.19174086938242
63.99613577386679,-20.08161539893794
65.38055626505279,-14.73721991455376
65.686533883324,-22.06733849789506
63.85511426188036,-20.38472350558828
63.87276049664269,-17.78439852879394
64.83021155195429,-23.27596044292776
66.14623974504195,-15.36241610090681
65.55449952510486,-20.65626526646944
64.98603789192558,-22.81045931708984
65.42738860309632,-19.10511194809444
65.62239262712576,-17.24414866936009
64.86741585709875,-22.75846832950501
65.66945137244281,-19.49333401759003
65.01920520638161,-21.07289398562134
64.6948828988069,-14.25539956963106
64.24381632235828,-15.2107268588403
64.423646473517,-14.81587021845563
65.70557829115106,-17.55127719187168
65.78106484588675,-17.8874693333298
65.58986400067461,-23.13664627605404
65.95866946508232,-17.33176511775991
64.84451511475795,-22.33063724167886
64.7985293278627,-22.05958649896856
65.61262097843533,-15.28675102461374
65.1253387893527,-22.09836122856295
65.49344245599673,-18.13324907567282
64.02902891608896,-20.82504327502154
63.94424721833454,-20.30049775679036
65.89607649891069,-23.64833465997037
64.4371207813811,-14.66515553759179
65.14843137060753,-21.97726561208905
65.66667664315507,-20.2836104603564
64.92202696445825,-13.96812459105887
64.05440061053757,-20.64142116026839
65.59760558751675,-20.31574743115972
64.90130787013656,-23.73949232996543
65.27029974668658,-22.33246787524927
64.41041994010175,-14.56082433088742
64.88948873806685,-14.54173596603087
64.36699722823079,-21.00388165349629
65.92154452349115,-22.84408194437635
63.72610618326119,-18.22382139758817
65.22448076721798,-20.82081940743062
65.60243782249464,-16.92522809231543
65.50830338809858,-22.47237214393397
65.47649194941282,-23.63864510981541
63.79481287003283,-20.8004284739321
63.96280304841238,-21.45192556615179
65.77909062787836,-18.2504986324102
64.89182021569121,-14.53074177647462
64.92232534312575,-13.85353780110384
63.97426222862628,-17.07601215854939
65.28816442520504,-20.82460435133597
65.92214565764844,-17.30244769029096
65.44149676908845,-19.31882284262021
64.69034387084946,-21.69939378781743
63.85446155639784,-22.2487594853207
65.01179656872924,-21.84585593714857
65.64737928568154,-16.7744313696814
64.93630589455468,-23.50398642309377
65.25432599976142,-22.36340584508466
63.89345656211454,-16.69959539784318
65.37150530947437,-18.24172897616501
65.60873205683771,-18.61063450728141
64.02614057906058,-21.87451030494565
65.02171549466087,-13.65035408876749
65.29792778327435,-15.48836799181163
64.41170151925994,-20.03197246927473
64.3286541607615,-21.50856675865962
64.30181273939849,-20.32990249159782
65.1829531635124,-15.9101456904998
65.00843712380623,-14.99902486460175
64.3596683262986,-21.40757476618326
64.08321450562556,-21.8088301141936
65.63299006390383,-22.6782947961612
64.34167190919973,-20.99733915894215
63.87640339434545,-17.77240672635162
65.5785364260729,-17.09666691845909
65.94197151732777,-22.94638608220249
65.6310876423652,-20.64425080980361
65.92232917530629,-16.58432139842695
64.92386147458141,-23.2742794051826
65.68606271120962,-15.04122975977297
63.84974465868277,-22.19900253910829
65.56613326784867,-18.54660361007949
65.01935802322326,-21.74807738106821
65.86333911325416,-23.52877483663688
65.61945280905407,-18.02464173482581
64.81709611458236,-22.04936119437554
63.72660426539603,-20.13977270005413
63.90149216742263,-20.57870218042499
65.25847575265998,-22.35517304365894
64.97123598936042,-23.21575943344745
64.15993662489454,-19.46806959731622
65.21059782980667,-21.79672436143571
65.98384730839565,-18.98594533106513
64.82854604480495,-21.48514796428262
65.513659075106,-23.83861237717635
64.31470506883012,-20.99426460155514
64.27251923612015,-21.38320126337144
65.03721839289354,-22.43779787827037
65.63924445695517,-23.55061403868644
65.04708783799894,-14.35131926010418
65.39246350637708,-17.38962384377365
65.70655012945866,-17.67105015367336
65.94097197613834,-21.58710413563285
64.0348131732824,-16.28882849352499
65.3061172157007,-13.88082518258804
65.16527227938197,-21.52498093460527
65.46809707374761,-18.71746810841104
65.26015190299259,-21.08972833109656
64.60167095730348,-21.38572203147936
64.11615711910657,-21.11232912083275
65.26255200022233,-13.58591238320561
64.61393477136285,-14.4093010924269
64.69396915064554,-21.94811455537039
65.92273305125399,-18.29845159396462
65.4028346197815,-20.69674782533057
64.87233264066973,-19.48132639236586
64.57422895449749,-22.18226314634747
64.83203732608203,-14.16572908312828
63.90163397685335,-17.73493102955059
65.11890795229044,-15.44346399016678
65.33261385786908,-21.74661178735968
65.04212976391904,-22.51974919841427
65.40206037153813,-14.65654286603512
64.84475134619049,-23.36890155573625
65.12023930517653,-21.09205353927167
64.94464115954548,-14.10964820933694
63.9514443748355,-19.99268280258323
64.87557386549179,-22.77818175457741
65.41383277847181,-17.27296879582359
65.31024049204595,-21.19873807886231
65.48755145472792,-17.45174622961368
64.85066604221223,-22.2069971521183
64.02065267517224,-20.77581709152169
64.68178885403822,-22.23845280727408
65.7910329304872,-17.43179710275988
64.47181971074063,-21.2902340227643
65.63159375710647,-20.80140672349284
65.8570248645263,-19.27564484812752
65.08521570907658,-14.08380880556603
65.28708790631367,-21.08084030965215
65.70533011930188,-19.61535843185985
65.63886718145082,-23.86793178926949
65.53631163451249,-17.46960948877569
65.56541675198532,-22.1416047204371
64.80672287627735,-23.10675372949665
64.87234032485095,-21.20230037346741
65.53603655953138,-20.64612803800399
64.88981714175263,-23.70559730727941
64.37222562456608,-14.92352672631082
66.14414212539315,-16.43994247207786
64.25680475148766,-15.58687787295925
65.26748753607856,-14.26113229855701
65.5358011809381,-16.16351814557215
64.80661536060393,-23.10490448662842
64.39752861597087,-21.45998225657783
65.80509324052834,-18.61148534538088
65.51500316372568,-23.86590907978828
65.51897730577546,-24.47117373322382
64.97170177732275,-14.62579115625355
65.4112796873659,-16.19421855125266
64.9304343203236,-22.24397107943981
64.43911671183508,-21.04404078700308
65.50395150702843,-20.5773145893278
65.34150739711849,-15.02380762689643
63.91959106187234,-20.19178804433052
64.64474957997322,-21.58533372280046
65.9242970287777,-21.28996365404998
65.86352282724003,-19.32202333563224
64.8503778997963,-22.71485899808194
66.00774386964811,-16.57575486257904
65.7739199171766,-21.73990442624424
64.92166512745898,-14.64551232500883
64.09232912850676,-21.76623893183637
64.44844545459829,-20.00810101087236
63.97170392475054,-17.11321901925109
65.3022457471751,-15.2049921472695
65.69238278592593,-14.8657348147748
64.33948076514702,-20.99726853356322
64.93459397957487,-19.51573876040964
65.13235616860803,-14.7553166404124
66.17724648825475,-16.99157690222097
65.56167406338241,-16.19204629265836
66.09674042811271,-16.49504955943538
66.16222031737831,-15.17548000477631
65.35523213781467,-14.93466773717159
64.1118387023232,-19.72184777743334
64.84510154483068,-21.28833731065869
65.88925835204041,-16.57440455738057
65.49976762304206,-20.40109243790121
63.98062077326093,-22.33353516536637
65.78155815487865,-23.43623427421636
64.0409469715134,-16.22378277869507
64.84242979247375,-22.32350889333991
65.61104057985091,-22.50721990417789
64.40862617661777,-20.03875487983127
66.07226957679241,-17.33482048181342
65.28570430345073,-13.71450475474641
63.87459725787136,-21.54659244996054
65.37444617951937,-14.7273249287776
64.92215524041343,-14.04574013424298
65.79774946955595,-23.44348167513591
65.08759146814698,-19.64072941790188
65.6406730293677,-16.31828308993398
66.13517744716977,-15.39168644045841
65.69246500430629,-14.40607325546637
65.25890980574421,-14.22195598200962
65.70096709616165,-16.21067786902807
64.67507302775172,-22.27020883832495
65.61289032573326,-22.50925851220009
65.43960455131841,-14.5857035861143
65.80390615150151,-16.44464892676393
64.16102023719478,-20.71680259855843
65.15195377876495,-13.68030293538475
65.02973094757897,-22.23816584573225
65.42499632727575,-21.22245922500075
65.19045992082077,-21.46409642345121
65.32321388418048,-22.14109185912117
64.79825938647144,-14.13703331156483
64.56998212927599,-21.9436140275699
65.24134437545843,-14.59032802629584
65.54822428662378,-18.55486423785806
65.72682594167907,-14.92725085500606
65.5734555303144,-22.4898827424592
65.32226834566785,-18.25906474208995
65.32545209701308,-15.85644770874934
65.765550567579,-18.07231886104682
65.33488823107533,-15.69784747992276
65.58049995515312,-15.34582752061455
65.17292596827798,-14.67433250135006
64.27446722134209,-15.48693051762261
65.59934676919981,-18.51292978101066
64.66810870509683,-21.16818573665734
65.13984786115041,-21.59442835097868
65.59442681920129,-15.31665519913981
66.1814573921584,-23.466164052211
65.6112960490449,-22.50738114439289
65.12189052021223,-15.43463983974188
65.80249497645853,-19.92985376360906
65.20247261075849,-20.78279349581365
66.13744887822746,-17.23676887452619
65.4538639095426,-21.40543597238016
65.14147287281317,-22.30588435240177
65.96440233434677,-19.95003722313929
65.61144983908105,-17.5143850442774
64.8031339696599,-14.53113869363132
63.93883514864532,-16.4306851355763
64.84081672979124,-13.9269268873261
65.03821746441093,-14.15080355676291
65.63960445490085,-21.59912235474049
64.9716791011537,-21.0677357356232
65.78142900668593,-22.5806121634758
65.56235637423033,-22.4267814742921
64.83802248030999,-22.56867662443092
64.71344652245675,-14.40100723603229
65.12440109564574,-13.88694712111851
65.70249650210651,-21.5817092624714
65.58163326158008,-14.19311244266009
64.96453773175195,-22.97565900656051
65.82749483994394,-20.32098217840681
64.54351977758407,-21.33173511770838
64.43105350577233,-21.66473413187386
65.60053274598673,-20.89413311772209
64.75036130266675,-23.65334195691142
65.45052375244751,-19.813738789897
64.77966344165584,-14.15438521011316
64.50175316989171,-21.19577654503097
65.01451846680939,-21.78233162880063
65.77368602496799,-21.45438918191631
64.61593877553851,-14.41081973074034
65.06292995520432,-21.42983757612458
64.81044179910612,-22.99892185812178
64.69847592843212,-21.40499927724276
64.16299663023814,-21.24449687525464
65.21903450469652,-21.741122160735
64.8364046538711,-21.35079893424371
65.31614026514761,-22.17717547778579
65.64914672210242,-16.75247921709879
64.42217802419218,-14.88034582882065
65.2418983066906,-21.76948186150823
65.16249793095075,-19.73281375325237
64.29159381441193,-15.10954042355931
65.29117018521382,-20.69219858788889
65.46409935582383,-21.27753272666464
65.12192426943521,-19.6815188133185
65.39385804139768,-20.27400910038629
65.14515882010973,-22.32722888288394
65.17120167231907,-15.30561943997325
65.5276175722404,-22.28113874791236
64.90609535579529,-21.18040339204535
65.14818631211422,-22.34577248549598
65.7724351394286,-17.88382266076483
65.5222162250662,-22.0078042922295
64.68335343495244,-21.70956328903246
65.18661790509294,-16.22931246387961
64.43759397400538,-21.0224716895594
65.06374193089245,-14.02876549557334
65.39572979245698,-16.16929938346106
64.86319605440966,-14.67442086629281
65.3870936447789,-15.42967874352323
65.20338887898468,-22.49500251217684
65.17157640608625,-14.57814666396516
65.38512773572148,-19.80781500028897
65.42123332160057,-17.28932525467106
65.23393383016499,-21.07970772523045
64.94224654191727,-16.34713854545236
63.95765470490947,-17.54224137685643
65.33651167820048,-21.74627449203625
64.24459721397191,-15.67703364067599
64.01729700312536,-22.26320231993087
65.81377489991276,-14.8451733381203
65.67040841642607,-15.07579347518666
65.11056323790667,-14.33075750375474
64.91867734005008,-21.12785973802178
65.2634312347238,-14.24672270223139
66.00808552611839,-22.93349366364084
65.27586367250555,-14.44798047566125
63.53027647116139,-20.11735155944159
66.10779375930004,-15.18913611947255
65.42437744612108,-15.90193939236715
65.15241276108233,-15.55179196737183
64.10721329232238,-20.17370769791434
65.0022458104963,-22.70874214303561
64.89510290880345,-23.95411371920787
65.11680509192792,-14.33261762246769
64.03014252620697,-20.52719400162662
65.02588771668145,-22.16232829463991
65.32865844227105,-20.94097543097514
64.87609995253567,-21.2003587194689
63.98614847207576,-20.98321084147212
64.7949946091131,-19.35611738472348
65.06329389759152,-13.96695709313339
65.6111133964447,-22.06479529738646
65.28965483447665,-13.81687595643976
65.74097594800924,-22.05059957934102
64.83512394029806,-13.86823203838771
65.23860268351916,-14.16548398699995
66.05972594601299,-23.20554043208751
65.23231924681643,-15.90016312332767
65.10930789808936,-16.2772063752942
64.13752567993923,-21.66427524999177
64.71031501938718,-21.35633042041386
65.7931183964053,-16.35211439986909
64.07061943242965,-20.47054044628431
64.20204759766875,-20.83056163161106
65.19657578135549,-19.73575199655594
64.26444633100864,-21.83348360843959
65.94915740143112,-18.15743574069458
64.88882542839569,-22.21535450274391
65.75295257323222,-14.63211949621417
64.70404343315022,-21.28610600448081
65.76624115854183,-19.38546192857032
64.99445246090623,-14.50883516385788
64.84467875033744,-23.37791791341459
65.51535391176738,-19.58710823410892
64.93954029374063,-22.22971094696664
63.93408905483279,-16.44741740318791
65.61500228512828,-20.64538874267014
64.52393822168148,-22.07595982887615
65.53703936017297,-15.41763057547861
65.13466967860045,-13.73951336328969
65.00795237690181,-14.97536131520817
65.68189818850317,-20.2342879068982
65.20842201252849,-21.33401767182216
64.3917281117794,-21.43118667425616
65.70886534799489,-14.40709884156713
64.18508294637753,-21.56220946712766
65.12401295726114,-22.18858799982707
64.12646963964247,-21.25007307140925
65.98889525415942,-17.37905767789081
64.89206608106062,-23.96120712444577
65.49744974260925,-17.44157789986744
65.07614415170657,-14.86892430237887
63.97554072849969,-20.24107931521663
65.21938564640175,-15.23192798117932
65.32782943906523,-20.18577989488035
63.86992975330141,-21.8468476345476
65.46514535820677,-15.68681033060304
65.19830114104431,-21.05945683216244
65.33608719352347,-15.04975915690571
64.30550293643216,-21.5155497196811
64.11572673289899,-21.49300422751031
64.79950677959552,-14.22252173812499
65.28410339893703,-21.18631086398948
65.87681735730172,-16.54424784213795
65.00723886500666,-14.19614381444615
64.91017487547596,-23.09327052867668
65.63616944920996,-21.42847652549506
63.86614798009304,-22.31764319742969
65.10291538777972,-16.0909092605149
63.91686801392638,-16.51518232210506
65.27403555958975,-15.89850692411736
64.30718380486717,-20.19986514190633
63.94952425172979,-21.95985237699647
65.04747512260964,-14.63639048696739
65.5118650717695,-19.73528339462947
64.94778740721549,-23.45899987721354
65.60326239409844,-15.307757955179
64.85575424394064,-23.91077780167537
65.5439815540313,-15.39919076222283
64.24437290080787,-21.02476861787505
65.9569405618405,-17.32731430379159
65.51631510046322,-15.45263028428572
64.8398581834903,-14.67040398183586
65.20076451809483,-21.71451375996851
65.1365743096923,-15.65450888862763
65.05904866299714,-21.60403349036108
66.27285917224047,-16.41059871473072
64.5261414997088,-21.83202927943561
65.5625420401691,-21.80633419208358
64.02891769698837,-22.56424004450476
65.67002434667056,-18.1683742798835
65.62227180139486,-16.8849063150568
65.86899309207897,-23.34768095190647
65.83402630317089,-20.28041570426909
65.92795387064912,-18.10669573968869
64.1263438291625,-20.18540869055193
65.33309660961442,-15.69042182173414
66.12513684164028,-16.94998347233234
65.01095173408244,-21.80085658569336
64.98044203680826,-19.57079503014061
65.05445378603744,-21.47239217669356
65.65474623172142,-16.44991862767004
63.7390733186261,-18.18099168016876
64.67654750359705,-21.07960697853416
65.15220931923983,-14.51611714851952
64.30099440360436,-15.00832539606641
63.99519442832074,-16.38311422697177
65.60972438183775,-20.85833334533165
65.01987660919028,-22.54662371201779
63.82613709568481,-20.40926352165495
64.84656074655354,-22.36739719545374
65.19346870850178,-20.78282650304675
65.50467256135568,-20.57992414983721
65.43000450214629,-20.30701377274139
65.00757178092512,-14.97718854058278
65.52593675860383,-15.98863345644456
65.13550118911367,-14.55303335363687
64.4221504125232,-14.88057152601695
65.88401450835454,-17.48853215771025
65.49876744821269,-16.18672016941561
65.13107575888927,-19.69536065812648
65.2593821867123,-13.99759065314309
64.33253679376624,-21.00634659667629
64.26690398695763,-20.20398087101238
65.50071391003362,-19.85995244465738
65.48715762049387,-14.5400824636296
64.82884245009652,-23.95730310596551
65.51202407139185,-14.36151951670507
65.64805145768267,-16.62450986902967
65.1932439097677,-14.00424180763931
64.01686718250917,-21.44876461120687
65.12382331401666,-22.17786869270687
65.59547443681416,-21.76097753358087
65.68301185876,-15.05168659362655
64.20022102016085,-20.84756345531803
65.51342046996514,-16.17336399850031
66.16563769211376,-19.01075250958363
64.25143372108018,-15.21471706683615
64.60397813274962,-21.38146671221373
65.041298815515,-13.8933112236963
65.58533177339315,-23.12668491956104
66.0463124853262,-23.47067087625479
65.63812408792765,-21.56198948425405
64.75019718335732,-22.23984235484463
64.8652638084302,-13.76095894276182
64.9408800788783,-22.2291240405745
64.63450610738911,-14.47107299279947
65.58224112311571,-15.34246012869438
65.30566512558495,-15.60674356275574
65.47835902730212,-23.64064663499795
64.13327826950669,-21.67454762425439
64.85581309933633,-22.19542334713621
64.64039205507008,-19.61817350708194
64.05708557908221,-20.25123783163825
64.99056490106325,-14.61371615639712
64.7330479680125,-13.98965381750291
65.31699729955214,-21.74371113751045
65.9512162545915,-18.4561251652344
65.958491689461,-22.90835980944507
65.54721026707348,-23.20215385013566
65.24843639227909,-15.19574959670515
64.00741573175218,-22.35109094839125
64.14173008495015,-19.69962597008783
64.76445914485035,-23.86646112372424
66.13026329199957,-23.55783271714459
65.3436546129038,-15.75534610499886
65.21266037093362,-19.73532596294852
65.55753444627264,-19.42577778237268
64.92180333661933,-13.9658979118479
65.91053530013025,-23.84442035652534
64.92434332808159,-14.05285949264067
65.79279698135423,-22.41970047339258
65.73610987268755,-19.11322046844074
64.96715914341496,-14.62671011485435
65.60737053363842,-19.57652895426865
65.04661259018934,-22.33959087450646
65.78279627736957,-17.20836104143171
64.65033343867343,-20.70616479965978
65.34571594393354,-15.00360506813997
63.88864978468587,-21.36795031604625
63.85413414832791,-21.93724733968279
65.48850825789107,-20.98481684223543
65.36124040735368,-20.89268435795779
65.51467532953504,-14.40089687931272
65.44085136232809,-21.48102838989302
65.13147513304017,-15.40614403728318
66.27671720584244,-16.13155747283664
66.19106262208219,-15.54777094677683
66.04748517900687,-20.01904301377139
64.16021351514888,-20.38806628111584
65.75397277719055,-19.53252826923012
65.95827838748608,-19.931832823365
66.05286423262615,-18.67037317558589
64.88924686414458,-23.64190960028575
65.14656366165697,-22.33998967943763
64.25247562787868,-15.62685213442689
65.31379898612661,-15.65682226438221
63.85107829304207,-21.97329622296869
65.59653037791844,-23.99044503993358
64.92182760668322,-23.29128102575507
65.28598040017961,-19.03261016409983
65.20770750820029,-15.55991741215406
65.4846429449942,-17.44974850171341
64.93246231877603,-14.64279194274279
64.17415039927893,-20.25100341715586
66.06629227100709,-20.03901849931818
63.95773287043875,-17.545714075178
63.97324880315579,-22.35666058329759
64.64856139892748,-21.58587823206459
64.9992814854116,-23.13221873519366
64.98850497298362,-15.05279692603833
65.99941711390743,-20.39012441031365
64.85961788722477,-19.37867709924482
65.92627177727081,-18.30718911791346
64.77115194835166,-14.46608503063328
65.12366891226516,-22.11391419267404
66.3744930782892,-15.8675570498679
65.44767291462382,-19.21208775083825
65.47725035626722,-18.66304514976029
65.27477659037902,-20.70317930081845
65.56226032095746,-14.28696342690292
65.48556127255675,-23.25207747145109
64.3974379209733,-21.44811919010225
65.55959194192111,-18.10622878986523
65.87464167919615,-22.30123890255631
65.12843466687848,-13.91685181045998
66.19374028500266,-16.48747533279963
65.49046456963491,-23.29846440906384
65.30029036638788,-21.07850630046602
65.9070765800776,-22.98154385747381
65.43463785932495,-18.20695872762682
64.7252342739203,-22.00461576857452
63.84081170987452,-18.06557144426327
65.45759241865079,-21.67855343387708
65.04369595377055,-16.16153630286245
64.84831750030627,-14.39002034657777
64.94985130959432,-21.0557329079536
65.85256609947609,-14.81381489668069
65.94093194645143,-18.53677712096719
63.92279428968003,-20.68721041488227
65.57692851635998,-14.0500782323921
64.1845568598148,-20.2407557447211
65.47459192225831,-23.62988133903585
64.89268876256907,-23.9605504202416
65.4313539363159,-17.38183461576602
64.64553682627323,-21.74952691404521
63.97248231936231,-21.45866830877485
64.36889423082636,-21.00209431349419
64.89285422978537,-14.31087336674191
64.82251166912381,-22.49217407067013
65.49861444541456,-15.45946861467499
63.65204783249484,-18.41601884341567
65.00001519884857,-14.51716058415942
64.24607477620991,-15.19447663310279
65.61356174205443,-20.30550324123962
65.05048218071423,-22.31138137589062
65.34146578620907,-20.59505278927891
66.00380525700557,-21.35475436331363
64.32462260895069,-20.99616136300427
64.97020632087029,-22.59166625140578
65.46163875620074,-20.61335487914022
64.20068951081687,-20.84081322413304
65.63953975896878,-21.5982819393159
64.91610738272081,-23.87205568786915
64.88382211632036,-23.96167871927896
63.84562999987964,-21.38708463414915
65.94663005601795,-18.35511298825202
65.44976816314168,-21.47072181667373
65.01330013569361,-14.95462580894174
65.61903397483366,-16.19948962618274
64.1916358372697,-20.93470361087833
65.5859231068029,-20.32373502790238
63.93533424221587,-17.31365205804125
65.26722408147958,-14.47373606290047
63.9896581663159,-22.29506280373002
65.46717248093778,-17.42043845776046
64.7849239868088,-14.15536456570598
65.70127266157027,-16.21181810265549
64.72802745103537,-19.43618110426167
66.12899497800525,-16.43435057979352
65.52719933403588,-23.91801241231818
65.48492947415711,-23.24580666452081
63.93909858144626,-17.69180389425348
66.3823731051308,-16.50874088321658
64.65856756356179,-14.37570787437381
64.92053707279223,-23.52088804736387
66.27678282453442,-16.14056065006211
65.92160624452737,-20.34827243849355
65.52606561304242,-19.51715279907416
63.85109264349027,-22.02607653729017
66.05577014067212,-16.64065124167193
65.60310021360958,-18.50950126044902
65.18954264077618,-21.46590283052979
63.93038873704492,-17.70688349251958
64.960691358755,-14.63194748923258
65.36678884891077,-15.86450926201993
64.19148494934304,-19.33412596575189
65.11197849715711,-15.97981444719954
63.64821136380838,-20.14256158236286
64.22547256800866,-20.72315617256592
65.30769454804624,-20.8460255901614
63.85581692327305,-20.96443799139211
64.52709036381026,-22.20239145577989
65.07298408263544,-13.66783973616781
65.4328208490345,-17.35138197418945
65.12387134561858,-15.43068761715848
65.40142353952393,-14.65798805255565
63.66064702116498,-18.413090568433
66.11157735534832,-20.11332339101678
64.77283745469269,-23.64287119439644
64.21191952840068,-19.16008799071227
65.8713380994315,-16.37837730564503
64.50499634508185,-21.20799140619735
64.69778832080198,-22.12792532564654
65.85567878397859,-14.80968200266867
65.60030849723569,-14.26188877329845
65.20269863897427,-13.91160341648344
65.10840376144284,-21.09797946196252
64.98424781857658,-13.88682247059936
64.34920138334914,-21.00532539167959
64.80988355104948,-23.59450910825284
64.94379281749178,-21.55160184441329
66.06973173063673,-23.09871543037097
65.18553253512468,-20.77884378695371
65.80295382439967,-14.84094634814927
64.14640409369171,-19.6894205399144
64.22363392845843,-20.46189314623754
65.47026256940937,-18.68497560423465
65.36100800395506,-13.90772890826874
63.7571533997537,-20.24469270979164
65.97399109776049,-23.03149266715295
64.81949904168317,-23.56314814277172
64.91829738098868,-23.84707093407602
63.95104764638062,-16.83743728011089
65.7907406301259,-16.44248413570292
64.84246375427009,-22.59289956401262
65.41166275563491,-20.64391749694926
65.2017096501153,-22.48956549350764
64.93812908669801,-23.36265268721958
64.96834473802325,-22.58035218711574
65.28596761591855,-13.96888987559846
64.03671955214405,-20.30374725113636
63.67671894812315,-18.49399517286045
65.20240014052955,-13.79515533578823
65.54338569655056,-19.9177536523149
65.67035753435533,-14.98628191867317
65.43334232780373,-18.20476025772906
65.90057802125914,-19.87051071154657
64.74209878965158,-23.80367821847186
65.54900438005109,-23.08092269690834
64.18110916001204,-21.03345571947894
63.9295563236163,-21.33947961455905
65.08641074072577,-21.74984368786844
64.9018282705819,-23.93121652102971
66.06839360310707,-15.08657336578063
65.03641178053383,-16.33349263545322
65.10337756014096,-14.72841031911468
65.8696362042921,-19.37636941991945
65.20612713061169,-21.42105239597747
65.78862646272913,-22.5387770667144
65.46461537546024,-18.79707174774728
65.73871865917926,-18.03691331291973
64.8671745393627,-16.45322685225343
65.61555834544605,-15.09819014104139
65.78203387346717,-17.20558666313342
65.47178401663585,-18.67624370555979
65.03900336390318,-14.22842692651826
64.72563322503032,-14.32698610011422
64.80043476204064,-19.35849971902866
64.36105406887964,-21.78517045171039
63.94328825078187,-20.2585780825092
65.70909702438108,-14.40765653237329
65.22579842530575,-20.82172842428308
64.22870420881335,-15.68398334178163
64.74664682816848,-20.84339188365553
65.17095542770724,-14.67944826895463
66.02221067498854,-22.93099832490345
64.65474429655814,-14.49752997147564
64.26343819634297,-15.5252496452983
64.2370647034606,-20.7029406911039
65.3233992009568,-20.88941499700232
64.89056715749639,-23.96176425978885
63.67057424417901,-20.3688229804721
65.10864604899452,-15.51152719128143
65.20591091876494,-20.79400934394955
64.86160607392166,-22.01972660184179
65.11865009141556,-14.33265532579469
64.39341431042091,-21.70537403223252
63.82154357370729,-18.03309153816616
65.83773441759581,-19.69146817981474
65.45101073615109,-21.92038246164676
64.83154880121808,-13.81844885413387
64.21364026099184,-21.04798217420608
65.67157793519249,-23.21742936782471
65.71049171443369,-22.13599291207955
63.80083751403698,-20.84634775492669
63.95333894855816,-16.84972702060325
64.59764686399524,-14.46488386272366
64.69452255283423,-21.40694786680812
64.88914725688915,-23.70254477707427
65.56372228790524,-13.81928792690428
65.16398873365745,-21.8808573743504
65.54477785330333,-20.9423114299392
65.10541100944667,-16.08030850419524
65.45183135823878,-21.92220139617704
65.38101131140021,-21.90791335350352
65.70944121127211,-16.41003346079329
64.60317133366031,-22.14524441571239
64.19912476761162,-19.03976829654488
65.21122059182257,-21.27597348950117
65.28220031384696,-13.77437127458053
65.72382599698146,-18.14886913267831
63.75761220039997,-20.39677915442391
65.60227058069604,-15.30959371830257
65.57890074037894,-14.0862030980023
65.58380031731357,-22.96715017273481
64.16769288706931,-15.91175845828497
66.16938149048237,-15.19156882252081
64.97099056387944,-22.56684806694295
65.42967556206794,-22.20703060098686
66.39120956723426,-16.50317866639142
64.73497773683059,-14.34183215175631
65.41037227010747,-20.94415531115764
65.07914643221895,-13.86332789895556
65.61425772014576,-22.05900073259477
65.30408221141931,-15.88309797158039
65.97158764539044,-14.85509307973668
64.42731294485971,-21.70606449066014
65.64533566578224,-17.26332510919656
65.94834918795326,-17.31504195182966
65.49656183732009,-18.13164235031252
64.08582527877545,-21.95102273428632
64.67590625235508,-14.41369005260436
64.41824869735197,-14.72918678714279
65.7137317956259,-23.2006897042955
65.91715871686786,-18.34151353180107
65.5796808877267,-22.28588623615869
64.94574568744423,-21.05776590894357
65.15062256931522,-21.05999988656907
65.05806589110935,-21.61518859323383
65.33048052949346,-15.68179540729267
65.55793531991176,-20.13511983578693
65.01780619875404,-14.40662167669764
65.52779868927566,-17.48257419024985
64.3406627613789,-14.92889376345246
66.04784978567838,-20.01926304488214
66.09143778162445,-18.76543799937691
64.987964227699,-22.78676874538517
65.7852533007832,-22.42414586705202
64.15590420562997,-21.87269106207195
66.0010676993268,-18.78858153646476
65.06627118668554,-16.36612294333362
64.0924466260885,-19.74754596347177
65.92699542501353,-18.87114954599907
65.87916219988085,-23.62075687351665
64.03690664406062,-20.31499464095646
65.3757182048562,-17.26794653484724
64.0438391542742,-19.82001302966628
64.99730127846247,-23.21117277510288
64.03381167721186,-16.2928167036134
65.75095809378261,-17.14116511815327
64.49241900556541,-21.17210849940659
65.58918012039054,-17.77236677295778
65.62126065987125,-17.51007239311469
65.74744373080718,-19.74029733868377
64.32499806915142,-20.12433466342816
65.44126536893316,-13.79019035917667
65.1593703108196,-21.09374614937921
65.72343674977687,-23.3944291312163
64.12408007806388,-21.19987316704076
65.02562362905464,-22.11278720151257
65.34278233819656,-19.79718993438317
64.8637016744364,-21.20866899138278
64.04436409293292,-21.46504799903296
65.21323305371008,-21.36434797552656
65.69094516936886,-19.60773826772715
63.97428326186618,-20.54501924759669
63.68938569254084,-20.49012772456447
65.42876366693999,-14.61861642568772
65.5863881445002,-22.49828443930492
65.44741693172374,-18.99443085883806
65.90915583216437,-22.98865473827302
65.33583758199434,-16.05826550445139
64.01422932377685,-16.3717363903123
65.50703066943709,-20.66515521192624
64.96834129721174,-22.58018147716023
65.30787132049815,-19.78714477964906
65.85915129782907,-14.81281706018238
64.24752046735254,-20.66260673594758
64.53202458316377,-21.78625582950142
65.4278300983182,-17.30154844332213
64.17748569506988,-20.72219423225068
64.73720338296918,-20.80993479594602
64.8331271530331,-14.66600629028092
66.04744732577784,-21.56777282706575
64.84305622020138,-23.3933891105341
65.70760058175388,-22.12965519531348
65.29352886519453,-13.92844412838948
65.29060669055191,-22.31354615670826
65.75321192346917,-14.62634503802316
64.42746161814622,-21.8067658537641
65.18432975492708,-20.77508395794662
65.5743138894444,-16.20700563854345
66.04166516647726,-20.39964901532508
65.45039096836368,-22.20304606643752
65.99251709913376,-22.94371932171069
64.91937688002547,-22.25499214867599
64.62917324657808,-19.63512162267896
64.06837721629493,-16.13017584027412
65.03410473492903,-21.09193408570169
65.76170567334705,-22.16402828763766
65.01489275656434,-14.1007343507377
64.4296219774464,-14.63460489943178
64.83941949001155,-22.94050232630756
64.14617027186789,-19.56179828382921
65.3040362632184,-22.26649990543256
65.59382121663074,-14.5186247377592
65.63046593859573,-18.02631575106273
64.6089271781867,-21.81787383035108
65.20618606979792,-21.30968014478795
65.15136629317603,-15.72117170823358
65.18668830811812,-14.0252570301732
63.98137447500774,-16.40739438727577
65.03810551732774,-22.40623899841666
64.75367474759464,-14.01535103623968
65.96525279418921,-17.41609391685494
65.63856129277693,-15.22257830165803
65.00127038110304,-15.01744864109403
65.71957501200886,-16.41230122233033
65.93188793338301,-22.79433725157848
65.73690959474581,-17.97931032987648
65.00179603364506,-23.14315376197457
65.54444581424333,-20.65810116460486
65.35062318248261,-20.98478364009177
65.77181577006539,-22.18191785479949
65.55075233102055,-13.97009838046048
66.27677478868323,-16.14734270071231
65.54108556109108,-22.47838368160023
64.92879205130843,-19.51067361029556
65.98001750244023,-19.96484903421868
65.46125195366002,-15.65044221526597
65.55079031986466,-13.9702800086109
65.6738106453155,-16.37194147162081
65.34350552241516,-19.79778478728591
65.24337053643458,-22.40369995717012
65.45258225130765,-21.67616641680687
65.82557563923804,-23.45050070757353
64.78262383603675,-22.05740516902794
64.96131901116733,-14.17468620361975
64.95724127976119,-16.33062960038325
65.13783198366849,-22.03097354535426
65.29241273618452,-20.83362363276453
66.27701678045754,-15.80699326960746
65.62510898845619,-16.91926878663382
65.15052011837157,-13.65645445190034
65.55934664755972,-21.48486560238752
65.27782844294386,-21.75016645796784
65.25868560347556,-19.73245708441935
65.74470709242145,-21.94590731464864
64.79289891618855,-22.26581334018981
64.82737815544891,-22.51718811935819
64.8455886837628,-13.78410746069572
65.3959662856077,-16.1388606307963
65.59160152468577,-20.65088039238519
65.88048679122781,-23.62898202352993
65.86041078293097,-17.90112180677317
64.93844625088484,-22.23100571107851
65.30524064356149,-15.35016895670131
66.18343534563738,-16.98877014900828
65.0059811973085,-21.89379407302212
64.5431780963702,-21.33087055370757
65.38487623354297,-21.19094179625722
66.02942046512705,-23.34240364826265
65.06532362170441,-21.76765006107209
65.14241936506433,-15.94638306133252
64.72813965507638,-21.41123519757972
66.19713373799375,-17.13698819463186
65.69320287034923,-16.18942658228737
65.94304640420877,-17.43757270994676
66.07354981660608,-16.6879950988864
65.77610852999443,-21.72611150713749
65.47913018508852,-23.51156111147215
65.22700611161154,-15.21921465360295
65.44305546833786,-15.95004878500665
63.49619346202149,-19.38829686165087
64.89425434772485,-22.2233016835753
66.08851333781436,-18.75068489312647
65.0420854639206,-22.50749454755014
65.7687605215329,-21.80765611271318
65.20362027127092,-21.71582315818448
65.6457952920294,-22.0287335461391
65.60947606609761,-23.39664276987808
64.41790139907015,-14.73125593042043
64.84647062107524,-14.21149132922742
64.91539143858357,-13.68954385908887
65.5763588437794,-23.86489890072819
65.22761211816055,-21.17023491182072
64.93597747800413,-14.0673191499953
65.47589231498813,-21.39685893023092
65.49169126971645,-18.13447415460778
64.23112868470022,-21.81634593281128
65.52375462496336,-21.31035845913881
65.04497584258577,-22.75719315283614
64.55715252753319,-14.60756718889213
64.76521210058374,-21.49955527810136
65.83989295718402,-17.88364106747639
65.11188238338687,-15.49011058125884
65.64650882786844,-18.08614470038393
65.6213990828264,-20.19330189978583
64.94558931183914,-23.41230490437655
64.40538866544775,-14.54374881117475
65.576952394674,-23.94534930378629
65.8399275120766,-17.5023142303335
64.06239285816844,-16.14147587918079
65.85477931390894,-17.30270319017333
64.60307970322411,-21.70722560792526
65.0666674054335,-21.11147772884368
64.91693089919585,-14.64724460159169
65.539444284875,-14.18632363351346
65.8924626700177,-14.82609590710668
65.12948722131283,-13.92753434224761
65.36212059287134,-20.73439992865292
64.11641769338331,-21.48492657112783
65.5773568694079,-20.02413564616894
64.52288197072663,-14.52469844372786
65.76651414649562,-19.38537031949232
64.41247206835233,-21.85457971950492
65.93499820687818,-22.95343440974867
64.96931516891908,-22.58920191308506
65.40637283409404,-13.67962906801887
64.7438986461737,-20.83494206211065
63.95434427589043,-16.85346447676318
65.36929750697813,-21.85119932104503
64.66812964867789,-21.16784472684545
65.95680302488798,-19.41137767346671
64.84899138903911,-14.67436818932832
65.74831533425618,-19.70956344774622
64.30680651357996,-20.31509088726857
65.03628523885557,-21.0932786777773
64.20970956299485,-21.42420064586066
64.15485418441187,-21.87919130291878
63.94876673197876,-17.22402944824148
64.50802574977106,-14.5071967753906
65.48288119813408,-14.58770843068612
65.59695949807842,-18.08747242654461
65.27956686473678,-13.90864058282316
65.67087152209137,-20.65954017652353
65.21502707513359,-16.1888420047629
65.38187020318944,-20.21249037053597
64.17569462324373,-21.04142288924237
65.49860732993935,-23.65861902253652
65.13523688318806,-22.04513094308235
65.98457605778549,-22.77512974154991
64.54054604846588,-21.74526817267344
65.92715306309871,-23.61099071340224
65.10923795878627,-15.99767537560476
66.025032793176,-23.17155660504373
64.98639230255367,-23.12706648523525
65.14773523143374,-15.77076325054232
65.12292614611489,-22.16267488370534
65.20377263405562,-15.90062714184794
65.79653058276975,-19.67808040686593
65.17377545301369,-14.34035346551254
65.53017594511383,-21.30456177980104
64.24196371594562,-21.18612964680169
65.18681151574641,-21.83564193114636
64.98444798660078,-16.29194132766401
65.76732289542004,-18.07168385066668
65.6610461187338,-15.12146922990027
65.23715768876146,-14.54863604966741
64.70170324625991,-21.10123416660433
65.48120328233216,-19.42435392529374
64.22682478926691,-21.81379354737542
65.37545431820713,-19.80653870720172
63.54128707676635,-19.59673567071953
63.95667291226059,-17.46104980554324
64.00227161798027,-21.18083774649056
66.02866746910885,-23.51382173312741
65.57987640459325,-14.10235631681496
65.89050902750574,-22.84344537740791
65.0132273026694,-21.78891024153612
64.54195965460171,-21.37623992757771
65.39666341025533,-16.14880050076164
64.6256044831984,-22.0765572733092
64.03465249433553,-16.28948668710348
64.96894431196137,-16.32464144835316
65.22401374018818,-21.0720462122906
65.83493878362768,-18.59977680792579
64.83942042984309,-22.94120576322618
65.71385721216944,-21.40388797057347
65.00548789108666,-21.06583324361939
65.30798171104271,-14.36673089514269
65.78541477901678,-23.19666756020404
64.33719900557334,-14.93153746483942
64.99456456763221,-14.50981766538954
64.94837669711758,-14.12174427583302
64.96570372393076,-23.21260875245073
65.25390244502543,-14.20055982886843
65.83447969479144,-17.41602110212877
64.92079294089586,-23.12842577338496
65.6064123782321,-19.57588906836143
65.63619999441212,-22.56428321782698
65.51263213968153,-23.69383131076088
64.80066599425086,-23.63172560307231
65.30172411798353,-18.25604041327648
66.07437433080241,-20.36693855077945
65.11734094814919,-15.47022929838402
65.2783477306253,-18.24411901763257
64.53144167028523,-22.20594125221822
64.36752222450492,-14.92310887977136
63.97643780830647,-16.97231110686246
66.08668850615688,-23.00221152078287
65.92559470993035,-22.3560855868931
65.72902250835645,-21.37863679927679
65.56979673705983,-18.0711164992904
64.01804239177419,-21.28120502881902
64.843252124147,-13.96129463346216
65.10670950958108,-14.80047638050368
64.74668155107885,-19.40381975662345
64.32285887518293,-20.12822079648848
65.84350357066285,-17.8868128851089
65.55282615515587,-16.97836129335741
65.53812813151431,-23.81626548391646
64.97922844859454,-22.2350061687387
64.84011262480837,-14.67056759901141
65.05742278973798,-21.72739560557507
66.00226889931997,-21.35147202058406
65.52427790937014,-24.42152989667957
65.42312970685877,-19.82904670217786
63.43465990788491,-18.86843335549965
64.2543508979176,-15.60971071557822
64.909983075136,-23.10071705642287
65.2814873308228,-14.00703401072877
65.94391864107959,-21.55498043948952
65.65808378227098,-16.48353932156776
64.12618029752184,-19.67191761361597
65.45736335606865,-15.58604612608261
65.8837315131777,-22.29957301583254
65.96444716339728,-19.40704884001557
65.62095256091592,-19.58080416876822
65.1849129331016,-16.22985466436142
65.15315345852936,-21.55647157341481
64.15787355553256,-20.30653287367671
66.05045609297719,-19.02641631244535
65.4763835551629,-22.14981677022493
65.78702783378272,-18.25096257473139
63.84249761891889,-21.51027420059555
65.51295771729438,-23.43656727326526
64.37283690536466,-15.27779476876077
65.86895013829063,-23.38700117693059
65.20270917156222,-19.73233101712774
65.56251167926497,-24.15550366630309
63.94536049254218,-17.65982270696303
65.36843534802463,-22.03200256878959
63.83039036627402,-22.39892912116701
64.94966816420326,-13.79954690547631
65.03935478645926,-16.33907579284647
64.90484245932451,-23.78400184108401
65.66041392275632,-16.56279481310235
64.9421922661713,-21.55118903456984
65.43400952424922,-20.28098595642922
65.1285101510183,-15.94536892506806
65.68016842642322,-18.08787508288541
63.5829053921627,-18.15478590797335
63.73929993952175,-20.35875937886632
65.05453052300372,-21.70585533995094
64.8851970233515,-23.60201378033877
63.87886423249872,-16.66532773108363
64.23287708027316,-21.81776511196822
65.29243933408956,-16.08540628429987
65.65920811227272,-18.20836780936083
63.97402020212799,-22.48106456866813
65.76692285133886,-21.82611571288069
64.9217277698174,-13.90288974227574
65.77247375648842,-17.58053978172252
64.85204768499635,-16.45184503827121
65.99719302034671,-16.41288036868342
66.08075321894022,-22.99320231232137
65.48524978477458,-23.47290678537628
65.67557889677289,-20.66591379696121
65.90230615507996,-19.87256714369538
65.62140202268056,-17.51023518422748
65.66032002450214,-20.65357906539113
65.64105684800607,-20.16358646816784
64.69557945190353,-21.44198516787985
64.093833134496,-21.91714116194166
65.45490135988467,-15.61271122100569
65.88625241825606,-23.4390113086733
65.64483554716976,-16.70351274816315
64.2907889911739,-21.70004871692703
64.38033535989466,-20.09194138546155
63.87012116112761,-20.73961157056626
65.65823608604121,-20.30383610572122
63.85174295620146,-22.67701317779961
64.67000250619309,-14.56083655961854
64.88957269731168,-14.55860502963175
65.34151053311415,-19.79684642361739
64.7766369514934,-23.89203183574016
64.43331108155063,-20.0083005624577
64.11145664780041,-22.02220360781149
65.20875893070789,-15.24224893807857
63.72506421382271,-18.54284469127285
65.41949349681433,-21.78104084947253
65.95464278696485,-16.55833706409082
63.87044774787432,-21.83812203907798
65.54153624558856,-14.12702824014731
65.90367919944882,-20.3207434484514
64.80640095293428,-14.24807252257921
65.10861666693864,-15.51212994400313
64.14420178152255,-19.69421574707319
65.01498334602266,-22.56324402904187
65.1244064742802,-22.19337901865868
65.57656858116987,-24.08483224813299
65.58814786295214,-22.15112811060805
64.58928267332183,-14.53466072992923
65.45708973792192,-20.97469658966655
65.57022206140992,-21.47699392094754
65.57274786926548,-21.32917322749313
66.19238003253233,-17.0050017920089
63.93540005194025,-17.34471122743106
65.40645171160322,-14.39884498665792
64.54667735523755,-21.69496313027159
65.71868759860361,-14.79066862249764
64.33965052203337,-22.02165042885073
64.87493958582104,-19.4139415297932
64.11096966219992,-20.46563836590718
66.03230142111879,-15.02803131298587
65.77544740945345,-20.25685629618322
64.13251212772047,-16.00398039316377
65.50204823273513,-23.67551457285242
66.17565598158185,-23.36615703261029
65.05921306014432,-21.57440453869472
66.1343165388453,-16.54444772960856
65.26186214682619,-15.89552975412031
65.86606123019573,-14.82022893259412
63.95675379168073,-16.85804946902304
64.72569053768865,-20.93484483725892
64.44385051489121,-21.06778067214963
64.3478694330908,-15.24795462153231
65.13967910978133,-19.70974636335181
65.34693634609427,-20.97268723175227
63.95638761011475,-17.48662935872336
64.10710558900706,-21.02345272751012
65.76743011312264,-21.81552213007252
64.2206477525183,-21.80233309859593
65.58441784206155,-16.08351076003534
63.97686241594097,-20.57009643883136
66.10757702272937,-20.2058922103202
65.6471203105706,-16.1296940531868
64.84942676914112,-22.69734983500053
63.68126472588401,-20.31936315430431
65.14450707999757,-21.58908564837328
65.94330641327666,-19.4121289431209
64.2341222753935,-20.55994090685652
65.60866029322683,-23.19835958813371
65.51518001875128,-19.59132335304982
65.344627855836,-20.81664458727145
65.48613521574056,-22.3749806696513
65.65303321737252,-14.44214725637247
65.5972970293358,-21.35022408676124
64.0228323700262,-22.62915558947438
65.65779312301697,-15.16118521299021
65.49472176080175,-23.20615467452881
64.84156145799767,-22.6402639056941
65.72698117533788,-17.8128159743795
65.18503764883847,-20.77862123662534
65.4516755537473,-20.56383778910811
65.76867787434132,-20.06127168512133
64.75437033493237,-14.49707859375283
63.9474915372017,-17.61743723010384
65.68723506632924,-17.51839903894094
64.63219698913277,-21.91533138926352
64.20277560724038,-20.79827454852737
65.3274538449752,-20.18578408918849
64.21464334293438,-21.34668437673846
64.74806310018137,-20.85276321797874
65.99856036149869,-18.53044444074426
65.84446414407283,-17.41097850608876
65.83998904027894,-23.18131818940083
63.96373184357201,-22.42036191008072
65.01397119889744,-21.97201767890141
66.21641368616685,-15.71452800479885
65.17756031338757,-21.05770811100867
65.14558465495189,-14.72862864741707
65.35112202170536,-20.17675721201389
65.4472981798836,-16.19413125591439
64.87172829169022,-22.76617700059765
65.21449508193943,-13.66801445023406
65.17635036695864,-19.73397043227746
65.63266178460938,-17.82544541328442
65.77206091912697,-16.34622389462716
65.6808006264579,-23.57359122031503
65.46110567127211,-15.64846995625435
65.97938947549909,-18.80540458385228
65.70153882592543,-21.43203238696138
65.79994119957935,-16.35096676411015
64.37309566617053,-15.29613917424906
63.86593201441772,-21.1645591844429
65.76011457936454,-19.78259360371876
65.26358455123504,-22.34525247281953
65.35045842200492,-20.99591723716766
66.11278837254788,-20.11911464374579
64.83614830656536,-22.84750740544716
65.0656346987671,-19.60942933238073
65.38626032921644,-19.2244085214185
64.53341854235609,-21.77345487350388
65.19595929142467,-15.90572558222363
64.3992515802448,-21.4847753547533
64.6975144327487,-22.12644862800157
65.62936317150834,-23.56750602281156
64.84603835292322,-14.67401595821304
66.00654542269017,-23.43478588299616
65.41781750244083,-20.26875269547322
64.12951772108559,-19.72047414012023
64.90430727144916,-21.51349218513892
66.03083624467537,-21.5512996192841
64.73915624019044,-14.34979217801214
64.84148002488988,-22.63088067364732
66.08566998360085,-17.3214456448854
64.52938772690476,-21.63368992318969
65.51774740818786,-18.60133329713499
65.1269625959886,-22.24633488760074
65.15865480496483,-21.09346963498137
64.70561778140817,-21.30045218223425
63.64923049279203,-20.39928587470544
65.65185436372624,-16.61130860551733
64.42556336338743,-20.01125454909827
65.65940275249761,-18.21041692040141
64.4066207633848,-14.53920981879946
65.02332580856618,-22.09588299440192
64.14737133342138,-19.55518183464759
64.66809650395908,-21.16838523721903
63.90943023514259,-17.72438023369219
65.01041762552158,-21.69002478165994
65.65556688352763,-23.24700956275882
64.7712023046083,-19.38106905188404
63.71336177056565,-18.51785672390606
65.18215003226568,-14.34014382545455
65.21312930428316,-21.06873913369708
64.6308974749746,-14.45293490054563
65.2195592414625,-21.74198899099411
64.68195056272098,-19.51812239254427
65.75410714712791,-19.53197618497899
65.85090497204759,-22.64836868455722
63.74453401761174,-18.16763371829657
65.01363183343436,-22.58426454129399
65.28036143807145,-19.78148471063084
64.69767378118377,-21.63324730275075
65.30021402761449,-14.33584511599617
65.32361491495679,-15.66907687141297
65.50388143295297,-18.61787008367006
66.08801051339903,-16.80205555660123
65.89462937878511,-23.64642195628927
64.91420303253108,-23.8894873465258
65.15722711535814,-21.05827460438912
65.01621439602175,-22.01263424199827
66.10156003170184,-18.81094336747931
65.8375141953827,-14.83498017826289
63.83426173585099,-21.70113458474036
64.87433652263778,-22.77355916428684
64.20758871812437,-21.76066463361332
65.735496838955,-21.70461364540469
65.55251032443968,-16.96894472477735
64.53063673277164,-22.20607415712317
65.0925881503066,-14.74087416244094
64.32731323307098,-15.4177092087914
65.05343364183112,-14.63217337045032
65.92088197143711,-18.08523859352432
64.50025843217999,-21.93284871726977
64.21905735811748,-20.43638729506965
63.87841656363044,-21.70356269337969
64.99831917756887,-21.06819209134066
63.84022859143865,-21.07780670342154
64.00607245521253,-16.92940006829197
64.06153803565198,-20.74095507594595
64.92434256412774,-23.21417937457965
64.35226962823737,-20.12601903628659
65.04642329195357,-22.35520001286555
64.68440984906911,-21.65380165560499
65.57376992055325,-22.9706359716205
65.00839486345477,-22.80635256779778
65.48219216346996,-23.49168307622028
66.13161349503916,-16.5461304378941
65.28008547761162,-15.8984107966426
65.68247764980427,-19.60533893130193
63.66975638708429,-18.50231997800359
65.67839789069713,-21.66730694463563
65.66024839776875,-20.6535570381726
65.05591439517697,-13.69247951482881
65.09621847172937,-19.64986884900395
65.59924464812518,-16.24066520909399
65.004386340351,-19.58732470023052
64.08266331896111,-20.18396772690326
65.45639012809774,-15.56085500375852
65.17784426528318,-21.71509773430701
65.70150753183415,-14.98314515728655
65.37954943440884,-18.23785166977764
65.46241149290337,-15.66497474964617
65.59274691120662,-16.11792425313649
63.94898866008705,-17.22314265431826
64.46896578331526,-21.28070746836315
65.02977969723905,-14.96682762943912
65.63019273223188,-22.85079306160105
65.15876389802126,-21.53800698385387
65.03466563698962,-21.72432441449887
65.3586497561163,-19.80508678666609
65.29121374992482,-19.78731208997302
65.23062651553467,-14.12101732473893
66.04532419819381,-16.43954687226877
65.331525290773,-15.36846454388978
64.29746541969578,-21.75353098553055
65.64095640029647,-20.78367764932336
65.86918920550109,-19.86256717255966
65.52998846276473,-18.57665999238512
65.63028561925672,-23.29677357361005
65.18474578910569,-15.90913176204109
65.83846463613524,-23.81628628761769
64.02262023609163,-21.6288147713632
65.61131569639181,-20.12636471619702
63.66670056239993,-20.0730960013405
65.16888924591055,-21.05773771628825
65.60728239630508,-23.78025379567021
65.61420905101369,-16.16031835542519
65.40529185559406,-15.43322084913238
64.37346986818073,-20.10168827565159
65.45929075775696,-20.69015142430394
65.01138456125278,-13.80464621872985
65.69217830642455,-18.08502975960659
64.42407118323507,-20.01291088710752
65.22405804165885,-15.54313825614357
65.46317587955859,-20.6946591175182
64.60167350605383,-14.41539943138811
65.57065485479917,-20.33334387430775
64.91245473036062,-22.2260131515052
65.02902238593352,-14.17424418702008
64.74754676234957,-21.57839308604496
64.91628892702172,-22.87521830770122
65.11793253181968,-15.44834061891234
65.63634187710748,-14.9694686853676
65.05193977914716,-22.76873652472761
65.41042967983935,-19.82235639634548
65.47457507578964,-22.34084061506041
65.43536470623094,-16.19695760822529
65.48302921149859,-18.65200888034104
65.34975318906059,-21.00895780155833
64.43871293514562,-21.02952382076936
65.67345096637469,-23.20999234363989
65.68216042168503,-14.8748877981297
64.80919923596905,-14.05817932645796
65.43780541917948,-21.23092341841486
66.098822783884,-15.18140708092553
64.64816667604742,-21.44161403909183
65.90660979243081,-17.45687496972806
64.27088986395216,-20.3811116256804
65.31913188816007,-14.47275659980164
64.9875225262104,-22.78855761567102
64.58970080994716,-14.58966956392889
64.89453578053941,-21.18935974959327
63.8056245175117,-20.76820297960675
64.35809315900904,-20.99840265752514
65.34442087351741,-19.09282387633319
64.31420995583571,-20.30391748629788
65.60440082086454,-14.36468044394714
65.2944129208735,-15.17684860795107
64.28046189210187,-21.39892819821315
64.6423273773935,-21.9758273568839
65.56738692958551,-14.00071977248431
64.69802875998998,-19.49384093400895
64.84143816772409,-13.93689807267996
65.1111247739272,-15.49333110205874
65.63749315974425,-21.52480799042882
65.81865045278349,-21.31436113970949
65.8442977754652,-17.29702991727017
65.46863850772863,-18.75119507697519
65.6189108443973,-18.59003560879063
65.84486230709132,-20.28881360985772
64.96484244289911,-21.54709436822171
64.61094911519493,-21.53501072620324
65.59930840864756,-18.03611997702232
65.36615634086456,-17.26469235192826
63.8486641552108,-20.57139292707213
64.99936359419439,-22.8668406487884
64.1139070923411,-20.37386576210401
65.07920207215129,-22.7224201641933
65.55325164806476,-23.97270092529906
64.79473743916061,-22.26544393051109
65.68326224471873,-20.29043014162286
65.86660416878247,-18.0749428083196
65.36416096202511,-21.82327380265469
66.0242362247411,-19.34624854579547
65.37014570403076,-15.42049082362296
64.15516300491079,-19.5038951329954
65.25708545083027,-15.51416505328549
65.30759046718809,-21.20207065303592
64.33318354644601,-21.72017236925374
65.82323157394647,-16.4562903004687
64.6297322073473,-21.41685852157386
64.83062079634679,-23.95377966474634
65.40989263616763,-17.27272718314007
65.06381984654499,-16.18119328918467
64.34536334221353,-15.24697245051937
64.78599453395319,-23.64445234298903
65.1345614833331,-22.04762094164884
66.12744416767654,-18.89407358466732
65.30352359552005,-13.88951648964742
64.11771890965916,-21.4679138888273
63.88892762633226,-17.74009609219805
65.55562798286485,-19.94647997197328
65.30792558698403,-22.24841750266646
65.52842270190246,-18.57839693980558
65.65116449606619,-14.94786496200995
64.03914740606422,-16.26821250445628
65.85896475798701,-19.26357949771255
64.07594220646537,-22.64686769336948
65.61251317946771,-17.08513763196335
65.41844283320971,-14.32310887247704
65.52230852201498,-15.98744433478886
64.54529122643659,-21.3409772417602
65.56291177201375,-16.02647481033089
63.87567486221174,-21.74226066633465
65.15982418136237,-21.53631731552354
65.1634568151237,-14.24711651921728
65.3556758277496,-14.83632692848461
64.83775984968385,-23.41300052149752
65.956873533832,-20.38888247511829
64.97860224728764,-16.31495378118501
65.84066906092086,-18.60300745520767
65.35684024062122,-18.25910010001875
63.45392953385455,-18.64510924489869
64.92292927091349,-23.22101389018016
64.99871648221401,-16.19788486898873
65.90666664702702,-22.82549218198492
65.75005843826013,-17.41087107320888
64.06521302876648,-22.63259523790107
65.7308386169448,-22.16135264786695
65.66166870860249,-18.10532082645669
63.94351767386251,-21.29007379487135
65.04129185671012,-22.37609829443384
64.20053273742262,-21.66799646076623
65.38213168000105,-20.60232632271126
65.80517481805042,-18.6115434456162
65.08495621432596,-19.63743375328198
64.87165687346462,-23.91886958361042
64.82593509565095,-14.37298578217212
65.5451606832439,-24.28198989751891
65.24896695914052,-22.38045507038888
64.6538213288555,-21.30925745644592
64.70581288713792,-14.10757732686041
65.75900085420437,-20.0963013262982
65.68079923802158,-20.28996492241513
63.59683120898016,-18.34559226334403
65.31334761460721,-15.13833507877482
63.91221148622214,-20.99772992330694
64.05862855951521,-21.9917165736947
65.5524828241198,-16.97706414983736
65.05855796960023,-21.48376035221896
65.5682951046141,-22.25547856094067
65.27473694300039,-20.70270440021196
65.96493599754122,-14.84733442334971
65.66876357721901,-22.51628211566513
65.15686550180904,-14.54319280093289
65.04636880286337,-14.94434290376795
65.44672687365959,-21.80111240360977
65.5309477195765,-18.57595588460496
65.72794747978156,-18.35383497782187
65.57639397962357,-24.06913109388604
65.54246520015056,-20.34106490158765
65.5914865982446,-23.77360895420036
64.00794980143255,-16.36232185178105
65.83231555276107,-21.29627362108828
65.55880444465414,-16.01041758711702
65.99502470841044,-18.53291113666122
65.16024405745634,-19.73176250090992
65.59375078473104,-16.93395953940641
64.68212060365825,-19.5178346696459
64.98706313585492,-21.05480548208578
66.078076366908,-16.74933381295488
64.12943927720039,-16.06145269836237
63.88129564890243,-21.23595633681224
64.43934394602068,-14.50292748112872
65.9210127104057,-17.30246659297405
64.0136049080594,-21.63858332694972
64.36076513394873,-20.1082994905751
64.56562923744679,-22.20053829046757
65.46818096349953,-21.29156425457589
66.12089093894315,-23.56732145171587
64.53116670025592,-21.69713104211253
65.60098745218475,-22.95593336580031
64.28231100696418,-15.0418389150387
66.00589223149915,-20.39309464701867
65.48040944651443,-21.89091596905269
63.97639603273362,-16.97248501778049
64.04471003812431,-19.81738408087573
65.00304933490646,-13.97850590397293
64.0152047898831,-22.28023099870703
65.25807125619394,-21.76261113340357
65.16332330463095,-15.32540083975046
66.08165896253175,-22.99432678136902
65.76474305879084,-18.17525740146696
65.85351572448494,-23.53541374402325
65.54126883823628,-24.35506584391652
65.37585474711281,-15.88561209317874
65.33509826798456,-15.70166435767271
63.89404351566134,-21.46952707314401
64.74156933883386,-20.87991494622269
66.16639354823367,-16.98651968143733
65.6471097694107,-16.63056063831909
65.91665939522638,-23.82819762385034
65.42670143526576,-13.74144932905266
65.05556593379103,-14.63052188157328
66.0418217367015,-22.6863651347643
64.75420282625551,-14.47234506810829
65.79784146401954,-20.26011554951159
65.62273752911325,-17.24501665130042
65.91389671264896,-18.55019640206584
64.98294136945772,-22.83389578830855
65.37539825973906,-16.08955359109114
64.99146454745764,-22.23574890080229
65.47543618045249,-19.84517309840114
64.03257834163666,-20.53345826704959
65.64471797490606,-16.80127766931877
65.25921097152549,-19.73367398936649
65.09001417632308,-14.83094722105744
65.01340944303472,-14.03845491592206
65.44664901048081,-15.95593052084116
64.84298777563896,-22.75895614627785
64.90647523467149,-23.57122199955962
65.64895463409763,-20.65255968185123
65.04547000737875,-22.36108329481797
65.24468393040239,-15.89184675684585
64.01806400221184,-22.25440526261231
64.87728362189627,-14.44891852600369
65.7475203033769,-19.74307300647822
65.32904086341922,-15.36288625929002
65.46892989209665,-15.48944341906668
64.82918516751347,-22.97850570448637
66.1542900062882,-16.98425000950742
65.72803270210142,-14.92457224972962
65.98049095149366,-22.59865639937244
65.28731394789857,-20.96884239778357
65.89993416776889,-17.31381437172694
66.27901135714374,-16.28008411231909
66.01976115800831,-16.57289761548349
65.06746476786547,-14.83374914841671
63.98458208874458,-20.39215652853224
65.55544570969298,-13.95070152950376
64.04769186595104,-21.47431204442248
65.67919542528752,-17.56773502160394
65.53275014414314,-24.3847012144809
65.18091451761335,-15.27537996779744
63.949700590551,-17.22052506780321
65.02515111102147,-22.13999296653049
64.06400857783082,-19.77678484358039
65.83487984118085,-23.23138406628654
65.46678944635309,-19.32145924236332
66.19887863132344,-17.12692685333612
63.95606253037094,-21.02121438049163
65.3650178515314,-20.23267680247113
64.85800552320994,-13.76278573161735
65.05927845041265,-14.91256468197472
63.60276108212902,-18.08439293358415
64.84110701615383,-23.93183311847306
64.71406241348058,-21.51565305422487
65.21293253159746,-19.73519994668511
64.36824417570664,-21.00292860600318
65.59748480826737,-22.51219977278847
64.8301821246542,-23.27574636581912
63.93790554935294,-16.43220137203304
65.1228493341797,-22.14424357250671
65.01803453512863,-16.17351979350213
64.1060100458859,-20.52009062429746
64.90939502176526,-23.7953926827639
65.2899971642488,-22.31474029454073
63.96897933627803,-17.13973460326982
65.64490063815305,-16.12985926432376
65.55063475874314,-22.19917805961282
64.83566889043195,-23.44744102177046
65.54711442946741,-20.28523359484473
64.0505227513678,-16.16143419271345
65.88986588597935,-17.3180029319213
64.21463614875945,-20.73149025387251
64.35729844134565,-21.485424288266
66.01242035309923,-21.37986834102031
65.12484805230773,-13.91749789232175
64.39754897998849,-21.44501369042027
65.58971541367531,-16.10042869323986
65.29139154272842,-14.379848170525
64.80233148530814,-21.43139065430502
65.9915688436496,-22.61216946419739
65.78225293041629,-22.5848317837046
65.4560691582787,-22.27033900566589
65.6930160222586,-16.18895235741461
65.77394280936397,-21.56032422251431
64.94355203495056,-21.05914426764929
64.79300453455564,-22.05383504151399
65.64878178688001,-18.52079227662238
65.29563768630244,-15.47635996653773
65.75514714456338,-14.60665006030285
64.96184486978706,-16.32889098397184
64.09103851929531,-22.0004839380557
65.58995175419967,-23.13054102096802
64.54776904860108,-22.05160996717585
65.35414605937397,-19.05029975891147
65.54650404822107,-24.33657710573504
64.94436981160828,-23.39431338584493
64.15849821266801,-19.60867153372122
65.49256404342053,-18.17924732733795
65.55742532938748,-22.37221688685386
65.25094478131018,-18.23356651822295
65.9448280872988,-18.18767212202656
64.62762203325394,-21.62399454685997
64.84570893187221,-19.3748195292389
65.67563406076951,-18.41311928593553
63.85066550989286,-22.18438344941426
64.32259986851827,-22.01372781877746
65.23279387740251,-19.70968825588931
64.23488340043396,-21.19406439847527
64.16511294787571,-19.62428667811663
64.12400071875771,-19.68392585842297
65.42261076604959,-17.29102249700979
65.22016132330994,-15.54855444258902
65.0133104862856,-14.15266104006085
63.98779085698234,-16.95820258295305
64.65923115111036,-14.39899513359957
66.06800992269775,-15.08607939994227
65.46046146708545,-17.4197458206419
65.56137951455202,-24.03331252381165
65.06809284187527,-19.61062979897874
65.24918963848752,-14.58282971174385
64.84093756084727,-21.32443423181389
65.95336503678233,-22.58695281187293
65.90916880316772,-16.39534998259486
65.52312927246099,-14.19429033598781
65.53978853118004,-15.41076112395165
65.06575426455181,-13.68748789860398
65.3498399430451,-16.06362414664009
65.27907162152175,-19.77966932241613
65.83780247217373,-23.17718971123888
65.91248789638475,-22.85313625177349
66.01060903380245,-19.34899354958465
65.40902890986548,-21.21656134119911
65.35202198962486,-14.30906460241987
64.76023074509057,-22.25937980870127
64.20901471207763,-21.43532361651113
65.1949716787739,-22.46769033119249
65.39545524538869,-20.69798851491238
64.83321518568488,-22.45355350922754
65.0070085626712,-19.59098066780613
65.36744709742847,-14.77046963431263
65.33762787977324,-15.04240735182252
65.65743396782281,-17.85786805766663
65.65620794841243,-21.67246328686707
65.33517324232405,-16.05888408190929
65.30363338873033,-15.57563855047936
66.00810955762641,-18.52219010042703
65.98405637496994,-23.33963587768204
65.40540471573759,-13.68105357626579
64.84719731777942,-22.39490691486898
64.4177230630733,-14.73370453362504
65.83027880180718,-23.81583575649781
64.42777699320527,-21.69338122597148
64.70493229970587,-21.27000829733335
65.13060388611166,-21.62028579889543
64.88710257149674,-16.42819668633169
64.57043040402101,-21.746975591503
65.73090866330182,-19.10729869838922
65.01590911699859,-14.53761692564647
65.52174658555816,-18.17416501299867
65.03735150370889,-22.54124211439441
64.70118214794456,-20.98051453782641
65.84021998767149,-21.29480272553765
66.07935495683864,-19.0526158178179
65.78355185348215,-22.58641033933733
65.61989401535327,-15.26409024390261
65.11106566813771,-14.71227843740842
65.18654934755291,-16.2294439627177
65.49535058424154,-21.95837439603419
66.19724146205496,-15.59564950922175
65.5546474675359,-20.40737152326425
64.885783767384,-14.48056108032548
63.94374728800128,-20.67603295531818
63.95282904955614,-21.4282595113666
66.07860431048867,-22.9911664546433
64.82215265233825,-23.1920576601221
65.64385203375393,-16.34049716811688
65.71425178204173,-14.80739645013577
65.338578179573,-22.10774961663268
65.25702717505548,-13.59858491486122
65.3551158907955,-19.05370483140857
64.67369698187116,-21.11435471078076
64.26266571276139,-15.21338858372102
65.60527770974274,-18.03731666665722
65.59220587028895,-22.49991809521763
64.40104505606321,-20.05769794387047
65.07892209013458,-14.33808665386736
65.75602711206926,-17.58487801014175
65.10987031393913,-19.65874971137855
65.04230878621036,-22.37103367184405
65.51163670378145,-18.12483345227062
65.02872630856373,-13.7021557582425
63.81940990602914,-22.58067012212316
65.60725197441013,-20.64569278339972
64.04869811480951,-20.9664542661626
64.98438921783298,-16.30513037371002
63.95598699519356,-20.04250108814971
64.06836847496771,-20.22133020198469
65.80503678357994,-18.61106522316003
65.64086527632585,-21.70679020429436
65.66007586861986,-20.30302385564893
64.39292867325794,-21.71171923827288
65.57009547168515,-24.12775704588985
65.21870907363129,-13.64981120444928
65.40240252771198,-20.60166126385458
65.44567674304413,-14.5831743840986
65.49701912986171,-18.62657844858117
65.67737819143646,-18.16907008887056
64.81372373587999,-23.12758849514723
65.2521017796873,-14.01569396458842
65.17950776169512,-16.22843475150128
64.17203024368725,-21.71775386351693
65.30831968895572,-22.24500325960819
64.53266675965679,-14.5605796667496
65.36070923790389,-14.88399339211168
65.06105506566496,-21.40614672624121
64.80884798320878,-23.06961665560993
65.70400052385708,-17.63094834050165
64.33160636967679,-14.93327106905535
66.07020190370785,-17.33685054522813
65.04771279399417,-13.93024948427071
65.50900985258734,-22.47434300328271
65.43774919755272,-19.80684865231246
64.19777810859446,-19.28023640211931
65.2617874221465,-15.51792274314314
65.60069284490963,-15.31186811837938
65.47717791406865,-23.63995081060706
64.51886550631352,-21.54022755295356
63.86029993305453,-21.90895861329598
65.07097243950676,-19.61375594161601
64.34064850917079,-20.9970632367232
66.48923660499061,-16.25492913846499
65.51724093067192,-20.65560861956133
65.54638723886515,-14.33146695824374
64.41798015632168,-14.76346801635496
63.91134350407069,-21.01358886821702
65.76961808369781,-20.25642073062209
65.38846523649498,-19.22780085586275
65.23433409227661,-21.0801452953253
65.42835968344666,-17.3031952612859
63.8837897134173,-22.69183005142775
65.77565681022521,-19.82703235508508
65.87012709068243,-17.4960618078323
64.26316065260241,-21.05339682457555
65.65915697942629,-14.92052795344164
64.16489281754814,-19.62305898972355
65.32609419461913,-15.85623505978973
65.61642834604396,-20.13583840300592
66.29654903799907,-15.96193441414035
65.49407844149046,-19.88039413289915
65.92658352559319,-18.87389703924739
64.55096932922237,-22.21113576739933
65.59374981611516,-23.82859771963489
65.73380402131396,-17.43988504773347
65.61491872816184,-19.35505861775496
65.69943310603992,-19.51489588150201
65.55873234757824,-21.30295380949646
64.10563723267607,-16.09660876681452
64.4822642243968,-21.51121790954394
65.01303713860794,-21.57751480331471
65.04789619133734,-21.09781422954981
64.09601303425522,-16.10101038545137
64.24384955677955,-15.6779327426938
65.35865237877526,-21.7912918381899
65.66515425701606,-19.59437503981524
65.64728262956906,-16.82500664391563
65.61862797688238,-22.52232314586455
64.0313876911674,-21.9938617328871
64.28893587602742,-15.45710043450938
64.02853041450021,-16.98503976222082
65.69709462233021,-21.69646515796602
64.15186245835734,-22.02888146671194
65.85224755755446,-19.87312129954968
65.86615198065378,-17.41846619338323
64.0381439111459,-21.40374847849917
65.5287231246751,-19.88055739446229
64.99950988485062,-21.06865803685104
65.76405880081073,-22.17346805606832
65.00002558420515,-22.23531377155988
65.14155311759151,-21.72828747884981
63.82176615942059,-22.60411923794232
65.20569151927087,-21.71693417034598
64.84041108252978,-14.18947662642366
64.85374789449264,-16.44845643052457
63.97515230037547,-16.41808030941887
64.06471968806093,-20.07050597450259
66.2323511418294,-15.80021470620179
65.25412412319886,-14.58269191973915
65.46466471636779,-15.70189909277165
66.03461028062209,-18.70735372274489
64.68296602831099,-21.55145793265415
64.42582291001656,-21.72468323210386
65.78803572733315,-16.35249016649761
65.89717779560148,-22.30856482558723
65.37117701751266,-19.80401864235326
65.87265773571488,-21.32560882683687
65.8046988944002,-23.43336613353713
64.87259471543359,-23.58530958954305
64.40240580871989,-21.95864862708303
65.79858667000323,-19.93648349867296
65.87584195616839,-17.95205173209884
65.74488596316691,-22.08997312536091
64.89230490921358,-14.50883258941739
65.01928975757406,-22.05499577982219
64.82961778606824,-14.38762716237161
65.88227126355727,-19.86393595187272
65.31672507573892,-19.07680642799312
64.52835871524648,-21.6500326123214
64.93375387943624,-23.13683224316693
65.25099363963528,-15.19344945839701
64.50527413220692,-21.92450149471335
65.74218052226786,-18.00280019020678
64.94478875495389,-22.23169899483349
65.02535582664157,-22.19174191293831
65.24636392378795,-18.23472679607367
64.69492115211231,-20.74953628411895
64.88032324809896,-23.57885855006964
63.94451158917392,-16.80376238752359
66.4837408351305,-16.34658138067705
64.25245992939206,-21.82968806790181
64.36257601044213,-21.79457269873857
65.0033657504039,-13.96346309136549
65.57936026371125,-23.8599972487566
64.15701304720375,-15.94065340675401
65.17316952135468,-16.22209594945216
64.80372170704335,-21.47382896618324
65.08058872864174,-19.63127865085022
66.27816856666729,-16.20082016546718
64.17843141989857,-15.86882253172211
63.70034538855857,-17.99603285683911
64.11526760126803,-16.08552045667831
65.13028605990166,-21.62538051268842
65.06787354084506,-19.6104795317567
64.25482641307377,-15.60526580981724
65.91507032698016,-17.45867224092271
64.83436161415118,-14.31115991229835
65.53303027671656,-19.89287841167815
65.623750039383,-22.05020228669614
64.72278883981225,-22.08951070573329
63.87042793203709,-21.8197772178313
64.17783780540199,-19.44146288798085
64.2202143336335,-21.05428606649881
64.39821174610869,-21.68466529526668
65.63908755077998,-21.50205648785624
65.4598144484569,-15.77168240185646
65.48874457188921,-17.45248872735587
64.71414125424438,-14.06530850022056
65.24100188824407,-15.1967010778458
65.45336328239009,-21.92376250776198
65.26796202827857,-22.33716483590057
64.87129281787165,-23.58361333090451
64.53499420140167,-21.98820718380474
63.99772413608053,-22.62504814419733
64.00070801372233,-20.46796690545199
65.4658380432803,-18.91745158307466
64.24388876910574,-21.82965574972068
65.84390348411065,-17.53990633335608
64.65705148612332,-20.70648521258271
66.15281225914734,-17.24408043685464
64.30128332736341,-15.0074482630246
65.22661330618186,-21.18693571326272
64.8810590856163,-14.46180802075009
65.83601033216961,-20.28120889440872
65.1356595130124,-19.70411455730013
65.51111433909732,-21.33608609990515
64.84227139417735,-22.60421165044013
65.42992959790755,-19.29914868303518
65.40481357130453,-21.20778817365361
64.61623277692232,-21.65375036757121
64.90266140636251,-21.18344743085572
63.81903821996509,-22.53343092879217
65.707336023397,-20.25837720479799
64.80850176375942,-23.05797531339822
65.33050196079941,-14.3210375028709
65.25514291836097,-14.06776420817377
64.35602022903177,-21.98389863224627
64.27131612368792,-21.3813181466676
65.34748017049588,-21.18841994848679
64.77024417339875,-23.8736712104478
64.42768443157087,-21.69881236698584
65.02865365345527,-13.70173521179058
65.07188274329867,-22.72052589460036
65.47450757678573,-20.98400397677567
65.55213177079897,-16.9747469712287
65.60450838942808,-20.8715845457281
65.14635976644419,-14.53865214794239
65.47235577700042,-22.15538617416534
65.43877434801011,-20.28451550559033
63.51720086840027,-19.6034018360354
64.19726085471504,-20.88541002586574
63.90968336012016,-16.73171617453126
63.88685659205526,-21.51271275496481
65.88368816830558,-22.43426690756675
64.97074965247174,-22.86407007163252
65.90606668487372,-14.84058359974242
64.03067690437295,-16.93730253633026
64.88794585269122,-14.48965914435187
65.57932776096153,-15.34744214900125
65.25589447658517,-15.19118773573838
64.99961828991387,-22.86466325932695
64.8087768821206,-14.14376617718905
65.66899515630371,-22.02725440859478
65.61814669854103,-15.2714378722235
63.88078827394094,-16.68680638577352
64.06218268288345,-19.78066466155284
65.01798309880148,-22.04821201565479
66.08450502996617,-18.60253377695184
63.94718883059177,-21.96293002317548
64.02536795941309,-16.32643914245854
65.56031784729772,-13.92209492056072
64.66309913389307,-14.55620160699888
64.99175848425513,-13.89320849434354
65.15132051692434,-21.95648659716746
65.45743841139009,-15.58904312894337
65.17593380080442,-14.30553186805415
65.53770322543998,-24.35669469847411
64.50677587738559,-14.49374935823074
64.83771319465127,-22.56701049457083
65.74537001389724,-17.12726102225558
65.71864635679098,-17.06508258712104
65.7978597809525,-23.44349347387698
63.9400036702088,-22.62712702096762
64.17792402537442,-20.61923225817607
64.87452110735055,-19.52168124661451
65.46479270858175,-15.68272126601652
65.50515967839716,-23.44426802280585
63.57926234987337,-19.99100945298227
65.62684064995099,-17.81639548723442
65.59152322294321,-15.32145519074322
65.16055326709319,-21.88983246576882
63.5522925616552,-19.81748913308646
64.27330418721783,-21.3847213006113
65.38795115132811,-19.80926930284427
65.30869829098172,-15.382247895393
65.5234238141845,-15.98820610367448
65.92648364776534,-16.41203661119327
65.94727442881587,-17.31403114105942
64.84868125692714,-22.67569078592001
65.50754530694901,-22.11216148464151
64.13098990244194,-16.05604965006641
65.56392223296174,-21.43544358945731
65.12279769768888,-22.16075450057666
64.92079971884252,-21.53128967234948
65.47822982488624,-17.44418643287832
64.11721425058809,-21.14666344795036
66.13728747616234,-16.43571258984931
66.10060379207786,-16.50080221224189
65.48084915390253,-20.45279404686647
65.41238852286901,-14.55756012248534
64.92492909391775,-19.50920578111418
64.41615610564432,-22.01939201505084
64.70792374114536,-14.31650990122823
64.20792592515068,-21.71340329314353
65.84378082996037,-17.54036424437937
65.15672711213601,-16.21322776293528
64.86604510596611,-23.90874468759132
64.60629794007374,-22.04477428993434
64.63354298084883,-21.68192844898781
65.60382391788407,-23.77445008017109
65.63564655678069,-22.04249197042702
64.30947674765574,-20.23024379166353
65.48459785132239,-18.6500236932339
64.83468495953063,-14.66729153206283
63.93748538762136,-16.79458035535051
63.82806233948464,-21.0068535407246
65.54553933603151,-21.83130403324346
65.89155559871675,-18.02991692798281
63.87286521647754,-22.05126547438653
63.98733978917597,-21.9487254463813
65.57426448798574,-17.48697173592699
64.30754870274032,-20.20474813555739
65.34533735498941,-17.25995578898975
65.11020940295045,-16.25212654341562
64.20566508245571,-21.40142825882977
65.64922441490543,-16.73423825603104
64.75503901733278,-22.24934283097895
64.25776904706363,-20.19848495046886
64.08773495368438,-20.64644609519862
65.64419609831337,-16.67499690289305
65.2162147156293,-21.73671258662139
63.79124903096069,-18.54543990659777
63.94730617148657,-20.36157377327843
65.26316203304624,-15.51747407786663
65.82857853901805,-18.60308217314251
65.64274449957809,-20.64442231132278
64.87414560715652,-19.41108419764224
64.81705050206457,-19.36075109499752
65.84285879661195,-18.25300494417283
64.41658992669576,-14.8576269864831
64.32217546841147,-14.94302121168966
65.2077081118659,-21.8164298398731
65.6881494779928,-17.0201451825133
65.23058614545758,-14.08116743509867
65.58459565481297,-20.05862245711844
64.82217969172964,-23.3838300375573
63.84574078737636,-21.37662740865379
64.92474972753355,-23.81834112004308
63.93764807818221,-21.988926516579
65.40549053669076,-13.68087400933977
65.97848151695696,-22.81915165040383
64.2396593825104,-20.69564828815148
64.83643737327272,-22.78102182935331
64.90783613006458,-23.56598609888864
66.15411283825458,-16.98416888837473
65.64372768528041,-20.23688505161369
65.14499131472823,-16.22412964225089
64.96918137810655,-19.57217026932199
64.90504199186378,-23.57635711942155
65.95879634098044,-14.84884979901227
64.87291666938886,-21.52029695392346
64.00885781600601,-19.94403105217775
63.8852806603276,-17.74570811819558
65.00753459753692,-15.00429392572243
65.57052411385044,-17.49469206166814
65.53443144009042,-22.47651267317943
65.08615007810562,-14.59970165323116
65.339835552857,-15.81547207979883
65.61715458726893,-20.18435138295879
64.91980544334017,-22.8792985429204
65.40932491462017,-15.43326039985799
65.74318154861155,-21.3558028132896
64.92799368040669,-23.25810691207645
64.6574689896233,-20.7067455399628
63.95832011528111,-16.42430798669129
64.94456291178696,-23.39880139923647
64.92479343891893,-23.81900161673994
64.86311810277279,-14.67445997832249
65.96248157675691,-19.94879330085972
64.13158081535003,-16.04441184546326
65.1134063266006,-14.79068781414531
65.51581491770978,-23.18488747654478
64.04106588730973,-20.22134128206376
64.91869774440272,-13.68607666942184
64.64315012939377,-14.51467572906473
65.50350327274779,-20.33180089207199
65.07288725572538,-14.34066885825528
65.86589704962486,-17.91906196329861
65.64636139218644,-16.82911564536989
65.43929882913514,-21.46980009943588
65.40697265736647,-21.21514640967778
64.80449437070929,-23.62195516112781
63.66393268235073,-20.41864801169122
65.0131293930696,-14.11546488853819
65.62875228850206,-19.38799402339512
65.83580747220076,-23.24169102064167
63.91274424183578,-17.71886122383376
64.1073772195348,-21.27789577713775
65.4680429952754,-18.695080470147
65.52004963932121,-22.4801378323043
65.48467060923974,-15.96361877771268
65.9915917208423,-23.64110737595031
65.10577768653816,-16.07810426681861
65.87418080775689,-20.3031085479403
65.11060217569147,-15.9858012550619
65.82293843408348,-22.66942424968207
65.42095079051174,-21.21915316884851
65.283406535902,-21.04825193814726
64.29372833425724,-21.43071406099947
65.23825693685171,-19.70521155703353
65.39832541568616,-18.2305038672878
65.54175225887032,-19.32560390436937
65.3498428622495,-20.76450059066037
66.09205904588555,-16.83644757245095
65.54755807876596,-14.46777030032227
64.87322177219917,-19.4884079828952
65.26149317020935,-14.23846528933315
65.17713854914672,-21.09632301974809
65.91151383351598,-23.74427589539726
65.5027726586013,-20.05142643182467
64.8434098313545,-22.02767473895025
65.396073797355,-15.88965626199309
65.86778750616446,-23.33219356142891
65.14542724468251,-15.94209295825056
65.8708866806404,-23.85424813916972
65.05968531105935,-13.99373180645545
65.94657975941595,-23.67212734407816
65.46333902635503,-18.16148541827326
65.47533039730341,-23.5457689790778
64.85684480817474,-14.26246926373143
64.02423565726292,-22.12740934313867
65.05066398175228,-13.95683422886472
64.85780504387095,-14.24463742777911
66.09965534811508,-20.22237876853338
63.75695254747065,-17.93833665465821
65.57228331852637,-21.79766886095641
65.4986038685983,-20.69256897472617
65.09643266909126,-19.65004780157149
64.28990275902902,-15.17830742440765
65.20778978469518,-21.81627556440968
64.84717078430181,-22.40621385558985
64.99101045076524,-16.2527311227226
65.98842375145473,-23.41150953166557
65.79310975970503,-18.24614989295873
65.71329886187122,-19.47170474214512
64.84503929082496,-21.29190564077585
64.6052997797817,-22.14243307397168
65.58683748676577,-16.08920240787312
65.04220908002554,-14.95317677858795
65.28769747482595,-15.90019699116635
65.57116336117164,-22.20901907812471
65.46272299714616,-20.69456000150721
65.05224026033463,-13.70174990949934
65.5883130785943,-16.09397203573958
65.55503165309283,-16.00337134491884
66.09872437429033,-18.80075494708771
64.74490613790233,-23.8098426720154
64.85978615816398,-19.37903734053218
66.06819297338821,-18.66435175719593
64.41017487928514,-20.98613513373884
66.14184883497252,-15.16889165982072
65.65076755398555,-20.17890010298597
64.98564855066128,-21.05506585047767
64.63934421767375,-21.47838453630584
65.64161764007389,-20.78252162130205
63.88437501188969,-21.25121577225802
64.85448328480236,-21.5104617217649
64.17773280435077,-15.83892649274407
64.27158437915345,-20.44903047052393
64.85960964999903,-22.75054650996622
65.25403624026849,-14.58276678352166
65.54068232469767,-18.56709677673527
64.7772705262308,-21.5183901499964
65.55150087078862,-15.99693928882806
65.27101530095625,-22.33136574892818
64.98605630211884,-21.61829069938231
65.46204460091312,-22.16870069680829
63.64736519912925,-20.39773776821318
65.03040588734386,-14.56478825332422
65.45538421219112,-18.17051644988764
65.38290899108691,-21.95644178162291
65.33789287213443,-15.79161965312886
64.89620151109499,-13.85516813207264
65.46857241034465,-18.69080077562124
64.32606179027277,-15.23596930489067
65.4640694915362,-18.85784839972667
64.81023906043264,-23.1154952927397
64.07695947771273,-19.76114891956879
65.62539791710627,-16.24849422410357
63.51477820940635,-19.46132031363478
64.72395357865676,-20.79999853064711
65.51656430473531,-23.72066615731296
65.88590011699412,-19.38815586854992
64.05795542160934,-21.50073827265726
66.07091961506164,-19.28903744732032
65.61088194114778,-20.16416468992386
65.76193525984921,-17.91392286903812
64.96844334150052,-22.58175753973196
65.65054401866108,-18.44774204950803
65.57711200142609,-23.91886154729979
64.30446574492039,-21.65769467925466
65.72548306557518,-14.4820042681078
64.3683294567606,-21.41736913078868
63.46148364663512,-18.87608845512927
65.58080864275207,-14.54271536836761
64.68026142076596,-21.71193053316707
64.7584138671415,-14.38933238378473
65.73551663401861,-17.93573302476384
64.34057056911567,-20.13272680017228
65.5493720890829,-23.09818942226381
65.88585455868626,-22.37808395895171
65.18074261262285,-21.83950701758335
65.87212380984424,-21.32524129322153
64.32111808581034,-22.01262171631305
65.59673556808096,-20.15127273084077
64.04298835776443,-16.18267815696781
64.64159482585828,-19.61598301328268
65.62621008172881,-17.0244167580201
64.44234410471326,-21.53534227340374
65.01201762722623,-21.83956487406146
64.62334632301713,-21.36768973834568
63.90033143455843,-20.71081530473065
66.09594322215496,-23.42404705935748
64.03983434445848,-22.71690314207714
64.66851282710896,-19.54193357312229
64.53725027796881,-22.0576824863801
65.00374430532659,-14.45603491658032
64.83605134176035,-21.35239965856028
64.21316830462249,-19.25715625903263
64.91909801808194,-13.83085204698288
64.29163898063874,-21.4691954428387
65.8765588081018,-14.82436764907341
64.95490432510476,-13.81487027875571
65.20491821197554,-22.49633815760536
65.53107820010474,-24.42916098518057
65.31919387835681,-19.07876687826007
66.20708387082037,-15.66263917499601
64.20241730809444,-20.82478520326569
65.00656006718518,-21.88641190040752
66.09300515383934,-23.40869342380592
65.424788115057,-17.31924163408194
65.22993386701685,-22.46068910232539
65.40997876266466,-19.26747161140522
65.40830221378057,-17.27264530000099
65.27472126978817,-19.76566453928159
65.40325643296777,-18.24535511611152
65.42398844542305,-14.39709597981211
65.93795121311868,-19.92967444816341
65.20650141059839,-21.30609112560703
66.1584398220197,-16.46276193126038
65.55006782926611,-24.20837120893006
65.47801108045259,-17.44398867816016
65.02242692158293,-14.93001077825216
64.22866044607632,-20.71839128367362
65.72555839814144,-21.3819576573013
65.45586769165665,-15.62293563376538
65.61170629984014,-19.57904933799621
65.98452705204703,-16.40714012290009
65.63601034083376,-16.91599108228131
65.30027000481697,-15.41309069355904
64.92000311428718,-22.25512071600279
65.77908872853672,-18.20245641076987
63.8460044314563,-21.04543649201857
64.81700367823095,-14.64750233851117
65.26329417618454,-21.75895873259749
65.99102987735722,-21.37642116191124
65.59580129115493,-22.94059323356448
64.4004667943145,-20.97399014240725
65.67952468789747,-23.19991498303039
65.62112999421075,-23.37435743165035
65.58379255157365,-21.77802431215418
64.84466362363187,-23.3781360628912
65.55812864885637,-24.24796750951119
64.40845175907688,-20.03922807486435
63.68845935066592,-20.29438499415748
65.73685112329073,-19.42026652739268
65.57256849271403,-17.08523463111955
65.04667619505871,-14.9434137258609
64.8559929055359,-14.67095322876415
64.19570199123028,-20.90018511282268
65.35494549171428,-14.50478953647893
65.58817183181816,-20.65053090192163
65.7350061731901,-22.46096683032345
64.75946562147337,-21.39129460768092
64.11971589378571,-19.82118501308603
66.01668408041193,-16.41549823837046
64.24965276841894,-15.19131877422733
64.67143545944994,-21.62134741717042
65.59184663877838,-21.43875492695884
63.99332906309509,-22.36731107909703
64.95031794771944,-14.13006066988256
63.70296858915231,-18.30012792813069
65.19720666960089,-13.96044945256573
65.4535719687021,-21.3807625963608
65.52689969148518,-20.96384914560095
64.90029707054521,-13.89901525170588
65.47283829202502,-20.47643771314361
65.32393391947863,-19.80361755914042
64.8367239218454,-22.03412271479117
65.69029754920606,-15.0177642854023
66.22024813850562,-15.33073911724977
64.2148492040722,-19.20488383207573
64.84743861311262,-23.48024609972956
65.12939199342765,-13.92815168960751
65.16995131369767,-14.12144052589294
65.86538874243229,-18.07380459071489
64.99958973897897,-22.86503072525236
64.28493453383275,-20.22507199708823
65.07452551700487,-16.21393646974523
65.49235954226315,-15.46329489959705
64.13917451370469,-21.89424307743885
64.77766054683308,-23.64994453934744
66.01239956326086,-18.51972018612722
65.16940470046723,-22.38231639243202
64.64314787377282,-20.70816338837647
65.33574274984228,-16.0582948945355
64.70583120094267,-14.10740773020784
65.37316287090557,-21.8631562033446
65.34439016726134,-15.39429413411633
65.55369429509386,-17.48873103510546
65.36141728234364,-15.4040900039842
64.68681217639484,-21.94352696032178
63.68041182574378,-20.46931132629603
65.05672196351303,-21.65697869259871
65.48600512528914,-23.23729874967216
65.93119968932696,-21.30072606311562
65.66213734681016,-15.11060720597213
65.61577588469255,-16.16192087755271
65.34960618938483,-19.01853637012283
65.89715997280125,-17.31493751091035
65.65937033474385,-17.54957841567172
64.88219712464551,-14.31159054199567
65.77465855070368,-21.71703910072321
63.86661852596485,-22.32035573229657
64.28095500861178,-15.47181737763523
65.24781830529452,-14.18708214654377
65.26528688599451,-18.98617782049789
64.22762362090329,-20.41812657747577
65.77217736704482,-21.5475806384264
65.97626039080274,-20.38015472571691
63.9358766957007,-20.15844707768744
65.49418413406629,-17.44052782245736
63.83136772484726,-22.45480992838922
65.62717057684824,-20.64293654901273
63.89368910265388,-21.47105485371984
65.90564126711892,-23.68637143891897
65.33242219999647,-20.18543655585432
65.60212075388868,-23.53986943853441
64.98914513473177,-21.05604740778607
66.33527688775871,-15.84769802733922
65.63051754139077,-21.40063675036724
65.5976041644918,-17.19603419084672
64.80299170633384,-14.5297746791467
65.36373532970146,-14.31075626126811
64.40640053264342,-22.02400778101249
64.91198066809466,-23.08475863711192
65.16911103759952,-14.68376281503291
64.92578171828495,-14.05624322960943
64.62180923751062,-21.36452626339484
65.59688034077286,-17.1945088138838
65.65449781597161,-16.60082544779405
64.6897464950488,-19.50915920288121
66.20699229152463,-15.64545233191958
65.53352332029745,-24.37649659531348
64.55201908123647,-21.89558061013566
64.3499579048943,-14.92371396168093
65.49572207885092,-23.33346415266369
65.52601784348185,-17.46421374062736
64.84850549925828,-21.2354735043156
63.94420559663642,-16.80284382153663
66.12674998496982,-18.96635648604333
65.80053344974259,-22.24999781119227
65.37967304144499,-14.53091667606642
64.96938102364889,-22.58953207673051
65.51357757163814,-23.84335167090326
65.47212623552872,-23.61392467009417
65.84906674557809,-17.30040851409373
66.06778199732685,-19.30658529041392
64.26172959824845,-15.54121351547303
64.71087757269892,-19.47498085272785
65.25762553209222,-14.21604011416189
65.85600443708759,-22.30447319387638
64.30723161780497,-21.54633609060738
65.86134683692268,-23.84380974622809
65.34461982169823,-21.75782452113868
65.9088230371483,-22.97608926416419
64.63017139711584,-21.42353800775186
64.21358282940596,-19.25618024344124
65.42648336784292,-13.74091714181169
65.62392315147586,-17.24667822415222
65.52309781614935,-13.7642107695267
63.83325486057772,-21.05722609255475
65.46816474642797,-18.69370108179559
65.84011058600173,-17.88377799932591
63.94758994109178,-16.42724457079051
65.0026071206996,-13.93701615924055
64.59459744225835,-14.50541738044725
65.09362492689202,-13.84903258998462
65.15867110449618,-22.36993448873828
64.39723564275036,-20.08532564911067
64.80621038649335,-22.05495230870715
64.83362145773249,-22.22668769814683
65.92404777415621,-21.28994604443247
66.11118564787303,-23.45888016086647
65.55216404311425,-23.89119487900839
63.75739884470759,-18.12859884469205
64.23622288260431,-20.24193922436252
66.10956872237823,-17.2591007973171
65.5616170075412,-24.03425151855715
64.72443247072451,-14.00878573197812
64.941857341353,-22.9038271126311
65.93188299823804,-21.38956613118368
65.87382248724947,-16.50509889304086
65.15576855194273,-21.9305471276294
63.85207778968334,-22.11668879930718
65.45552778814503,-21.89020110021949
65.57758545255061,-22.29144207523721
65.71494061918888,-17.90716312196637
63.6854527508933,-18.45951708987097
65.29968184973384,-15.24894933163117
65.297946520284,-20.68879847291478
63.6582768701131,-18.02705586810396
64.02821279205682,-19.88524463425625
65.18009276735648,-21.49425487223311
63.93345716536627,-20.65184467861904
64.33353806352623,-15.40914187724323
64.4678529972355,-21.12854964524335
65.49919570366414,-14.48393845590966
65.83189146153579,-21.29671850881403
65.81916774620673,-18.236767995962
65.22995444050413,-20.8058313345565
64.1333021081839,-15.99739161619062
65.71009883571782,-22.47478114311344
65.58991510096544,-23.13032644406454
65.26856656974081,-18.23995842947249
65.16865172863432,-21.09590917174922
65.76253576622565,-14.81925489871124
65.91445027018162,-17.30809326542184
64.48175920010146,-22.14204089200291
65.9289951834337,-19.92060355646155
65.05257548389022,-22.76822611393992
64.82675042880479,-22.51074983524348
65.01445540047942,-21.97572508501018
65.27519105882982,-15.18986902542076
65.95455637856037,-21.60787981736676
65.46258114366296,-18.83613431684633
64.84566167775903,-13.78397118662057
65.63300878983853,-22.76226250200705
66.04178979401404,-16.55600039760753
64.62113298291636,-21.78661849399236
63.86443027536977,-21.57609976350243
65.92813201896091,-18.54338331423681
65.05458867378302,-13.97290814853908
65.92518789131236,-21.29026831161163
65.27520394732305,-21.17322244853533
65.98273036057593,-19.96616095857332
65.70966126990318,-18.17768532135887
65.67743884441917,-17.87554613060702
65.47911887074135,-15.46853541868836
65.59628301117523,-17.19269743831974
65.67759508723373,-17.01054590282558
65.96187884583222,-21.60720581581194
64.92032942620963,-19.50032438361315
65.36589638880993,-13.73019675044579
65.40562640693472,-18.24447946170775
65.37129460752656,-22.02647382910409
65.51427839671163,-14.27235609098277
64.53531070767464,-14.57704162361364
63.52113193242261,-19.52034464273732
65.50715739093273,-23.35861298501536
65.46835333307332,-19.25835610892002
65.01637617271366,-21.99104579271307
64.0595290344607,-20.96727165285345
65.47977881153415,-19.27994190365902
63.63425333107089,-20.0683991910749
65.9782028646278,-23.32563664639007
65.07680979842186,-19.62264819102313
65.4463211435436,-13.79922822169472
64.87529987872068,-14.66708847259159
64.20217808430476,-20.80226234776071
64.62771301348192,-14.431144716981
65.13588753547711,-14.33651347960831
65.21524595219287,-16.18871124546931
65.50597576149042,-18.61448237397035
65.34025035079026,-15.85280301181346
65.57914324142429,-14.06396725998883
65.8744154571712,-19.37870977932633
64.30499557619235,-22.00207263721764
64.008106435969,-19.88721507554985
65.48200407603576,-20.44326402671169
64.77320884521484,-22.06940727231279
64.7656733888786,-22.26704592359407
65.45689766748627,-18.94932481665506
65.01391482683653,-19.59708390515001
63.59110169620552,-18.11612522261388
64.6034577029764,-21.43760655716904
64.5498285305882,-21.96729586787015
63.83170512683004,-21.63414407090619
65.70600671299826,-22.47915284287772
65.83144325269166,-19.68668444383258
65.7876762450666,-17.92612450441707
63.97285269647506,-21.45876261786797
64.73904432409711,-13.99414119408191
64.86262120383574,-14.67444547270713
64.90498278624811,-23.57653512418087
64.87184235334696,-16.44517210641361
64.51765659134335,-21.42306956015811
65.49000085329699,-23.21811005790441
64.93609714417968,-13.75691699290651
65.14506734759043,-21.72687649401853
65.43409523982886,-20.28101954301636
65.31662731448692,-15.86475892602938
65.08415271735988,-13.64782673513606
65.53531983246981,-20.9475234636555
65.57032200434482,-18.05428718326884
63.93409924139054,-20.74211823048008
64.8106868934833,-14.60130456466615
64.45692670860262,-21.53252801593963
64.24720453956519,-15.67175407807958
65.4651686466861,-18.78981386743112
65.82910721468251,-19.86357768411641
64.52388324395547,-21.86508327199547
65.29055736496693,-19.04512082068043
65.77284219682039,-21.52903748374341
64.86110795668459,-21.51772216395434
66.09595061104883,-16.85225521440718
64.93555235787022,-22.90156369447563
64.11840338141495,-20.6202392067224
64.84001024125598,-21.29284945633445
65.93773353340787,-19.92954243050709
65.7378397627055,-16.3992971254538
65.98008200466272,-18.80487356552016
65.51394594123745,-23.83722913879759
65.12481964201585,-21.74133050104642
65.23408101552631,-15.89908635142779
63.84045094083356,-17.96173317047864
66.11729912723126,-23.5645309499263
65.92122014808311,-23.79611797371656
65.69061194534041,-17.02214027291421
65.32778705173038,-15.36049405797996
64.7455732047955,-20.86806343019115
65.85366019440684,-17.30221119278587
65.45688367784116,-15.53369918234175
64.51166916569255,-22.13210367104871
63.89814177881587,-22.42125135764157
64.76282595952487,-23.86298269920214
64.66734321233162,-21.35326044991058
65.6244587664093,-18.48734204573171
65.11688448752902,-15.97540386666348
65.20949169143344,-20.78824870041512
65.69259125723529,-21.69744361412594
64.95702236473319,-14.15488812036533
64.0688077328482,-19.76850636851383
63.91176159232453,-22.69674591073604
65.74012166748282,-18.32012849563325
64.17838792119511,-15.83468189708789
65.7358587796562,-21.70484838359831
66.03611217017948,-15.07983675405427
65.67430515777464,-14.42210193165428
65.5024248388594,-20.57570413125762
64.79681664369075,-23.63644079203954
65.81503919603541,-16.38361351035118
64.97652816797557,-22.23486278843404
65.07266303441222,-14.88191615925828
64.47216748365823,-22.15586196624869
65.5080759194847,-22.47114992704958
64.6691753400174,-21.15017741159136
65.04645947571332,-22.35478622624081
65.71801815498793,-22.46642533167198
64.17184716766742,-21.23423584803223
64.30453847135843,-21.53985822941086
64.22498763262817,-20.60632064738914
65.52465133617721,-14.28397394441184
64.84674407365628,-22.34152845811253
66.38989490110747,-15.936509609762
65.89358491208388,-14.82661340980188
64.83632366319081,-22.78258113910146
64.04412341661302,-19.8191259417144
65.55236961758294,-16.96963384270677
65.61156465247859,-22.84768647277139
65.57512805669354,-19.48971373278849
64.90058305155357,-23.73143888644362
64.89369161132815,-23.95876797414858
66.08411556861246,-18.66525328719134
65.59452131811288,-22.91969817115866
64.71035131512852,-21.14887330785452
63.96711776510004,-17.15627970079165
65.66325501110634,-18.19532566619944
65.35467534978362,-21.76907774202529
65.42506765929934,-20.9582840685295
64.84640616687763,-13.78290634387129
65.88926996589501,-19.85049161798728
64.83327774777428,-22.91438625329727
65.45410495589945,-22.21618559968883
65.45273145534696,-21.24674736426786
65.02892597084967,-14.92224364169112
65.12590659446089,-22.09307726059626
63.97356644495353,-20.4241824482229
65.84855874511588,-19.69858438678861
65.58883857595046,-17.7723005272332
64.40666038482864,-14.90940627446394
65.58182287863676,-16.07868353444493
65.41454413058841,-19.16911552196848
65.67230853733882,-22.02901237254066
64.65682041377659,-21.40018565860831
64.16203160925441,-19.16229374059603
63.94984139266393,-17.60474601444926
66.03946321444383,-22.94388189583112
64.84069487514326,-23.46930716864526
65.33991146161091,-14.4933368120745
65.41110053199147,-21.21743723068071
65.61801710804843,-23.52002636267222
65.55840584537776,-21.4825075407767
65.38444414331106,-18.23594400249705
64.07621346181095,-21.97444669321788
65.67537014423316,-18.0363135350496
65.02170619374431,-13.65013414179214
65.85228644994464,-17.41279733150153
65.60605525375311,-15.30052080501371
64.48174052465383,-21.13524036574218
64.96979899216066,-21.06733071981838
65.53425433583251,-19.99765123581426
65.95547513387677,-19.93052485065627
65.06544484737165,-21.11105772583923
64.85952121153814,-14.2912937423293
65.70736196872183,-22.12888912548199
65.74539664124212,-19.14926348978018
65.00159933503046,-15.01633383021091
65.49217927396266,-15.96929007665338
64.15773453237986,-19.55929699996395
65.36497595804437,-16.07060959076373
63.84833064474628,-20.28848310187022
64.57306952704853,-21.85453457659094
65.47108478320246,-22.32567454908027
65.4647435656639,-15.68229872861737
65.28220603652187,-13.98519803472069
63.88381907722052,-16.62839902732746
64.260713253885,-15.55057347998706
65.47722970188221,-20.69993567795712
65.93507230297327,-21.36498220795055
64.9959268148269,-14.4919315656153
65.12930465933701,-22.07272617688876
65.31704072823017,-21.05905611492776
65.46082401005133,-22.1710775176728
64.88782138652302,-21.19093732068975
63.65691143083802,-19.90344796487392
65.8788672762035,-17.31876486141521
64.9171102595829,-14.64720758398976
66.08786697685684,-16.80105343519934
64.75070405260638,-23.65794922248309
65.49767550687848,-20.69432107488534
65.02138501292114,-14.33301724311712
65.62987816952736,-21.71944678169666
65.56486852485992,-16.94183569519461
65.44582553505555,-17.39938482198122
64.69655140691464,-20.9290793634094
65.58072772804702,-14.54283796091124
65.63468617051608,-17.00708371098684
64.83458690545082,-13.95720343706181
65.47219483735319,-14.34795091315317
64.28843037302497,-15.45853239288016
65.2473491581674,-20.81618687237253
65.82640055371714,-17.42605663791639
65.63028369260053,-22.85003362882544
64.21643254877641,-19.23451499315455
66.04783334082404,-17.33637362782449
65.62494460457899,-23.74667287181735
63.94053069531753,-17.2608993818613
63.63678684401307,-20.31274393980618
64.84244864909519,-22.59830155705191
65.25541426396742,-14.0709255521812
64.47823740530896,-19.9521826050476
65.164672775512,-14.20986351346805
63.90083859495699,-16.60083137835497
63.8412957301912,-21.56306584274749
65.62028355703193,-18.49314304187397
65.51110505206539,-19.71917303711788
64.97200491514755,-22.23452308168737
65.52511930648592,-22.41157972276527
65.26862572729954,-21.75410310447587
66.05968748418935,-23.12296584321965
66.03273373301478,-20.02206093997096
65.18076543210648,-21.49213530932963
63.99202946874717,-19.90925281241983
65.36081053386243,-13.86352435674065
63.95951338241952,-17.18521397742786
64.94090552608785,-16.34815852386436
64.79836632195695,-23.63464858409308
65.71485609772436,-22.47303658377929
65.60897220860103,-23.56625884289048
65.66960212005614,-22.51531418665297
64.53316193269426,-21.70156345334549
65.70883709465497,-19.61679719851578
66.2104596282316,-15.69567921369369
63.83997898022965,-21.07693629828009
65.15188729042181,-19.72421606217276
65.6433253779624,-17.54711416299672
65.63211561881525,-23.43789953147883
65.38143995624321,-19.80597835017249
64.82291478034499,-23.96463267291649
65.33038015633666,-16.07458568613641
65.25398947920422,-21.76848503499286
65.41056664617389,-19.26838776753843
63.65736894239508,-18.02709912444641
65.45671934499155,-20.55162392041424
64.2165577848668,-19.23621643739827
63.96922312298386,-21.13188806443842
64.80646045553878,-23.61055629500864
66.27558537535045,-16.18081964062963
65.84478236760398,-23.21149026099738
65.00724599235502,-14.98004420845517
65.7973573124578,-19.84638101797498
64.65018805013351,-22.14339486621171
64.98594563594385,-22.6437374206164
64.21613767959828,-20.57715638367471
65.15296319699041,-21.94489029347988
66.03738559599907,-22.77316475197612
63.72353715758894,-17.99214828497698
65.63607086051091,-20.64449271843296
64.28115895625275,-15.4714290439765
65.45794970316221,-18.94355591314268
65.40016853047338,-19.14463111017087
65.12936861368838,-21.06116889451677
65.59612429557968,-14.4767646096515
63.93561313354196,-22.64982168635569
66.03481373148239,-15.10002191690642
66.05228320904624,-20.4000019185994
64.81150509611192,-14.30270971388715
65.9279201244602,-21.29339831140193
65.54052151631399,-23.03665851083487
65.68641114931792,-17.88673245093966
65.252353591031,-21.76919158636946
65.34202911884854,-19.79686301472973
65.696053038702,-17.35045283210232
65.46222518463473,-15.66325808155613
65.20308387094394,-16.19694461136604
65.19987696233053,-14.33713187975848
65.63016914304141,-16.26319376082595
64.4755118130332,-21.13613686036446
65.28568854662919,-15.90031609994931
63.85421365456434,-22.23884883092603
66.18428918742998,-16.49663970771562
65.4682699934751,-18.72864776299673
65.64949684164576,-16.7427403266995
64.64191847740196,-21.76432430695363
65.59723105337781,-14.26651290305783
65.06872435911696,-14.34429408023153
65.65885064794716,-16.9661902699182
65.13998158425764,-21.59414722289504
64.79804564153744,-14.21625938512211
65.45206131956182,-19.81519230845701
65.22716986877741,-22.46517674442574
64.35862934461245,-21.97151250966598
66.34406028018786,-16.43205310321226
65.61149940260277,-23.37934675093441
65.73226336207131,-18.34414864410028
65.09371321298791,-14.32852392484681
65.17227764071208,-14.48636051125111
64.08659262861224,-19.75269853078948
65.58338233873451,-17.50211566453554
64.98449151080354,-21.05592320928571
65.38201761580159,-17.26865158053303
65.18479702644282,-20.77480853672293
65.63791155095976,-16.15601741632798
65.30014827431714,-20.98690893195147
65.00377058653396,-23.19268199944167
65.74253391039663,-17.41150047225868
65.60727566859606,-14.45276185805156
63.85032113555127,-17.84702384277011
65.60371052169116,-17.20231319709432
65.98695680531597,-23.62367358935593
63.61274383711649,-20.34136463947402
65.58545469312133,-16.0856861043367
65.31360826517857,-15.65657219070319
65.77570760522983,-21.58156212756412
64.6282832941798,-19.63613353623512
65.64146168741456,-22.03234695908284
65.64691400670688,-15.08118432722054
64.36721674805527,-15.31964928971937
65.43128435319139,-19.13612956107162
65.51891157068259,-19.6682472002276
65.69075318974242,-17.34935518686584
64.99930720990214,-15.02410128892586
65.28719077452348,-14.42159791685875
64.84824515331505,-21.2366773208364
64.9059587299033,-21.18068107012956
65.61220295676536,-14.49811950854658
64.90075956038643,-23.73291661878108
64.6965737075132,-20.87757700453733
65.68068903069265,-14.9585950983733
64.32056185619166,-14.94712561852416
65.70095486488134,-16.22855951860901
65.37086947927094,-20.72443481356845
65.71379378184108,-18.37231188578791
65.13700370806292,-22.03548104821069
63.84704699302114,-21.3725121142795
64.0411750872165,-20.20470214958956
65.00226314027567,-22.70918435781212
65.95821380475671,-14.84859129595233
64.48322960027456,-14.48672734593924
63.86714616898315,-20.34878003670908
65.0181587717687,-16.25993962966965
64.9980347889415,-22.96317297649389
65.45542104842153,-14.57149510910167
65.74538118681801,-17.59109375443026
65.57070634348226,-19.98671577816983
65.54850961657594,-19.92778232689716
65.68398684587457,-19.37503494959793
65.26785422384981,-15.50688962864212
64.95278391658984,-21.54961848160064
64.22383380182546,-21.21615665168309
64.89086482936732,-23.62736377129177
65.51901239265855,-21.99133657705922
63.95743323345801,-21.26700038141658
65.77436710674111,-17.18547359123701
64.13986472447124,-20.36068279246468
66.04020509603903,-15.10065033299631
65.42800522142814,-19.8016419276844
65.17990909243711,-15.27751605194171
65.44150365862077,-19.25237394256267
64.15806383479668,-19.4752693887849
63.91206842827987,-20.3984070172235
64.86635241091663,-22.01834150660041
65.57462576465703,-20.0024513827371
65.83792381582514,-20.28245694900329
65.78284827661206,-17.58058966285638
63.90996875136074,-22.03506766470805
65.10713912860322,-16.02208117776064
66.06757667579038,-16.44074550386825
64.96492133990216,-22.97040007280407
64.63219634431,-19.62839770223152
65.3115088903798,-19.7893450257622
65.33901758905401,-15.7297026389779
65.54655887731688,-24.33612631977093
64.88929454896063,-23.70341083844534
65.4225835839394,-19.82911460085553
65.91308165212486,-22.42768194044433
65.53182552294618,-21.30353064355315
65.3613549332445,-14.87713080868967
64.41094981411895,-20.98626705294745
65.04226946289317,-13.89267468415899
65.15009886405295,-21.96509104565465
65.53606694058236,-17.48882486902676
64.95092660748088,-16.3341134092117
64.9980350279817,-22.23611778443342
65.66044256712765,-16.56491249159325
65.44750729491156,-18.99406037490727
64.08702037150401,-20.32003610622476
63.8868727390556,-22.69161092388646
65.1261230538844,-22.09093222820913
65.57483089249335,-22.49095431452983
66.03612338758663,-19.35858582235388
64.68264986332453,-22.22386961788267
65.5591296056993,-24.0118551136971
65.11219889875159,-15.5313322847924
63.93626719970725,-22.4655719038405
65.46178778035946,-18.89858826283957
65.31949049323275,-15.10485264528704
65.87681244462495,-20.30413873905163
65.48272900762292,-20.58858008771427
65.6260928250237,-23.83144915193433
65.42248637096633,-15.4452676294581
65.35279498274791,-19.8037621260436
63.55857087668839,-19.94339618608206
65.61530696064776,-17.05772640344399
65.68695948245046,-20.2358699384592
65.21178943446658,-14.6054843775409
63.73859176814403,-20.35708714652047
65.6825649964287,-23.60805068125327
64.98610350303986,-22.80657332849195
65.07527647824683,-14.80648621417362
64.15750220353216,-19.57299443911759
64.09707080844653,-21.82681913815252
65.82025207298929,-17.27570997628187
64.58742812485569,-21.56007841170224
64.9580986613492,-22.89150517510989
65.70082205308923,-16.21029745903168
65.70717358847459,-18.38334553229489
65.60872227044725,-23.52640793809856
64.05771819071924,-20.50020156271825
65.88864045143748,-19.39532799646936
65.29879445996276,-15.89154589343256
64.05148453022603,-22.61180854795816
64.92500775569538,-22.25073530370864
64.15440527123164,-19.51163802609067
65.6869740460121,-20.27569294973989
64.7668288493595,-21.57186329017238
65.74398431054266,-23.14256340419782
64.92366723679797,-13.6855933314901
65.74280261553433,-14.68407469696307
65.2013256920525,-14.602836724429
64.17607281506936,-20.46685709874217
65.54656917899486,-24.33587083721507
65.14628185163377,-13.6789266682894
65.47381235037962,-20.98341921615485
64.1295858328792,-16.02506495630171
64.56193067852081,-14.61279187490652
63.8936217526546,-20.90328348087372
64.39975400325994,-21.89693929113615
64.14959770084364,-15.95631626738046
65.51173153218669,-24.50530854388855
66.1275040959442,-17.23537083461749
65.0544918040652,-22.76407964316757
64.72503873370381,-14.00642812307744
66.0434647538245,-22.71620674891379
66.17763134923325,-23.4438299852665
64.63539102389024,-14.47302502940064
65.7852089530067,-20.25755508126135
65.49959789493307,-17.45350293257123
63.84016102913857,-17.96460577380326
65.25245175003158,-14.19543751606612
63.93727986756578,-20.14260508946898
65.26640907609016,-15.89703229433207
64.11513727014191,-21.13835722582614
65.42167286470985,-21.21940502434872
65.69509187859744,-17.34987425802528
64.84557579397433,-22.42303244096018
65.87794112437774,-19.33916750387867
65.85570784221747,-16.38936593632086
64.96768781040736,-22.23489256452477
66.03583464366525,-15.10118287793373
65.21357382228994,-21.26574972992201
66.0248489980039,-19.99639485838777
65.78215577072702,-17.58076618447927
64.84839676286316,-22.67201537043288
64.84300590944562,-21.25478412097861
64.29839275937438,-21.66291013263993
65.55077419279004,-18.11234207183344
64.90757544155974,-14.59141049567764
64.67976495883623,-21.04779434805914
65.6462983277576,-16.64250479994111
65.15278357929488,-15.35274567592799
65.61553236822363,-15.0979969139463
65.73731515573844,-16.39963449357898
64.94438538740927,-23.39451923294654
65.35457745995484,-18.23704212610209
65.20660501057768,-13.88318890360719
65.1718238521864,-21.05752658416812
66.0341579939241,-15.09591949397409
65.38529171392274,-15.42877559379239
65.99961921582434,-19.01566354107809
65.0182580375437,-14.3744511219928
65.60974971868464,-23.40096181298127
65.49082503217774,-23.30299544347983
66.29564168938062,-15.99073202094364
64.83870121602577,-14.66838862512877
64.30506648605166,-21.97666233194765
64.92529916987858,-22.88830463148386
65.03660430866626,-14.10480904592344
65.45961007078256,-15.79234792749243
65.68970234340503,-14.4186931680107
65.37740297813465,-20.20591115445828
64.39744345894869,-21.51725680514341
64.11213206881317,-20.17476145128501
64.64204418179415,-22.06737090546919
63.53165293439621,-19.51012838406129
65.12283552335211,-14.77134389368712
65.20608111724323,-13.84422129671862
64.90864129663457,-13.98578134931477
64.04150536832245,-16.20836772554337
65.66582462145293,-18.48310048134095
65.70196597962367,-14.9819310311816
65.24127010090407,-22.41392487141207
64.43623918704893,-21.61453378340038
64.83739784757515,-22.9621582701342
65.63602795154044,-22.53280663899994
65.06802020607715,-19.61057213694711
65.06282286992582,-21.43299738573276
65.52119047581782,-23.89908502974911
63.92705117477171,-22.42474812093934
64.74676172385745,-19.40372793846681
64.20031498241298,-20.85579998126702
64.24257181248026,-21.18531763058503
64.79407661419127,-14.45849549248299
64.05991970532286,-19.78573711838181
64.63416593764032,-22.06695583870738
65.77390372198448,-22.2062263618955
65.48494834707154,-23.24718321397161
65.23483588533217,-19.7059334389657
64.6019552186714,-22.19260699639778
65.25629159880395,-14.53159334998251
63.85654664826021,-22.45338951611502
65.0134245403634,-21.96777224897765
65.62991674241208,-21.39980336939999
65.30870588868393,-15.36953750257429
65.93582090419996,-22.48682347403861
65.51350444301077,-19.95158768845623
63.92990813281406,-17.70717518561209
65.68691619746772,-20.288465057235
65.5741706530143,-16.0571152562497
65.27346654890508,-22.32898975533978
66.02389845927628,-18.51936692707092
65.47604146871485,-20.30705096160975
65.23316654540596,-15.89979676610812
65.54043294665487,-18.07660377826976
64.85360510658107,-21.21971050442555
65.40487548947276,-15.89934123185059
66.16330308267067,-18.9919317222552
65.03719135518543,-16.33624582980396
64.36747976540681,-21.00359358054928
65.0794950834974,-22.72300690243216
65.95544652217758,-23.66334125828876
65.63947877845118,-21.59620339073096
64.42483587903492,-20.01193590980411
65.25186376243404,-21.76918545917604
64.02513481147828,-16.3273751475697
65.3828456564012,-21.95334561146473
65.1603102401602,-19.73181368825045
65.09923265847904,-21.09398163075414
65.7467418468006,-19.72178868668998
65.55320175069349,-21.83199244050287
65.26424206979411,-15.19644331568897
66.02226471676407,-14.89415996140456
65.97251465033429,-21.48474403332124
65.47656906706892,-20.69982657314831
65.80793907757564,-14.88994162388569
64.99075932951804,-23.21871739535319
64.24712056995554,-20.66162253217147
65.49516640212074,-23.65041736061214
64.91626043791766,-13.68788402984839
65.6075994660217,-22.77301537735631
65.46235902789495,-18.89289838530756
65.76423950529622,-23.34738995189813
65.50529911792644,-20.97442669702454
65.2652237954615,-19.74831692223207
64.74654262665445,-20.84298034578567
65.85366217784662,-16.38681472274376
65.72622134587681,-22.16028555992969
64.82971757611799,-22.97797400196502
65.4988812261928,-15.97333214347102
64.67946256976994,-21.04996791798015
64.81289044280149,-19.35330612831125
66.28987145082793,-16.04793786649681
64.21637539962848,-19.24176182697621
64.75315308468359,-22.07845060781072
64.6317492889857,-21.4907798488904
65.92928615435386,-17.45303592773575
64.76112391910915,-23.68421082015713
65.26203995224027,-21.1515949948297
64.15365088875846,-21.65472671987506
65.52941466911092,-20.96007454573247
64.30869461403778,-15.40558947697465
64.67555421235171,-21.41611725814266
65.16226215033866,-21.53307515138211
65.10996546187484,-16.25769505538852
65.44723618998636,-21.47597318345417
65.62677184606706,-22.65590336156699
64.42556315061857,-14.53343450139743
65.72782772928537,-21.69565526698321
65.46490567180236,-15.68378173799748
65.47700887428326,-19.8473713289632
65.74756324764087,-19.74371821940142
65.6793121206698,-18.03620954656448
65.4443947399746,-19.20501308313149
65.02133575150461,-16.2855095138795
65.07689116943598,-22.71927502814182
64.87645172486441,-19.52281587629427
66.4738071529531,-16.38458468681297
65.50566163174652,-20.36624212280395
66.16257832188306,-15.17579883890942
64.71775106107938,-20.95500886727699
65.95382699623318,-18.18207331042217
64.24191617463654,-20.21750447498022
64.82719857588378,-22.51571132190567
64.36423147234709,-20.10340517779711
64.78662789753417,-19.37072529885956
65.04164441762151,-14.95409262095328
65.06635916457496,-14.83822454789289
65.767929114433,-21.62280555155677
64.43067830076436,-14.52541561451105
64.98234446141034,-16.22270947640476
64.42357569111124,-14.61313412021212
64.83899359567603,-22.37854232613246
65.32270941301825,-19.80304754537638
65.5133671842221,-14.38997986053881
65.40223987913204,-19.81915583202456
64.87672813168179,-22.20186888234073
65.18424727852818,-20.77522796801791
64.5859892454165,-14.5983522528019
65.35745851169801,-21.18963778368185
64.74633174694843,-14.36654909259859
65.19584102352346,-15.90576683392021
64.73496690834328,-20.90694832082507
66.01687581530118,-18.51925158956781
65.52642105134963,-20.34057144274058
65.7679524256661,-17.17041068948467
64.98818346481036,-15.05391439634341
64.8472844591569,-22.39967149387109
65.02398448885133,-13.63088561634534
64.42043706302424,-22.01527216858612
63.8584279715333,-20.25033672118455
65.77615544649653,-16.34742134824642
64.49496529481365,-21.94155935448584
64.87795406923748,-22.79278874354503
65.65223496140645,-21.64559271930972
65.6386952288054,-18.46606833887347
64.11619775778041,-19.79742108606911
65.76349543906858,-20.26002310875145
64.95610993480328,-23.03817765034319
64.39634119862622,-21.43775982415263
65.36089513477621,-17.2630266205828
65.70819863200309,-14.40658053724672
64.80807213723023,-23.05105794694951
65.72463336111242,-18.34668182547395
64.1600192789174,-19.64847944331303
64.97496660700068,-21.06664755510204
63.79413798121974,-20.80299248065875
65.05068265419047,-22.31406480362292
65.80473473858248,-19.31855406423842
65.51455761413496,-18.60393697555942
65.87670175422622,-16.51911964703948
65.91863389828453,-17.3042800035471
64.66120247108466,-22.33506937951384
65.6435142319539,-18.45746536956147
64.67189199332377,-21.67260989973568
65.87871620400604,-20.30488439645956
65.91952712026456,-23.77568527647976
63.70746426063838,-18.28529195216126
64.30499190808852,-22.02801816925198
65.67140008924979,-23.23395530547549
65.50841402460522,-22.47280271665831
65.77174373608146,-22.18178692629591
64.8067337328439,-23.10296647902872
65.63074495197233,-21.40112848634059
64.50411508499573,-19.92263627634059
64.49409942435491,-21.3491943715021
64.55294953371136,-22.21187087043479
65.49243525021427,-15.4632631850913
65.52000166834684,-23.41886218044023
65.56534349266039,-22.90609329992185
64.67440571619738,-19.53654634340739
64.79490729939921,-22.0556968522975
65.37008740764024,-17.26629304554969
64.85850209979458,-21.21183571377517
65.46192000464146,-18.82357813429384
64.10274096271854,-20.39353625283908
65.75908702455817,-23.40044835397057
65.00589750426802,-21.89744207692112
64.10032340470916,-21.00229857542894
64.83590748181602,-22.89145149034403
65.4490391463614,-15.84753810526998
65.61858423266833,-23.8038684827872
64.8006305635066,-13.87887193756156
65.10870221124979,-15.51093663845615
65.75343453755858,-19.76282809764194
64.0278138883713,-16.94434409891821
65.57087201672321,-14.50357931736471
65.47288635302802,-21.91923065376643
65.9899356806651,-21.38241618662534
64.51567869221368,-14.51089853342976
65.32017565589216,-15.10246432385286
64.19244872967967,-20.95076356579705
65.52601009113202,-13.80425685016784
65.20930121919412,-13.73099129970602
65.69613833912186,-19.44410459228688
65.64282071598565,-16.83230950218995
64.83988543927619,-13.91737950755997
64.98203029319312,-19.57074863425406
65.04527358466791,-22.36215634148978
65.5294860786228,-18.5771499900621
64.48278999727866,-21.95398728293393
64.56789248302184,-21.68624872622237
65.51997484545258,-19.62995480269083
65.26218267481293,-16.14369898199525
64.89243358438723,-16.42597499756759
65.17471634834754,-14.47688368042696
65.66898362188888,-15.08740897774624
63.83992733043006,-20.31857995105971
65.71432940816857,-17.74790258742411
64.04982398278452,-20.1458256329975
65.33594516065881,-16.05829524312486
65.3027682898295,-15.40309968455928
64.84017314041056,-13.80343493053633
65.8151231983362,-21.31899655579896
64.39928004453111,-21.67676090675362
65.45362960659922,-16.18698438984589
64.96002131627657,-21.06061933356873
64.72851324030299,-14.33399822519588
65.33777368739776,-14.92627243199634
65.07119801600557,-14.88610824241371
63.84558243070927,-21.37858521106249
65.56981775282684,-22.48863705476305
65.13868972979932,-15.65901268152078
63.96978220649342,-22.37135882344902
65.4721788095582,-18.67366387505448
65.20904067601535,-20.78797721873987
64.35510825352887,-20.1213582585736
64.99517088595371,-22.7421570345679
66.14331686051729,-23.2243400618689
64.18421809233415,-15.81698535020033
64.0605713121928,-21.58268529108339
65.90901147479792,-23.84334883211546
64.80674750825295,-23.01781838967704
63.85317303184215,-17.87425198699209
65.48371683944379,-15.46436562270695
64.85332528677954,-23.91017702407553
65.22360375893037,-21.23744966636819
65.05647023257497,-21.64003885414312
64.42179191380546,-22.01408262922232
64.45677124188731,-21.11712554119215
65.55919762509092,-16.01147844253344
65.3520276763659,-20.73214338223174
65.76192973803994,-18.22505098948762
65.64166968191289,-22.03210733743983
65.19927241301728,-21.05979621953378
65.34344155569873,-15.75416330896634
64.29092604923437,-21.4613453338716
63.8265266426915,-20.09409646605212
65.09741464342335,-14.32810411359086
64.51864734387378,-14.54856220981792
64.0480658808698,-16.16820342199685
64.04546292389094,-21.94181669418425
64.83654063920768,-22.77969191669118
65.78146384984,-22.58157286649378
65.41031882804087,-15.89991811363468
65.5770073172834,-20.02073369231793
65.63388620179063,-18.5532531775594
66.15238455877632,-15.17428916498507
65.70470407222447,-19.51720019466399
64.15785502185382,-21.03494134998294
65.16821960046903,-19.73759897035485
65.57549967559255,-20.65374701376826
65.62455612142509,-18.02678503774153
65.49141623245524,-23.31230371071786
64.15013204856209,-21.25587149494694
65.01291049040532,-14.16684594879593
63.95417131977978,-20.26031054879182
64.98702703937012,-15.06133175128973
65.91381049370987,-18.55024286747415
65.65976040130977,-17.28916512474942
65.5214079658627,-23.89985954653834
66.01592257628077,-21.43450088738364
65.50487371858452,-16.17994080512002
64.76250570429077,-23.67538034310908
65.54398118894649,-21.83321311233429
65.12536718753512,-15.9655611419963
64.95308511274834,-14.14541851094787
64.93770256481957,-19.52145228090917
64.28727483999424,-20.3393471644734
65.54960401251353,-22.98875084324205
65.37903863831077,-18.23812177558082
64.42795850028989,-14.62131207065134
65.07534762627466,-14.80632628527244
64.02788240462665,-22.10030222227629
64.20492950404929,-20.27339701280407
65.33830302753083,-15.72501309152073
65.14534235377401,-14.33978941114871
65.6232431822192,-23.47570638887398
64.94181956793723,-21.55097959944247
64.98483764313767,-22.23533836185569
65.07016299389531,-16.21433141440863
65.74495003974816,-21.35552202891679
65.38363600149937,-14.68665532008048
66.03713932898779,-18.71896144728929
65.70232409554426,-20.27974973612416
64.07065348421185,-19.76662873130728
65.46824902339876,-19.41509689996525
65.54078129721556,-14.47327875119401
65.46933324026188,-14.28156480054673
65.44514462060043,-14.31712693019073
65.03714170106235,-22.25396415866954
65.97310787250566,-16.55879343162209
65.24114007714986,-15.89317021424905
64.70157839696662,-21.9618595998103
65.62166430240592,-23.7613702012424
64.02857174101274,-16.98490835418821
65.34588173682548,-20.21643068803263
64.05272215872263,-20.97326222980478
64.82365173656295,-19.37232075582328
65.46832260356238,-18.75719631761849
65.03965075194812,-13.70608427734454
65.46166358430447,-15.65705257642394
64.34246364425199,-20.99778855325371
65.33997143784924,-15.85306642012505
65.64613939499318,-17.54804426613439
65.46866096717089,-20.97833919682628
65.39995411738532,-20.63752455158336
64.87882923669704,-22.20612251118663
65.69316345024356,-21.5582611027182
65.53066709388075,-20.95498369322342
64.90528732371854,-19.49149532666728
65.5376986258058,-23.2001957511483
65.75448673218621,-16.33132585827448
64.84266760070415,-22.02812610999819
64.89471631879657,-21.18928491899423
66.08639153783655,-17.32071604123834
65.50441518358659,-20.97496453372707
65.79851244092409,-14.840448046807
64.43865707075223,-21.02741357454626
65.65723557437916,-19.56206706340305
63.84361956547953,-21.50096488708555
64.59167519866489,-14.54390813835155
63.85395469245039,-17.83348209887655
65.5567093997621,-18.54842692731957
65.18159032693146,-15.25822745073743
63.8743014450314,-21.17766347400064
65.45378978535511,-20.33035114565323
65.9992629412473,-16.56868208096002
65.42614382069192,-15.45738052608303
65.11615996253785,-14.56706454766055
65.91655172420347,-17.30619346880043
65.83562097899633,-14.83668740765257
64.82463661977114,-23.96466526946572
65.5692319970097,-22.48819965914434
65.71710741005285,-21.40085817015909
65.15019265562704,-15.78094133346067
64.25964255620192,-15.56050537847367
66.00239821415762,-23.0354122504614
65.58088900866065,-20.3268416336736
63.88960515970606,-20.30530962401393
65.60499141187186,-17.20434242111025
65.34526865360115,-17.25980297216016
63.59330357421126,-18.1011690574946
65.71163861951987,-18.37671581991489
65.38171015891567,-14.72389292326868
65.00059544260297,-21.56619916450371
65.59137686979803,-18.52087139488467
64.75047789092919,-23.82754788534626
66.04279255222825,-19.11380919679643
65.47760494592367,-20.36444069974749
63.95713209844835,-17.51895620324114
65.74222256215063,-22.17340553492955
64.22440033547673,-20.38484479034107
64.71123631228454,-21.18857170074535
66.23409549914732,-16.43186527936841
65.6338838664114,-17.52097380569979
65.17431536043605,-22.42196637481038
64.12930309106467,-16.02756222604134
65.56769217376907,-21.31936219912073
64.82947881643098,-14.65909133348309
64.16261325496001,-19.16205422111313
65.2776036771422,-15.89810178536754
64.73303447804808,-14.33708142065758
64.0187235661976,-21.40231333325732
64.09256816837568,-20.32265733294516
63.85396725435702,-20.19950899080725
64.39979533099223,-14.91834496902015
65.60931018373181,-20.85925248870902
65.36571306363327,-14.83827207695848
65.58658828604561,-18.08741109720841
65.34766013760547,-14.96646465464599
64.79327365850226,-14.52479176701361
65.85463169584014,-23.54275646217967
65.28510967919034,-22.32065665328091
66.0496586590372,-19.33851388059332
65.20190255007947,-21.82285975126388
64.29064743062104,-15.02842889723517
65.68628351174607,-23.19368555423744
65.20945271493052,-15.24164752864296
65.52681314844165,-22.48165907924297
63.8772706738922,-21.6991407632664
65.49935932481728,-23.34880678505917
65.9548040872114,-17.42852845722273
65.55206665226345,-16.97339192297225
65.76667288195094,-21.63824261138457
64.94617092654427,-14.11414134741691
65.03435333524008,-14.30702947039562
65.00793312669362,-21.92041395229105
65.27727826710941,-18.24435358516773
64.0074445564746,-22.35066400856029
65.07749066759783,-22.71997408092591
66.23882146280118,-16.4271236615527
64.17836203664027,-15.8697288712539
66.06844156483912,-18.64895368893281
65.17369696711783,-22.42019997177564
65.60640397876729,-23.56216179317589
65.49001846301132,-20.98433243582892
63.84604882166777,-21.39145575873852
64.701451049737,-21.01582969452626
64.77869992979532,-14.14742775903274
66.13558813785737,-15.39612514139947
64.98952750026828,-23.21958685044445
65.6460730442631,-16.78681595089272
63.92634355480915,-21.99695299376795
64.82690738604842,-22.03787555536914
65.40212553537862,-19.81905934860458
65.28022900813629,-16.10352877087669
65.3216281904508,-19.8023022135186
64.6788525343111,-19.52912690056315
65.35122799512817,-19.11654045299984
65.8832920993584,-18.26693076174564
64.82242603796546,-22.49104032281249
64.87732540002088,-21.51429135133003
64.68149985882299,-14.35619774779622
65.13717812568244,-15.39324041711228
64.1043374653633,-20.65082155430555
65.07538022853383,-21.10736244676371
66.26498690472985,-15.11841733379594
65.81548418763026,-21.318576232445
65.3470477022905,-18.24102443603346
64.17927075363127,-15.76957931141643
64.50560374325472,-21.53746080612058
65.85477855774948,-23.54312643982891
64.63733558258215,-20.70787241792326
64.6003154958354,-21.56422766349312
64.18367866906387,-20.52014476453493
63.9946299561698,-22.72598794536264
65.20476112119913,-13.76036558521638
65.28585758188818,-13.9699115105558
65.53603152593897,-22.1220298092172
65.0495602479229,-14.89183972009196
65.85881130811121,-19.8730606435478
64.63112408251145,-21.77122706022275
64.89151211239407,-23.68195937391691
65.14585106660199,-21.58721477716984
65.76623645739073,-17.16522019418793
66.08999952380609,-20.33329406318569
63.87586723697847,-21.38071719893961
65.27115957885731,-21.75239064115085
64.29030382569552,-15.08827409604861
65.00729214533172,-21.5686779129121
65.99487205344045,-14.85257578504047
63.99690786676457,-22.62530883444555
65.35513859238708,-14.9355012141298
66.16963556471809,-17.21457493172554
64.79239087122876,-23.9150462675441
65.28358685197682,-14.36785772532039
63.48177781010759,-18.54800215157699
66.24888919258359,-16.42105264964711
64.48871677972284,-19.93169207850785
65.14440778421935,-13.73216839671105
64.69727836556227,-20.87006016234353
65.3203296171269,-22.15723812953155
65.41823013525307,-19.2800441634677
65.41376696107655,-20.69918347772186
65.63829711754565,-22.03907479935532
64.21153260505542,-19.17666410193599
65.45155198895907,-19.34981773926075
65.45583280895727,-15.57009582028751
64.29516059407085,-21.66631935721866
63.85458490455948,-22.09929665645211
66.25195253178725,-16.41987958360059
65.18618462469306,-16.22977883944209
64.9451486992747,-14.63859512728211
65.08500348339261,-21.08989271354875
65.25090295856388,-22.37133529444443
64.71515280998497,-14.39908875995216
64.66955534865068,-21.95152108570714
66.02473181195452,-14.80914004717416
65.98706900869716,-19.41116431539919
63.72503640800622,-20.27756140648633
65.38062276586356,-18.2373284818594
65.48739276403741,-18.14504184801612
65.53509734265481,-23.74094979043717
63.94234640324369,-16.79943169626974
64.36253044977829,-15.33803589043747
65.5559881069089,-15.37920610741102
64.16179425919854,-19.1619715721666
64.34560378330042,-15.39610514294384
65.5902611959768,-14.38693494766291
65.94526247001676,-18.36095051384464
65.73712036872459,-17.10707679032542
66.19133615402036,-15.5836501707909
65.51864107222744,-19.66074213248214
65.30837854261675,-19.78720868679335
65.1370873979027,-14.51876191100788
64.24879025909877,-20.20590146550456
64.34116311444637,-21.55353950262285
65.85473227186365,-19.70559118778731
65.1912745940011,-16.22089873418245
64.70787551117476,-22.07877946784345
65.17188940831088,-22.39556938965815
64.42224280177344,-14.71765519791312
65.39836122518005,-17.38815599237262
64.4325874842258,-20.00827195542823
65.75422390566708,-21.89335966797864
66.03437852050966,-23.26728073337515
65.6332081252344,-18.47661017828134
64.99162950425644,-15.04228969426808
65.50922897127349,-23.44123316702775
65.40589796315608,-19.82119270978558
65.7041130748089,-17.63870700738897
66.13605604565514,-15.38122231215919
64.6079462490545,-14.40956703992094
66.03139463545415,-14.98148014952189
65.33976106605044,-21.19070520376943
65.77471360395917,-21.48045362147381
65.56904670848556,-13.84250430455529
65.04282143273043,-14.95196293850456
65.7177952583874,-14.94591606152852
65.3507948844302,-20.76155507298283
65.65905865488166,-23.92128788256363
64.58965828354495,-14.5898398165306
65.59902984099367,-19.57093957404307
64.69570813160294,-19.49763874688256
64.78601654739907,-19.37176988127451
64.83448254252984,-22.55294563588742
65.06396444324855,-21.10927296989007
65.16357112759583,-14.25454159370696
65.79244018126765,-17.88805109718946
64.3056293791162,-20.32010192483077
64.14341898811423,-20.71374184219621
65.38809134792132,-16.11493421929728
65.88362416520692,-17.98602507507586
65.68000107307896,-19.60464416202318
65.46549444285742,-14.43140728457658
66.050498713924,-21.56537660692274
66.03426871397006,-15.09760210828386
66.11184696957059,-20.11373935145604
65.36010789769728,-14.89034694187738
64.82937655338125,-23.25392989683915
63.86268001822683,-17.81432459928622
65.62688370812963,-15.2471976912512
65.57905840160007,-14.48957039528772
65.9103944698573,-20.32711871032302
66.22935205600506,-15.71534071668611
65.28180573965501,-14.00660501220664
64.71211727130942,-21.61764825652511
64.83424753489977,-22.970514707775
65.01350233749179,-21.57836926131008
65.46629564788545,-18.91465304003587
64.4038036782131,-21.56552087996743
64.83257967522299,-22.86372525997838
65.09264720567833,-21.0895788820488
65.13813223576868,-15.65816376233903
64.76357429091344,-22.26581105523535
64.78944871047747,-23.64122863900598
63.54927888511153,-18.44909931978311
65.07864831361162,-14.86086898729958
65.64826162449828,-16.37107921958733
64.8252917352255,-22.97806192893036
64.4058419825842,-14.54072147313348
65.31336927641706,-19.79173440714301
64.64533511025407,-21.89325594718202
65.27681796370196,-15.48332798693298
65.55306750679883,-18.55031460848058
65.9632850831009,-23.08170002582019
65.36253429944078,-19.80477162009847
65.51996014045615,-21.99856010403276
65.51218034860962,-23.69233607681025
65.88025828435242,-17.49218164412454
65.00455857163355,-14.19509581594773
64.66474873871466,-21.3851537846578
65.75634592644818,-14.57413748019613
64.06203256216416,-20.11631357266149
65.52261479664331,-22.12109017589081
65.0343437381347,-19.61424522000277
65.65280881169213,-22.62636537125596
64.05896752354552,-21.51507652087975
65.48228714368577,-21.94252835427008
65.31648207282352,-15.11631590161984
65.413270999319,-21.84167272468266
64.40927288382433,-21.65084359476679
65.10301977877877,-21.09478349404214
64.91866604792354,-22.25451159066514
65.25888578656249,-18.23686502527388
65.51757737547811,-20.96994544404017
65.70073855816007,-17.59949000374277
65.37419759406616,-14.78312267281138
65.48944721774102,-18.64359271359502
65.06684573023512,-21.76958839785825
65.68653035438433,-22.50350913827085
65.58156346437114,-21.45756985970536
64.777687667333,-22.06533493768298
64.98662404116578,-21.55640182147783
65.173833525794,-14.54848932410612
65.40316837586538,-15.43316183236459
65.06224060320214,-21.75488939752062
65.10901419033286,-16.32573412955464
65.03890091007081,-22.39571330831107
65.54666656338503,-23.20215085137759
64.97202371795174,-16.32056438781472
64.68623077767467,-21.70432767578958
65.59967553572818,-14.38623908791859
65.4531320496707,-22.23479926394502
63.87885272466025,-16.66509200183106
65.32319155646,-20.67726418827418
65.94178693393484,-23.6546186298637
63.81517956349846,-22.7002323407842
64.02573096461819,-22.11875045841145
65.42361734310893,-15.4481027683765
64.10981345998121,-22.01737969848977
65.49757998945613,-14.57873774991818
65.16931056287667,-15.31140049516968
65.48477740440129,-14.58733286909106
65.62428855888501,-20.64344221607666
64.88486705718714,-21.51483718192319
65.32630746735738,-15.67885670697077
65.62851664729122,-15.08970440243176
65.72601982268787,-23.3746167794894
65.38375777884191,-16.10979196446032
65.93204014047261,-21.38443483103167
63.81347170793425,-20.74653091841328
65.47798918193357,-20.6998104358424
65.80761778633864,-17.89643802770563
65.60256888836729,-21.75618357415488
64.83743442648928,-22.96195158811809
64.06086972755735,-20.73238048401463
65.508119906752,-22.47145381565745
65.5405721679608,-20.22143553397764
65.45498787828907,-21.92362722956485
64.12215138556266,-21.39640125708427
64.86210876698271,-16.44911319048018
63.88613803352494,-16.69473014022856
65.71964718734225,-14.78850826248346
65.9070458651755,-22.98375342554312
65.48587636182536,-20.32003891393448
65.63734725398248,-21.55341187048789
64.46248937471806,-21.96255913522347
66.12420737176782,-23.50150983403541
64.95042140374565,-22.23774485163213
64.1652158333959,-19.62742234950651
65.12667873170011,-22.2439435689246
65.73899235243229,-23.26413907197052
65.11778654003805,-13.77816062473297
64.83000147242404,-14.28414802616839
64.58725009986962,-21.58538990522365
65.25007498403907,-20.84701397082734
64.30908477527895,-20.22500108163913
65.36461122694486,-13.78490916671425
63.98338737725658,-21.65344714798767
64.83261562825399,-21.36325822538913
65.81179999609769,-18.05314621618483
64.24756405891905,-21.16529072966718
64.12795520007273,-20.71740626668842
65.72137496436507,-19.12357217180501
64.9346543385295,-21.07249540285592
65.75417544617471,-20.25555449785883
65.65794766409272,-16.50514651368338
65.62483179908399,-16.8809201979885
64.97059061004464,-22.56703567501972
65.2316406581436,-22.45273521095245
65.03488846257751,-14.27185699359914
65.1178810079088,-15.44952690923026
64.20968788928211,-20.26842612473589
65.10838503535965,-15.52540939956595
64.94631481562833,-23.44339939679234
65.9252714318392,-21.29033988296909
65.84512183565211,-14.82811119706797
65.54638326582342,-18.55727017695465
65.34094180052081,-21.05939357941031
65.03712016984136,-16.336075136226
65.47238537027155,-18.67289062008241
64.70826461397981,-21.06617806634976
66.0344414585975,-14.92053786168256
65.50725594802682,-14.56842229524423
65.35674218563287,-20.62928093124192
65.78125204356856,-21.41113072751174
65.7206023140012,-17.35339351455261
65.5072136571792,-18.16985267910932
65.54301150574052,-24.30513846784963
65.15629638188267,-19.72631663963952
64.4109826159533,-14.56982855142264
65.41980319179815,-19.82747460283293
64.04395943331265,-20.79823331287262
65.63016014676874,-22.85098847183039
64.82430423373813,-19.37308153266372
65.08989435956805,-21.08913021837883
65.20673681597683,-13.87106841528274
64.93441105166794,-14.64214727366112
64.73680949648183,-20.80910757538541
65.56606718571489,-17.02562470390904
63.8581771158005,-21.01984898572873
65.54873088482907,-19.9282647636023
66.03248729941338,-22.77452689117922
65.66480768033252,-18.48878462177388
65.22521977445976,-14.59643150743307
64.75504913201468,-21.51661057389102
64.146841906037,-21.90750917890258
64.8739137654367,-19.50835965544405
63.97729066827246,-21.64793207870894
65.25163670376831,-18.23375313508723
65.2426005275191,-19.71033237874455
63.68951470984987,-18.33972662493451
65.54641862199178,-20.65771240727693
63.99000770010675,-21.94786885726956
64.15153418343299,-20.71228103751505
66.03741218511404,-20.40006274330681
64.80389070661862,-14.10036422858767
64.19161063327753,-19.33192399848458
65.28683845426781,-20.97120847950301
64.46988399263013,-21.96502816396386
65.84249491242689,-17.88571184410233
66.05453645760028,-20.02707193099289
64.84472925388003,-21.29452638479771
65.69659651123209,-16.27946459588709
64.85992215831179,-21.21006505110944
64.42218147192946,-14.88012109865193
64.22847963027483,-15.6842774767659
65.48679628063157,-18.64708072388083
65.47740244077258,-20.59412913246228
65.71420457431444,-21.60444029631579
64.77843467967558,-14.04651253133293
65.4883430493061,-14.58476374816736
64.30392814658943,-21.78555235108942
64.75807573361966,-14.50948212361654
66.09800755004727,-20.26447705776668
63.84163028450444,-21.52081816551807
65.00596726487578,-21.89402109027979
65.51326438381672,-24.49448805184848
65.398831791635,-15.43271614466212
65.81341908449977,-20.26752608399387
65.71793168507537,-23.17064859741273
65.5947987917164,-23.98344473867807
64.04991833162904,-20.85817047082088
65.92093087537312,-17.30249045320138
64.92472977376563,-23.81812426693843
64.99388825692486,-22.95865594676675
65.6456878700955,-23.6839604736147
65.59959110627653,-22.08823220259386
63.95094362692333,-20.73148263622151
63.64300375262001,-18.00080898537282
65.48345935538379,-15.96211171849792
64.324700149393,-21.87166997032146
66.0148415483304,-22.65842993110102
65.62132287008454,-20.83197735321734
64.21274373375256,-21.77301629333961
65.35911355062031,-14.81290711932179
66.05250250320896,-23.50347329827115
65.9377295872368,-20.36830102358036
65.90923671313021,-23.53365702061975
65.99406155198488,-16.41067739050357
64.01562311350582,-22.29573173444202
64.60351589982623,-21.41759372681929
65.27663279610752,-15.48362048093371
65.49114348600752,-18.64132050945288
65.45915783843286,-20.69000841249143
65.26233201779293,-18.24066066456385
64.15952623694254,-19.65034484376696
64.75033191201051,-14.46446243794223
64.53052289252587,-21.69280587065818
64.3046717477946,-21.9963760194556
63.84922004535146,-22.21377501327556
64.21644181749701,-19.24088465026909
63.93381527624016,-16.44863822252372
65.26613869714535,-15.89693166676412
65.43672567183455,-18.22354325888831
65.16037113171696,-16.20621722818911
65.58723983043673,-19.34927610757206
65.05783181241719,-16.35977540594447
65.5810733975925,-14.12494680753258
63.89336722207806,-20.71558641938606
65.53388757108485,-20.64578618805933
64.02856224494597,-16.98496037146458
65.38785960257265,-18.23520743490942
64.4179028540751,-14.73948964359307
65.00456757075982,-23.18599369741965
64.4416727640806,-21.53637040240121
65.6464955204292,-16.12894732764116
65.05829959802696,-21.53519709263687
65.6940713053,-14.93796655806801
64.1978166056072,-19.07303109741906
64.2568878826743,-20.47632424007267
64.82283740800415,-22.49411183813384
65.3246200192934,-15.35583175495512
65.93755746120794,-18.84198135216223
65.38640221583653,-17.26914898344655
63.94962074690313,-17.60565817338496
65.58027236555078,-18.09097204800585
65.83992780990307,-23.18110628146571
65.74451669144413,-21.97010800350407
64.12033210446509,-19.88998991790744
64.42524941062649,-14.71467788236459
65.98205605634989,-23.37837650699485
65.5843995212416,-23.94916067669207
65.87753750995759,-17.96151628661896
66.1795937379313,-15.46608496621103
63.56950861984335,-18.44727116402768
65.50046355806457,-20.07794719348346
66.00170270990267,-21.3510581087488
65.7814894134475,-22.5791904187222
64.84579552045655,-16.45040023020912
65.24436999977166,-14.35362265237603
65.14454129002596,-21.99862418901295
65.83606862772398,-23.18649324481737
66.16017088557803,-17.23675080203035
63.91133678188573,-20.30358887692546
64.4373393420188,-14.66141695522548
64.95306740967511,-23.15654706569963
64.61722509862501,-21.78355907430425
64.38743431952099,-20.9758723174769
65.65548081983944,-22.02813078735694
65.77840470461446,-18.06759270280924
65.48960051614416,-20.57896604084078
64.01839956506763,-21.3518962176787
64.27522037671382,-21.38953082633753
65.5336322065947,-24.3932572246113
65.21030120376787,-14.34267011396406
65.56537979490767,-22.90284439878971
65.29698760242457,-22.30175114847119
65.61506217497843,-22.71851450929563
64.29376556322894,-21.43958120983865
65.63597964407197,-14.44088606463042
64.53316298466144,-21.51629962182782
64.82744440020049,-22.51767574878845
64.4402721317439,-20.96519061698757
63.78392952621252,-18.04715802382096
65.55058368250496,-24.20609187980883
63.6109160264223,-18.05974207976089
65.8156522439804,-19.3496043941869
65.03014084421038,-14.66429266124693
65.56451342862817,-17.49174451175629
65.13467057434644,-14.51939702694079
64.66643064635184,-22.30253505067816
63.96251640153461,-21.93951172493093
64.96940439538149,-23.21554251257978
65.52407233265089,-17.46302691308751
65.73666835592982,-17.84733083400157
64.20819752175346,-21.38273252022508
63.80217276733757,-18.02867240790091
65.4135552892052,-20.94607159249491
66.01699901531937,-14.8242276372829
65.56607760856,-13.82286288159477
64.93742111569307,-14.63963483593515
65.57276329409697,-14.28590263526863
65.37273489555703,-19.08564555241995
65.64098713487294,-17.52387047631204
65.78087333532496,-21.5079369843118
65.59345448875895,-14.51913261807657
65.38066090246521,-21.87556491199213
63.95140922594167,-19.99331238910147
65.67249814991669,-20.69421908229662
65.00404476095696,-23.19068058918074
64.82304102034072,-21.35929295851695
65.46248186780169,-18.90954203939703
64.7470055073584,-14.36730204285613
65.4057831689153,-18.24440757963309
64.33076376925415,-21.67773317072808
63.82548122081209,-22.62703549182544
65.6448954770983,-16.70429084662486
65.49697631318602,-23.65376783562277
65.64783939327462,-15.03091649163088
64.84871884150508,-21.23472465354603
65.55736697321684,-14.03006349966808
65.35954257587036,-21.79963274847391
64.09530504964239,-21.65765317492506
64.73041831494766,-22.1812079702892
65.74778549810509,-19.74564158242132
65.46596086236059,-20.30254637060917
65.02130862687629,-22.75303920786413
65.47153093729803,-18.15312728251094
65.53354919017426,-21.84456146492787
63.99282874907919,-20.03182535957905
65.06397669285336,-21.39418725337526
65.65735523779911,-23.911287585313
65.05941005663641,-21.58150676575376
65.99653570165734,-18.99670308799442
65.7319463793653,-18.34511104433905
63.9006376097794,-20.80700301365734
65.63608565865202,-21.71473939832935
65.37164490311406,-14.80185342254977
64.96806247155948,-22.90987490347099
65.61933482933861,-23.21640725522889
66.05450539398741,-22.76159700871251
65.84489890810538,-23.83191985957573
65.74639084988273,-21.92595953953037
64.81130899196386,-14.59202770746807
64.59910773408842,-14.45153298871721
63.8555649144816,-22.05902770801539
65.2724716434218,-15.49238265503564
64.24642045124337,-20.49727542051325
65.75306853321882,-14.63114320535948
63.91540761709193,-20.96377855202405
64.29349554580233,-21.05891883435075
65.77549046753057,-21.7207053513317
65.56289545297776,-16.94273495934227
64.49018364429162,-21.16446749528754
65.56515459100022,-16.94194247198345
64.41714921311379,-14.89489024299563
64.19197763125187,-15.74465509286642
65.76666370258404,-20.07109315979591
64.8114504204317,-23.58875514305634
65.14673453048273,-15.68830985543625
64.85322605063496,-23.91020352657445
66.28128536599726,-16.09051919594592
65.36477197571243,-20.23228155007376
65.5743035823271,-16.05768399439881
64.97751330409531,-23.13392114807305
65.62525642138033,-20.82690387997431
63.94849975028698,-17.22514818208528
64.9236629394716,-13.87800594798982
65.83802120383524,-23.25376364314342
65.19714539041104,-13.95473709757591
65.7476760387747,-14.67522228108302
65.00331885556064,-23.15298186785485
66.15167049284308,-23.20075982355053
65.68161947557856,-21.67405862908944
64.69974592891846,-14.27992702598535
64.93930624454677,-21.06188851003472
65.46725958690894,-21.28090212579168
64.55919809899588,-22.21377864750125
63.84736034346697,-20.41642867253157
65.8009928737743,-22.41327955902046
64.29286576369027,-21.67094700797543
65.6933478366131,-22.08797447493195
65.25585888499839,-14.00352782239655
65.32461054071013,-22.13619388341028
64.8330233406927,-14.66587097579463
65.10976124870743,-16.32392596872668
64.02778886142517,-21.91160502377405
64.83710543583963,-21.34613822904562
65.66429110659067,-17.8621883311902
65.62675284747519,-22.77266007052579
65.64838258150252,-20.76010365556334
65.378483689631,-22.00862904456403
65.89359454870142,-22.60781407804767
64.41580103695803,-21.70767327409616
64.54253953154387,-21.72541004510316
65.10548810628092,-14.32870778069072
65.59263766003568,-17.1233855454528
63.93654735815591,-17.29218582052176
64.42781295293153,-21.96356930309298
65.83298780745456,-20.31640206931379
65.62617549537929,-23.32596024548251
65.28007724970519,-19.01113943347801
65.96992999828797,-23.33031010861083
64.4867106789608,-21.95029376965833
63.91045904772622,-21.39757192193546
64.9449546297487,-14.63865960921202
64.74050488171538,-22.20874583041929
63.83450606661728,-21.6103904038663
64.75051382665403,-23.64654649528636
65.15585468884329,-21.92882199758397
65.57333676483438,-19.99743093182868
65.9969413611854,-18.79346299949358
66.05438204566053,-22.76266399600147
65.90406464829051,-20.32136573667626
66.10318015842365,-20.29876588017848
65.5290694864146,-23.91976352566358
64.01791099813535,-22.25622390323107
65.28453920057407,-19.02814945645611
65.2671052931996,-20.81735102141003
65.42699858688475,-13.75822180345974
65.78080144895827,-17.9226354293937
65.51893298196089,-19.66760188076704
65.45058664303806,-20.29317499066784
64.10411707637974,-19.94894828914039
65.40514195918847,-14.39960585157692
66.04799316209937,-20.0193657926201
65.80739704164995,-22.27928281023794
66.11254663714502,-20.11563965644062
65.74308615601292,-21.35587678032707
64.51280941730582,-21.40432265025868
65.65963168995592,-18.21118851658021
65.55619744453493,-21.82835507713596
65.66108814835563,-22.60036635677485
64.4941406242112,-14.47285107170088
64.65861469628148,-14.55015339571988
63.56049910738798,-18.18463615716569
64.8391967059998,-22.22170877788887
64.91960974405848,-13.68547877707822
64.24123403873533,-21.82809466128908
64.50245690482348,-21.19786391326163
65.59086869014298,-20.31999080252893
65.74673737161966,-17.13073337243721
64.85366293146149,-21.50911586467465
64.75303883179437,-23.66373079677377
65.3168785141622,-15.11462594580544
63.90824610581311,-16.56462445458892
65.25898290544622,-18.23690368424469
65.25313265132915,-21.76897901235657
64.3609569827443,-15.34421943130389
65.54033345728938,-18.07668898732794
64.38121521339248,-14.93315667040838
64.32050208532308,-14.94730039246419
64.18209705012735,-19.42480667482589
66.01874115799491,-16.57332000846315
65.566304503365,-23.1426815050255
64.83825667047041,-21.31417308013442
65.55460790185171,-20.40759554865107
64.16077736354625,-19.46623818444382
65.74291014045082,-22.45314935085819
65.57209371098723,-16.04817852304952
64.85771768788653,-14.24380973666058
65.0876614393562,-14.83535416571772
64.93263780629982,-21.07882190523423
65.74245948679561,-14.56756044044163
65.0747643434691,-21.77618339266776
65.62985368330014,-20.22364332177391
65.50014709431176,-22.1175847190307
65.22150538680687,-13.64247717120607
65.35957011246744,-15.85057118671072
65.02019855907953,-14.23900817538104
65.38186329960219,-21.92268088936293
63.84969127646711,-22.19391830437805
65.10506202573869,-16.06260675514767
64.190508850547,-20.36891539359082
65.7211476911154,-17.469064715563
64.23128405139049,-20.24394528397472
65.17933599731563,-21.84097350542654
64.8251326897474,-19.37362983954374
65.23886561405486,-16.17227039153503
64.01891650050446,-21.33921430932152
64.35996079481197,-15.34807789950966
65.71529333628256,-17.72653027679546
63.90648611869215,-16.71918659693614
64.37434661012472,-15.28828802513426
64.67393864481235,-21.95742469181673
65.49682921947594,-20.97981243330226
65.94122383852667,-21.59027094380349
65.62660997641166,-22.65653040125383
65.94410888852629,-21.59935811705828
65.83342708530292,-18.05663815527483
65.47683901153148,-18.6637841915784
66.12636460092867,-23.56529676726428
64.96960901550578,-14.62672731574064
65.56361728104345,-16.94207356333179
66.02197891121759,-17.35618174730564
64.62126766210767,-22.05271691015116
65.98130179818469,-23.33129392898653
65.48356501076829,-15.46443835554931
66.14317222887172,-16.43908516504862
65.15624655701457,-15.79398794286723
64.83027416160955,-14.28821407402737
65.88266937855862,-18.58192112940343
66.0994816432377,-23.03857388341259
65.6330012663824,-22.76483115569835
63.89852333777017,-20.65500046532456
65.803308868754,-14.84107639791632
65.79095949380951,-20.25881326923961
64.89796315960896,-23.9437899209768
66.01084351865424,-17.36211857584088
65.37718262558876,-21.1967594220883
65.47840302270922,-23.51617027427445
65.17266695442841,-21.09608122985361
64.01787427434995,-22.16499328140503
64.68731772464449,-19.51204123957716
64.99951685381681,-23.20761649097124
65.16951914987509,-14.68279406896143
65.2879374678127,-13.79366176078324
64.71539663301223,-21.97698467629636
65.64794521753238,-20.76108247255384
65.00885296402264,-22.8050809243197
63.92770146528628,-20.18008250422011
64.12496426694275,-20.35232715368571
65.79259182616646,-19.9409443351448
65.31798303967311,-15.62794821697319
65.70141047205293,-16.2219282082547
66.13737867088311,-16.43575541118427
65.69493992733301,-14.40615508669908
65.24455686702471,-19.71265725251527
65.56809549962892,-20.93253372488525
65.02513253158693,-22.1361392072273
64.6380017284142,-21.98062610023506
64.71363602817476,-14.40114190888632
65.11293397952639,-21.09473401829822
65.61754736840292,-17.21826157039312
65.60949577814523,-20.30837996963406
65.79871428019617,-19.33372373252737
65.56383644069102,-17.01718299475567
65.29507142482048,-21.19926913433283
65.35704668680157,-20.68444627448181
64.84679099078336,-22.34354233446489
65.58167092191258,-21.78085245876761
65.05732104496288,-16.3593846070841
65.80285729334437,-16.35008783538155
66.06158574711009,-22.98669532460381
65.81178511975126,-18.61086793851148
64.35023971520259,-21.00562554843773
65.74700189061008,-17.89888111335257
64.39467859229538,-20.97403197720926
65.47680279469786,-23.63948188192612
65.31642434493287,-21.19382747538006
65.01787341518143,-22.04598317230725
66.12602198373484,-18.88885617183069
65.63103033716239,-23.26430516338364
65.4302765326726,-16.1941579689627
64.03136561585043,-16.94653329974369
65.5089090838994,-13.79470820644788
64.60252209573994,-22.02889621416675
65.67146704026669,-23.56704795531316
65.82586312456567,-22.633667549604
65.91912426547175,-21.47247265671051
65.35910579818402,-15.40087015041497
65.30177294465187,-15.54864308087397
64.56455896282387,-22.20281509126477
64.30202515861895,-15.41222732784274
63.90055930557443,-22.69523987133647
63.82195531585744,-18.58342640358004
63.9403946927958,-17.26150779992753
65.57879347275184,-22.16416588982187
64.91924178789384,-22.25493475941269
64.28653356206145,-21.08538903812539
64.86880306685345,-16.4532749676081
65.73222680091948,-14.48865241958615
64.29083640933383,-21.7014637163759
64.81487055880051,-14.14327321657985
64.55335712319629,-21.73191898341987
65.60328384252828,-23.19349180023845
65.61751446543515,-19.35798086660404
65.31509132778102,-22.19276407268944
64.76008801722175,-19.38560374649215
64.97499759820018,-22.59671616203205
65.161202957842,-14.16259809030008
65.2544502517854,-21.76808935890437
64.70832802445467,-21.24220076159844
65.89275223316147,-14.82613334672676
65.427072600836,-20.59574007359167
64.72774079302053,-13.99701578667428
64.53349568553028,-21.9319612624146
65.9711908121348,-21.54079819644447
65.25973097413151,-18.97951412593234
65.3309374168924,-14.3210073704531
65.86729032406889,-17.92335981884631
63.90021141143407,-20.23497108101752
65.77574660425542,-20.04465512958799
63.94590330255879,-21.04781475333768
66.11621561730948,-23.55052734376091
66.06567856239819,-19.31548451335269
63.98983255231069,-21.46326167887803
64.5570600262134,-21.45667561349542
65.81361761830783,-17.27027717774395
65.85535277191127,-16.47489680657607
65.67007227607698,-23.239016810788
63.73980993371835,-20.4690108840111
63.90997206097731,-16.55473759033914
64.08457081909951,-20.7459385573469
65.07014047574502,-14.88847714598232
66.0923832396489,-20.11270693070855
65.06066337094364,-21.40821458866724
64.88247007124096,-23.9616409834565
65.93425315059338,-19.91961704313661
63.92448156211103,-20.65929229844706
65.13115942385393,-15.40689977867572
64.16503134039795,-19.62930133803731
66.15074401450576,-16.98045427539376
64.41674898803241,-14.89550329462047
65.51680451984434,-15.98295691538528
64.50390564509578,-21.20331730507466
65.92676365279854,-16.57847899516027
64.78272917163105,-22.05733964214767
64.68326555534809,-20.73119140579134
65.12945538523155,-15.59856663591859
64.99059154912412,-16.2198638457121
64.13146734757404,-16.03903062752639
64.9960129447402,-19.57925764807285
65.46520150092951,-20.52445043569615
65.46435441707222,-18.8638000407371
65.84225849921269,-22.3021258269934
65.49864868754462,-16.18672013370895
63.84981033844377,-22.19070202718845
65.57722861045274,-14.02451550212084
65.15682455404968,-15.551997109074
65.54068238083372,-21.84019545691919
65.20909606446142,-13.73478681159971
65.17081159338034,-21.51466999706224
63.664085777227,-20.03955748604012
63.90584098724342,-20.3281478945176
64.81636702362034,-13.8869299685808
65.50055357788919,-20.07639546558974
64.42684530310791,-14.78907089043019
64.25216243780031,-21.1272154032117
65.2953052501173,-14.56420666233451
63.99749819987045,-20.98268316708308
65.33661047815693,-21.74630768496284
65.67767477659937,-17.01063712388515
65.9483864323638,-18.15166559946933
65.1218564516986,-15.4347161783715
64.8368212464334,-22.77707824272769
64.60251121314059,-14.41437338079314
65.99686544101398,-23.38612955366602
63.85384666511292,-22.14634000176878
65.57556031790787,-20.0075895638624
64.3126429377444,-14.97675610674658
65.58725944028063,-21.77160815632698
65.45228825804841,-18.982974497687
64.48340389316127,-14.49471097015622
64.10919705721231,-21.9349098304323
65.60303841169014,-20.88861853913488
65.59572809697266,-16.12762440916559
65.82253039555219,-22.66925176297486
65.40126478577264,-14.33317379003891
65.41631943116812,-21.81681375916796
64.69516180542121,-20.96149087712133
65.6411832571356,-20.64339411123832
65.35020250183281,-22.08217708094277
65.61100863473199,-19.57892971392513
65.06337967283031,-16.20598638729154
64.67150097918844,-22.10281256270951
64.70829045947008,-21.06631783061396
65.8600518330639,-22.4543559646393
65.33966359375631,-20.20930570042766
64.70155108507873,-20.78763158102405
64.41828943921539,-14.7289984740655
65.7242816724732,-18.31961427032073
64.73446164726589,-20.90938407977824
64.83180210894594,-14.16124485814868
66.19453160801368,-16.48626497147768
64.6672132465054,-21.18450937030116
64.61033188769605,-21.37011849231234
65.22467527913025,-14.34928715212735
65.05994968491223,-14.34543776413222
65.4437076986127,-15.95204575937623
65.75935404960926,-18.07345890212032
65.24584764704282,-15.89167310628052
64.68121269826553,-22.20707667134467
65.22828083613233,-19.71761471862844
65.29286556922293,-15.89818670964459
64.91240666863344,-23.08438680472532
65.5605290888143,-21.4865163844986
65.59221118097601,-23.77315271950135
63.84509595330318,-22.41506020146402
64.92512500427044,-22.25062014985506
64.91097525070221,-23.08692355855116
65.3846733078665,-20.92675622445345
63.94382246125085,-16.80185845837013
65.16118946677965,-14.16134200539315
65.46740349830486,-18.76634132430011
64.85141829904401,-23.50673977807217
64.1447675476331,-20.33637174928673
66.01977691282845,-18.51928831798809
65.5798747733835,-24.10044965934622
65.85227047349619,-23.26224516458724
65.31486063525317,-20.86785592504079
64.8664528987013,-23.56402158490923
65.447216868736,-18.20761673319692
64.90265862824454,-16.41029977158638
65.14865094276118,-22.34727203044324
65.22656036665838,-21.18780085193186
65.59167203646216,-16.11285222890356
65.65802284550102,-16.50755175530676
64.89240395177916,-14.31037597176755
65.21631428425421,-20.80389747888759
65.3589445543118,-22.05882696848379
65.04445839686258,-14.35033982225834
65.40410468501045,-13.6943024936002
65.52816859848237,-22.48154406188102
65.35372297416333,-14.84533526025007
65.41354883556396,-20.29870322737999
64.10669385847045,-21.65021110749961
64.02629516284051,-22.1146209408661
65.38912441298929,-20.93639346213344
64.42755455269747,-21.80666325587202
64.6946719515667,-20.96632630195103
65.54827248113492,-22.99186263163745
65.61875575401687,-22.85018521671414
64.84449429235168,-22.42892925185197
64.23028050822043,-21.19901363831
65.54922926598378,-23.09199577087501
65.04472714109797,-22.36415727342553
65.5113109967974,-15.98239093985927
64.13100567741586,-16.05584677929639
66.10295401586525,-20.30112346422638
64.94466910020404,-23.09435118889673
63.84518402301162,-20.16388007609757
64.48412964185745,-22.12107412931751
64.91165749538482,-13.78680984629346
65.65977566819383,-18.5031847020622
64.99856264540219,-23.20945206988133
64.86752638059743,-21.20719433670752
63.86666230887008,-22.32264314991859
64.44288256055758,-21.57934771370397
63.97526246830249,-17.02510995107233
65.912122407298,-22.81882681144588
64.81840499947658,-14.65010592279781
64.12987739449797,-16.06060033941514
65.70867013198088,-21.4117658610596
63.9634457883475,-20.46329464106413
65.5212298638434,-14.55664481279078
64.82241238627891,-22.49058378155236
65.58680087046125,-20.06868492617741
65.10955626601057,-16.28159638131446
63.8610929081342,-21.90317098683787
64.11186062418496,-16.09083670328939
65.66235282404703,-14.91597125992287
65.5321683014321,-18.09617565667917
63.94066648764945,-17.260291892258
66.05056307020641,-22.76651860166425
64.22355406276719,-20.25669200166022
64.05487468766673,-21.53157206900723
64.25394238114114,-15.61352539220595
66.04620193148774,-18.52185178447227
64.84731261124855,-16.45337794548511
65.5276074915544,-20.96287385953586
64.41925182019311,-21.93539849612106
65.4325481145247,-21.22574183227841
64.61547680868203,-21.54919448070104
65.97009986096019,-19.40826132238475
65.63997652662322,-23.7210769074594
65.45490256447978,-15.61137204093614
65.22444599726988,-21.22315590125045
65.60405794307209,-23.54742301729949
64.87758307833374,-14.66468458845426
65.13357647268661,-22.27943708278793
64.7586837330201,-19.38616370546838
66.08811907592221,-20.08058606005213
64.75614929583762,-22.25150971603483
64.1917082290408,-20.92675801074532
64.07288024219763,-20.3285621415643
65.10819840998268,-16.01160595996813
65.97521397162782,-23.32582275919567
65.76333354040318,-17.41150819547267
65.46342209018772,-19.8301759493133
65.52356789094941,-22.01127902750119
66.00843409976069,-19.97683688948342
64.9993606158912,-23.13235469994653
65.28060030713227,-13.89801013094944
63.98470786189883,-22.3817970312607
66.07720958762472,-16.73656223561873
64.89016127198978,-14.49930917079788
65.7145215466204,-16.41418028651201
63.95777756240127,-17.55040326698296
65.3814347147098,-20.60231822810327
65.47965811602398,-23.50830305993752
64.84433523024384,-13.78794309395021
65.96060342703167,-17.34272845151635
64.87193356928753,-22.76667054186663
64.0369362760507,-19.84402206697742
64.17570641518864,-19.4445823124419
66.0672503219992,-23.16993770775729
65.73124981417935,-14.74132753293507
65.02219303280341,-16.17148339382684
65.47320210545425,-19.42043179979607
65.59417666659208,-15.31693129965694
65.61906178953107,-17.51884809136623
65.91154102404742,-19.89152547888382
65.48858321499894,-20.32202970904633
65.5370704609579,-22.04632862751494
64.83184477742628,-13.81760176624647
65.48164973741716,-23.64251994047651
64.82593694862572,-23.4358214193404
65.50056031515892,-17.44305209420508
66.30034672453931,-16.44874422290325
66.06506956952899,-20.38616097478628
65.2369929020356,-14.14244728296776
65.71094080401936,-17.61067407089256
65.70977738910298,-22.134830167707
65.44949677709802,-15.84586900550104
65.48605606670259,-22.38369781006173
65.67133062461154,-21.6643487722727
64.1494122260706,-21.81267587394582
64.07562376145749,-20.85745084570886
64.82482819777384,-23.96457007994384
65.08845161176082,-14.33134476771056
65.40080699489714,-21.19665807365896
64.07601212232815,-16.11190682646525
64.41811596888516,-14.8929430892138
65.17106254797154,-22.38770372426209
65.42314560518601,-20.95687851061217
65.96915119557936,-16.41257864384222
65.33550083314697,-15.378024647176
65.49599689160655,-20.69589065750905
64.80036453224919,-13.98378650009331
65.82697587902712,-16.45716369892245
64.01520039665881,-16.3687459944046
63.95670084910915,-17.46306089916172
65.27495750453569,-14.40487946795016
64.71133330334656,-21.32670471743017
64.12841190271918,-21.16884558157324
65.23198167737331,-15.90013460777896
65.29637180168258,-21.19970023065125
63.81882707289478,-20.73773980135211
65.2845563237911,-20.99281472352893
65.05610401780666,-21.64881374839846
64.96415079948584,-21.06198740320402
65.56103663106886,-13.97956692692876
65.95711188678156,-16.41393339133021
64.82340552724848,-13.91076439623443
65.55261290869812,-19.93817999118858
64.9485945493625,-23.48411881700677
65.8478449322428,-19.69796833984551
66.06047389308011,-19.1390928614029
65.37527870947369,-21.19676048061471
65.48071581778007,-21.38445966270995
66.06783619596717,-16.66871872369158
65.6259233207141,-20.29853634663558
64.3741560900194,-15.29030127155862
63.73527226720536,-18.52773757067949
63.82884804791615,-21.0126202327186
64.30324527318841,-20.32797551312273
65.1824023797956,-15.9101662605925
64.28984511565395,-21.8032629648769
65.88696147907069,-17.99953945352419
65.85891605417427,-19.87300519900645
65.85411750990495,-23.54094894420533
65.52559716646333,-22.31574366941615
65.49938183392025,-20.09679459128028
64.03701134326866,-21.40783759999394
64.04170821573065,-16.20503857097237
65.31489112917315,-22.19497175973516
65.20666253481787,-21.71812137283521
64.30083281415406,-20.24293519187592
65.6275840659714,-17.81691392145379
65.98823643988199,-23.05450694389554
64.30702373830141,-22.03902572451857
65.32484937966947,-21.19174622415794
65.40945925651143,-20.25662006440415
64.86941152993923,-16.45282009284369
65.34349420880683,-19.17257408825048
64.95267514746891,-22.23764255735744
65.20955694859882,-21.28334968528822
64.7911019397839,-22.05478707692183
65.88333645783415,-18.58084727093381
65.60301077679402,-17.78504738887982
65.43947567420857,-21.46821217128621
64.66526653616961,-21.32329297367387
65.14733711414081,-15.713411132198
65.7051249314594,-17.65390184491186
64.00295066715616,-22.55024822499023
64.8353473326872,-22.8850319057647
65.04216299727625,-22.51925217399166
65.77837638759982,-16.43548654759238
65.9943100887768,-19.95843270689386
64.91606900911083,-13.6880722817528
64.97110882153811,-22.56688808158422
65.88219755772421,-18.62852481948054
64.89391873811087,-14.52178195968349
64.73281397602928,-20.80958838528282
65.55512456265959,-20.94030853274557
64.50377227890311,-19.92314503461074
64.57232838593248,-21.46999096329246
66.04032259061103,-18.69588828889326
64.85611841228159,-14.67094868154812
66.12265886201743,-23.56858854926427
65.12328401809089,-22.13246709670964
65.26273438324736,-15.89567657470051
65.09865321838548,-19.65199852417413
66.12147672666744,-17.24239306356018
64.61222555366966,-22.00571452767137
64.24613125750926,-15.19430673558229
64.45401443793769,-21.11351173915545
63.86979990591146,-21.79567511914981
65.70380986631412,-21.6774766513979
65.79270342809941,-19.26419315823852
64.16160357850201,-19.16118360403017
65.2803338942751,-20.80564995018883
66.13518793126465,-15.39190644501723
65.4218701563636,-17.37783256723147
66.02167269696575,-23.55487467336908
65.40318083606489,-18.24536421835473
66.05342178202913,-18.69616421186174
65.85701148289458,-14.81005889543493
65.66062218177241,-18.21199705703397
65.15858097633033,-14.61419746470372
63.86528914782967,-20.44444241532975
65.18582863544468,-15.56433781640871
65.773273946163,-19.81959757297745
64.78649344558185,-14.50111171040513
65.32189408712593,-15.09692262700426
65.654298267364,-16.60202399295167
64.20647794105152,-21.40843190596966
64.5062248168414,-21.22699137726558
64.15615711207272,-15.94290077837448
65.93916115840496,-23.64228214015843
64.54696702002667,-21.91612289519438
65.09785558832344,-16.33727672909983
65.60543011312015,-18.5075347667184
65.53488273948818,-20.94822111673481
65.35674242153003,-16.06801403434094
65.42710851151281,-13.75870731642038
65.78916418361193,-17.22802883423125
65.75707661566385,-16.33144553225838
63.54998620629809,-18.22925547868159
65.17347682168676,-15.58025936252361
65.2774419442592,-22.32288915338382
66.17659399481644,-18.98077693725894
64.68283642623491,-21.71006789204745
64.30474400011067,-20.32385035614282
63.88098144993772,-16.68780131014784
65.9219200668943,-23.8028444601378
65.25259100085157,-14.41128082044515
65.76035800856485,-21.46497043644698
65.64108265718326,-23.87256153723374
66.03326447149628,-15.05378851307846
65.62663013715041,-23.82382381079388
66.0787054981003,-20.34356279919394
64.16847640353555,-15.9096244786067
64.81196857920878,-22.99523120021815
65.77484933138429,-18.25083924490388
64.56225030021105,-21.76876128275226
64.09523748240393,-20.72681264275851
65.82974338205686,-23.81469071626218
65.76441579990944,-21.68349807711599
64.92888824438093,-21.09641128034699
65.67327346754007,-19.09830998153416
65.61829313542123,-17.02776891708757
65.76907618156606,-16.40162269847818
64.19679801019024,-19.29829350475104
63.98316394280499,-20.82539025644503
63.9901059499126,-19.9168340806984
65.73077612182067,-23.16248842286566
65.22612448568506,-15.22045633737012
65.88579940941923,-23.85945506947419
65.52388384387196,-19.54275747630083
64.22277280875885,-15.69563263821745
65.48257289440662,-20.69841184270111
65.48320748752556,-23.48367087041945
65.84056654241203,-17.54208908863091
65.29846521317269,-15.25799812135504
65.20040515882872,-21.44826553837139
65.5451121976352,-24.28211155057748
65.69002368045197,-21.69669556729204
65.69361820854209,-16.19063545503642
65.4090016937708,-17.38352752889991
65.62688088936946,-23.31212135463893
65.82679309374315,-18.24248141132478
64.83270159841175,-19.37633118909903
64.82708301109436,-14.65874179388907
65.72307883001272,-21.62613884695461
64.53924135191144,-22.05620700844682
65.21044316802177,-22.49091596859235
65.72744425727619,-20.23753486805662
65.37333826435878,-20.20011503614895
64.01196405279207,-21.63862882564079
65.78116786896155,-23.22767002046238
65.49343419501274,-18.6365343951718
64.96872219133947,-16.32480781459601
65.75482850696824,-19.52410785692345
65.34627539795439,-14.97957468173895
65.05956730418043,-14.62440486488551
66.01157175874519,-22.96633825901804
64.54344373444181,-21.33145349973424
64.32827839870144,-20.12008972408137
65.63292518546146,-19.58324473783209
65.24313958867494,-22.40472516014857
64.61996851846453,-19.65488279221536
65.87454925808885,-22.30128054443857
65.51389536283433,-23.83740565358245
65.4322461592415,-14.39348056500988
64.84355094343908,-23.39092008673921
65.16319922843365,-15.83627623319063
64.9682023742593,-19.57184136290993
64.74083501250476,-22.21033433849964
64.84472828177036,-13.78633152182535
65.15566752598886,-21.93129113326894
66.22801081797213,-15.7127002629079
65.52473553213424,-23.19188991657558
64.03815403537655,-21.40117737597017
65.40410345936081,-16.1899242003844
64.29126888788794,-21.69162948284972
64.94385841902768,-23.49570294900632
65.61561206866486,-22.76936483037229
63.51004358597825,-19.44424961715758
65.20724086505997,-21.39867869291585
64.65715945094725,-20.70652299405545
64.73956210197875,-23.78910889773261
65.57401406119978,-22.88239662105371
65.60679530970181,-23.56385202427725
64.03836422860752,-16.27386682128346
63.918313641775,-16.50998628132824
65.11164860642472,-14.71157611829673
65.81407695539707,-22.42122543621469
65.7814894268637,-22.58180540972164
64.69834786076169,-14.2276597431052
64.82656345018916,-23.2244764089129
65.31618768943221,-19.16404467101491
63.99436811655558,-21.46328682512901
65.05129289157823,-22.76890962387201
65.21350966771381,-21.35859666618864
65.20811179965034,-15.5599088245678
64.52629216100962,-22.20113868762956
63.90576207493991,-20.4883696662553
64.83168129430791,-14.16093114031772
64.84150078150782,-22.62705370840959
64.20748264345906,-19.15714371884556
63.81913791163826,-22.56884803357982
64.2311046307174,-21.04314768789836
65.14134403518528,-15.94707779702311
65.9181978930491,-17.45924513701994
65.61133402443862,-16.24312146766409
65.01441880491062,-21.06884517846275
65.69642366968016,-19.11093713227966
65.10708883320795,-16.02276836908124
63.99825086685235,-19.98978826572014
65.35991266977486,-14.89203924814686
65.49113860201209,-18.17957030165811
65.3532466560864,-18.23694917876866
65.94897127773774,-22.89607288628032
65.81374767113705,-17.99221719803059
65.45448337089636,-21.25588550822046
65.78589693363938,-19.67506460701184
63.83559023407228,-21.70535710879322
65.2769057541474,-15.48320872671344
65.95894155636807,-16.41348209125722
65.93214959940236,-18.85147180730543
65.57877718944471,-20.32805844283058
65.75508776303579,-18.07384794820452
65.46578259577257,-20.3443598024661
65.59532171518973,-18.03673068679213
65.12145892901019,-19.68030391865525
65.22868229779321,-15.89811761466949
65.70918369309886,-14.40811393971329
64.9617372938006,-14.63166683480416
65.46340461177627,-18.85000877542701
64.9363652543935,-14.07445021376264
66.12580121159469,-18.88809419598977
65.17227575161107,-21.51185646312123
66.07146155753762,-20.04493287728373
65.48155139259731,-22.12769629535324
65.1464699721144,-22.33957217034364
65.42261614014842,-18.21868499711249
64.25199912848173,-15.20435109866635
65.29126233197717,-18.256429221551
65.76317612611489,-17.58240115198343
64.98124277947387,-14.6175699734746
65.46337529090383,-15.71352055806891
65.68642439470423,-23.19356784541752
65.14047016538433,-15.37609848988086
65.74397408436415,-21.35550041649867
64.9773910905851,-13.88709222031285
65.79681670660057,-17.24349252171027
65.4528216767168,-21.92341008646424
66.05314703566638,-19.33388919742059
65.6241541241194,-23.35319344339591
64.97008820066632,-22.86541554111548
63.93878938108317,-17.6934437733379
64.49598853122917,-21.35473902747774
64.74462399420979,-21.54816466014186
65.95979955892282,-21.61248474233069
65.75473606124285,-19.52182482616516
65.6339201843443,-19.58337236260708
65.5549198964747,-13.81975860995214
65.37579682350322,-20.20366131440317
64.47129496940168,-14.4982255722826
65.87961402653777,-17.9788650605281
65.65311225054849,-20.26631993461887
66.11149060060765,-20.19811242464953
65.30050256337604,-15.52569193518513
65.47595885574113,-21.92791525833263
65.57969471297427,-22.28708564350644
65.47300308105473,-18.17946869404264
64.75181166832533,-22.24300015953492
65.25098923889426,-20.84781834604321
65.91380455971245,-16.5859881546239
65.01244022391471,-21.95925020587769
64.28936775662223,-21.4119635137629
66.01187329170823,-21.49718537383807
65.476832701312,-19.84712367051342
65.84905856222824,-18.60793037400454
64.89174231943718,-21.51719347284146
66.13741984897496,-16.95223927091787
65.13224726601135,-19.69714107162092
65.71828517526421,-18.36452650194983
65.9754106134818,-14.85423581187178
65.81940208818273,-22.47065899482291
65.5559286264272,-21.82893137998951
64.64254490282858,-14.51073874471913
65.9077662162159,-16.5857906278259
65.93498300798379,-21.34257846255992
65.19059384138828,-21.05902176333245
65.10783776969244,-21.70076883469401
64.83389654868178,-22.82168741618021
64.47544579815957,-21.29576951615893
64.54887224768053,-21.36948373687204
65.21225140707223,-21.34900684898258
65.84369852986035,-17.54054940997931
65.07112767945684,-14.88626643663635
65.783552120153,-18.25007850052339
64.84313845803582,-23.34673900818573
64.11550370814223,-19.91617321237559
65.89770493197106,-20.31418492774026
65.4446159137449,-21.76007477451727
64.02330022542768,-16.99162777945787
65.94735599380546,-22.45904406254248
64.91510935556748,-22.87363159365464
66.00897818522652,-19.02663109974652
65.5594480741304,-16.01220419845894
65.67870012207827,-19.11001568743678
65.53260298234775,-22.33499365140278
65.86651559290817,-19.86553192331956
64.81365362971536,-23.12647689877443
65.61529884705668,-20.64526318056147
64.88520641169505,-22.2062461400802
64.90267201401852,-23.7641456920594
65.06030892936774,-21.4457657389078
64.16572893423145,-21.72624242557044
66.26752420439438,-15.85172293444073
66.0871425528472,-15.1623778230694
65.36242327432572,-20.89466866138839
65.99472564451827,-17.37907147310544
65.19841882498528,-21.71336803542047
65.32598791778128,-20.18891678090712
65.3345776064728,-15.05693389144103
65.22688654114901,-21.78798426046759
65.61981036111453,-19.58034355121798
65.70872285335619,-14.43190396998021
65.22563191722652,-21.7565383282955
64.96834944438527,-22.57965684802009
65.5833940939671,-20.92290780737414
65.39200863057309,-17.26978459896741
64.77786886141942,-19.38052309290255
63.96749295791663,-21.24645748365736
65.6628375802366,-18.49725700704719
64.92712076201016,-21.10334543422595
63.96622207466931,-21.13501138275686
65.23072712578602,-13.64571447846109
64.3185039214342,-21.49914307925287
65.46419913579695,-15.75575669675682
65.35568985662367,-21.77152776053681
65.95306382085695,-22.78015898257068
65.61287115716634,-23.21403322790663
66.03812051815774,-17.34491490597295
65.43531400722259,-20.69544517255432
65.65346412229043,-20.74104874529814
65.51636358196939,-23.87487614597788
65.30532767234392,-22.22215487395523
65.59280370566759,-18.51861069409795
63.94705476664989,-17.40540354950345
65.06323028353259,-21.39768713014164
64.91300783270697,-13.69686823025298
65.50041998642786,-23.19620686016265
64.6180375641777,-19.66314451428508
65.4492244752275,-15.49065804686436
65.00308220476897,-23.15132666771308
65.60326146736021,-17.51104491021957
63.95198146054867,-20.06569446320085
64.66335565413284,-14.29228979284544
65.46389730654928,-22.29809417127158
65.61140526705502,-21.74494775592969
65.61931565088669,-15.08918741692897
65.49293620593242,-18.63782476906601
65.79081538774233,-22.42133763679884
63.68034019886832,-20.46909532821853
64.25823086551453,-15.57359207019645
64.9031257593626,-23.77201916944221
65.75500030289923,-14.60892081574969
65.99788567983317,-19.96330009843888
65.64154174331422,-16.32435185772978
65.25653885598888,-14.58024105904832
64.21995522493249,-15.70123669747206
65.6369186120985,-21.43998320958824
64.17946387937167,-15.76776707862282
66.00793131653091,-19.99305140755701
64.7080277803175,-21.25671051061526
65.14174638280042,-22.00917933575816
65.6239822152983,-23.51326147113814
65.04933806558572,-13.70743124322273
65.04470396452581,-21.09657588972608
64.66715832931543,-21.18589146145398
65.35802611509868,-22.06201085656931
65.79264138293705,-23.44290705163422
64.82681862548665,-22.03795064252274
64.06549729622445,-20.64273322855236
64.80896613647546,-14.27338233289811
63.9331143580263,-21.99507365531249
65.77674888665311,-14.83388258956103
63.76818455007682,-18.08121153957241
65.31296100213876,-21.74405392182046
64.27770420935028,-20.2259968011306
65.80566531011245,-17.56490093890443
65.14859137171045,-13.66062149820706
64.91465860956366,-13.81092666275535
63.88274464291246,-22.45618605205321
65.02345042298367,-13.75898883678517
65.29391412363921,-16.08376162586444
65.38230866118838,-19.80635072207929
64.64189574671985,-21.89972937787031
65.87510055708127,-22.3011364322428
64.6529451946302,-21.96421046043006
64.8680556288319,-22.18434771908758
65.71111394003945,-16.32770672157731
64.27295211192069,-15.49044780229321
65.89690840914224,-19.29127259274865
65.32529788342288,-14.35846199458413
65.5900656635412,-20.9081941213098
64.87750280864196,-19.42631327971762
65.50129313497418,-21.35556721997288
65.1373964339149,-21.06078743551577
65.43215530364184,-20.96037359333789
65.04695879642493,-16.34359975784438
65.42485928243745,-19.80145984695691
65.11077044299859,-21.77238484489866
65.5177510302367,-16.16801356547282
65.85422194128606,-19.37555759659581
65.48121730420475,-17.43503223056599
65.41203591930233,-14.30683606592653
64.7308327135486,-20.79946582513006
64.601840913204,-21.38785669725148
65.36500792650656,-13.89682097778626
65.10899171897263,-21.09795100916314
64.84574213559958,-14.67385412339806
65.74490921994287,-21.93602304248656
64.37518731089784,-20.98831117163018
64.27587449403173,-21.0744107702229
64.831830549366,-13.87505689066108
64.70436960803669,-14.30467102122577
65.02258956247815,-21.07785124762681
65.91602755346528,-18.57884485362254
63.72481936958402,-18.54234023876169
65.8538199623849,-14.81143151924039
64.90986193679105,-23.55829538071751
65.22194531830482,-21.24411014926888
65.47832659025026,-22.35232675161652
64.40603851112456,-14.54794397171835
64.87254513043233,-13.7701420001412
63.9872032879795,-20.34983592005476
65.54008233759363,-23.86085541917511
64.98733811955003,-23.21943658177576
64.20224593745154,-19.10019869402375
65.36407491980805,-14.79004476916163
65.00599499804117,-21.89356914980869
64.80509045414273,-23.61991529832323
66.03960157276994,-22.9426903720296
64.81388173052245,-14.63714404631162
65.28844096218413,-16.09169869881281
66.06498158983328,-19.31806682156477
64.3589278665656,-15.35213025870676
64.66187445986552,-22.11788240001389
65.97857806387464,-21.45639654254121
64.84266290935044,-21.27894377793313
64.43561213588441,-21.5568645895846
65.00284015943215,-23.14963741528926
65.21277281070188,-21.73135074732165
65.30026896132449,-15.28731166863754
64.93123514904414,-13.70743432253225
65.81848150975804,-23.45432000495785
65.37718792024714,-19.80677818187463
65.91923537162931,-21.46670878598905
65.3479296951047,-20.84241335148279
64.18371802199192,-15.7555455534845
64.92841081480162,-23.25980376746056
64.96599029004565,-16.32609707695556
64.77833030944237,-23.89568347868264
65.92382433252303,-22.95362582463954
65.48518562821909,-23.24966301317478
66.03607502112376,-14.8017144953637
64.69660559387931,-21.89819902617403
65.00158313908713,-13.9333719315748
65.88854593710127,-18.62024819918523
65.50962235790624,-19.69094731675493
65.48726538080373,-21.38340198383387
65.86225076724979,-23.31023736103582
64.45030802321057,-21.10351442070867
65.56261604563002,-18.54756163151329
63.81317419996901,-18.58358661406479
65.76338946905354,-23.35679047478768
65.69306502961415,-21.51203917650324
65.60107381762312,-23.19221000764785
65.30777931412,-21.20195439173263
66.10318229599567,-23.15452030288355
64.35387628077027,-15.25492024629079
65.24479693981749,-22.39926822007476
65.35578110302062,-18.25980553854648
64.54367219684772,-21.58168235305032
65.34924545312772,-20.18997878782321
63.8318709113718,-21.68642354024285
65.16512117396516,-15.86546747194962
65.70586408300193,-21.42616083269041
65.07691349406183,-14.33830105686943
65.86676855324777,-23.32742426576164
65.56072982197355,-14.50269490208202
65.87536163602695,-17.95031712252722
65.21907972768548,-13.64830498511138
63.90076750519031,-21.10433034432362
65.01012012374723,-21.81321000228517
64.88128360050747,-19.43914594389684
64.03011782721427,-19.88054568817816
64.84526329787742,-21.2483088968001
65.46807339815568,-18.71521904311386
65.55394893411628,-20.4091270297331
65.72852109943425,-18.35294668302991
65.46839526659252,-18.15566785199042
65.244468731405,-16.16705902667921
63.79405228654357,-20.23804161368181
65.94472421178169,-18.1830873768417
65.45301512608869,-14.43416047395875
65.44525087000778,-16.19346594049108
65.48560040095973,-21.38557104738614
65.22549256979565,-21.1227677857603
64.13105285868095,-21.03072123394638
65.05919383639856,-21.60184278067096
64.5753230296096,-22.17992612622528
65.95069586421202,-18.8378524702557
65.8329427082173,-17.88338482785818
64.93398166448911,-21.54692686070199
65.52156866005805,-18.59523185477486
65.45637665714007,-20.55270114543897
65.61813704840512,-19.35894277194077
65.68396322493318,-17.8853853765531
65.74792649115305,-14.87736544487136
65.0374267057504,-22.25482253509254
64.88911553490786,-14.49481810190906
64.16176519304511,-22.00735216810648
65.64347937646934,-14.99160267705069
64.9927851183451,-19.57850812183655
65.3000536625454,-15.51913853179809
65.77526342286778,-22.21099109221451
63.94312391503961,-17.38495739876873
64.6728635321179,-22.28033061153389
65.671313818293,-20.66007442898085
64.35167158505438,-15.38049183294719
64.96001933213158,-23.07275773226463
63.87867141815048,-21.71546899048258
64.96883242099813,-16.32472746469089
64.16344012755495,-15.92332103012558
65.45544361843714,-22.26825479425797
65.8667575015511,-21.30474705168266
65.75792625017188,-20.25838277344142
65.51211089870786,-19.74042775330147
64.0711281690874,-20.93389331058076
64.63576287533412,-21.45311803221747
65.04075078804102,-14.06909609654141
64.77087345021195,-23.87473970829041
65.8610161911525,-19.71561469814878
65.77670037401128,-18.06885887299883
65.8906682459176,-22.84452530642141
65.50951498873388,-19.29481877126763
64.50501366576681,-14.49122501693183
63.84021425994894,-20.8952969755844
65.41964602289646,-21.89141776843796
63.71252245447319,-18.26868845798005
64.96843047345003,-22.57865039439444
65.1251091837046,-13.91969982575237
65.65214953730712,-20.18136869561678
65.63936522862261,-16.87607252955982
65.23558960759188,-14.14785123336633
65.01329570056653,-19.59640154460896
65.92365466943143,-20.35126898761507
65.14143605919526,-15.94705023435947
65.06844640350086,-14.34442277202267
65.77980343400591,-21.41696275840511
65.69457569335562,-18.38794797517365
64.58265049153616,-22.16455432338482
63.72791091950442,-18.21786277328284
65.60325047656475,-18.61624745539894
63.87360410245341,-21.75940082600426
65.16920126072883,-21.51764539059829
65.61576302830326,-22.5147192217725
64.4552710305098,-21.11530738286906
63.98990439639028,-20.20122016215662
65.49911715285299,-16.18649074419572
65.77567702532004,-21.5778270116234
65.26723279298973,-14.37882261412734
64.03595652420927,-20.32240099516722
65.42156709728124,-19.80184587546274
65.71077601497994,-14.43981306855347
65.18608102524196,-16.22982616410051
64.1985755460904,-19.04058559366569
64.8317488191469,-14.16106993685596
65.72547255131342,-21.38211599516204
64.86064535634034,-21.20952091239395
65.5009140139908,-20.97668187732869
65.3470494460099,-21.06188273537219
65.66415062707439,-16.15906784723762
64.19346177567967,-19.14145908647508
66.01112168653464,-22.62332987998576
63.54086383953803,-19.65443012344564
65.5790646417585,-14.06138849373441
64.41852549697504,-14.77286421144337
65.24393514968976,-14.04245704412397
65.78965671729492,-17.5769259619763
65.39067002175636,-19.81059523197317
63.87677111525178,-21.73156849924797
64.11769933258478,-21.46996739128952
65.946759038935,-22.45632794321501
65.63288215175486,-19.44421225934083
64.52913118703454,-21.6661121194777
65.51085243520507,-22.47675102789234
65.51996964127466,-22.48013351500991
65.96196384406774,-22.82073867729424
65.33313530949574,-15.06368558754466
64.37424915316265,-15.2836380643702
64.65725282326495,-21.24530118622406
65.01796957433731,-22.04804716775794
65.64445730715777,-15.21313617877324
63.98075676744202,-19.96289922050939
65.80909173333517,-19.91412860167909
64.39585566381065,-14.92138048025832
64.90129759354328,-13.90334277879645
63.87993602840357,-22.46655298888784
65.9274021061007,-17.45503589293269
65.73713962748585,-23.2080014792854
65.68729579756184,-18.42163558857824
65.63071218580734,-15.04682602919192
65.5095616455447,-19.94224058955277
65.30622985615359,-21.74026252092658
65.46391297522071,-15.72767373644733
64.70113576621674,-21.21452108554969
64.93204949449415,-14.05106975964069
64.42210402076229,-14.88078998718419
66.1723694836644,-17.19851818207661
65.2454846490834,-15.89153790204754
65.01798624494367,-19.60223965363759
65.63595999990328,-16.28163826550495
65.05823303998902,-21.49520060708241
65.45361673721636,-18.97710675799804
65.16071038644839,-19.73207223349058
63.94048061832428,-17.6816571013302
64.70885563660843,-20.79848930750576
65.54042910154938,-23.03071302425774
63.95614488115616,-17.45500708197082
64.12096314974403,-19.88641783231932
65.29544420813504,-21.74514150090134
64.42621151648018,-22.00965546084468
64.906318215912,-21.51470358100557
64.2116089139337,-20.72959833681766
65.972700334275,-22.57437614919111
65.53264224582745,-24.38314591581916
65.07450041369863,-14.04457520528171
65.65597399800191,-16.58576515941684
65.74324330677382,-19.18312142057336
65.0609018771476,-16.35850248392141
65.58620469097808,-18.53223325074249
65.54272731255425,-17.4912044854381
65.65709386762443,-23.91047312817787
63.73057815623974,-20.4779545064635
65.76695862834438,-19.24857410066375
63.94703812366714,-16.81519052367026
63.93016462085288,-20.32301912792455
66.28150807879433,-16.23887021424548
65.63655986991313,-21.71417331858476
64.33363554503963,-21.70303496129689
64.9940465131096,-21.63569548512271
65.60005878203475,-19.57164479204355
65.18412271214929,-20.77583742967723
65.68951971345793,-14.86482475239601
65.6572013570632,-15.16752553037725
65.04655432143684,-14.94378969770633
64.4000157974854,-20.07938950742943
65.15077330709933,-15.92661389335589
64.8221859483959,-23.19226987500563
65.67693863091486,-20.66991517608031
64.92124672627408,-23.24036455341696
64.15454591662998,-19.6726392478543
66.1283030226391,-15.15621352133378
65.34705412090516,-14.99718899456661
65.85838964452154,-19.26361577752456
65.44246811267755,-21.45443091932934
63.90740921167721,-16.72227021922423
64.39412339292866,-21.75346524903161
65.81806512435341,-19.68579945739093
64.69619497953606,-21.43121200091567
65.37959763405317,-21.98700321354031
65.69013382584399,-17.5113315324296
66.13440890615195,-15.15868065309307
65.36441878657794,-13.73737395479921
64.30177368820206,-15.18849947498129
65.23758716241376,-14.0769372873098
63.81413956158961,-22.70724750605713
64.81378126646115,-14.6367903521699
64.3091757254909,-20.99852657177586
65.0998991565031,-16.10521629969559
66.01350982364542,-18.51925755997763
65.47824456010608,-14.54803848559977
65.5242249177005,-24.42170462937579
65.77551402105425,-21.58446899282511
65.70178855993777,-17.35787370784956
64.86931429061117,-16.45295001361615
65.54974146737155,-15.3899864393444
65.54845871970593,-23.20147696755404
64.47065201658171,-21.96485818585412
65.55117473939686,-16.17428692096342
65.63292978488727,-22.76541965886893
65.37006129820435,-15.42039870315608
65.36097906540265,-20.60440927827362
65.11574668992459,-15.47776253431549
64.93659133390676,-21.06645096077355
65.52534793119158,-24.46252830200676
64.03620329150371,-22.72043297012801
65.28349734990688,-18.25023445338516
64.79635453766325,-22.26511115659294
65.16226431983203,-15.82675748584507
65.95407600784809,-22.58689525196541
65.48559415158894,-21.95020068264649
63.93453729696123,-20.4749805408951
66.0682772522231,-16.66970737023039
64.70540628496732,-20.84655697084831
65.74552052648308,-16.33658308976269
65.4741329086183,-22.15307271010085
64.84493720923315,-21.29300833821947
63.92169682827662,-20.3625601572379
64.31737694919809,-20.99322763648747
63.93705477453123,-17.35327038363859
65.5605260724084,-20.09566781153841
65.4271264690779,-20.65635529016217
64.10935868855712,-22.02570987190207
66.18353184881985,-15.50630626966586
64.31382345839346,-21.65189940941551
65.18255685825267,-21.48603261065334
65.59826293393854,-20.31540822799758
65.74605825981047,-21.92741458107435
65.07748422941893,-14.58056037875863
65.37735880120019,-14.70271556390935
65.53005731605407,-16.1614279434306
65.2824559193796,-19.7833034221749
64.7356782070043,-20.90268825997229
64.98713383520513,-23.21926346337176
65.23918414592374,-14.11203633628936
64.07713180395777,-21.75044531855421
64.6797130900428,-22.07918848600117
65.34757094414752,-14.87115605980337
64.26926694924161,-15.18688361840734
63.93424559727192,-17.33448155942525
64.24411671277815,-15.67767379077146
65.6656756158823,-22.52044558792466
64.55874927413672,-22.04398079601046
65.7439478708538,-20.24675777293124
65.57185830414369,-17.08358837805121
64.79820400749225,-22.05962127193494
65.05805457215922,-21.54952828605595
65.25511748126078,-15.89896256973274
65.54480278057555,-21.29474881764344
63.87048892597021,-21.80552796990962
64.90744304921829,-14.59104308442092
65.78174587870949,-22.58336712000467
64.42271569846281,-20.01552976743323
66.20063817458603,-17.03538514949869
64.9626835986059,-23.10163726521186
65.36041855592885,-13.8659867916699
65.26227701838528,-16.14328795345907
66.20766569226825,-15.67735915047871
65.56125377525068,-18.10502187639563
65.58338822868318,-14.20292811600684
64.71118693744116,-21.18082321140284
65.3445226828318,-20.78947693456189
65.62997310190664,-22.85161700298965
64.99348192755406,-13.78571785824296
65.36194766246786,-14.87067218053321
65.9560740377284,-18.5348060387976
65.45451594129447,-15.81258153064631
65.8429976604492,-17.49615191759868
63.98134514422256,-21.65370828756734
65.70527061411431,-14.40649346939468
64.47093084904144,-19.96998383618646
65.44189170673604,-20.31709934360989
64.38412404600652,-14.93260087982795
65.12654125319249,-22.23633276475183
65.51688892799447,-15.45180610089362
65.60377333167368,-17.09791004268829
65.0073476402262,-21.91582114952252
65.30893631397568,-21.74088159277619
65.22341626490876,-21.23899448059757
65.51649191199158,-23.38160796024839
65.67279956911278,-17.8718963245325
65.78065637549062,-19.77018020337292
65.45293995456873,-20.32963377009505
65.6467691721213,-16.63389308440937
64.6817081526183,-21.52546145109879
64.03682907060133,-19.8443987415577
63.95636660037384,-17.47473608218126
65.32594156368683,-20.18869725961201
64.49891325512192,-14.47686932731769
64.58825795754557,-14.57542908765755
65.75858357016106,-21.85952079139382
64.67263459620754,-21.12517253350128
64.86716964396894,-14.67155463815245
65.28280448042014,-13.73422876527926
65.4506426931889,-17.40687098604374
64.99911150429811,-23.13200375037633
65.33857106788925,-15.72677345816869
65.88922997884238,-18.07338474892291
65.54762378894328,-15.39295245127814
63.92401679024888,-20.85203831433816
64.49907136840254,-14.47709590548676
65.34958583714797,-15.83593823180876
64.89358737566216,-16.42430272860711
64.7046183500552,-22.08056875864263
64.00490932514313,-22.36150502947617
65.29861549543719,-22.29732076149672
65.9448481035281,-18.34772521369104
65.30375854887288,-15.16777787931842
65.21226365968886,-21.27136608261099
65.18411536229958,-20.77668966875159
65.51094212740371,-17.4525069737401
66.37189945519309,-16.48457607511984
65.5229191748967,-19.84032580756615
64.11773427554347,-21.45429634183362
65.21851971256531,-15.54961291213128
65.43750613437207,-21.7168972883179
64.31820365930255,-22.09626508787118
65.51432644299749,-23.8574047430148
65.5125791663151,-17.45371759871641
65.84233970043341,-23.46387592991869
65.18518931944509,-14.05761992148089
64.65585778225831,-14.54262322033648
66.1030256761283,-20.29177357109934
65.25177195880694,-15.19293238978057
65.71848364746538,-14.44016066416336
64.94436447701085,-16.34600027763291
64.78796827484007,-23.90875396750365
66.23384759062525,-15.80459660682659
63.97532061747546,-16.98411046090357
65.89456782178654,-23.85775502337886
65.72068625856906,-17.35342610640772
66.06796240502827,-16.66900162621964
65.19429486059113,-15.55998465223893
65.74425191912373,-23.14275340553125
65.85596954729354,-14.80965882569946
63.93451642468328,-22.658706908764
64.40547769727623,-14.54509679407293
65.28510875518194,-16.09687335857013
64.89178719211779,-23.96139995176263
64.31434593495521,-20.27225727019536
65.12988109229616,-21.62817922249208
64.98232171229745,-16.22318922219457
65.32143466712607,-21.74468366172308
65.69090473942106,-17.02261068060916
64.0802158171781,-21.03961149890905
64.88224516900578,-22.80393890327193
65.59803186968911,-19.57015422060305
63.63993245853525,-19.96044790351629
66.17351924277568,-15.19918456631232
65.01475178107414,-14.43511041921753
65.72206936669302,-17.35827356691586
65.75922260837612,-23.22870952386117
63.82896762645707,-20.72383410466938
64.03131021505705,-16.94512053610097
63.94641380447774,-17.6513474890412
65.51632271520782,-23.18440939689201
64.58036031678174,-14.60716391925551
65.26765194928355,-14.33253283970552
63.63461587420051,-18.52059016617502
65.7139110938255,-21.60393410390681
64.93851658131976,-23.36611516853604
65.44218401672319,-19.02174757137287
65.12085701466613,-13.82833714470537
65.14015527624848,-14.66870903538697
64.63188343565531,-21.91586165589772
65.28010820216234,-13.90118997057892
64.40297629797507,-22.02630012088543
65.67095735350097,-18.04343593709969
65.7903923708617,-20.25871675543856
64.72638819232006,-14.40512394679749
64.59416080993533,-14.56384214430209
65.51689698631768,-19.60365114017478
64.43722155190704,-14.65944017242104
65.31673108547929,-18.25912917188917
65.41031840058238,-20.69919188325785
65.50785399182513,-22.45113977180075
65.91779436427517,-16.39698256616748
65.5152686269078,-22.47893397686153
65.56115936129412,-21.48631615938298
65.31533373324754,-15.62248477924381
65.18139910840362,-16.22973478506737
66.07505631992196,-16.7077378554074
65.08464589311095,-21.09010645912063
64.04871509317998,-16.16611392513215
64.18492360133509,-15.81018577535602
65.80636989963496,-22.27827047321421
65.00832669606687,-14.97404346897182
65.94671482309002,-22.45619402112191
65.51640828342482,-18.60269379029163
64.23545944345264,-21.34979373886642
65.51890789255248,-19.66471304022853
63.8817484977349,-17.75669724663851
65.22823606445087,-14.59575282139452
65.36899697131742,-14.52785221730635
65.81806212653062,-22.28121953116385
65.21076706558802,-22.49033358651236
64.96950208040268,-22.59000749879161
64.54288283151243,-14.58652907975176
65.2863066748525,-20.86524860703975
65.75538970354117,-17.41109272512475
64.12557930943032,-19.82171595495391
64.41996864020153,-14.59635541576692
65.53762891452571,-24.35715915232505
64.0897622431809,-19.74989435910506
65.27652507964048,-20.72904262351787
65.00603982425375,-21.90377037903752
64.34441290920074,-15.24670998369232
64.95323623560999,-14.63486314311648
65.75265173425089,-19.72331817079311
65.65656433448432,-23.67500964602058
64.43730867792024,-14.66052193577909
65.23701190645212,-20.83481943512774
64.26127948361251,-20.28065822528635
65.58829278240971,-16.22548623406968
65.54044592753064,-20.65618387635687
66.26124425614105,-15.18062538937971
64.23084978448038,-20.40614665891205
64.85050093618933,-21.49953446526959
65.47715638301199,-20.98481691509513
65.61553592975339,-15.09794276758569
65.53376228319127,-22.23964882072127
65.13652883455518,-15.65433562618736
65.75245493039301,-21.40361268662186
63.64427541939727,-18.00202139721005
65.16530248252127,-22.37439770437021
64.69203106374763,-14.37323371749323
65.52075878200064,-19.96228503235797
65.62157533009261,-23.41559881038743
65.80293835487808,-17.26100773426918
64.43675051402961,-14.66691797487922
64.50021746339958,-19.9259536411395
65.3056053064986,-22.22133619980026
65.6117162111204,-17.79953927296058
65.1414307809919,-22.0109621592017
64.90766396373456,-14.59211756200283
64.98669407602223,-22.79315647200787
65.00391729475162,-19.5866861100354
65.54774327095284,-19.4908203044577
63.85559835138336,-21.00452920273313
65.66435679687144,-18.42369921258926
64.86202601866694,-21.5192297698522
64.99806682056693,-14.46751261385375
64.06476790511891,-21.73323247267381
65.46445709471574,-15.74258523990785
66.14529838688813,-16.44145751647707
65.39400109393797,-15.43193013523311
65.58463144639249,-16.08393377803801
65.62210282229177,-16.88523341705574
65.39697941207784,-18.23120640334541
65.6759125241697,-20.66662586594758
65.6779513981166,-17.34986542141668
64.2179569169886,-15.70520428302559
64.3625892135778,-14.9251657270668
65.30509221884247,-22.22316017472659
64.24769545952228,-15.6694490866301
64.45415168993283,-21.11380810713396
65.78494869009086,-22.42466750285394
63.95806850986605,-21.02359126704247
64.12827689845557,-20.58754911512493
64.61326409300437,-21.36807754945685
64.19920765988283,-19.03968257050712
65.93594420108408,-16.41664544049575
64.70726783774731,-14.09782667460245
65.1621482160879,-14.26008513410473
64.66931563255794,-21.14818402415439
63.74535410980971,-18.60200240698343
65.33729101597991,-15.79553270746483
65.40059048077595,-16.18423930355851
63.83493680748125,-21.06216211162558
66.07914804413531,-18.57182445188883
65.46269768735421,-17.41233364342003
65.42065101471135,-19.17315811843733
63.58412207474345,-18.15257815601901
65.259225568249,-13.59421167093025
65.05986823946016,-21.58953431677167
65.72626442574919,-23.36590473487928
65.12258510200044,-22.15683255137832
65.86271369881929,-23.31108602030506
64.43269211225612,-20.0082532814325
63.89206650130416,-20.61919548192887
65.30161935320454,-15.23688593743052
64.02323084588463,-16.99170637883952
65.63146082779394,-21.71810089429232
64.99657280976169,-14.47760947329974
64.63825574857724,-19.62350015808086
65.47035433506029,-23.60233223198919
65.60628828069703,-19.44889625598056
66.08401894113928,-18.72803044232671
65.14980422706498,-21.96721418411365
65.00486876977064,-14.52166554408804
65.54812616242845,-22.99240598556062
65.25120916247198,-15.526202830959
65.76938530333305,-17.41380568440895
64.82112453365703,-21.36249481033546
64.74533667497315,-20.86898998558013
64.3190256997712,-21.76040016568054
65.25439824248586,-14.58238207834601
65.56626795468226,-22.89732727375064
64.8676537011011,-16.45338205809773
64.8103029215107,-22.26247552584113
64.403961152471,-21.92116061792303
65.35927343657367,-14.81208132969672
64.20574310901634,-15.73002843196368
65.23160653316819,-22.45291144466815
65.78983101683845,-22.21864923421155
64.69713831386133,-22.15345050261317
65.71468274817231,-14.95301605817213
65.03807391153569,-22.40715491833703
65.38208260600442,-20.25839608485722
65.46756659130003,-21.28154783297461
65.384456802764,-21.19102668828916
64.32853096097081,-15.23699565945507
65.99969854436614,-19.01583714719118
64.89249815391327,-14.31272748191619
64.70643794653789,-21.40204457803614
65.28827622345209,-15.18196479834403
65.45136335239522,-19.26962916187141
64.85898436043364,-21.21112743396366
65.59503916743498,-18.51629612141519
65.39910357261742,-18.23009334396255
65.75482703341525,-20.1065219100497
65.49821365655362,-14.29460308020407
65.01150315339251,-14.02944253619139
64.91646688741062,-21.13707299034661
65.95546619414273,-19.41181945304222
65.39451268218161,-21.19319237544382
64.84307761539705,-16.4535087437895
64.90344462652584,-21.51384906644864
65.0287133905574,-14.66573461737378
64.62094996097392,-21.9401074563364
63.85228175646782,-22.2700201166749
65.36866146900505,-13.72640009451506
65.17149391005293,-22.39015863779841
65.20655784982023,-21.41806619547241
65.91423434474885,-21.28921634302437
64.9789967094588,-16.31462417346986
65.55494976882841,-15.38101413703254
65.49821788812488,-23.34456121880851
64.00976319735821,-20.36033114399672
65.7019405343277,-22.11164316092437
65.66514938086327,-19.08971221439542
64.87393849986225,-19.50896236157338
63.85172441709835,-22.29684069112918
65.12861639827481,-15.60465330249121
65.85978913191524,-17.41546601645431
63.96073000389695,-20.82079638344507
65.37859685372436,-22.0074980517522
65.05672693112506,-21.65826702229551
65.29173880539344,-15.45838588934641
65.55819655829698,-22.13210795123515
65.70242001548162,-18.18243640545715
63.99907557025163,-22.37160715547323
65.85157234310648,-23.36609639358588
65.76631184073003,-21.83017605936411
64.29840646747934,-21.11032210908445
64.08179194899083,-20.31842301065349
66.12805232630164,-23.5629883864827
65.72738140702083,-17.44851937917865
65.14099019477909,-14.73837478197242
65.46813167571288,-21.28333825092346
64.02005466899898,-22.13994787991391
64.83940572660659,-23.93479721380344
64.58982666096419,-22.15910661054524
65.9589750376789,-19.93237649813881
64.8597398618072,-23.90809621218035
64.85931766846659,-23.5117137518861
64.80669859488256,-23.93837617526305
64.16673246958727,-15.9143729075436
65.14581291248865,-21.06009726269347
65.56917249460545,-13.90808653694688
64.12270758840748,-21.36551287987376
64.65539388291569,-14.27627700784
65.77171000074685,-21.76319951859462
65.48780628243894,-20.42881005829499
65.00633494294969,-21.90707680891753
64.18090898823574,-19.43292867151815
65.82909808022136,-22.28337637458834
64.18474272108573,-15.81372686365279
63.97932158236778,-21.2361131724702
65.1719944947385,-14.59408741133009
65.65897799766255,-23.55261162583045
65.5081837217496,-21.34155960753845
65.3421359446305,-20.59956419418686
64.75823047334968,-23.85009814313863
64.0141611467488,-16.37188169241805
66.03094528758903,-16.45264234766792
65.18313623684449,-15.5682606712318
66.01927367329904,-23.47054269848174
63.96089604161753,-21.44944114408638
64.98022645254864,-16.31348039533413
65.87248172078556,-22.60020128078522
64.90656873526274,-21.51510082849498
64.9212938096741,-23.24360911923281
64.26735279003658,-15.50469548579875
64.50653291450625,-21.22061384102244
65.72690734140689,-19.5996168660202
65.18116316330648,-15.258633148513
65.49749838696289,-18.62563717190399
65.39974022703032,-16.17634322525285
65.14555976521382,-15.68488265187769
65.62179494852674,-17.24141831249648
65.48172616138828,-18.65414782523646
65.54910358158048,-17.47599219277595
64.38891218476788,-21.3710228526909
65.63862072119873,-18.54291321186012
65.31541596606841,-19.16380539994572
66.0125884177285,-21.4821519007875
63.93751192246943,-16.43312071802436
65.00960980536362,-16.19154290381933
64.66516279227065,-21.36816635142955
66.00609642742825,-19.99115178843488
64.81302013841503,-23.12224424158254
63.61350999054218,-20.34355069401625
64.1843483199816,-19.40871706400463
64.46668674427417,-19.9845801328735
63.97769639388624,-22.56503145176539
64.50491975073572,-21.20757266408862
64.84167196740096,-22.02886739327316
64.6069663971436,-22.01123590975252
63.82597032060841,-22.40787788686646
63.78008717778751,-20.38203100108853
63.80952048434136,-20.1589589635092
65.51741909383341,-18.60169298199611
64.73113487552651,-19.41148697623145
64.94933294971494,-16.33572988366809
65.51845653111643,-15.4489453266455
65.42773031898273,-22.20790288355828
64.22556743810095,-20.42255025392232
65.22085510559054,-15.89738456080805
64.20049542247918,-20.84241398888756
64.97123032028023,-22.56698051237179
65.02001666895745,-16.17249155355774
65.81478578161078,-19.90105907372051
66.23427058430612,-16.43165147487273
64.75857690710657,-19.38624156732211
65.57136551388075,-17.08181989242977
64.31936334000943,-20.99382712084238
65.33115859685216,-14.48397620064663
64.71445439528873,-19.46597676901538
64.35568353294087,-15.25724878465243
65.01567994635367,-21.06956928414711
65.31075255401478,-19.16208299097362
64.81757149225287,-23.95838000853039
65.62414928816183,-21.73377977432947
66.07573028794256,-23.04185967667679
64.87278483046563,-19.46971892677375
64.97293134812112,-13.86955365174297
65.90858540647929,-19.42402166460535
64.85062582128086,-23.91340062733575
65.02330474591537,-22.10157164535017
64.22270466820926,-21.22325286456165
65.6447295498017,-20.76470173954879
64.02554483128073,-16.32572932266783
64.99890687463949,-16.19764898103312
65.22972237575664,-15.21546501792974
65.71754279440499,-21.61696125437703
63.58730528779728,-18.30204368896291
65.64442440362362,-16.68636842536295
65.42713223745497,-19.07952740313921
65.47326712930199,-18.17933852653915
65.89319261580157,-14.8263200014574
65.6490708769518,-16.75748598518189
65.85828955926004,-23.47637429396259
65.61835286509948,-17.02760305814511
65.81780555587801,-17.2731935357371
64.41683053131652,-14.89538534347577
65.05816384186154,-19.60959377762381
65.43974913955047,-20.96438133119449
66.10002713979614,-23.1722603543653
64.72287109778718,-14.01792904560395
64.81319621694087,-14.31134864837975
64.82566232495543,-23.96390800569397
65.55829197500671,-24.24591725872086
65.93689254123714,-18.84227142114203
65.88467376137933,-18.57946383777856
64.89394846873716,-21.51735354617382
65.4854845182514,-23.4718960530732
65.02625606465952,-13.78199540975051
65.5314545571342,-22.03818214983392
65.24122513929692,-14.17725387980612
65.62217624910986,-20.83016956187884
65.55941239977442,-19.29857429188758
63.67908766746743,-20.46541282808574
63.99488865186066,-20.43968170157101
64.36364710812921,-21.56873919231293
65.29601355945643,-15.89595654635619
64.92663223031322,-13.99783711913896
64.44855665732838,-20.00796199635801
64.48396959229161,-21.13952729715338
65.6506741785033,-15.19069985549572
66.13517098125456,-15.38842047774058
65.9775646797123,-21.50040091479537
65.78343210886764,-19.95985639156033
65.54057724705176,-20.65632947438043
65.0254576136735,-22.11941297401053
65.92195514193843,-22.97790223372347
65.78417841998873,-19.95553933105633
65.00743895551435,-14.97804588655788
65.23742823002888,-14.45160055132921
64.02744232362045,-20.78233994135431
65.68841093091632,-19.6068779306172
65.24227890947303,-14.59037159497296
64.51772267258052,-21.42350452633586
65.00714887454244,-14.45010806712381
65.11866523601365,-19.67331892906493
65.43096576246045,-20.59262610737763
65.74414727301183,-23.14262187517577
64.80051056093713,-13.87942025987117
65.27017885777833,-19.75709069629666
65.29726267644799,-22.30122455831685
65.35687726108965,-21.18952563574375
65.36078884841653,-19.80504001206497
64.91022981282997,-21.1566941274369
64.1879831991571,-19.38334922673367
65.61155617727313,-23.37925609021633
65.70018294479148,-14.98652657081453
65.31839228942232,-15.10898196000742
65.38807449734537,-19.80933787926215
65.61438926508325,-17.06680303671509
64.07758794347343,-20.82598253677861
64.66259630574173,-14.55561284493239
65.45630891036058,-18.16734252074989
65.95956113253598,-21.61262912324916
64.02402046079246,-19.89532879456535
64.90665200217262,-13.97151889129774
65.51336086498034,-19.45294580443099
64.67319193893346,-21.11947163385045
65.52211741376485,-21.85986016115043
65.95189812898654,-18.93985996121738
65.03862537849201,-22.39921315094471
65.9640377884402,-16.55521299953654
65.463432981229,-22.29636788229321
65.00442420181184,-22.75554939464199
65.57259181892165,-20.65421650026061
65.94492422540407,-18.34792197615815
65.33274685104261,-19.08380147179983
64.66361105958549,-21.30207033593399
64.07557992561928,-20.82097697491315
65.24420491465219,-15.89205116443237
64.79327952025896,-13.93588785823109
65.93575120770534,-14.83431910880493
65.36660288764514,-20.60525021753659
63.95508650827868,-21.43835781765554
65.84603941854175,-23.83316402720992
66.01543001009297,-19.14980332521464
65.28892536322886,-20.95658892672483
65.53767737318287,-22.04880669760897
65.27043766105757,-18.99101944325037
65.55211940471027,-16.97166031977913
64.81206812602245,-19.35287180325875
65.89078413629974,-23.85857046026381
65.6431945698366,-23.46816373750269
64.38510851470522,-20.08352321883258
65.6068817086455,-21.75239819240398
65.64729378836078,-16.8251900668571
65.09976342190161,-16.1494554264373
64.44821666714573,-20.008303451003
66.09860344890424,-16.87294157338394
64.10525970265611,-20.17243286480571
64.19870289570272,-19.26284334600079
65.00694480325542,-21.68519505217304
65.01450085930989,-14.60560141870137
65.38193892758629,-19.8061671427808
65.50889653060683,-15.98086723354904
65.51303033773206,-23.43641678634485
64.91069289723146,-23.08864484063866
65.45137000054369,-21.67670891743487
65.45015021282065,-14.3867901600824
64.60840035383839,-22.04789256283648
65.36554956679248,-20.90082306836954
65.52070511056478,-23.41482850496698
66.03991516200574,-18.52224705317252
64.55907062724702,-22.21381243368181
65.28424530750166,-15.89901876013363
65.14846403139792,-22.34676399084003
64.3122784626957,-21.57018539005099
65.74299275824612,-21.35598078753367
65.17999383194004,-15.57479611056888
65.68447013591306,-17.01798754108977
65.02264809719156,-14.92973680611864
65.44337690528963,-14.39004538926053
64.16159092907694,-19.16078206917176
65.74580117881918,-17.59084807783288
65.1500014066907,-15.9279221257368
65.7484523691238,-14.64861750663754
64.81758895921189,-14.64865726502219
64.24730861919573,-21.35538708672224
65.15669282416174,-21.90599214136651
63.98724896147647,-16.88768437414921
66.02676608951994,-18.72582474408836
65.53146277400499,-23.1988684804997
64.20870694784401,-20.76653264102131
64.93204768080523,-14.01084593690493
65.64523229765544,-16.65552377544547
64.83932617469186,-22.93871486298038
64.89188425249472,-13.84439640593471
64.96986050036092,-13.85857949640942
65.94516621171871,-21.48930636626759
65.25149711324956,-15.52593698067677
65.11182496918897,-15.98003567041613
64.21714386721939,-20.26146900320893
65.55077264958207,-24.20573032247304
64.66341261036635,-22.32132362170093
64.8224131402422,-22.49035268785953
65.12382020791844,-13.87518570422736
65.5653039848207,-13.82121892178941
64.19769253811695,-19.28181616243959
65.61386205266717,-14.49491587731077
65.78082644824707,-21.5076375523788
65.30663553255367,-21.20233519034188
65.74446117328861,-23.14328927047806
65.8249439362623,-22.27979357478431
64.82717058766842,-22.03784960464951
63.89229883547883,-20.85756100417775
64.36197934502404,-21.5199365083559
65.55796205678337,-16.008438840537
66.09716717663407,-20.11544482015097
65.9011172407589,-19.32175420909909
64.11332992871685,-21.52171932995148
63.87087920586138,-21.78249549360887
65.91464205304086,-19.90166644260971
63.82600069442776,-22.40767370779652
65.22149075978535,-20.81536863872125
65.89288135306877,-16.38442319042239
64.53094646801611,-21.69611256721223
65.36402534056708,-14.31078729199841
66.06904385345085,-17.33804798742319
66.0061492770544,-19.99127046377672
65.69276976102236,-21.55667199555766
65.52916226317956,-21.30532594506025
65.09279825067743,-16.17022875332215
65.60953716427711,-20.1228213813919
65.95144089126231,-18.45779535604242
64.99341447147833,-13.78574828720987
65.45036992449627,-21.39692462536221
65.38795634052758,-14.35903977192014
65.26349524338275,-14.4497994133991
64.1930071007637,-20.95044972665548
63.8750798433606,-20.90075868951963
65.91072741827965,-21.28813704284407
65.81865608836732,-20.27103776317832
64.5247325540535,-21.85087740262526
65.08525314210537,-16.2044029274359
64.2472411104439,-21.16640029638473
64.76738971591675,-21.49608916235251
64.91855863744011,-13.82806695408032
65.37580978998332,-20.71743235959085
64.64870333093907,-21.96861034793357
64.05107390546709,-19.80579749649662
64.63510640832436,-21.91273483576024
65.49265273768253,-23.3205110081512
66.14960177360624,-18.90250295268192
65.56614140032885,-22.23289697852464
64.50534968707885,-21.2373984313582
65.57552887549842,-21.34376198597207
64.91561110215859,-23.87625982434233
65.59775290044712,-17.77716818074899
65.2543047356405,-16.16333037045615
63.40295521743384,-19.04217980116448
65.36107486120255,-21.81039188182806
64.85487745842588,-14.39863096203396
65.20744463809991,-21.33022768127594
65.73486116851815,-19.14893489204596
65.70163773504001,-16.21463657898196
65.59069304428279,-23.77584146031777
65.52990087435576,-22.27054336493942
65.17387404817177,-22.42095811127728
65.13358669404604,-14.52085600819556
65.4740005090078,-20.9835956259577
65.55302439739019,-21.83205760732671
64.58591322549577,-14.59846281681018
64.50622080943491,-21.23173810369744
65.63751427465789,-16.29407965018614
64.31763633488579,-21.59930102622212
64.50415389319053,-21.24582282843837
65.28451305288283,-22.32098676260103
65.30380507849952,-21.74149627749702
65.16059340496977,-16.20608879365055
64.8526522804055,-23.91046353314868
65.63955073861631,-20.29538983718323
65.3960237723473,-14.6462472562134
65.79852982863132,-22.23270669477217
65.0835478842357,-14.06671526869936
65.80989909348138,-16.34766428236763
64.10053712060272,-20.6441777971892
65.62177286357536,-20.83088130270516
65.53973730031495,-22.41462434555392
65.47474352868744,-15.47762206511139
65.69681423936207,-17.50400229575757
66.12203607689584,-16.93924831931957
66.09831877091938,-15.18055887855248
65.53547935313449,-13.75672927082539
65.89666962572453,-16.38637832356008
64.69409554766553,-19.4996050261347
65.58692653432148,-17.15156990931493
63.96420600172574,-22.46856250860204
65.47547987941539,-22.34379999111039
65.88625339481219,-14.8271841531691
65.91431944978189,-23.83722987754232
65.46333240403288,-15.71531190683319
65.26196792286368,-22.34824501694739
64.13049746102928,-16.05874082478073
63.71205718703283,-19.82830008939039
65.11218276211243,-21.76821037065252
63.84976776356969,-17.90592203910688
64.7721122441644,-23.87843056823814
65.55015192676437,-24.20741683932021
65.36022679431495,-20.22225278423821
65.25106834690374,-22.37072645594388
65.64424605938436,-16.3432061469814
65.89791784192337,-19.29176720282286
66.15553684469448,-17.24288924918826
64.65924666104009,-14.55145580735629
64.71651261107137,-19.46307364373021
65.73862847883254,-23.25295060060036
64.83410153141837,-22.81879892346766
65.34952948102816,-14.42694589730235
65.55603206765292,-23.98205465951929
66.1321730282118,-23.53750736333436
65.33804818572503,-20.18912132961954
64.78389739570262,-23.90283332660187
65.50537845244902,-23.6859666439758
65.24457776085012,-22.40008780857216
65.34304739739414,-20.96910692979199
65.58103732608603,-14.13865083498021
65.46859799287758,-21.28736487034381
65.56597791916113,-19.4744714052704
65.6570081194322,-23.91032135295477
65.65111318788938,-16.37789315961265
65.7656680731518,-23.20252518425846
65.32058119168417,-14.32710477137179
65.66141137362759,-20.65411761555616
63.95150244197556,-19.99513728182529
65.60225198163138,-23.53838444860115
65.78112452405382,-20.01536917048594
64.0232554052426,-16.99168585457448
65.02570705492907,-14.92688528867852
64.24739023684039,-21.35548233289606
65.77318037863678,-23.25361502961553
64.8420373708811,-13.95380977747154
65.67096459875224,-17.32593350209688
64.81188011452542,-19.35300781724478
64.56255989592799,-21.77061692356558
65.22251266358498,-15.22680331300178
65.55314843382722,-16.97921902396737
63.71213600741999,-19.89580686984235
65.36133445962902,-22.05137051109766
64.98651815127141,-14.61753750993151
65.54996006079875,-18.0723697869072
65.74340034706722,-21.99205717032729
65.1266325847059,-19.68865907006871
65.9261725961477,-19.40513863086908
63.93824745378029,-17.35950325297108
64.17681489599366,-15.8791203434026
64.54279540679914,-21.33028535065191
64.94002091924446,-23.37707283293408
65.70127391197816,-22.1071674135118
65.2976670573744,-21.74471507217124
65.71311237381059,-17.47311602330847
65.04501552292533,-21.09669608086161
65.27768937226799,-19.77666622611383
64.60629438057417,-14.41001236530409
65.90326936441399,-23.67558946280351
64.04931488263124,-20.89369518537545
65.45611610489979,-18.17966525268782
65.5708503222006,-17.48556399687577
65.96824311488965,-22.86652713312411
65.51644934236175,-18.12090786037008
65.50015270073807,-23.19640516444011
65.6586035171215,-15.14706012750715
64.36018214444279,-21.8270072065853
65.17140587904629,-22.38930222631627
64.75826251655744,-14.0270990255262
65.97060400529652,-18.97311169424005
65.36739515477038,-16.07138745900598
65.0833047103295,-19.63525167741911
64.1583924867095,-19.47341511647337
64.84107362835992,-21.32312423191252
64.11909972615011,-21.4330089193934
65.48021032535779,-15.46712616432905
64.15094545400093,-22.00194262925813
64.69575081042191,-20.75107839452847
65.32679179669975,-21.74417452356162
65.32000606550791,-19.16493900457067
65.0482440848437,-19.61729472779732
65.30831053880891,-22.24522132884844
64.72399084766839,-14.0110853936101
64.48632522116723,-21.32658672233887
66.03016010649631,-17.35209454058227
65.15792137193354,-22.36833863756748
65.74808101275713,-22.17744039409647
65.75528116672912,-19.26332240277749
65.01421874191433,-16.18845798874316
65.47969438797557,-16.17846486834083
65.54446511611269,-21.83241307124387
63.63246265245159,-18.0011759269426
65.23004605510295,-22.46028102845662
65.28347197631953,-20.69267618947421
65.39574267035258,-16.13758445354947
65.04220592697156,-22.51858709284408
65.78280119900067,-17.42411690814703
64.70901906447703,-21.00971368644109
65.08265833021144,-14.61323758174332
64.97982171738863,-14.61814274218518
64.42682490444561,-14.78855645735288
64.51846855841362,-14.54846323780855
65.89416532840907,-22.85607842014202
65.3153075563335,-22.18145026997275
64.97556896697269,-22.23480408286326
64.4176891915763,-14.84770198358519
64.2164881167952,-19.23514659141563
65.2763337393883,-16.10793210143086
66.05296074220901,-21.5568737881977
65.47339993960153,-19.42054588184515
65.4728274393173,-22.33391592641625
65.28332106924732,-13.7221405664681
65.70383146075615,-17.35934171651694
64.12693987912004,-21.72693792146396
64.2140167992814,-21.25055310672636
64.15151319092529,-20.20950334715614
64.86042458494636,-23.51316141736288
64.60872655956409,-21.81836054108571
65.39065101180903,-15.88357313685261
64.82092816977617,-22.25750212277121
65.29026464081879,-13.83028523224089
64.78400230016062,-22.26680337716201
65.36739496716217,-21.18801294809944
65.02893353972667,-14.96774431949407
65.44238772174224,-20.31759727771962
65.23740793962472,-19.70469523224902
65.5789290223243,-21.78681195310374
65.37626241877813,-15.88578585501904
65.80921131966933,-17.26756012207555
63.83278784755677,-22.45065644204388
64.29281258973704,-21.67431726024034
64.81863852828832,-14.65038689706962
65.73200904734993,-17.44172707427592
65.36467824399118,-13.82280665183633
65.35688215388541,-19.07777497936021
65.04416253796373,-16.1616065534366
65.21656357203759,-21.10486146877802
63.96949341644717,-20.61395096332579
64.91407895176863,-23.08433200746145
65.77322938083763,-16.41207322925742
64.66595672545584,-21.33220697270053
65.43577997531634,-14.59370252792881
65.60119887661165,-16.1381218818462
65.36611577065297,-15.86277680099385
64.52640033376149,-22.20135667508121
65.79902959134299,-17.25305879293655
65.65059186238582,-14.46853742567435
65.23237883036931,-14.07571439146619
65.12869023868001,-21.06159243060779
63.86530071794407,-20.20889848517527
65.83677336738421,-19.35596706992423
65.87731322530506,-16.52400797804546
65.5360008006946,-15.98905065188536
65.18961539498005,-15.56244440557074
64.83093197669156,-21.36932991795329
64.87231239375598,-19.40760308547921
65.49902480619222,-18.62320906802617
65.5016863167666,-20.06169575649552
65.54469452110273,-18.55983718626384
63.96758135848518,-20.37094569503184
64.52512705124786,-21.83847855526567
65.15575141346682,-21.08847216305843
65.24419926231232,-18.23776359975123
65.67043209086232,-20.65909184561741
65.20816967275965,-14.48553626035788
65.16992871848225,-21.70246627482816
66.05751385014214,-20.03338601696158
65.74948129689294,-19.75180177877003
64.84209096489506,-16.45558892575101
64.58411356703205,-21.98038999255758
64.76461266759046,-22.26678612944831
64.82731915728117,-14.65888093042822
65.0770152820774,-21.77340956597664
64.90540447293561,-21.51376696503671
65.89817244412227,-19.42231755299278
65.5914026191476,-20.1406797724355
65.13349469718617,-21.72758354789907
65.47416090490675,-19.84337855945827
65.44749863541783,-15.85717830233287
64.69694393114322,-20.88351574002409
64.16808881717273,-21.04914077421224
63.6367140042899,-20.20158665687136
65.3522055201463,-14.97979639063182
65.70248712549608,-14.40641938149177
65.60695084423163,-23.5642546255491
63.9551576592151,-16.42516822598811
63.76807084997041,-18.13579899782718
65.21768439025035,-21.07061156871488
66.0714625513092,-19.28326263547407
65.49027063996516,-23.21715393847114
65.96369187603969,-19.40722762063315
65.40460541616483,-18.22782319629448
65.51351472827297,-24.49115298411332
65.20323482886724,-22.49463927862694
64.28823267357144,-15.15054830451731
65.56029294463042,-24.01730058560091
63.88686298609009,-17.74265539165091
65.14209362138196,-22.00752032579257
65.52718162348106,-17.48176193522254
64.81073792126337,-23.94595955163097
65.5516718832293,-21.83206865619042
63.85869129811505,-20.84557203306248
64.97780548255001,-22.60733308812111
65.06066354981269,-21.10386206005946
64.46994126067973,-22.15592630765149
65.57399406002126,-16.2065273961369
65.57844811908052,-22.49291053597997
65.36128818750159,-14.52327305619097
65.14795468752848,-21.9834524954931
65.60171445196917,-22.11008091681764
65.67618446278354,-19.60220308207717
64.80557708255019,-14.24571680706003
66.05122787751009,-17.35651896466459
65.11153959525375,-15.98095946082686
63.73984434361456,-20.46883334043924
65.49218943329065,-19.43691489119526
64.20675285690092,-19.11831782211079
65.60369594082933,-15.3068433903831
64.50524032781674,-21.37909167680596
65.34521518739034,-20.78036190328161
64.0167995240747,-16.98415649303751
65.93893029744719,-18.12282715589162
65.01165231807764,-21.94679838541548
64.44437598736035,-21.57173810688405
65.7304142332738,-14.74548621028733
64.76416378387641,-23.86594304341752
65.50140395736557,-19.95815979915337
65.0206573129027,-14.25711080397488
64.53443421785086,-21.34321676424326
66.03354196509596,-14.93376133371379
64.37437540495337,-15.28534535033095
63.85562766182784,-22.67725164060125
65.01851638478342,-14.37198182918959
65.42299955778778,-18.23400709472998
65.25489582520201,-21.76760758088434
65.6962525527369,-18.14817798024758
64.08121120342958,-20.01256887454762
64.25535797223448,-15.60034213717619
65.98205122072056,-22.85751025682129
65.66955204331502,-23.23979455667203
65.288138467806,-19.78586903057929
65.46235958942204,-18.18714850679575
63.97536791014377,-16.98694379955536
64.94430777856373,-19.54948233959734
64.26715702968042,-21.37738143603807
64.92469140299372,-13.68649698553344
66.0335205145097,-20.02188414476952
65.75497407926885,-21.73330337798029
65.90142457527197,-16.58500568256233
65.34057251018578,-18.24423826094202
65.02917273292333,-13.70808671483957
64.05763324413255,-21.76422608606975
63.78564803101988,-20.27820937250128
65.74290310002236,-21.35610878636589
65.16098798727462,-21.05756173172507
65.45521452052033,-15.54868899136146
65.27462584489619,-13.96806718762684
65.24628088601135,-18.23481431596187
64.74730543690166,-23.72858291002421
65.51148984449914,-19.72743579339004
65.68051950616193,-23.57297468861865
65.12628356663339,-15.53836364456775
65.4705154522772,-20.49655380642151
65.77259306476566,-17.18080839512624
63.93030758618355,-17.7069327894196
65.05948125248759,-14.62458277341906
65.50473144342565,-21.97090561929609
65.74677091776378,-19.72460953797705
64.43116365700267,-21.6630261520128
65.18470380945995,-20.77477440436611
65.4572619233052,-21.67794050276662
64.52684965363433,-14.53627534450036
63.89912160991107,-20.80364056351711
64.24151096585587,-20.21844560892171
65.51696232094721,-20.39190056826907
64.80567480613041,-13.86282990415327
64.86648322116503,-23.5642386029895
65.606802025914,-21.40918846916475
65.58859478043827,-22.15042410779434
64.41711878952276,-14.58839988440653
66.01143102337078,-21.51106077416469
65.3414457467132,-20.59462747604191
65.24961210062658,-21.14363683395198
64.59326831872178,-22.15653501897424
64.9095817662087,-23.90409172858024
65.44197554667471,-19.34723180928867
64.86309540171897,-23.53149219424098
63.91857998351218,-20.98818408010395
63.82464358708981,-22.66537585751308
64.52816784773562,-21.81846293502787
65.77572649285538,-21.58058294329315
65.63181458368574,-23.49795400059839
65.85007609389838,-21.28941999703381
65.64896551296479,-16.76052087155374
65.3167795243726,-21.05915072198294
64.06765782033214,-20.63659783189207
65.63134879512536,-20.2265365141732
65.45657110215299,-18.16683287470639
65.16189577454149,-14.25627431722455
64.41953556196573,-14.77868934205164
64.31328297559753,-20.26103182218028
64.66301882773107,-22.32376656665031
63.9145459477775,-20.20541415067597
65.56409446964439,-16.9418618571553
65.99123375307448,-20.38328740591608
65.0927518236098,-14.59611478426392
65.78487120409099,-17.21894465586056
64.82824934416406,-23.23018823326151
65.80095967481219,-14.84062332154602
64.90931548352712,-22.22003079282825
64.71022208035859,-21.34443192359825
64.87456334596351,-19.52187126027993
65.31161907157589,-20.85292382928998
64.24919831029914,-20.20539155396153
65.85067592253421,-22.64844548589599
65.85548196327073,-14.80972795033746
64.84854808689562,-22.68455668560074
64.88996959920009,-14.5631059320792
65.72366514308501,-20.17585442107249
65.49514158162005,-23.45619878012291
65.6531773219345,-20.18383584692693
65.63106467824038,-21.40212401038596
64.95021388421596,-21.05576455213428
65.00450901624849,-16.19790544515491
63.91239800408454,-22.69662198517284
64.177783169861,-15.84257555772529
65.69464209580649,-20.23807432809314
65.43941384082981,-21.46859148624559
63.96669743228314,-17.15856850137177
64.90782114247615,-21.17299781037137
65.6194130267795,-22.0552372681501
63.95468163833738,-16.85439034767142
65.6893551622528,-17.51252432567171
64.96213208434975,-14.17589104996213
65.66856965292354,-14.8916405300934
64.15799896094634,-21.67783833339855
65.19988823863439,-14.54759241490086
64.83798578930609,-22.56846719816398
64.68046695236083,-21.9533110354277
64.131612299186,-16.04378193061222
64.2858483983962,-15.06059865704926
64.84648027540337,-22.41578633242717
65.59107194012408,-15.32268212598427
65.59474324815679,-14.51651620951671
65.03296906800124,-14.09472704640967
64.69733004184835,-20.9064131184502
65.98125136849563,-20.38253879447926
65.6362840645921,-14.96968518740858
64.52870924107708,-21.65772800911078
64.66942583330643,-21.14723771551093
65.6681548970617,-14.89236244292591
65.82107828117455,-14.84154924432803
64.16754005942697,-19.45628715282883
64.98721728664113,-22.78999554066709
65.96352792488038,-19.94954326063258
64.69967822115022,-19.49268868478654
64.74806813796482,-20.85360328638233
64.94836970243264,-23.48570232000643
65.54849381427863,-19.40063767449478
66.29377709093066,-15.94067128927814
63.88417250161056,-21.25022871496202
66.05261709189621,-18.52592323800176
65.16332481054857,-16.20878093114147
64.82585835110699,-21.48046014621788
64.65902015907957,-14.41202181841417
64.84435246070355,-19.37432912771509
65.23099577223496,-13.64492754413347
65.66276786143449,-18.49741014073429
65.03825454710804,-22.42053658917462
63.72356163558616,-18.23222140604409
65.47440909403592,-23.55828059203013
64.94322948569014,-19.54550624886778
66.05416992706407,-20.02665331931508
65.42344083881301,-21.7525170079812
65.12801329534076,-22.07766875788428
65.74773107493965,-22.10412857338727
64.11078157931004,-20.67029022648398
65.22085971359458,-15.22974099217007
64.46546206693971,-21.96378000141067
64.38095019773367,-14.9330145763434
65.94332074413846,-21.59782616561264
65.41848612609041,-17.28327163410795
65.86480221163576,-22.30473599284911
65.64233863989358,-16.90149394009339
65.65987057815975,-18.50304253568415
65.76808079185672,-19.30842116201197
65.36491202433228,-13.89813712452061
65.63722710480054,-16.29032708495526
65.29972103544492,-21.20060491303779
64.17455569228675,-15.89238915148037
64.91870694168594,-16.36762004994418
64.8185438953226,-23.17170325113079
65.16511174345966,-14.20200693531512
63.53386548380107,-18.46430118761447
65.0862434615624,-14.76771226752736
66.33477095476226,-15.98097684892666
65.72371909883421,-17.07317558762908
64.87315377079406,-19.49312889182168
64.71233864542855,-22.14949709985594
64.16017714609052,-20.38794372676277
65.10227064699976,-16.12891985506852
65.48030107803893,-18.15019573256533
65.46120628678752,-22.28822296790261
65.96278987386499,-23.07976226351024
65.42116668374685,-20.30325838845823
64.56907388294017,-21.55412926142109
64.99737931761855,-14.46962700210922
65.75292286364247,-17.91292935337744
65.64134748811439,-20.6434497327662
66.07810491364503,-20.34533204249627
64.39899954852069,-21.89312533775637
64.89830151390987,-16.39086520689204
64.74063993008362,-14.3528083756092
65.49360590488524,-23.64952776439571
64.01031695882673,-22.31746137577362
65.18967629555695,-21.46560750533088
64.00353617017034,-20.12370855377331
65.51998799158278,-19.62970092107525
66.42284731925803,-16.48266641135998
64.02054530393801,-22.1369941870007
64.01435796138716,-16.37145467285691
65.32942696591876,-15.07975068018902
64.00810627958406,-20.59811596189893
64.96268283110234,-22.2371235946245
65.6451051817942,-15.21142138129922
65.38230441857328,-20.64424632924245
65.19242656320388,-15.5601355799387
64.41750598557026,-14.59000371969811
65.78178104143585,-20.01149643730185
64.98012116941763,-16.31360978815897
65.96743395430724,-20.38615272801846
65.52914710536253,-15.43125437377686
65.51077240061603,-23.19294065800204
65.93457217412833,-18.84617998594033
65.50765528199528,-22.45194071038757
63.79380460192051,-20.80680998209227
64.15578815458693,-20.36217559212125
64.83504517775408,-22.5556426420576
64.83004142296998,-23.4797899095068
64.43843214067329,-21.98513537094281
66.14114494147854,-15.41275151597952
65.29026031104992,-14.51696074701292
64.11519343583232,-21.49949473647613
65.91088041113372,-16.58509920538758
65.64374064317188,-18.4570970844754
64.17940722723687,-15.77667901576539
65.58218696770794,-21.77998418476462
65.70923741912428,-17.68231675928334
65.92128862902189,-23.57412977200309
65.19978486166114,-14.34098833368605
64.06959284916306,-21.66288979230745
65.38168518477869,-14.3080520752599
65.46476570317634,-22.1653281074091
65.55913252930725,-24.17198897636655
65.13609508654662,-13.75589040557195
63.46149810292406,-19.22820472351716
65.62974521090212,-23.30145423267902
64.88895411361229,-23.70070874162453
64.95296470774147,-21.05724714886806
64.32591518161784,-22.07785700492391
64.47787570431615,-21.30289017579083
65.32965714522926,-20.90206796858212
64.90445416167024,-21.18262761642842
64.9024638832251,-16.41084145934314
65.14334062685487,-15.94548197565281
63.60405002135094,-20.28887896349401
65.00500208077521,-23.17736636155363
65.46404312422747,-15.75749564953229
64.5685192364579,-21.73939768418926
64.13719233368487,-19.61129112548083
65.63837646163118,-21.54815059073646
63.88064504776838,-20.79665108287518
64.84484108488549,-13.78593992687034
65.77954801145769,-16.43831058953562
65.92198454892515,-17.30241432696513
65.12971344170003,-15.41333168897008
66.18706285455417,-15.32857696200447
64.8207819416738,-14.35403752440808
65.14037233860896,-16.23088205245606
64.8165230463188,-23.95673409915541
65.65281810973237,-17.2764790343086
65.56303547507699,-14.30959352384654
66.00871273177482,-17.36329173787484
63.96923103838005,-17.13728029299948
65.07124544747842,-21.7740865004234
65.21257297706202,-19.73531498251377
65.07226615710061,-14.00481388027859
65.52670941813608,-20.96399522769957
64.47577021164834,-21.51429454527047
65.03012322886049,-19.61521062415766
64.75433867581815,-23.70277966165822
64.93715556432079,-21.54726122316838
65.17719757675545,-15.91062837518199
64.65724732047293,-21.24552359156873
65.55074229226362,-13.96987348254042
65.94512157637962,-21.56056090097777
63.80798292386879,-18.58089864302486
65.86741240558199,-23.32983377259949
64.71428504076431,-14.32371618597207
64.4505831449271,-20.00463754015516
63.43529755513805,-20.30025809215138
65.46646157826008,-14.28212596112962
65.06348713148226,-13.69272578215916
64.19740072202458,-19.04497854424816
65.6727810599237,-20.69371440377827
65.31055637381121,-19.16198649909627
64.2599145559483,-21.13635214445502
65.01834678016337,-22.75571849010328
63.87861374395602,-17.76576318429348
65.36776566127746,-13.8464918583513
65.15183307632412,-21.95277032822207
63.89523739368791,-16.61316774033918
63.92541105448602,-16.48600089052096
64.197373061558,-21.49800060093813
65.35100479668266,-20.17681749637553
65.98338969260331,-18.8040260219624
65.30591126469983,-15.60819844161701
65.1077185723473,-16.01636971850603
65.48703594920028,-23.23105533365477
63.8530186545506,-21.42312054370753
66.04447128788108,-22.69463749113495
64.53680149125832,-21.52543342845679
65.59102085729894,-17.77283756521696
65.26817222168775,-14.26412316402286
63.88127229758044,-16.63620480488118
64.75013995963637,-23.82655098590557
65.03415011479997,-22.54953059396863
66.13978879210286,-17.23721056139144
65.29120711535728,-15.47291190363803
66.06830616347074,-20.37929604310259
65.99910713237638,-19.39912411184972
65.36033091563102,-16.06928159848901
65.45786553967186,-21.67927681236759
63.77588206360605,-18.51624144011939
65.66716245849297,-14.4301514829364
65.69280753232029,-22.48411132632027
64.10440337064702,-20.41422594118933
65.56138333437832,-23.18286195851062
65.19289205444804,-21.82937974171669
66.06571634902068,-15.08521234608201
65.01712541783273,-21.99778787603675
65.56671978078643,-19.44486123263902
64.90820278166922,-19.49254368884834
64.44992688579886,-21.09036181503636
63.76120963562122,-17.94187030413853
65.57921379646358,-18.54218771714347
65.53776568642742,-18.57117114549709
64.64181474154427,-21.59171202448151
65.50715459014779,-22.1123557853087
65.67065672384312,-19.44495361027806
65.44349132255785,-20.96990821682851
64.123597109472,-21.15488278401408
65.83584785678111,-17.88212864342768
66.16576321348107,-23.33927500213193
64.43771968228553,-21.98654620525344
65.75863261539826,-16.3321489192895
65.50620802506518,-15.45876917904051
65.12497258067299,-22.20048685313534
65.69618767589228,-19.61054062770557
65.008060825918,-16.2584964862083
65.30391575700052,-16.08693731507288
65.55091265725314,-19.45732516537308
65.50096385260144,-15.97462145900839
65.27020215505941,-14.35104772524353
64.78477390939466,-22.26678253673182
65.12548720028003,-14.69076723266621
65.45844427265732,-13.83926496156673
64.74725085137881,-20.85841030376526
65.93258152565684,-17.44932352715812
65.22313977109067,-14.46843965624142
65.23419967379891,-19.70692387994829
65.33718017663838,-21.74667977671866
65.54402044986657,-24.29034716853125
64.85781397478472,-14.24420395016121
65.21264819498695,-15.23860599757118
65.31431255347228,-14.33702326417486
63.99524746216434,-21.11821536468481
64.05214950402348,-16.15824119527457
65.52009947047975,-23.41859629968894
65.34150217769572,-20.59443206172667
64.90750104140601,-21.17570952692411
64.77367239652482,-14.42038242823355
65.64175341545503,-20.16484881543807
64.74629345731438,-20.84217247401316
64.5305268100475,-22.20603465991868
65.54736326274715,-20.04449862822232
65.6099811601773,-19.57828378306872
65.01593970089034,-14.42888379829337
65.14050959144885,-21.59331401850213
64.4951162449828,-19.92613314072395
65.48938950296588,-20.42494443529563
65.97441253029687,-18.97621884198614
64.37613057890562,-14.92441586910384
65.51454537200034,-14.51193881053678
64.08348624187958,-19.75537241927647
64.12188737811336,-19.7739892663142
64.23447125762331,-20.33646020274591
66.20068296925253,-17.06719642485232
65.24134105818139,-15.52616697897624
65.56728444989832,-21.43022678446293
65.74926862329912,-18.28897049186263
64.52466890417877,-14.52847842526609
66.09782869027579,-23.03271796144086
63.96032284309209,-21.12278752251431
65.36497021943568,-13.81702061755463
65.37727997264393,-14.70295696355187
66.02455908961733,-20.3954337291106
65.28202599976285,-14.00517021379218
65.45918748653399,-19.40393112985907
65.52997059335313,-24.45317731384711
64.56665729563673,-22.00115600742553
65.7585113005425,-20.09779462693104
65.36096484851105,-21.19005820501059
65.11814942144922,-15.4466985129194
66.03812805185464,-19.03405422532246
63.80944502918855,-18.58207698347679
65.51802677137245,-15.98345672995379
65.58456316085561,-23.96741133707743
64.761230896612,-23.68381983031558
65.39258772718641,-13.73826977706561
64.81934778399872,-14.14956160229159
65.4140267079281,-20.29896817895595
64.3487162716984,-15.24845782343861
63.95182768172106,-19.99026170406876
65.97917608065798,-18.80570865682001
65.52770472153102,-14.16042942850399
65.87954588700988,-22.30183584465815
65.77801329700932,-22.21427492576571
65.50261723449434,-20.052289307849
65.8744307312067,-23.59730843439834
65.74033801729104,-19.5983975270641
65.81686090780545,-16.3535855404616
63.99517938517076,-21.1146625478528
64.48282435387675,-22.12555778093724
63.44362272095525,-20.25742465493277
64.64502384718523,-22.06468209395473
65.33713902693525,-15.79675243020963
65.64765804637004,-16.62670283520416
65.75670064017923,-17.58449271731793
65.25661943387401,-14.58013784526845
64.99862522482557,-16.19802434440887
65.43053886786267,-15.47409559941239
65.65928406933995,-18.20608576551703
63.83159121483949,-22.71290890512295
64.92477956783468,-23.81922971645053
64.4768066197659,-21.9595330959359
65.57917318655443,-22.28947110205396
65.59652836735836,-17.50219122458408
64.53302860356658,-21.77617703359152
65.2667128764576,-21.16450552423224
65.06064396853905,-21.41004907249072
65.77511092837767,-17.57999199054278
66.07313726139763,-19.2414044236501
65.54375393535284,-23.88164338047664
63.98974650779304,-22.29470071554396
65.37861267654478,-21.99370517390828
65.9416727663176,-16.4179306721057
65.02547228346955,-22.17429883188501
65.38104606998519,-21.9072676949394
66.07850287910917,-16.43033719146671
65.3543079444318,-20.17908533037295
64.9664524670087,-21.54714721113714
65.3036644453403,-15.39966581526052
65.37873202134566,-14.75468443966441
64.81382164864087,-23.95173038264459
64.96989461606839,-22.95076476142156
65.56573850705716,-22.89978587748509
64.30905766026075,-20.99865252424465
65.05769715974382,-21.72966634864522
64.32601623140198,-22.07751571532455
65.11065909553042,-15.98530550815543
65.78168654120971,-19.67026442224806
64.17417795570609,-21.23134485743108
65.59235847166629,-20.08212194329262
65.43562710200763,-19.0441879647067
65.76196078645958,-14.81877173141067
65.45093981125153,-21.67765633127548
65.34511383462204,-15.76598099205433
65.74634692054448,-20.13727513930555
65.34144686771897,-20.96223460674605
65.04195846070303,-19.61838874052664
65.28347350328248,-15.18369181095188
64.67660471024485,-21.95655450237256
64.59969493650736,-21.75373599051443
64.8448283166829,-23.37319628572066
65.56099557630704,-21.30428674136101
65.35582122804485,-15.39800533971305
65.39264829048635,-17.26985896551808
65.32495309689993,-14.32294752788267
64.80661577819109,-23.10474302568744
65.07961099407183,-22.7236203087719
64.26515544569564,-21.37589762372671
65.42710557626962,-21.74289819870643
65.78329142083695,-19.963137542909
65.21264996344068,-15.89892531835446
65.34655985159002,-16.06254475886507
65.99373135996602,-22.84182160942133
65.60969261820398,-23.395322613153
65.47574324276896,-20.9846149200004
65.4974792224666,-23.65517608921342
65.17279226418583,-14.67484072702281
65.54916603008343,-20.15872329749123
65.07857022298084,-13.85885485561024
66.0783783236351,-18.63051495614031
65.66050941292426,-16.53845926499102
66.08215063451064,-23.36979914330845
65.88345341463328,-16.38460070464309
65.82689123216701,-22.66141137184803
65.17783324202694,-14.47772823246643
64.95528355181648,-21.54947721942911
65.72986909490655,-14.48526216286434
64.58351946897503,-21.71526287265213
65.93661554891594,-17.44480301064509
65.47049944024084,-23.59473151209173
65.97277861469435,-23.07683033202402
64.0478276896077,-20.15057263717132
65.64905027884257,-16.7290298277231
64.24999168568617,-15.64697755790011
65.86465787271565,-23.84693525350755
64.31312771459221,-22.07911228296773
64.72108988008526,-14.02634081460942
65.21392097380824,-15.23723557981383
64.509477523348,-21.2852358579207
65.42849624495665,-19.06717948515682
64.94086118604503,-13.77848072076971
65.85291029186159,-19.37517846710349
64.41780519202779,-14.73213486780886
65.56232536987459,-16.94360128782668
65.7416869287525,-21.7086684130191
64.84268125191637,-16.45403108980292
65.47082643644195,-17.43511474313812
64.9707579645524,-22.56688236268443
65.23903583899957,-14.16749470824572
63.94057595862839,-17.26069664146355
65.70461239009127,-17.04351320575199
65.77940564823386,-16.43803917572201
65.86406099517542,-19.29037549613557
65.82654345450241,-19.6874839798489
65.41883764799178,-19.28123660409454
65.6617980386722,-22.59659906096022
64.88331167944513,-19.51437198549452
64.81244159255054,-19.35279362218171
65.85983049266056,-17.89939469709939
64.2165728226252,-19.23751807170055
65.1092821260037,-21.09789450933284
64.3484685386559,-20.13133532067407
64.96205392127705,-14.6314451760977
65.01710815368183,-21.99721877923646
64.39129460407884,-20.97397488085532
65.14026203477343,-14.33827497119729
65.86930848528874,-21.32128290239331
65.56125678003681,-24.0324822674994
65.6683695143621,-20.65755299009684
65.49187319131751,-13.8441709529656
65.11757672048385,-16.2325200375718
65.50914178034886,-18.6085526189796
65.37805039699234,-22.01036901289376
65.50598911164235,-19.98111861937057
65.61212680597262,-14.49821465850219
65.35965473120633,-22.05649727264247
64.45814205419887,-21.96143097500734
65.65573700546386,-16.58739239773925
65.68979602264115,-14.8646140823447
64.00445898742629,-22.36287597064416
65.94808328253657,-19.92694567878226
66.08099638347369,-18.71280683838147
64.48359575651406,-21.1378851867154
65.29348099922065,-22.30790264657313
65.30623585273209,-19.78754188563938
64.38869310850883,-21.39671164510798
64.6719804371605,-14.33323524503277
65.74441402231622,-22.07514628776988
64.0559377293917,-21.05942690362225
65.92077327053639,-23.55929201031715
64.7925577482899,-19.35979903596274
64.0326898264065,-21.83300454491581
63.60236163106391,-20.20136033776323
65.37311180040604,-20.7215931283043
64.28275307755086,-15.0394527483585
65.50201918134093,-14.57398450169185
63.9539696488827,-22.58057790850173
66.11425318886788,-20.18378501788181
66.07569980844467,-23.34321355700028
63.97466348253734,-17.04154547719554
65.68002623941837,-22.03774849016168
63.64280799344213,-20.27836896332645
64.58820507563769,-21.58338089134308
65.4595755321776,-21.36472231120356
65.54844420378413,-20.16069622665432
66.14134944914163,-15.41328373032662
65.26252661752277,-16.13246402244605
64.42368598718731,-14.81520359920583
63.95742919247534,-17.53220597634757
64.93294144968881,-21.54686601424671
65.67005085756956,-22.51489465287687
64.78616788249434,-14.18150246897402
65.21582720743356,-19.73251059416764
64.69658592136061,-20.87806335688495
65.53421731662856,-21.84400615239728
64.70264862515342,-21.12531929857445
65.67587953464728,-23.61510073348194
63.728187917581,-19.99716431943206
64.1518981329051,-21.03172794083982
64.30999860034152,-15.24574780880565
66.17208966105545,-17.2014243121538
64.91140155368358,-22.8666296257249
65.70668787944345,-21.69446363784441
64.92447517162013,-14.05328596336297
65.90519456076927,-23.50854067846192
65.56699078975201,-22.8954575315317
64.26826142382848,-21.10597267810081
65.9307383914613,-16.57994192619073
66.2162199264564,-15.71396790269296
66.08005892275894,-16.42987226792318
65.50553485196716,-14.38132499775621
64.14267326205324,-21.80657359631312
65.45044516565342,-16.1926681403377
65.87060848817093,-16.37845262008852
65.55614539124554,-23.19404961169826
65.34887137923253,-21.04323011126165
65.6684206069164,-22.02747001442905
65.24445582933205,-21.08966317535074
65.70415153875565,-21.59057298997718
64.91087087040766,-23.10471078422028
64.96834004682722,-21.54878314194664
65.1325478483671,-22.05577548022303
65.20751292377287,-21.81666406170863
65.00867590183685,-21.92610131866894
64.87375837604841,-23.58553368723166
65.39427384865539,-16.13259340472595
64.09739791743958,-22.02775710053347
64.18717258718833,-20.39680844738838
65.61553591147094,-15.09810077913136
65.30089888914293,-16.08695069559464
65.44609712205029,-20.57558338867775
65.08406796168076,-14.78770111258381
65.58331334040285,-21.45341289944427
66.23817726030441,-15.74698744851801
65.64868970453861,-16.7632669530308
65.78302120637254,-19.77815170971149
64.98760412138381,-13.89709347324643
65.8710788762461,-23.4141402191125
64.0344358399004,-16.29036989122959
64.7516335482649,-23.71257786827704
65.25775426206394,-16.15610634884746
65.37323228778695,-15.42290231893416
63.86426847561452,-20.91675476788584
65.50208506303925,-15.97542235947883
64.32608817620091,-22.07709936940625
65.88376583164529,-18.07655121450393
65.02803826771554,-21.08609849715263
65.02447671158782,-22.17879612311748
64.79664737570559,-14.51546592698833
65.39052671984143,-14.69001573563956
65.41160944133672,-20.94474193041056
64.59712118433188,-21.65281436222527
64.51658625714067,-22.09817469897396
65.46685669498358,-19.34676779711303
65.85845142456184,-19.87312612312784
65.31434357405334,-15.33688599886596
65.39739566713897,-17.27065401363693
65.76044521113707,-21.40624763677005
65.01602457642561,-14.04639308284155
65.66035165597049,-16.53315726582402
64.07167782707658,-21.93142326120717
64.44532680085288,-21.07996102364653
65.29835767036681,-20.68873255833226
65.2156048501189,-14.45344244040386
64.03911158772549,-20.96556926036402
64.4184271186035,-14.77152944690382
64.3675400783834,-15.27126102191048
64.60352218296642,-22.1825701465253
65.70155981677796,-22.48533162659751
65.44694583385191,-15.85999000660153
65.56954771971841,-24.13146928954991
64.02774871747822,-22.10094009522903
64.10388767791636,-20.17238589227744
66.0366422729933,-15.10128238640832
65.45538588305332,-15.80828554284561
66.0062500834344,-20.39311234229166
65.24125988364058,-20.81567431968769
66.10167479937954,-16.89416514557021
64.05457438703856,-20.47808949192772
64.92472903920788,-23.81944936472477
65.49804145107794,-14.47153313122283
65.06155375453392,-14.58745610242081
64.87763977746553,-23.95419525356419
65.49886194429689,-16.18668109931178
63.84738697225644,-20.1717230681544
66.01302894032848,-21.38463472803616
65.50836942240836,-19.29409183495487
65.47060383715797,-14.56009291277923
65.47803451753009,-19.25353949276404
65.10802826179417,-21.70032273314899
65.03052650273354,-14.66285136813466
65.57149124182293,-18.05288250364002
63.83247571279058,-21.62276967690287
65.55893526392117,-18.06678952124116
63.97186836266114,-22.74824273596078
63.93673883125027,-22.64050816116682
65.33816652542322,-22.10926657659748
65.61971783855765,-19.51069281688998
65.29570847953535,-15.89640652739016
64.07768102961298,-20.75648299394397
65.14778396216789,-15.77127333628542
65.12256086475273,-22.15392286774785
65.33907915841823,-15.3864693284226
65.76074631940838,-19.21498080922994
65.55213943344906,-15.38618103547781
64.83390175857937,-22.82101292600602
65.54429006356352,-21.29474867117446
66.20148231744824,-17.04600260051368
65.94355484398433,-21.59842135362107
64.1266099112218,-21.77882063471975
65.67201199074061,-18.11391517550704
65.20646070307797,-14.60230949126075
65.16085486532701,-16.20620649542311
65.87684591370387,-22.59105583931118
65.54964449477623,-21.3001822988253
65.94419312036128,-18.13820614183116
65.03560414041938,-16.16586688029449
65.11498941457863,-14.78860086290711
65.74214353653029,-17.87299890961257
63.85053700813445,-20.18399766134868
65.56900250651134,-13.84173443153188
64.4352217965198,-14.64970528050931
65.54832500322163,-23.06740263735768
64.54555490853127,-21.3431891410888
66.04597554668744,-22.70894373018137
64.79655829367486,-23.92100847807578
65.58601861387898,-18.04333494670608
65.43880005863876,-20.9638385481118
65.1583101711145,-21.05798203409504
65.91252797049967,-18.07225189034371
65.32610950376377,-20.18925413043589
64.72798209611595,-19.43636315385633
65.69696193268048,-16.28684823880563
65.56215429975619,-16.19266783392917
66.03232911434915,-15.0233935191051
65.13506919383653,-14.74805192783052
65.79359009786774,-19.27122029351082
63.96781010130523,-20.77225801136808
65.65994463131808,-22.03051208905335
64.822170977445,-23.96409945587284
65.27948098334542,-13.92163900346536
65.97166743006557,-20.38024537645762
65.20169100893443,-21.71493930207646
65.43102194150153,-19.13335457929857
65.49403043073589,-22.12593145273769
65.88520360686354,-20.30853685181957
63.93741634723448,-21.98922312736441
64.9297671336294,-19.51128028624831
64.93054216650401,-13.70383141262025
65.49205738096799,-18.13417084729372
64.73216806642351,-21.59441405552533
65.33026957926296,-20.19648394643862
63.94933168895293,-17.41721774239689
64.0910781948307,-20.99283250265218
63.83804130737687,-20.64058194879406
65.3939198313782,-20.27407663719444
65.22566234235603,-19.71999606780929
63.74983412649656,-18.15145836760133
65.28038591170929,-15.89844986485501
65.20539980609573,-13.85329091031558
65.01467448806685,-22.5660749364202
65.87606629642328,-19.84651444721412
65.41804077565249,-16.19923878943158
65.17461942856441,-21.85133920584789
65.4496596603692,-17.38687371575547
65.43326574577146,-18.20485598165876
65.74301020577472,-21.98484552229153
64.32372806299067,-21.61929334015909
65.64706010479243,-16.99871257508991
64.18896595788293,-19.37518972296275
64.86464772196038,-23.90751077772814
65.5506681065125,-17.47719943518752
64.96407491913517,-16.32757059743993
65.78994211283151,-19.67632141348767
65.87634437208706,-17.95440701087609
64.94758923294278,-21.05671998849071
65.85888835879082,-19.26348532797187
65.12951809382153,-13.92635761959853
64.19351520817497,-19.32107248238533
65.71323219482277,-22.13799597511158
65.32897947851457,-18.25450042067011
65.14929350100282,-21.5750129147703
65.33536936245463,-20.67440185518957
65.2170892687521,-14.35096647380457
65.70590692483788,-17.48241664842589
64.91166289628967,-21.52358861091115
65.39568842678582,-16.15821590376154
65.5835485407709,-18.04426234712069
65.35877685968143,-15.40051111296928
64.65713568941875,-21.2545061786107
64.5448889837324,-14.64431112273483
65.62979574793947,-20.64389564616005
64.80790456387834,-23.00822828189877
65.97601758512495,-22.59733518718658
65.01267383576715,-14.03484167587022
64.23987897344232,-20.69438405648046
64.6966174712554,-20.87663031618634
64.82400815293758,-23.44222805501348
65.13334048641771,-16.2236767628548
64.92331407441098,-23.29678216679233
64.99963577789168,-13.7971848412959
63.98897247094781,-16.39430500816056
65.00537131465762,-23.17272967866624
65.40224474949784,-17.27193209471281
64.1208149007443,-20.48963530950641
65.44197806253005,-19.34744488255883
65.54748759826148,-20.94178124844002
65.43496806786402,-20.28177828174774
63.80994791059663,-20.89309256534301
64.81406968115519,-14.62154067646729
66.19816471266964,-17.1343929693269
65.19138150587003,-21.05902466254593
65.02618579844278,-13.75235836436382
63.97030991953588,-21.954479117416
64.36725881935148,-20.10244274325434
65.16178326754729,-15.84337965852769
65.56034505183568,-21.48640955146044
64.8547033897522,-21.21756593240788
65.61463692079217,-22.94358359918051
64.68595529378004,-21.60115686442989
65.96319857356927,-17.42360091400159
65.1312253123795,-15.54914768553064
65.63180300856278,-22.76864754971628
64.12260752817363,-21.35532166288414
64.95334508981311,-16.33212693369358
65.96271768687514,-23.07589889645674
65.26810704982147,-18.99059228097634
65.46442686225559,-15.74370001823358
64.90358051282684,-13.93625418917438
65.49213645184444,-20.98326514033931
65.08904275721258,-14.83280460374632
65.54896778973529,-20.65719404270693
65.88239039263564,-18.26652430804092
65.32302637376611,-22.14198728940505
65.94419997590343,-22.78470153952028
64.84121279170336,-19.37560174539992
65.63807582457915,-21.47028625580643
64.95866950023232,-22.23737844656221
64.96621549188285,-23.12759186681597
65.84326187925798,-16.47706552116842
65.44140479515792,-15.48912437422663
65.3912086586122,-17.38992213527408
65.5132954045824,-18.60460459791657
65.51866505989604,-19.67164522716749
65.61303308987544,-19.35409527126297
65.70488219596379,-18.1226495733702
63.84895185471662,-21.47131292973533
65.80923408975553,-23.43217591767669
65.98739197878128,-14.85163937522926
63.83023612353463,-22.68345631785306
65.30449854457291,-21.20172489249968
65.92270624957362,-14.83480385542765
65.60534865699739,-20.31130966889096
64.35704709635823,-21.48379194808505
65.54286255176308,-24.30969976190102
65.37664175411342,-14.70583149378857
64.83258366813247,-22.86218143837223
65.14601424107175,-21.72570335843438
65.87385019070746,-19.74207516282488
65.00453755669514,-23.18628098255074
66.14378697478206,-18.92022461795305
65.48428067906626,-22.39167447120502
64.88936624215873,-23.64646240271136
65.66023692585935,-18.21196913920688
65.95945286382592,-21.61264295485904
65.56123118208409,-16.19147311177982
65.34102541731181,-14.91733097015894
65.60789156446398,-17.80123019822375
65.32952680625495,-15.07949270974928
65.3308750296543,-19.16444313150923
66.0857665876887,-19.05649555622905
65.21241225283843,-15.89899033613627
64.20280416301172,-21.46568541154752
64.75385771902236,-19.38998143726296
65.37563569062347,-20.91460211324248
65.4776050898981,-23.52284783791323
64.05223367189812,-21.56850703210821
65.20785363770685,-21.2918529561213
64.94850081104823,-23.48494343928486
65.62546744569195,-20.82640576927228
65.06307825892125,-13.91863552089293
65.56240013310043,-21.31248257253038
65.69212532028475,-21.53134426648066
64.15961347683348,-19.46890773063169
65.24545180182217,-19.71370358951198
64.71045628244967,-21.14958524837401
65.51517068860063,-19.58954522957577
65.14087711626813,-22.01421104425576
65.50774414961796,-23.35898050403669
65.65156683544093,-22.57752836044006
66.0755642852849,-16.7249121654118
65.97004110624555,-14.85466110983753
64.16463903262766,-15.92006306882127
66.02812296971643,-19.15602415321325
65.65279735250283,-21.64666604423415
65.40491959802324,-18.22770703703195
64.06339184082022,-20.37277135978559
63.97243122805807,-20.42475459248658
66.1576447978436,-23.29040810788489
65.76086363877808,-18.26075554719243
65.06347302843936,-16.20612234592592
64.83321066176785,-22.92115642830118
64.80186439811875,-14.54144841129085
65.85502518924302,-22.46063657461033
63.89785969099828,-22.044752863215
64.15011272769475,-15.95545347004093
64.91343416983456,-23.89478387248549
64.83704617730143,-22.96376474384578
65.45748022052996,-19.23742179473838
66.04542467044547,-20.40031952603949
65.72168900316795,-22.461020194837
64.00091373190807,-22.23640925809437
64.40553001100261,-14.54213448191542
65.3208921543793,-15.10011243885099
65.12436532352488,-22.10760442936665
63.9744959248399,-17.05588521624417
64.29162913611215,-15.11944537365446
65.3601308150675,-13.86821092074807
65.30104791572455,-20.68857651796167
65.7453301267736,-21.93171035620951
65.9219537337094,-18.08819441022985
64.03119041129949,-16.9514945295542
64.44301956071345,-20.01098839921874
65.77877910455277,-19.76577850931636
65.21188363215923,-14.60539462779083
64.80699067056767,-23.03136604400321
64.30756967647983,-21.00143458539169
65.48171080215778,-15.46565916885077
64.3141985813548,-20.30395100357441
63.85243500170513,-21.36913258933157
65.14779169185528,-13.68956979929147
64.74516333923272,-14.01034663356337
64.80963930812264,-21.40399645607174
65.57192317511704,-17.08377377046993
65.91298150074388,-22.96974374231986
63.62096800091341,-20.02672526565563
65.5704338902391,-16.04281187875437
65.92209134582765,-19.9157271010104
66.01100325631121,-22.62297965305494
65.37645589739344,-17.26802861661052
65.12518187782203,-22.09990395749834
64.01351770336244,-21.63862465629572
64.82404795206908,-23.44409916520609
65.50314851994553,-24.52714145431754
63.72591879037235,-20.48629990494926
65.51237881266351,-20.00971619374889
64.87484625484814,-19.51642002116168
64.45673866933113,-19.99115758505548
65.37000390542401,-16.07538660884994
65.42595433951423,-22.21087460443757
65.57724033679227,-14.02471884726407
65.01099247744712,-21.85887597783441
63.90271208554049,-16.59464346468607
65.20472198767848,-22.49629771760042
64.94652751746095,-23.42085256790613
65.03787784939632,-21.69047056078443
65.49867061035918,-20.69229882904071
65.43782279009608,-20.3133103370888
65.43934974594718,-13.7809480723306
65.87357586247168,-14.81993532695685
65.41743651988392,-20.61797266258713
64.82796892627914,-23.22902188562316
64.26106767253063,-15.54733349746934
65.47666750176734,-23.63917993690718
65.72179388991448,-22.46098494677836
65.45156149212268,-18.20290261053691
65.26814234820337,-19.75353022305948
65.67219759152157,-22.02887985664002
65.45872655658891,-21.27110181536381
65.95862646082146,-14.84878591653609
63.8468441831897,-21.3727939166065
65.35193022090917,-20.59531727600569
65.82455793885009,-17.28014673969741
65.35449937254715,-14.33763678489471
65.64523827239108,-17.84488154436455
64.95981165220506,-14.17163156943926
64.71132028061919,-21.18623705143679
65.37998308083424,-14.74352653609509
64.61651714824086,-21.50402524326643
66.20139194828569,-17.03988816102794
65.03583736611924,-16.33237045226015
65.5602612769834,-22.31784071423246
65.49591640703261,-18.13172025345031
65.5494733731939,-20.94144392807363
65.45606403997121,-15.57596288248499
64.23702155202147,-15.6821885731689
64.36587862874285,-21.41597448582743
65.3309553706829,-15.68282489250666
63.54086656839135,-18.45536723009885
65.45624375429838,-21.6773064270607
64.46130479489892,-14.51018983857223
65.45311111159712,-15.83268160956938
65.44079767632795,-21.4807850821986
65.52544175681578,-23.91383122737072
64.6520293263434,-14.52596307172515
65.16259598632648,-21.70395700953299
64.25828763139134,-21.83241938623824
65.03719059629839,-22.4393240823507
65.32970235513615,-21.05581600782521
65.2554157380631,-21.76695752268698
64.31791767794337,-22.09708323268979
65.35799954179356,-14.82057181270544
65.77965546834297,-16.34900314158692
64.15114207003892,-19.67920397166543
65.77570539629554,-19.66896834550128
65.20587273636121,-13.74841922325501
64.91844896499182,-21.12850108028664
65.52060244196451,-23.41640043836989
65.01163862093752,-21.79724182987325
65.55126430753121,-14.18491046463704
65.10152615614611,-16.09789209512019
65.96388035438721,-18.96380993626772
64.07748120336028,-21.83114838272842
66.00581648570204,-23.02857358688107
64.27236982404722,-20.25776070522497
64.91658836153782,-23.86717941054113
63.86833734677025,-22.04710985886936
65.48711412652104,-23.23064596936444
65.89547871746024,-22.83273612823518
65.51200651752454,-23.36735170016609
65.58245796985946,-24.09066350873436
65.01782534509462,-16.17371157495565
64.4186238768796,-14.8455621296468
64.96149343694607,-22.23726710503847
65.4962350399614,-23.65197912915664
65.96496031246305,-17.41840891171786
65.45971923844552,-15.63882658100849
65.82931075886478,-21.30067886891851
65.28527536371148,-18.25158144162897
63.87762775841436,-22.46800187999713
65.60702458653559,-22.9510612874959
65.74298911917722,-14.89375351221013
65.55203565067532,-20.94098254600438
64.8471545549777,-22.40666358679519
64.99747074922523,-14.46915266782691
65.5160314820908,-23.38043293549338
64.16167595716436,-19.16165090637693
63.85087304597488,-22.18335182333882
65.50143876747057,-13.82701433914716
66.00053507392546,-22.61206917939955
65.55715991902754,-22.41053452916449
65.53140489899721,-17.48313215156667
65.4365766403138,-18.2237163307632
64.0482531565074,-16.16751140081479
65.67100879858793,-22.02769695448066
63.97184701602093,-16.86259581232298
65.38604751988376,-18.2355900572589
65.60628455243207,-16.92161412804719
65.40392724449529,-16.18973343936516
63.86189704531041,-21.14604579824414
65.96255623806536,-19.94888457838763
65.61063955214557,-20.64609295439953
65.01494736694082,-16.25102175535135
65.50927265150901,-20.10451710501937
64.91118597709946,-23.08614783250783
64.21462077574316,-19.21204632948833
64.25926453309671,-15.56399642204802
64.35324741172636,-21.45583752202647
65.51372155812997,-23.8381829805108
65.24558272592351,-15.89153692249601
65.50411842491927,-24.52405094911526
65.00652176172272,-21.68419809251662
65.2726310385711,-15.4921072716303
65.17769454016826,-16.22379460016481
63.82639101226169,-20.97817204369665
64.86177639076288,-19.39128425486942
65.82784272692417,-18.24318124759338
64.8238677658666,-14.16883606250423
65.48619821936903,-21.95132968553239
65.36361375666968,-13.76634767039119
65.61722918517579,-19.35757884537013
66.23380477077927,-15.77559576800188
65.03665610445336,-22.25284841485044
65.06417318684147,-13.94005545095098
65.15114587622996,-16.21466455215051
66.17573759146055,-17.17629855162178
64.70856656927818,-21.06870118193796
65.52329258274646,-23.18925597178756
64.90916179689943,-23.9049976090925
65.72133738168522,-21.3922852839443
64.78078673832837,-22.06025072248464
65.94688472778702,-20.37807984518289
65.02542269681192,-13.79680922667947
65.72570140503396,-14.50927463658509
65.54267897061723,-14.1252915182725
64.03588006949813,-20.36734978772051
65.3505107275795,-14.35195862716599
65.74465868104376,-21.95269174155253
65.1675554028011,-22.37793061337075
64.42889330310723,-20.96795111104671
65.12764604237479,-21.06289928633309
65.50599940243112,-14.23478184796884
64.29159863714484,-21.41877186559835
65.62024043601964,-20.64346561614397
64.23949317408938,-20.69631780475085
65.5541596484309,-20.40880589697985
64.92240493159846,-22.88449316843332
65.73643805756855,-19.1142843314827
65.55358309533857,-20.06935893075218
66.20150735854203,-17.04160235802012
65.47060610275379,-23.5900284642756
65.03817259976242,-22.41403576765826
65.39589177548199,-14.64668216336769
65.97124927882525,-21.54055815126306
64.01816682486404,-21.37339857315638
64.11063950054414,-21.8467010595094
64.73631068569195,-13.98994293633028
66.12292012044817,-19.07229478149247
63.9602526206033,-22.63486737682497
65.5121205359511,-18.12433542917764
65.45487817554032,-14.60367464059378
65.53677117436806,-19.31841597125542
64.81056957964596,-22.04781770880397
65.64176966094894,-17.26144569221662
65.4243077868376,-19.82832666653018
65.6065422871918,-23.56290827894338
64.19961869594626,-20.86637420543565
64.15931180661829,-21.24890738558609
64.29594604976025,-20.33389477506551
65.46516720670228,-15.95074433386242
65.36792937824514,-14.41847987175682
65.19664439984265,-21.8213261231281
65.57160892474468,-20.12005169609542
65.59584652918723,-14.25644813465417
63.61310620927483,-20.34299604420027
63.88033945057726,-21.19845532739327
65.53997887711972,-20.94366925532154
65.83806605520104,-14.83456039020514
64.8220856148217,-23.19163068479591
64.7243816397072,-21.50686366343613
65.23552326339396,-15.53165304566681
64.49358376897126,-14.47410728011888
65.51251036509453,-23.43740626411425
65.09929478853309,-19.65256234818107
65.24040782972526,-15.8936319164687
65.66545457768885,-19.09027377825886
64.6618168860184,-22.33124232460089
65.25556584550186,-15.19119608672519
65.67831959598072,-17.01137014643908
63.83919715947449,-20.60363089701871
65.73667649846013,-17.10600864142922
64.20447759214198,-20.34826580211443
65.29729025716867,-21.74481256606508
65.55544505136595,-21.46400384502198
64.78677452800812,-14.43999153289925
64.38098139775543,-20.98320335509466
65.60874098015893,-23.1985372115862
64.2190826178207,-15.7029670970796
64.35057793497877,-20.12874100923534
65.31456866273356,-19.79335181456827
66.12828611867523,-18.96283759822005
65.78310428781398,-22.58604354650091
64.05843989996782,-16.14789804122028
65.68781430953838,-21.46596607128506
66.08185842475604,-23.37849236950823
65.27658013297867,-19.77307638132597
65.61520016412085,-23.37624463058785
64.67519182302723,-21.09841328314382
65.43169306155339,-15.47692436773505
65.74343440969318,-14.68209714067016
65.45101628635558,-21.6774327234565
64.52647346679831,-22.2015024039862
64.78230097068254,-19.37985578335325
65.65704391557951,-20.19644289300249
64.17826985004847,-15.87046601446072
64.13999781473147,-21.96408744687059
65.1233410691656,-22.16954588609289
65.94483786867941,-20.37558918030589
65.64731186700426,-16.13008328569567
65.98167271950268,-19.41340426861166
65.33165465436662,-18.25242619108838
65.1516959782024,-15.73539911584152
66.03346466063606,-22.93786760265706
65.42364474816713,-20.30357119950865
65.60936753063736,-23.39837089130142
65.04771139117209,-13.92863937806739
65.06951375594899,-16.21393331973248
65.14789754935595,-21.98404028279343
65.02264121921331,-22.08055212391011
66.06845534596275,-15.08667914012484
65.64852746102011,-20.75971091959905
64.87880124975128,-19.51944818736523
65.3410885092783,-14.91717052986612
64.39975351162157,-20.080297944856
65.57361995125447,-15.35581630024691
65.18416004375395,-20.77805750242698
65.74459741914016,-22.0781580342319
65.04624242491761,-22.29333625244002
66.01866280555106,-18.75131862615107
63.81840120158951,-20.73833695615504
64.54412234055697,-22.2107261077193
65.0584530023394,-21.53083040103043
65.91972013987146,-20.34592036603786
65.37106031404623,-19.8039867950665
65.06720249739692,-21.11141211934435
66.01476361998276,-20.39477505246037
64.89159879339981,-23.65628113766084
65.53786087298255,-20.94443296477012
65.18924674166003,-14.34157024664671
66.1232676010289,-15.162131702363
64.26706773995865,-20.19276282041353
65.5531417050055,-20.40984506093458
64.99537921268382,-21.63810288976969
65.20058395826307,-20.78177804542993
64.86269565701386,-22.01917512570412
65.84482975426845,-18.20393315307338
65.75399876177784,-17.14720626611554
64.1253129346983,-20.25751710024622
66.0322963485143,-15.02443496873309
63.95626436169235,-17.58139184470055
65.71764395557166,-18.33636155207471
66.01205119437095,-14.83115110117751
65.49969039050345,-23.45168354539832
65.38794568956546,-20.22582576013459
63.96855319732749,-20.56388330321289
65.27992924347818,-19.7808900882067
65.72780365081569,-17.08579844222326
66.10996115477059,-20.11209768553623
65.74384995689782,-19.62068583060469
65.11158808568533,-15.98074931530122
65.80848939062042,-16.34699015693367
66.28087084516945,-15.81283468340806
65.00693967079829,-19.59090544835087
64.11759089335142,-21.89944279583492
65.27389752465919,-14.28978465636759
65.17582086582017,-14.57103791383487
64.95095141050696,-21.55010242308171
64.75757525921006,-22.07400414079514
65.45358437784469,-13.82129700200051
65.15661058934772,-21.90649051449398
65.93656600774818,-18.84259416534664
66.22903518158947,-15.71450749520931
65.07819641653435,-14.02488102261874
65.29281832141244,-14.56141604399841
65.6862833880471,-18.0481240691566
64.2069268598855,-15.72792722079937
65.54653648345031,-24.33636063610196
65.67163764014063,-22.02820186740777
65.81690362913554,-22.5057506651999
65.52416421588725,-21.85781743296714
65.48889691051312,-17.45250838019973
64.81812954594594,-21.3698769525287
65.07390867903514,-21.77589271247244
65.017588523069,-22.03750473306714
64.84994719940617,-22.70412103024911
65.57094243613578,-17.07918409406366
64.06725505191463,-21.77051172205935
65.20374516124339,-22.49552489216925
65.02618281945445,-22.16687305037832
65.17755452219704,-14.51387544232465
65.29308368826774,-19.04707087149241
65.73080505712956,-18.3057450381423
65.79117725659273,-17.88770871133547
65.01798283136009,-21.59104217592142
64.93807514029503,-23.50222992848576
63.72987872478342,-20.02185127880026
65.04641369333324,-22.34193753558623
66.08399307754766,-16.77972029892906
65.11190156239816,-15.97992108495493
65.21790954426793,-16.18860037771582
65.35027821186202,-21.03413632774176
65.64274834793059,-15.21650717580136
63.7746432039901,-17.97536389597172
65.92691178389954,-14.83621812228555
65.67747014321549,-20.67591071009858
65.8489507816488,-19.87311587640144
65.62950187113692,-23.43208497335871
65.83087899355115,-22.48046833526427
65.17446019495537,-15.89911853832059
64.47915759351069,-22.15117045976348
65.5406233597265,-16.16810900370821
65.88830488307478,-18.01327915555733
64.31396080657646,-15.22046634658943
65.78300874595115,-22.5859495531983
64.21001204198745,-21.31581846354537
65.65494580213465,-20.6519458839649
65.92402099150242,-19.91787870399196
65.60880000987672,-22.94963353361264
65.54529619739228,-21.29492386495905
64.80471689372752,-13.86453868314035
64.52841474583298,-21.6461298245035
64.36260611399123,-21.61529060392244
65.63860638362085,-22.03874481151042
64.93367194610639,-22.24017964382978
64.11210687677904,-21.53601322577246
65.48950119885487,-23.27824227664967
65.41619484962082,-15.43610680988385
63.83169716639758,-21.64067560469234
65.28586602267195,-13.71438721090977
64.86306936220404,-21.51995956069831
63.85054117232192,-22.00052581740665
65.71413551246029,-14.80802875432237
65.9365002731628,-21.33285291969845
64.27177657513018,-21.38198251955514
63.73004318644383,-20.02424916371309
65.41025279971505,-14.63619661250218
65.50301377689954,-23.67952941937911
64.00101348329792,-21.63316371460894
64.99895795490063,-22.72953211943538
65.40954959131608,-21.2168541567488
65.43791305099326,-21.23109183796193
66.37594205162588,-15.95022104388129
65.68848946411879,-18.17660582107226
65.2444576807919,-18.23795855373732
65.35008888380959,-19.02475847291607
64.69663877371619,-20.91955668445096
65.01445725179643,-19.597681812951
65.11175497879042,-15.98018184893078
65.7153999097375,-17.72995435553148
65.80259854863675,-19.31162387518416
64.91608378980256,-21.138319322905
65.24360359664489,-14.08757351087283
65.516641943842,-21.87225723508984
65.49011285898361,-23.29140272098692
63.95016141708745,-17.60342373237973
65.70849846666817,-21.41213484294419
65.5438232104565,-22.09563173786808
65.9180928545057,-20.34429911772073
63.69646533152467,-18.32127825496595
65.00718181649805,-14.98232262849112
65.94722576473353,-22.57941445755513
65.61554426431331,-15.09814609701718
65.2605026294923,-15.51182313631919
64.86134031836848,-23.51553249160443
65.39786827654541,-20.24189764032331
65.23977434493251,-22.41849848473174
64.50046754562213,-14.48004390884592
65.41427664410881,-21.8287171994987
64.03618242201728,-21.97571105271183
64.16250416744882,-22.01317985262378
65.4994842348183,-23.19708137994032
65.19336228212059,-21.71163911963125
65.5461000697402,-13.82533060020069
65.7294653619768,-17.38591330547021
64.04476920160486,-22.71162117577366
64.65444826745194,-14.34576068691729
65.6478962422294,-23.26800011072746
65.6079833333474,-17.8013489352066
65.10426005322006,-21.76968895220509
65.20325683938037,-16.19669719782506
65.2004551553967,-21.4481103862677
64.37993215304567,-21.85170037896397
64.83239303156068,-22.54186483168126
65.52735777841214,-21.85187728871152
65.34490088837042,-15.39472084513655
64.48843112622545,-19.93217270802228
64.94502770193375,-19.55101537386611
65.43584273999006,-21.8893259874403
63.73589745886221,-18.61635674510185
64.85192909642068,-23.91112624124618
64.05724474448654,-21.05928504711416
64.06592573412284,-19.77282869456886
64.35445404663585,-21.43991204661308
66.17059531327155,-23.40438906724937
64.06747113885932,-20.13793049181479
64.90666454044454,-23.91496207808248
63.71075389429617,-18.27450242647368
64.1161870971205,-21.24103695351583
64.76538921078482,-23.86794855838201
64.85858526951692,-14.40575476955316
65.02615395496558,-22.16938024469421
63.91512512683186,-20.83852069963831
64.56663044419695,-22.19842063987054
65.83674380227905,-21.2938752409477
65.76503197571203,-17.41162006369749
63.79433297197459,-20.23550549119463
63.83653703034844,-20.6205019824189
63.98800773970294,-20.55373374839151
65.66911153855484,-17.32175248477555
64.68048698903218,-21.71195878280379
65.47885215526603,-15.46891680098084
64.18529843341005,-15.75198399335832
65.68849113605872,-23.19266307470736
66.12991372448296,-23.55905766686597
65.84350407187239,-17.54085698847166
64.3087581354461,-22.09459670016177
64.90044988998243,-16.38412055968348
65.43754197976408,-19.03699740725221
65.40208736027006,-14.62076511596675
65.7082245712818,-17.04912020722698
65.38387297535124,-16.10991174008962
64.82419545770455,-22.27293496143392
65.47356820509681,-20.69802739655151
63.94700397509428,-17.63758026913418
65.64265487638933,-18.02822868761043
65.76605752526577,-17.58181437561867
65.9664173936844,-23.08432218623502
64.91298091172199,-23.89680621397276
64.25546570875846,-20.20003700980805
65.14880692129157,-21.97446502526617
65.4572144897834,-15.59291691926036
65.58709868831414,-17.15223739413512
64.93091059139188,-13.70574452773503
64.50065546226482,-21.36705543950133
64.19794255919733,-19.04265558617936
65.85803792873637,-23.54732943295179
63.97420295304916,-17.0816529821557
65.80569242614231,-19.68348883115861
65.9314355574258,-22.36713722582881
63.85059150289822,-22.37043773796189
65.47282091350725,-16.16343630487128
66.10162972974074,-18.81116845012074
64.46910336450269,-21.51985978284818
64.73726143971412,-20.81012958945399
64.98684182683044,-13.88837476981531
65.64340164584331,-23.47082335452782
65.8366523697938,-16.38770831212387
65.68585882357968,-22.05550564417851
65.28926628585594,-13.82311272848717
65.45706798612697,-21.86161506331248
65.7982857570182,-17.43564449334993
65.18534682385561,-14.05157519464484
65.19380386309417,-21.711554627643
65.06073119685776,-21.40774368062079
65.26771718998482,-18.24000584865496
65.7547943802493,-19.1925815177226
65.90289299013784,-22.3239631596456
63.59742748325905,-20.05445407516995
64.73478528938847,-21.59140660583058
65.873125506301,-21.32567619204625
65.11214440438232,-21.76844820636823
65.43938213815309,-21.47232359104019
65.77577910082117,-21.50397343439877
64.49190079427727,-14.47581973357352
64.89116636859963,-14.50377770444453
64.73563769185421,-22.1925871282037
64.78577059846704,-14.18005620817912
65.77620136118844,-22.433143552891
65.13017706132574,-22.25618218039349
64.92462330288085,-13.68640934872155
64.84119557172001,-13.80169886037494
64.11275404682566,-20.17523013835802
66.08240564626699,-20.07785350441506
65.5816796594045,-14.54073309073822
65.55617133642853,-18.54863802563727
64.82869064016809,-23.24579193937564
64.87552483038407,-22.7779854436876
64.99535438044012,-22.74080046490772
65.85599034512092,-23.54510773675038
65.29757260855989,-19.7892647699412
65.66122910050166,-16.15692772046203
65.37380116916438,-14.31910075343667
65.34215441547663,-19.79689140757461
64.72775284820642,-22.00396763974035
66.27682484632824,-16.13034436402575
66.01542151215722,-22.9286871708587
64.39345358385972,-21.73067570608063
65.77183523891198,-17.1788836887755
65.31275897448313,-15.65256862638686
65.30885374960702,-16.08103886113465
64.71100471184371,-19.4747183231264
64.18862103348218,-19.37868465450066
65.78740402699329,-17.42687165406514
65.43005460845036,-20.95971844445564
65.8110610190101,-18.61098284669746
63.90104808806011,-21.4460170321716
65.84791802718341,-19.69800897293868
65.56771808422229,-13.82777462794813
66.11962297526442,-15.16864376121097
65.67824036214812,-19.60375064254399
65.35274789844883,-21.18963764039063
64.49660019725171,-19.92381046111337
65.19438943886423,-19.73550742952039
64.78731624683893,-21.50431778787215
64.37860355178721,-20.98482307954586
65.88949445142431,-16.57464939104818
65.11082832241118,-15.49543300321779
64.37115506200847,-21.83532728787934
63.84663792338359,-21.64807172958118
65.9410298534236,-21.58889063521031
66.02471792093301,-17.35338301246234
65.25140052753166,-15.52605184644266
65.08328822832328,-21.09122786206369
65.10749478869182,-16.03438122402203
64.77298572613077,-22.06955977919759
65.5776322154613,-17.48957387195243
65.63746376568925,-21.52793506776115
65.0925641151403,-14.32904273395103
64.73394501866764,-21.48195539919115
66.16364974753996,-23.32174868009297
65.51233692029037,-17.45351607377286
64.73710555150743,-14.4232723746737
65.60169536414875,-20.64698972987686
65.647062525473,-16.63097833539063
64.8666903833027,-23.90978365397307
65.4582846892554,-21.68164083649667
65.42093146001807,-21.76315864546838
65.27739781313451,-20.75223848452904
65.25477336255338,-15.89897367259834
65.37017281638546,-14.75064236419641
65.04182005349436,-22.50407139320121
65.55806707831388,-14.45940152100317
64.40578412505336,-14.54694978474318
66.11206325557865,-20.12397487782094
63.9729734559584,-16.42021050553286
64.83527012627478,-22.89588189636951
65.80315457863398,-19.92836397076861
65.58890587539018,-21.76895782948768
65.455097001998,-20.33149628136783
66.03297019939399,-15.00537213084095
64.84637641634544,-14.21111309407697
64.10163994606437,-22.03458133105648
65.56288875256956,-14.03231107643889
65.27689430635229,-20.73871375025743
65.78240432276213,-22.58514027707536
63.95754776769189,-22.689382950048
65.68172114448478,-14.40913725154757
64.92352062733512,-21.5324999358344
65.36814150349913,-19.80379357763179
65.57095998973902,-21.79949582154809
64.02972904836598,-22.68384722875388
65.59027552186164,-20.90769116326625
64.39822037601735,-20.08395534781568
65.52518640811627,-20.12036849743522
65.73147312426794,-19.64941243235759
64.62269007332632,-21.47414159061373
64.70139660649637,-14.38910327322569
65.71670767251938,-22.14047021542451
65.3080766693935,-21.20173058609629
64.29004273180178,-15.09623647179255
64.9160499070841,-23.53168703182343
65.45582910259049,-15.62272990698752
65.97509242103784,-20.37989100168303
65.29329008075423,-21.74539480624849
65.27868019958763,-15.18775570251453
66.25240431468484,-15.25378062304841
65.52794347181668,-21.30633124581737
65.21275173475513,-19.73530994767751
64.87321143231333,-21.52011198109157
65.65894783559037,-17.28684186439121
65.04493382729916,-14.01957530796214
64.05651686143096,-19.79719134600395
65.6217448891055,-19.58082602465069
65.47082579048079,-23.6067594868307
64.74236998426186,-22.22073526990584
64.51854864782402,-14.54855685375703
65.0263335803421,-14.96678927566089
63.92557880813855,-16.4852567798174
65.93220392937188,-18.85126794621373
65.29255323677292,-19.78795576261294
65.26151381365918,-15.89561505448204
66.0126954676763,-14.82973645655836
64.30435917764376,-21.53810075827443
65.44152227495077,-19.33398977533814
64.36571114431571,-21.92972953384141
64.29031710654066,-15.08850120358331
66.14879864704908,-15.43024698380698
64.84860914085476,-22.67413064390452
64.51274435516008,-21.89965758271346
65.46439541383957,-18.86816403285492
65.69711072431633,-16.39878168395169
66.0276392285294,-18.52044565629299
64.80268727822103,-14.23354859119612
65.65521418939234,-17.28026245598935
64.88268013459061,-14.46819958700181
65.42824162245236,-21.89102345645072
64.16198845732754,-20.26902792182911
65.35364189414302,-19.19379276052996
64.74184540889368,-14.43161182060659
64.29469871340727,-15.02614603881047
65.87656585461123,-21.32056584922623
65.83612342960173,-17.88211929327443
65.97026804262066,-18.97280295023999
65.11185040061824,-14.57179657269781
65.86924094741384,-21.32107807647881
66.04980813616419,-21.56636284164795
66.10475231109417,-17.27037314353078
65.94769825008103,-18.48130895677009
64.49767631738987,-21.93718212122417
65.00307780064959,-23.19666695332587
66.25715103848236,-15.21311889775416
65.56551678398048,-13.82159596441834
64.27723958406591,-15.48047650771918
65.49240234463599,-20.57614436173617
66.0005565520049,-19.36097865226234
65.89218465486795,-20.31158167433228
66.12228085264549,-23.56855701377026
64.12551081331364,-19.8220600951129
65.39062505744015,-15.89685653273748
65.10785758092939,-14.59538311670229
65.60478012693811,-17.20406445048162
63.91038965169022,-22.03465406873619
65.1312193481146,-15.40675413281221
64.02873802112686,-22.56399409005141
65.63420522651184,-16.27566315922783
65.16782820371358,-19.73749619196111
65.04903324890594,-22.32541507550576
64.0489272308469,-20.53147079872071
65.53650000843112,-15.41866200580562
65.46204082591547,-22.29127606229578
64.20879320622575,-21.41674097086273
63.88681174500885,-21.51294520930543
65.20675193266042,-21.32180033803894
65.23347266493137,-15.53283862027447
64.96060390449138,-23.21205129017654
65.18455559324822,-19.73157723257674
65.56223706597315,-22.42186782072724
65.5374167995881,-19.90645977083936
65.13611372005411,-22.04043897366962
65.00927846396793,-14.97088851360741
63.99951025601842,-22.37112138545534
64.42387387728326,-21.74121177658376
65.37829898223897,-21.95976139364096
64.99875382516569,-14.60626586226405
65.48235951606682,-23.49034824997619
66.02842443190698,-16.54098731663544
64.68042740949736,-20.7290651058907
64.8549420131716,-21.5111030861582
64.69669797067368,-20.93219262130085
65.51042616196581,-19.75409695857341
65.95553712311698,-16.55783172146257
65.89604896763,-17.31539960557308
64.82858616032055,-14.25622524957703
65.65515139041761,-20.73453276935037
65.67061334989157,-22.51447809042378
63.97583266047253,-17.00587316201448
64.87028462783047,-22.76317022689325
65.20985282636207,-14.3424048722295
63.93656769588171,-20.14830988002414
65.76304436471325,-23.28531456903064
63.98273038626633,-16.85615488306515
64.22691217701384,-21.8138771672768
65.85825679166939,-18.25939117904548
64.9181316112388,-22.25361980104843
64.95806902980631,-21.06044974136152
65.72139110999937,-16.32903986416265
65.87320669051516,-16.38023427169716
66.18513072872446,-18.93450482901561
65.73381258704194,-19.44072323166387
65.40422069591713,-16.19001337989906
64.87421542104096,-19.41128673550728
64.84067523124791,-22.31794754388258
66.07775204886103,-18.56381943045334
64.66499119038563,-22.07006833242651
65.12539633880473,-22.20534312665636
65.52561824041945,-23.91438764546399
65.63684291945594,-17.83210017664953
65.16866904159939,-15.3133399643347
64.15837189671358,-21.9415873227238
63.90244976722285,-21.43257500061435
65.30282235596097,-21.07401751188786
64.50636173809977,-21.53807116312446
65.55161744375258,-23.19791855057127
65.48765406076562,-14.43441643414062
65.5901105657579,-23.13247745017958
64.40188979170678,-14.91596507015561
63.86712374536348,-21.86861377466428
65.54125276464077,-20.94322446591672
63.99546778726451,-16.90544707848321
64.87363729625807,-14.66588517023899
63.87904385786514,-16.66112582231499
64.6729763159832,-19.53836858318355
64.58065471658252,-21.96574702426462
64.9701596911098,-22.86526176420088
65.58658910395582,-17.49560681054928
65.73737026300607,-14.56790301190703
66.05611920965514,-23.24393501934124
65.29100439713302,-16.08821444181226
63.77304876449935,-20.27634770511068
66.01342184441285,-14.89116044082362
64.66289785698345,-21.70720131996195
65.53162442164795,-23.92122039241101
66.08125007020817,-20.34007667229581
64.84600826691282,-14.20988513203136
65.6121092981678,-17.08636507900174
64.65100387483959,-14.27476239022756
65.54044807586438,-23.03049551658743
65.3808491418867,-20.21081817524542
65.35779048463908,-19.14247873968088
65.51196675895956,-21.87317006220414
65.48312603384812,-17.4365011595214
65.01672728525622,-22.00420396029026
65.52686732764137,-18.58088239954807
66.17915446328601,-23.45358451355827
64.1331062004512,-20.71622892697364
65.58600516423704,-23.84337559070035
64.6651660505313,-22.31034377956797
64.3108822205482,-14.98133630911416
64.9701228920554,-21.57540450833417
65.13355084666449,-22.27927651268016
65.8882489401399,-17.31867655342419
65.33598436712872,-20.20198726324379
65.14040506313277,-15.37627084166498
65.10170503964653,-14.32839152635264
65.49526717545781,-20.69631647685543
65.53190109507048,-15.4255440732311
65.9163759462652,-16.58448635749292
65.60060607261929,-15.31197352404455
65.04317381282787,-22.27287394583129
65.25394154098464,-14.58282994471289
66.0306050854468,-19.15637980419459
65.30022153473135,-22.29063958888019
63.96251419080828,-21.25794613858943
64.6577201831294,-21.95945558116172
64.90299306267329,-22.85011303655727
65.45259445763575,-14.57655281023818
65.60580437176422,-22.84562099541166
65.33175401250975,-19.80558696899172
65.093408840695,-14.75908756393652
65.0175211577898,-14.06300534815522
65.47326302938927,-20.47418672327469
64.10364193537778,-21.08545536876878
65.70895535921454,-14.40727304704203
64.82877375559772,-23.23455192945527
64.37005026558639,-21.0002900717061
64.84921195354039,-16.45365006182074
65.62728080957505,-23.56863294880191
65.47414780961867,-16.17357898304576
65.87949701707703,-23.6125901452352
65.52480031974062,-19.80294938538505
65.60592281267378,-14.50358601051688
64.80923431973385,-19.35675190465879
65.11642332545354,-14.7049733606975
65.72460208368618,-20.1730322537441
65.23577285956286,-19.70505910580376
65.30569076917517,-15.60693700359328
65.31051960869685,-16.08048311574182
65.44416392272147,-14.31736186060165
64.1522138430239,-20.60926026496692
65.31024063245393,-19.7880380604535
66.10146535629623,-20.30795189801566
65.93649676909993,-21.32031385110568
65.62137644541113,-21.7364956939925
64.02097106518457,-21.29279781841074
65.67991592646727,-22.03740504012806
65.84277007320385,-16.47647568287293
65.89619128441085,-22.83212143765416
64.63743259018648,-20.70788198823003
65.37620988134125,-21.19696500646428
64.86354463885272,-14.67420091563701
65.31279184460095,-15.65161176773621
64.65118205265335,-14.274676603077
65.29091746897866,-21.02197090663077
64.07519844611244,-16.11381346570292
66.16269239184611,-23.25034762319116
65.47604060595548,-14.5914285876223
65.65758006268845,-15.16489156760902
64.96407217295162,-22.23595165958257
65.35274520433998,-20.72019524098899
64.94630051499868,-19.55260008421048
66.08726438233893,-20.07966637993142
64.12595747665513,-20.25728097244689
64.84316072031348,-22.43475924567754
65.33016274984759,-16.07510623797656
64.33734933995184,-22.02583282836421
65.59566332150224,-18.03652848227148
65.46473318868546,-17.41596084542806
65.79083290724678,-22.21976888478597
63.86687601586708,-21.86990693291208
63.9208335450752,-16.78397299289442
65.12055072899342,-13.7638676425532
64.1609226557832,-19.46596056972353
65.2062137222693,-21.30853227917581
65.03782080870214,-14.14854903040905
65.90750388814766,-23.70531848815513
66.10963397338804,-18.83106177027834
64.94377809891911,-19.5478770724929
64.75495497868357,-21.5218970815659
65.61869440499419,-18.59078310338053
66.06359077994398,-23.11280062708509
65.63591224579851,-14.44087310449563
65.08644255997719,-19.63935801919835
65.32184265513523,-22.14897509157877
64.83334073022941,-22.97254989845392
64.75375231447288,-19.39009740894047
65.64896440425932,-17.84882043210195
65.35966362477308,-17.26274364958524
64.64466164066984,-22.15229254653567
65.65452496931775,-16.44017383378192
63.8075817385789,-18.58035164642643
63.86393576563831,-17.81067159867154
65.97625704157151,-19.40739668772795
65.43138723625908,-18.22636186622082
65.56780211714512,-13.82822937611638
65.92192879366249,-23.80268067907734
64.15773179586853,-19.47804174295879
65.4684812897569,-18.73859263574357
65.40333346400325,-13.6990145764074
65.89103243333344,-22.83856750631396
65.64166312593323,-19.46171744084619
65.97714879138931,-23.43244129561274
63.71851348427334,-18.24887363057806
65.56270455691278,-15.36684682179095
65.56549322508369,-16.02855332672637
65.69071238440229,-17.88828109943946
66.02497560366152,-14.80903002794117
64.41826220746962,-21.62835357025758
65.37880280434197,-17.38796581391075
65.34603073478607,-15.3954926035712
64.80667155342994,-23.1036002241443
65.64601265578895,-16.81614560292505
65.19777632698667,-21.45473452222922
65.47467173726231,-19.25224449201575
63.82758328146869,-22.40281679374081
65.45933647809454,-15.77647329309454
65.37423897613044,-15.4233398914896
65.26909721367224,-14.26963039175159
64.14530445223299,-21.94536680496521
64.9161992179438,-21.13797672874591
63.92115987119722,-16.78511660684601
65.30236066629202,-22.27523635963843
65.38124043265529,-20.60245714181284
64.17342624090004,-19.13365881607036
65.38287819611142,-14.35536381921541
65.32468954731557,-19.80382526891167
64.8684813890869,-22.76004278055692
65.42674632785858,-13.74165117474851
65.95562554860501,-16.55776882319441
65.30043780023857,-22.28940250845276
64.44162360243696,-20.01128338262457
63.91778403427236,-20.19479824387162
65.64556523850716,-17.26354600910178
65.09829818195145,-19.65167917407902
63.92612957909412,-21.99736891383
66.05451934390756,-22.76084902009911
65.52164204768239,-18.11637477803129
65.65699051062019,-15.16854874474506
65.27461075175655,-14.00870129401131
65.86377495559795,-19.71864379787078
64.02188817515729,-22.22132616915649
64.45270108781611,-21.96021879643222
64.48292056270866,-21.13574079931005
64.78479547301146,-14.43594470082573
65.8725750665956,-18.07720359045452
65.4691283976301,-18.18197103455626
65.77523307985739,-23.24706613873461
63.95711192174579,-17.56529507383132
63.91521680084743,-17.71611011464174
65.01757336212488,-16.17405384126554
65.63081783637936,-15.04602232853725
66.25392663742724,-15.2289895077733
65.63948966717658,-21.59563823442414
65.48517886186333,-23.242421624586
64.84251618457678,-22.59425876265067
65.0324659408784,-13.64764938226686
65.77274850167184,-22.44015161725612
65.72611189608809,-22.16020094320044
64.67104509216935,-21.13859805533593
65.91503677473344,-18.07531778679598
65.09397678376064,-16.16239932143697
65.44410389200607,-19.00934548662348
64.49600636838943,-21.18253971073952
63.58603573690477,-18.29565887304948
65.5178231546611,-23.88501097599816
65.29565487523826,-15.43700988347324
65.17586364799159,-21.05736068764413
65.45550077674208,-17.41301679256623
64.29195296171213,-21.47139663649341
65.16152638118683,-21.05753241794152
64.68293781442044,-22.08489439342737
65.34071201672722,-15.02770302336943
64.43689230422628,-14.50748347744369
64.42386085780771,-20.01326268332386
64.03659504234608,-22.59745813507483
65.4395867110919,-21.46765976184442
64.16941254959943,-15.90709086354053
65.67440202009328,-17.87346620691922
66.03255786511814,-23.43084411130347
63.93598144805413,-17.30229365125663
63.58725518904179,-18.14434451828947
64.7769793028972,-21.51894474580131
65.64389898627661,-20.16884214382946
65.04075248935736,-22.53116695950401
64.18427142327059,-20.72676870323133
65.53306425987054,-14.28358310258884
64.81640686664461,-21.37558110323928
65.52027410791221,-17.47067409986786
65.03351170814018,-13.85836550969215
64.1615959260781,-19.15797769727465
65.19315070109984,-14.47265508210879
64.73593419660506,-22.09243839803629
65.9763106637688,-18.97784899719346
65.55052572143568,-14.46537547561049
65.37682811797946,-19.21128808819243
65.02028004294951,-14.58977413142582
65.04518797723843,-14.01827683661954
65.31420380574995,-21.74424626887728
64.64589759061069,-14.28087481047844
65.74127849024637,-19.65120159156771
64.50127320687501,-21.1945860708043
65.13333035808613,-22.05151741067254
65.16076263179357,-16.206137117479
65.34939273153044,-19.01730526523613
65.378717836811,-19.10422451684477
64.84070493376461,-23.31526187164247
64.92997093965182,-22.89650874454026
63.97123954526489,-17.11776059395365
64.12243460709644,-19.73243280671605
65.4167795660305,-21.80715147423621
65.94967296050147,-18.44974743206462
66.03454233057332,-20.39973569794048
64.22968734642662,-15.6832068668047
65.36610541880073,-21.83769338374529
65.01130657140176,-21.94037890354075
65.85094690362457,-18.61083721212692
66.0492973901298,-19.3259660158505
65.80356931029641,-22.27114701660738
65.27704553119578,-20.74267678913744
65.35969244627616,-14.81018485600408
65.07557558336036,-22.73819086719575
64.94426238371403,-16.3461853916083
64.34602030383081,-21.8147727987055
65.31205820708551,-20.68469811424632
65.56348359370915,-22.97479231608985
65.58821960862274,-23.1266503373468
65.19179498267508,-20.77723509418025
65.50175077813235,-19.95989692119329
64.17965399905216,-15.76665707448612
65.8894698460586,-14.82646627527091
64.74300296540507,-23.74429159086367
65.76924549141182,-18.23807052616563
64.81214020637832,-22.26225187752358
65.9037964428589,-19.87456424702872
65.57012823040311,-19.34914943196013
64.49717472356487,-21.18505561288707
65.34416481764521,-15.01093318388277
63.93728088357462,-17.27964732763521
64.25190644958815,-21.02318192044602
65.07607616041908,-21.10669020185042
65.83567539009226,-23.19978344100059
65.96661198797408,-20.38692871817794
66.21255902033676,-15.33319811569485
65.19678812195431,-20.78017899378242
64.82227144140951,-23.3836977011838
65.49809453803147,-20.69380446445523
63.79565282032152,-20.31262412009208
64.18563241976754,-21.55580201316938
65.64857590430553,-20.75957115588243
63.7976601354264,-20.82719357639789
65.71159836254188,-17.70840722429194
65.22261684565134,-15.89742723530822
65.58100392557614,-14.15164852572781
64.53116378025045,-14.55037652910751
65.92008200496866,-21.47624988235746
65.0743957099456,-21.77611729150957
64.18579145036571,-21.03055600534802
65.6779736295242,-16.17025958101104
65.20674394574517,-21.41595627623829
64.9864121174182,-22.79580392671398
63.74620754788263,-17.94555731233705
65.96239539203734,-21.60158063486952
65.64840420046332,-17.84822644243019
64.27365558403761,-21.11060135403868
64.91274037393543,-23.08421389610146
64.18455660496467,-15.81512819779972
65.08488020789434,-14.06452356907407
65.3062610828927,-20.90775897524274
64.48314068033203,-21.31691728602955
65.44739250854504,-16.19411069145682
65.22413848645553,-15.89748913869321
65.67819295107768,-17.87607706026817
65.72339697564074,-23.40258216710717
65.30471708171653,-15.5796491881807
65.03370708210582,-22.2477179241216
65.54735240228759,-20.41253357180729
64.31487597091086,-22.04211394817556
65.55168413409874,-15.99717116240611
64.91172473457475,-23.0850548825915
64.3867989309502,-21.84404307755689
65.6973875500232,-19.61122750702787
65.28822614833057,-13.95051473754097
65.02017169641934,-14.93389364017226
65.37178876137781,-22.02536972069872
65.24533448157733,-22.39669216942822
65.0490283635931,-21.09826562054132
65.62833153822918,-20.14908313481009
65.45845257689626,-16.17744529903482
65.15615035599566,-21.91072132590212
65.28278751743665,-13.73445033967953
64.96760604924874,-19.57152924834284
65.956356317183,-14.84653573765758
65.9106774022215,-14.84039161038478
63.88732417963111,-16.69628905752888
65.49119254900788,-21.3769677450074
65.9827030796869,-14.85264093348885
64.24357563885927,-20.50261361056224
65.43667145994593,-14.31750429349456
64.03978434047104,-20.89234920546712
65.64389362076368,-22.54045349418663
65.03823260174201,-22.42218465620505
65.57891283270196,-14.07432796866859
64.5450498151867,-14.64144751587049
64.65701371991896,-14.46027018450684
64.94953672387027,-23.47667512015294
65.34044406770366,-18.24431829728968
66.09438756094951,-23.02339045276052
66.02579179370525,-19.9979125162825
65.14840796290977,-13.70744741795784
65.78139001823206,-21.40959071693085
66.05214603995861,-16.62357415694453
65.54814471290352,-20.41248759104139
65.96734833484565,-18.51921712225851
64.15109910819585,-21.96217882816237
65.49176164286877,-19.85172402689363
65.65131872489832,-19.58043977027766
65.16626989616626,-14.33862446082478
63.89168645657374,-20.24811205198942
65.04059469312027,-22.53190827680405
65.13220213750958,-21.08705704730009
65.4578076256557,-16.17825719424044
64.19186516961443,-19.32909647958074
65.75630648063549,-14.57326364809992
65.12706021548712,-22.24680254140805
64.94828988985005,-23.48604312689561
65.59009491500053,-22.14609822419064
65.85869550986,-17.89764721752342
64.18620636453704,-19.14577111695066
65.5623824149378,-16.02455615269785
65.9354938428679,-14.83431862542831
65.55005473402738,-14.19528182906374
66.10003046905825,-16.8884771340395
65.31447511313407,-15.13199350568783
65.5105103403137,-18.60682544441356
64.34122549680177,-20.13291071048024
65.80843332253959,-19.91557829171834
65.98269320638616,-16.40840148248762
64.80664213795473,-23.1058054659586
65.86007517628629,-17.90006379830873
65.42820848585653,-19.0683732525167
64.81269670098254,-14.63111826319949
64.54268777927507,-21.33016697436122
64.89890332147,-21.18685533211662
64.83673598077807,-22.29919066647076
64.27060373903758,-20.26049697729038
65.59592786672304,-17.1911479199713
65.55589816479956,-20.08380515873127
65.14728085292701,-15.71264946303167
65.3450739409334,-15.76549682271164
65.15185185717496,-21.56166445050874
64.04027233299283,-16.24274929884943
65.49719060033095,-14.5790571375719
66.29027797258566,-15.87970636656067
65.72818904578112,-16.39818281654573
64.30461600612904,-21.99311039649783
63.97500096042592,-17.02999646403639
64.37334656333049,-15.27911654634816
65.26606110752604,-21.16309472851174
65.93726307793548,-22.48315359785443
64.48302328473156,-21.13595058536385
65.5391969664957,-14.47573462334396
65.18822258371108,-22.44227848831306
64.14373807254297,-19.57521300219861
65.89044931923485,-22.84206811083496
64.47739566996067,-14.49147095146751
65.5027884768467,-19.3990825315415
63.97594851351155,-20.23952949729109
63.45512258479526,-18.63995578343421
65.59921852976034,-16.92824093853089
65.01639333742818,-14.08070576366666
65.57745509604393,-13.89444151419542
64.15984695917369,-21.78898482656651
66.18105322171579,-16.49721168854192
65.13133478306807,-14.7570080462953
65.82902117646074,-22.28325221697875
63.94953055750157,-21.4131503148984
65.64906824563155,-14.95220660714373
65.28281383609986,-13.73517593301053
65.31041467794348,-19.16166146172268
64.78536779710842,-23.90498717957171
65.58569118984082,-14.21594301489658
64.84668451246462,-22.41369443608409
65.0732636538896,-21.77547457536325
64.00421990523039,-20.55432395272059
64.52741301034533,-22.20275844020657
64.88308515960107,-22.80618170835917
66.17430111207088,-15.20072548360303
64.88693054753301,-22.81878680132499
65.45860536493406,-18.16481232479147
65.78439174235487,-21.37667212715317
64.12150158469666,-21.4042030534
65.60724659058602,-22.50834678905311
65.38770075162574,-20.70324823242297
64.02189609519533,-22.22045187240789
64.39595663192408,-22.01689219526106
64.44003104222499,-21.59288240778107
64.16135218523908,-20.30025374808672
65.48391067344734,-14.34892215054168
64.17057122441878,-19.14506909535126
64.5303734699552,-21.68987170401126
65.02508493816197,-22.23097676317943
63.93060477686184,-21.32287937104907
64.66758669767424,-21.6073472983905
65.12776973866082,-22.07875869396491
65.44122292245055,-19.02652146321015
64.69970064969857,-14.16144774446929
65.77781799109538,-20.02783107478325
65.4150435621517,-17.37759104127939
64.74221830975127,-20.87802485629041
64.43690683425967,-14.66637499588805
63.937446618255,-20.35706485150335
63.95033418984156,-22.58900405407865
65.46428883620644,-13.8685416761717
66.38248993224094,-16.50885608954774
65.22683696181986,-16.18960531087194
65.63835830029456,-21.71159100581009
65.5159879478282,-19.60733627276429
65.14719363838637,-21.98838350911122
65.21062540361413,-13.69785411954368
65.94485120654952,-18.93604878352375
64.85920445713366,-19.37823358891456
65.04008554361693,-22.38216367065303
64.7079287915706,-21.12121299141379
65.93557070773765,-21.35774324607608
64.87322222877172,-22.77010788024494
65.9629293742894,-23.08052026031246
63.82571525294917,-20.98694825582591
65.07526293525179,-21.77606407801802
65.7143413124034,-14.80698237802437
65.73454516505765,-21.36853638574965
65.60796002676109,-23.52706549876005
63.61343040559342,-18.36346583585627
64.80657968239397,-14.0422868263575
64.23050041241274,-20.71549764334663
65.93122346056768,-16.57967789768315
64.12115260254593,-19.77925717554484
65.01105797233505,-21.85750923310207
65.69222136406732,-21.50420356200387
64.97041766283658,-22.56739305358976
65.19386689028016,-15.90490981549648
64.19599222503916,-21.22180957065602
65.66047621556066,-19.46930427929329
65.58654029011393,-15.33442358848193
64.08835120302935,-21.86066524808447
65.58001078078921,-20.32734096987289
65.97244452224987,-16.55854289828113
65.37077079561753,-21.85702949323239
65.84337820808734,-23.8299720621009
66.21617409686333,-15.71382879432727
64.98247332160544,-21.55543028977111
65.32604301777212,-20.18912253176437
65.03927098654852,-16.33897435864774
63.94825148201147,-17.41159476401659
65.64995864447302,-22.02625559520067
65.59000323360235,-22.14648982610017
63.82604458524965,-22.40748595613746
64.82608851356167,-23.96337195645345
65.58873948816024,-19.35051354386117
65.49124054559923,-23.31077113120912
65.54255572630787,-13.74726860502516
65.11963791317416,-13.86140471945341
65.49026179308254,-21.37889673188011
64.32507117157729,-21.87072579523878
65.75497672574153,-21.66350966377454
65.8433448995805,-23.20092125331905
65.46832635243332,-18.69233924431953
65.38148215133208,-20.92265300135308
64.83843353956595,-23.93671298430582
64.25123028233642,-21.02267068802374
65.43547682067222,-15.90903968204029
65.01651694804555,-22.02405555573103
64.18416481659412,-20.28194359073817
65.44220154542786,-15.94432927415447
65.09239161580855,-16.33669422835874
63.95421552433005,-20.69394336979085
65.14720608391535,-14.72582738884421
64.98251015380588,-16.22253189719864
65.62155505916519,-18.0239718671146
64.01132070394254,-22.18578134631036
64.00615832739973,-20.11160319219438
64.59651868218069,-14.43266116796492
64.3142777011231,-20.2705687045462
64.96984803455335,-22.57027552633295
64.89401992973677,-22.2231780614203
65.21033376880789,-22.49107560517602
64.67288395952166,-19.53846223777408
66.16666014190082,-17.22306155625072
65.637745589422,-16.29674976401853
64.96447780820995,-22.23566025506008
63.95638276980991,-17.58014446075149
64.64950393387282,-20.70632895286095
65.22129948787327,-20.81493927063083
65.60743763901806,-23.56509049890811
63.94248683998168,-20.90013686199593
64.85375317305368,-22.02645931414417
64.83564468052023,-22.88741744654923
65.65297619858939,-23.90580257457882
65.5134556324048,-24.49137273190805
64.77909196764487,-14.15188413702803
66.00931909810797,-20.39352177584913
63.874268839849,-17.77965793757367
65.60088194132402,-14.26332630694231
64.28245291322324,-15.04456144877425
65.30924985522965,-19.78752689909579
65.52880142050653,-16.16176661617224
65.62357356393063,-21.73467976253642
64.95255471530963,-14.14353691887577
66.06802022247106,-20.04085056128996
65.35167540103629,-20.17665072654247
65.71792068225601,-18.33550023636501
65.2417105094738,-14.17860422185681
65.28328236693666,-20.69285746702841
65.63033320544021,-22.65176273397405
64.92467794347148,-23.12940536531841
65.35209469820508,-20.17675890369413
64.1347989240584,-20.53833859069835
65.38003901641363,-15.88523286625144
65.75775428123423,-21.87798076629107
64.2514400094571,-21.02274812679326
65.89051193145416,-22.8409735273325
65.35742630288335,-22.06407344012251
64.51124225754943,-21.91084459742806
64.41344240940205,-21.83717908830364
65.25714544251856,-20.81658477667793
65.62848953790295,-20.14930628690422
64.93460333257151,-14.64203039902883
64.4386739776313,-21.02766898383492
65.27865309959175,-20.77116696899974
64.87187415989911,-14.43473482098945
63.94311641590491,-20.87461485520121
63.77687527058312,-18.06123421686029
65.67551693716082,-20.66579589412348
65.21610644154211,-22.47822903520662
63.85159116877577,-20.70941330336385
64.98554587738701,-22.93350094921728
64.80762266023042,-14.57522367898213
64.90228856966517,-22.84894078152531
64.92518472004396,-23.51373825263256
64.23962025280473,-20.69581689132258
66.1510915810869,-16.98108476387907
65.96425987287822,-23.08333902349762
66.05427460627706,-22.76314411807854
66.23830474711897,-15.74757868117216
64.36259264390755,-21.9519535695445
65.55258779748242,-21.30083377227039
65.49292919864041,-15.96974953827192
64.70836531100687,-21.07454049628505
65.5074752973821,-21.97223327416563
65.24348538213785,-19.71139365079719
64.69504276466772,-14.18479574585927
63.69352632700126,-20.20110595050767
65.19161261152195,-14.49947997572081
64.87674207512234,-19.52260080525233
65.8538657735664,-16.38677926669855
64.24516809530361,-21.82969495688842
64.84362045656887,-22.75758163264741
64.74521607945556,-21.45048090012809
65.47388836590595,-19.33858655171077
65.91046259548177,-23.84452641193692
65.46378796431435,-19.83065734901101
65.62492283966255,-17.24737506744984
65.5783572950098,-22.87297079228053
65.16121834784845,-14.16283360119693
65.79845823824371,-22.23255971233077
65.20884620506871,-15.89806523996629
65.27135368592539,-15.89854275028053
65.44136515110056,-21.48171356292109
65.74037219735536,-17.98347827441509
63.85065629817014,-17.84491561004637
65.78587521915843,-22.54937558913715
64.26821842473836,-20.19283922474671
64.7100882477877,-14.08498708133322
64.96755108005114,-23.00307208226736
63.98637499221179,-22.53373086571632
64.0155558289306,-20.89360944145184
65.34767881389685,-14.86444479264117
65.64402172572711,-17.54754016016487
65.22004858544,-15.23096188137429
64.67579777323432,-14.42005439488134
65.79910641701115,-22.23411695135758
63.89290647228612,-16.61846339388922
65.95805735720293,-20.38916802948254
64.6206608837357,-19.65149320202734
64.58743499159995,-21.63226438707698
64.80907864192567,-23.08014209265466
64.19880191119368,-19.04018708398695
65.35402200990069,-20.17877035847914
65.05993355767106,-21.5861460393459
64.90886164462054,-23.56213428310797
65.50493190679919,-17.45585945782432
66.11885600690015,-16.92035229864666
65.69481461035444,-16.25615206608315
65.29468541107487,-21.19906024428162
65.41592379570592,-21.21878757453434
65.4543788328638,-14.5722512778089
65.45783526345585,-19.40152356048864
65.0238915819882,-14.55190164809525
65.49909348419047,-23.19765434267887
65.14312512443334,-22.31333815685684
64.99163090679781,-19.5779332053718
64.23950134470539,-20.54750234641807
64.48392378858611,-21.13929006003459
65.27962045228209,-21.74908685197965
64.74225704393062,-23.80416138787077
65.17038117265496,-21.7027791717204
64.98430699965047,-19.57178513665987
63.98125706431898,-22.33102323797194
65.87493395149048,-23.85731949343552
65.76027370124422,-23.46657497824169
65.35752338939393,-19.8048279060694
64.54490745338872,-14.6460193319767
65.97941608942614,-23.35661542266901
65.1693401634545,-19.73725813505445
64.3374111476135,-21.53159090214429
65.3709071694114,-20.90773206123086
65.32593682709235,-16.08217674941879
65.95316356519396,-23.66579736736605
65.45493960508571,-15.60980617319627
64.7229643124259,-22.17357415152262
63.63205303807979,-18.4344228704962
63.81089636489202,-20.75089761860017
64.45012821622699,-21.09636572693678
65.83592252331124,-17.41488338810147
64.67148427604232,-22.28598486508279
65.52398122960011,-19.81086594267116
64.87483752157011,-14.3095605071415
65.09340341236836,-14.82497199747013
65.70583458953655,-20.27627966739097
65.46115657210933,-21.33330053752039
65.29015772314288,-21.08221220078541
64.90325375924506,-23.77359629906827
63.82233425086125,-20.93529898172605
65.59053639109122,-19.47428915143633
64.91465336295119,-23.88607634152311
65.70564478410772,-17.04511108460659
65.56286707405008,-19.96480999850418
63.83158563921729,-22.5016511502814
63.82176690831147,-18.58352040045249
65.79954378959859,-17.94901358963278
66.0547106593615,-16.63749749469992
65.09535930629174,-14.3280228725748
65.57827272199292,-14.43856545661015
64.77762773243073,-14.12994961731639
65.96599762693084,-23.04886370730998
65.2490934829213,-14.43504685441074
65.93054032850806,-14.83542000787607
63.90476220861434,-21.06529171477398
63.99733064114282,-16.37906832559815
65.21253309818731,-15.89896223304368
64.98522156571762,-14.61837482105862
64.10620983125268,-19.94383046064298
65.85701401635838,-17.30431777409497
64.19690117909839,-20.89028980614197
64.91376238091334,-23.53944953307294
64.64585057573656,-14.27986165244131
65.57086484218408,-17.0750326121517
64.21600591090636,-20.51860058557942
64.60979248371795,-22.15970743077898
65.52279866452218,-19.84262010179528
65.41201793982988,-16.19577967977158
65.06230272805954,-21.75531786085925
65.59733376640662,-17.50899954536372
65.81652176264656,-16.38366843729511
65.39048049455346,-14.53811931788837
65.94701868703751,-18.93727087422251
65.7735360789099,-21.60357760922313
65.23063395362998,-14.12000805450815
65.48492791285054,-23.2462646537728
65.12655122151827,-21.64396940162555
65.439305420994,-21.47145937083038
65.73071229748666,-20.16172732458777
65.5478037534375,-20.16241937098255
65.58134620395448,-14.27731171680348
65.75728043090744,-23.45493485071335
65.18548029205333,-16.22990346317409
65.05075213001477,-22.31681307852915
64.80100126227185,-19.35839268133922
65.36706507374174,-15.4160616447138
65.35102685065822,-14.30954035645693
65.01962724970632,-16.17266882668828
65.20824096751784,-21.38053367689955
64.65981178628338,-22.06931569498425
65.37419141968851,-20.20134082723886
65.28156578633802,-19.01517462066378
65.76556669975909,-17.1637405917198
65.09909716944946,-14.8119579387519
65.46201795095234,-20.61167734708907
65.1291666882491,-13.92002204119527
64.67464637935045,-21.1046850537518
65.93599830965212,-22.58693180508125
65.20726077941595,-21.39830945017079
64.38258929619437,-14.93345553992466
65.34190205126647,-20.59437266961776
65.35012222780438,-14.98338921479817
65.06274584945965,-14.86077716157473
65.60468409174098,-20.87062027961227
65.10988275241482,-14.79572466678718
65.1689790348972,-19.73745191779642
65.5461256030117,-14.1282007422506
64.92251313815814,-23.51722829135592
64.15209784040582,-15.9518503576548
65.43445683466493,-19.16666545595776
64.00617548607345,-19.96085487158612
66.09745758307173,-23.43193523922806
65.6363211593733,-22.64481843253546
66.09694211307975,-16.85992873814436
65.36179136321186,-18.25511729879522
64.52554955257631,-22.07232891405612
64.98963949685992,-23.21952310463455
63.9083950624028,-20.21340385066678
64.66130237427271,-22.33446536388621
65.28656908444019,-20.69193530857649
63.8859533120422,-21.26081812319605
64.73592455859269,-13.98982113516597
65.52668725210113,-15.43622089450218
64.2665711345232,-20.34796439831219
65.80652538575076,-18.61144063463422
65.34313513608102,-22.09224709273373
65.27060753401777,-22.33196434498413
65.18042862270875,-21.49321673714659
65.19744022492098,-21.45531714371644
64.03993420370283,-20.3850366457983
65.98319745938696,-22.60006031408794
65.97087557026312,-20.38070072250878
64.72115439538868,-19.4582963261045
64.76971011435637,-21.37545848278362
64.31652369160263,-21.76468932986268
64.1289168145334,-20.71722165099165
64.54607448515239,-14.633564315308
65.82226725121852,-18.23948108402782
64.2942931815416,-21.48402874069018
65.53607080011022,-22.04407639102811
65.05963718694002,-21.50308264525498
64.18116814963959,-20.24639595299669
64.8713026652436,-22.76526549734384
64.92242537828045,-23.51737444188546
65.01376977266855,-14.95349753885024
65.64626834640555,-17.84597059020572
66.14724995717165,-15.4282809977288
64.81654144425988,-14.64642498002881
64.97003148618084,-22.59133157939398
65.6966149493965,-14.93373008581606
64.758952866754,-23.85221335551953
65.49268171384983,-17.45180659983425
64.0403070634081,-16.24178236069922
65.37711447003367,-17.26810189968107
65.93588739450901,-20.36644041411034
65.56702667590527,-15.36013396430696
65.88318976243453,-16.56613565413963
64.81151608418655,-23.58859193868171
65.9687777515987,-18.55487924220963
63.45538680316579,-19.07359641236015
64.19684234025425,-19.29741393913398
63.8399341122209,-18.06411742748965
64.24080733052797,-20.68390425377557
66.10445750145935,-16.50653866276985
64.95153416698372,-23.19895051719529
65.64585359532035,-23.7008711914112
65.23848163235255,-21.13633576488436
65.56184496720749,-24.0348198722826
65.39485227929443,-16.13394735798263
64.95737424108393,-19.56300342691421
66.01146111573013,-22.62995373284597
64.7658750756813,-23.62764245709601
65.29849976899445,-21.20029032237325
65.34249798982644,-15.74964995768123
64.7295709405327,-20.92536392006929
65.02031447271646,-21.07437913435424
63.94853742830209,-21.41054496459435
64.20985446009061,-21.31494785785596
64.11500396808529,-20.5103920794944
64.65651701283551,-14.48480391280291
65.91203648774663,-19.36478832089005
64.99969892087626,-21.06866836598947
65.04725017876503,-14.89496582559606
64.07726298367687,-16.10984781513912
65.9602247463575,-21.61186404366704
65.49835053263315,-18.62418714332719
65.08681076585346,-16.33735376370374
65.46282317277665,-15.95108594743712
64.17542893810527,-20.28567066275113
65.48782322211744,-20.32143324525017
64.19503949656378,-20.90387230233038
65.0639238163161,-21.76534572130052
64.5135460865231,-21.89550413083594
64.30124517683531,-21.01855734957492
65.55010867229231,-24.20763045910886
64.23363601505449,-21.03025699367851
65.13371107833241,-15.57319662994589
64.98709767505267,-22.88985161855551
64.8098984969764,-23.00079414211404
64.69548121656105,-14.17910825497561
65.50271381332216,-14.52384957892759
65.4548884147956,-18.96248254495206
65.74194604287744,-17.59197652513244
63.97497451319816,-20.45723756190051
66.05296078507557,-21.55709793097867
64.84531835814896,-22.42453576226647
65.96991369342399,-23.33071549272885
64.0814526400713,-21.89903899200515
65.56861353672414,-18.5465829740716
66.16263395718765,-23.25165349334949
64.90505567668238,-16.3799730785974
64.96502987893088,-22.98198584298138
65.12497592730416,-14.33381219061213
65.00930324375193,-14.01478928688677
64.50437849879489,-19.92202751266769
65.60189735199785,-21.42101254293673
63.86941992559847,-21.85249272171911
65.7844043836254,-19.95459261485533
65.56796463169451,-17.03955026306307
64.86389299265457,-23.53846001006897
64.00553336037913,-20.10604786089748
65.69799939128585,-19.11124680975227
63.65894494961518,-18.02664541662906
65.50715631652551,-15.9794694757322
66.02149763202851,-18.75192659753066
65.84316666879988,-18.24453781851097
63.63927501297055,-20.37917725849242
64.87392779040718,-19.46431705109118
65.0500192318785,-16.35185141190324
65.57951870926566,-21.78577168631745
65.00535716559902,-23.17016612197335
65.91766277434199,-20.34363053276979
64.15788694596813,-19.56279381005367
66.16548412886692,-23.33785080135438
64.65073679002833,-14.27499158405401
64.83454230800565,-22.22532385111909
65.13904128042343,-15.38326089007421
65.81379995217144,-17.55414116889543
65.35324299292151,-14.30938773130587
64.77558943551661,-23.88911262564592
64.65461241509952,-14.28990943258381
65.65393697140523,-20.18604993487782
64.84184567436995,-14.19546662446604
64.10219330513577,-19.95367341121052
64.52547839344528,-21.56663458384711
65.71776693066327,-23.17084932048182
65.5278513003156,-22.48163118802961
66.09389156048952,-16.47030086623339
65.60943474128199,-20.85895315460466
63.8778092757749,-22.6898623117232
65.45332035330672,-21.38192694103037
65.28820330385183,-19.03775922726078
63.73603133471525,-18.19085897202054
64.36508025185353,-15.32808059292679
63.92776594105701,-20.95658132171621
65.59310419436443,-19.3525849631887
65.72959830262322,-17.96905057988666
64.8354933824972,-21.49275187292554
65.64729754283601,-17.84705760515752
65.43327549159768,-13.76538858935562
65.60741985852157,-20.30984789674758
64.32805619744981,-15.41743899185466
65.75594894152287,-14.5708722312439
65.13532752879239,-22.04468712077875
65.54375414070533,-18.12020226002372
65.18849751815743,-22.44316164789792
65.72353854480478,-23.3936513938272
63.52428144003368,-19.65455104804879
64.11522789741333,-19.91729323883782
65.7424183519521,-18.27633882154327
65.78511241254968,-19.84065877867842
66.0670743895262,-20.38194016882951
65.29106248887732,-13.8620748399855
65.55539969611527,-21.46542406992981
64.34110523080864,-22.01875151354535
65.66005565533358,-18.21184726636045
64.19022381417238,-15.74630561476027
64.9824783081948,-19.57086538811207
65.44430556806283,-17.39712454972568
65.02709132483653,-13.74784709382121
64.11504059410107,-21.2980697719845
66.09337792348899,-20.11538918424347
65.235234513011,-16.18111101161573
65.8290284027052,-18.60284436476562
65.31343209965954,-21.19495523144043
64.12259035337614,-21.35379786609549
65.68839823334353,-21.44325003761707
65.16721065334539,-21.8739997985134
65.36747230902286,-18.25207468130914
65.55028120197606,-14.28385756504894
65.58561611286764,-19.55928609240523
65.31864600221635,-21.19348334984617
65.89657505878054,-22.33677315806361
65.20137192388871,-21.06077901433778
65.0572675101492,-21.6218995864708
65.28381460313868,-21.04736327329412
63.9151625900484,-22.02538976877463
64.66045519685576,-14.55304563303612
65.65978506014662,-20.20635209189947
64.85951961546058,-19.37852025947251
65.59821467876411,-22.51269833793738
66.20333801985575,-15.61765765123325
63.80396029179964,-20.86384852506942
65.04605086107088,-22.35788865834236
64.17154122370228,-21.7271023274813
64.95057495681618,-21.05585529940645
65.53021101748529,-15.98702589892735
64.07625071104441,-22.6602800530006
65.20811556579525,-15.242736850796
64.91312153090517,-23.89626660129175
65.80953844433185,-23.4324599313057
65.74758306123093,-14.67558105016064
65.51842608966723,-20.96914977669132
65.90727354434955,-22.98537946776465
64.28754356103553,-21.40852566890741
65.66510400251317,-18.48733649543523
65.05065245405112,-22.31937847749714
63.81770931041448,-22.5422375177261
65.28221703773302,-13.77415790104758
65.59859538473742,-20.31524182907216
64.98483601535631,-14.61842236497536
65.17403212095411,-22.42140578908997
65.62134281340846,-19.58086177592706
64.64367421410454,-21.89636921939746
65.64414521975539,-23.88253774427362
63.54521518110652,-19.72722683434347
65.34551765923123,-17.26006174982852
65.53937070982776,-20.1969889203258
66.17685245143879,-18.97999246325154
64.86522663133378,-22.18435572691655
65.56231561030093,-22.42244793336567
65.72756371600829,-14.92575859209163
65.23183860821584,-16.18648242665839
64.47197865243355,-21.51748824472764
65.10577530048572,-16.07831300509307
64.14206165100629,-20.56568406689908
64.74581268718305,-19.4044937831223
65.91984481108155,-17.45905962297057
65.60267527230405,-18.50991053257749
65.5279473787295,-23.9189889210064
64.1836204174959,-15.75584860878186
64.87422845789236,-13.78248995117878
66.10535318737031,-15.18789865059519
65.55936428661876,-20.65528564885131
65.46199863721262,-15.66090052682241
65.0014478863102,-22.60857085750451
64.10964212529697,-21.10110704508659
65.4644647971568,-19.83152425626913
65.02077975101018,-21.734737636274
64.77723171201191,-14.12626920765926
64.79849324919812,-13.88793871327655
64.41783784619818,-14.75102675231997
64.82489537906025,-23.21821323300414
64.9058188331378,-21.18095004482143
65.47299972437456,-19.84174179166218
65.06225772050395,-14.90596896194027
64.94659680525425,-23.43075481772837
65.02904379212067,-19.61502455856104
65.64462781471107,-16.69559424262108
64.57547938051455,-21.49172058992278
65.90948975557265,-19.88629643900183
64.15656980383902,-21.25273275741489
65.50256193116142,-23.19567431890241
65.57715942511845,-20.02221267657415
64.31100057664818,-20.99691527798206
64.92957496854142,-13.69939715460552
65.45932471283126,-15.77692470074924
65.52435204010399,-24.4222667419806
65.92670367286316,-18.87286215676983
65.49753154522654,-20.97936872750447
64.46546811662313,-21.12778115760598
64.87947440394377,-14.45567424693803
65.7600819525503,-23.3818931868188
65.06919736516578,-16.37490360432785
65.85171946104965,-23.35567784869634
65.43982909949278,-18.21899920987474
65.11233444263897,-19.66142761816689
65.31547180730387,-15.12342055065048
65.01465636638791,-19.59792904971508
65.15933011358477,-21.05791463357315
64.13764963882721,-15.97926124244127
65.8300710801549,-17.89002886715373
65.14061883249546,-19.71058031720283
64.15516283363071,-21.87496671783391
65.13711613178316,-22.30099335838842
65.52777607534098,-20.64585132651353
65.55328933714091,-16.96656392894321
64.69440161488475,-14.22699658828969
66.0452512009489,-17.33173321349256
64.49422201731144,-14.4727631779228
64.16523921631541,-19.626596759592
65.1783484893313,-21.09636121750133
64.82476766713165,-14.23130904799394
65.84572851303855,-22.6107375708494
64.56224760369575,-21.77108554544176
64.18209421865463,-20.48969515696572
63.99382014551154,-22.58363985167634
65.65979948358405,-18.21150703282628
65.345443067596,-21.0613304321779
65.40371303379851,-17.27230432212159
64.02120717904829,-20.95392868900264
65.44217623567752,-21.45566736994998
65.63819262674673,-21.56250300727283
65.16630156033925,-21.87604670300843
64.9105557454246,-13.74971567525494
65.3925396771627,-21.88293331468186
64.93499740968336,-19.51627234542924
64.71135988053348,-22.08077835376918
65.51362150032593,-23.8445128848427
64.9879905092834,-22.62741157765748
65.67559183665021,-22.51120062701424
65.01808804431181,-14.38131701679811
64.45904712566548,-14.50991663745505
65.60736121916524,-22.77579175939035
65.59128453399332,-23.77388198745474
65.58067568520973,-14.16466289191343
65.60669760255655,-22.07971994207222
65.54109201935685,-23.02497134264932
63.99367393611547,-20.01532012273792
65.46376860427813,-18.85420322537585
65.18587728818225,-16.22988286719609
65.29086339345903,-20.88105697494586
63.89221006684633,-20.6394347448154
64.2080973575247,-21.38310880397037
63.86745917814407,-21.8667726636674
65.87380817853087,-21.32521837403689
65.94272142195221,-18.5621366729841
64.83715170654317,-22.77498091502692
65.10049441363198,-16.14057545535463
65.06693382579479,-21.11145545054839
65.13022206399422,-14.75885036564391
65.71804658028667,-17.36898315304238
64.40516881667459,-14.91143542532001
64.5689422638356,-21.56195070552867
64.32837645408473,-15.41720719700346
66.27498405124388,-16.17242224569854
64.04107759230772,-22.0474551496042
64.17846084741915,-19.12686356385245
64.84901474947713,-22.03034400756481
64.30291218283526,-15.4111025112868
65.3260630053759,-16.08215574490925
64.89540104099088,-22.84191332358941
65.78763141563459,-22.5752803863523
65.16723843781435,-15.57272319289281
64.97090448911504,-21.06770477919725
64.71069350083692,-21.15145097781246
64.73201888465374,-21.41235863443116
65.6269556273061,-19.57869253610106
65.52251227318361,-18.59303609779544
66.2661131325189,-15.13230329089135
65.45295932878825,-21.24745578402021
64.88939993110702,-14.55611107216606
64.28516355781767,-21.40755976172577
65.39668322931209,-14.53770271236942
64.59418135620022,-14.51040506527467
65.19287428378456,-15.25520250394763
65.86715221101431,-17.31376971570092
65.86761270040653,-23.33088654507908
65.48444211674426,-20.98429119710451
65.27477545160737,-21.17259470127869
65.76578396039994,-17.16414621470443
64.40910862672307,-14.90585662961387
65.73849429786186,-17.93837564239378
64.68722057537883,-21.4872397658656
65.07171479885619,-13.88953375384116
66.15435500820729,-15.43685128149002
64.18496411033102,-15.75255589263376
64.89409202525705,-14.51870986228741
64.26730243918223,-20.19260587567913
64.98546575429087,-21.05517063405451
65.39609924654066,-19.81354921499206
65.00988427485035,-22.80103384826038
65.97563649020881,-23.63583296178991
65.28754343872187,-13.78737562577529
65.67899752554773,-23.20058343955714
65.90038952344995,-19.41446586936082
64.80718079796078,-13.86270204309398
65.70641101622596,-18.36660609082656
63.67391037846961,-19.85174377075165
66.20081027939375,-17.03612462922519
65.82076029657931,-22.66547071387781
63.96274748060466,-16.86048892444063
65.30770369250604,-21.74032884222102
65.12210732856528,-19.68185822714059
65.19809347428367,-21.45410653652052
65.68712160164019,-22.50297255165697
64.68235435136535,-22.23543569506093
65.91297713973589,-19.38939018605277
65.02715322138187,-16.16925802282831
64.38302760579288,-21.35511318889944
63.85535456130344,-20.71397964262783
65.18781939505661,-20.77983512738139
63.99053285445854,-21.46345648295616
65.5554039558582,-21.46458734586855
65.16777056605314,-22.37830427019224
65.53424267590545,-24.37306688804277
66.05100503400779,-21.56437924590925
63.86648517251388,-22.67619073834417
65.6143323210991,-22.05885799000744
66.02135298109599,-16.41991117912022
63.9627114784391,-19.97603579614583
66.0896379299202,-16.81541341288458
64.84338109781403,-22.43413398339522
65.22493600208405,-20.82141219782804
65.9567142545224,-21.61181054167704
65.87111844361563,-16.48865124163517
63.98868581665851,-20.20378620098627
65.53626863393679,-16.16359125768975
65.56241264156813,-15.36727150666635
65.59095864445094,-17.49880574383443
65.83066400249783,-19.68655498934823
64.72919411970662,-19.41403601429494
64.11452322633495,-21.50740097340152
65.83573475876197,-18.60015798221257
66.27833011295743,-16.21387094693671
64.92277082340736,-13.68534169548736
65.45052053741179,-16.1925653063223
65.9410472202663,-21.58908750152876
64.90984568352972,-23.09882573001398
64.07032555728654,-20.88748344792809
65.50540415055369,-23.19520726377442
65.88956356339882,-18.07315824062387
64.19021753669603,-19.35467130766478
64.61004427862619,-21.3703903835824
65.13750851944226,-15.3917439582816
65.45219163787495,-19.81531776680185
65.34849515365649,-22.08326068357497
65.47633745893035,-23.63803598140764
65.51114036809605,-22.47703199835253
64.07181460469411,-20.03840657336103
64.9239993565952,-21.53287711207711
65.61820437448358,-15.27125029470971
64.50285714246962,-21.92850958023287
64.52350986295636,-21.47244543650622
66.11034257264893,-18.83357073403098
66.02223750638663,-20.39435512171793
64.24506023637935,-20.21310279881173
65.42429490424361,-20.69777195065861
64.82382057369144,-22.40499456416801
63.94647976182537,-20.10626836590083
65.59656146713058,-20.65041896752977
65.79411885286149,-16.35199884853304
64.09613193804469,-21.67659255878738
64.3993078033548,-22.02225878579229
65.71897371158535,-16.41307633791969
65.69829871885229,-16.40213863238266
65.51717754082267,-16.16812375424366
66.07582187038479,-19.19987113057465
64.65621036950776,-21.63612804425635
65.2477207857163,-21.76903053308396
64.7107078176034,-21.15172973041184
64.80426645454966,-21.44708509786761
65.61763197947424,-20.30264338998224
65.29849316606915,-15.25721217549695
66.0488428124842,-19.32514613101711
65.69945701641676,-20.27985056202031
65.53885901941464,-20.94402160608794
63.94706031531584,-17.63531777801776
65.01371779344193,-21.970077117749
64.44444251190124,-20.00972210154314
65.51780098636938,-18.15949649923369
65.92979938692145,-22.36946854623122
65.56528855722078,-22.904993784117
65.13294448409238,-14.33583878222735
65.29481520802636,-14.53259672900981
65.69008646827109,-23.59724622932267
65.36639551582931,-17.2647915567662
65.45022879686236,-19.39098642906454
65.93257953608263,-21.30380020738745
64.41502183335,-21.92193808038888
64.42657689265717,-20.01063819052471
65.99118394376481,-21.37554924343767
64.94902902707176,-21.55138596537542
63.85127001618939,-21.09716106807505
65.22012833137234,-14.44041043156393
63.73588905882339,-18.62165303582993
65.44091770260094,-21.4812321727356
65.5571008093228,-24.25380928026177
65.33365521581015,-19.80566566324732
64.96567713003519,-22.89293358263821
65.59056184962613,-23.77677673778702
65.97998736443658,-17.378685287208
65.56508678369036,-16.03211817601657
65.4702849706659,-20.69606431636449
65.67879033920278,-16.17125245506445
64.45016324412778,-21.09146265056383
64.89990345317945,-13.89331618968606
64.38136534594832,-21.3580248768716
65.83699756589951,-23.8153796205336
64.04324614790194,-20.66550124888062
65.59714708882332,-21.34990996036857
65.80529024771933,-18.60481343852265
65.59892758532864,-20.31507517910208
64.59658959154736,-14.47243955889441
66.00201046637166,-21.35121099348328
65.65385010727977,-17.85562963182682
64.50446964405958,-21.53648270915043
65.41610357527333,-15.43603660877326
64.82962825761328,-23.26846359060682
64.84247143829684,-16.45445447225877
63.80705135179868,-20.88117028884454
65.48389450787245,-14.58787870338613
66.02376850817038,-22.78079452550374
63.9381527186916,-22.42759646139221
65.6156025645907,-15.09777011577214
65.86640995371808,-18.26223206170975
64.5311977552923,-21.59001032579223
65.69726907946423,-18.18201732847301
63.95154427158323,-19.99159289893114
65.42128111408634,-19.08558294627968
65.58050808901051,-18.04657193822693
63.97459629705524,-17.04669182290157
65.49354625615508,-18.6362060655639
65.00425046688278,-22.23031357598519
65.82142427510898,-18.60833245698247
65.20786554187319,-21.29168860380907
66.01487988662409,-16.41519474480588
65.42337983419223,-20.95714376292127
64.89889404913494,-23.58837976546142
65.53067427908995,-23.77628151065177
65.68121481391405,-14.40980945787715
65.89700836067493,-19.29126826685281
65.91223509901496,-19.36524087481237
64.95082923224395,-16.3341995454261
63.93287780967044,-22.69294093440987
65.76503771547763,-19.79549015977643
65.67103466051215,-18.41417920303318
64.99821347106757,-22.87151486748674
64.48368662686971,-19.94534471578856
65.55094366389707,-20.30526979211841
65.33067579971191,-14.32097808653119
65.96404824542992,-17.36224610632694
65.23954574737357,-15.52768258611114
63.94173419568793,-16.79873282422892
65.15141904898749,-15.72140576974544
64.6833242851093,-21.04560888175953
64.80677909570109,-14.19782458411976
64.98075967645467,-22.2350977693263
64.2119328280912,-19.15901789688805
63.99862534285141,-20.15631189464618
64.74542435694109,-21.3941789785276
65.33200892716326,-19.80565712164421
65.28445869738255,-20.98794613450552
65.96369876095535,-22.57839799975555
65.57683980255472,-22.49161222009216
64.51318621339799,-21.29324779233252
64.04092559608851,-16.22440721787402
65.4410636562723,-14.39178250579138
65.69492232931536,-16.25835364449506
65.5905719747892,-22.49907839287903
64.91177081400771,-16.37798726364634
65.74039859447507,-18.19559964760315
65.11911384475088,-13.76996049904849
65.67557202544155,-20.68571839131542
65.76226168907502,-19.78880818203949
64.34091156208895,-14.92879806982927
65.62894585097547,-22.04597256739886
66.09255812344064,-18.64837424242056
64.1193014181567,-16.07870119473145
64.21494359392494,-19.20642308816939
65.2079492663872,-21.29085392386472
64.2676453093857,-20.19254063163923
64.9324246583851,-14.0121094015604
63.77049320128977,-18.49128700554696
65.76832801859383,-20.06298531639642
65.48050820523207,-13.85097892624285
65.01767190809882,-14.5404179392658
65.58761453179598,-15.3324307911596
65.31776629123594,-15.62697064198412
64.91619469733868,-14.64722975000015
65.93036218145018,-23.54564213246661
65.2520087125183,-15.20080119653359
65.60285344806613,-17.20087664546618
65.5369655193865,-22.04599905491018
64.83630647026101,-22.84442118308628
65.51330483540055,-23.70048401025915
65.56939384487421,-16.94410399530723
65.98721820177563,-19.41106786370204
65.39445009836608,-13.73829594358826
65.53479457289195,-23.74972922551816
63.99053352834683,-22.73741207771915
65.58750915301329,-14.22619022460897
65.61986462321315,-17.50900316175956
65.39683113541446,-17.27054036865615
66.21839843266109,-16.46094710645674
64.01449630995981,-20.53152804757465
65.36005949932,-15.40207027443598
64.36608833273,-21.8935592220944
65.2275955418201,-14.59607433772072
64.61902166507257,-21.36394211423063
65.27947942862478,-13.93078567290033
65.15229390026633,-21.71408652889042
64.31006333835909,-15.2458540121292
65.5223694803198,-22.12086539292453
65.55755076395839,-24.25179553628778
64.91282417484899,-23.0841906785539
65.6295996975054,-22.68269232120418
65.53035096588489,-23.78711286945805
65.15135660167057,-15.35547026270143
65.36864202979653,-14.53985504947416
64.96695998787766,-14.62676342457611
65.00767735887001,-21.91845156089639
63.99934860983488,-19.98452302232714
65.64741098751638,-23.54393162351499
66.09941800132984,-23.10960079586921
65.37876655740351,-21.19604684268304
65.87750830290844,-23.85859988356417
65.33046192539979,-20.19675711370261
64.11990106029053,-19.7622994418529
64.3488891906419,-15.39150400741949
64.95140704352902,-22.89576503316134
65.46878907552987,-20.97843133532535
65.46294334389002,-18.84253706797686
65.21480574316962,-16.18907006365838
65.07850193629316,-13.85910549178527
65.67044441790044,-23.565982291884
64.9073910500409,-21.17630817200978
65.45752746361109,-21.6784180162604
65.59723998336388,-21.35001779694269
65.77700349936285,-23.16976019016339
65.03736246752784,-14.1584898196932
65.57840989546135,-21.40558439871934
65.23094742390695,-13.64540603186738
64.41788040770152,-14.7616743418414
65.91156564450694,-18.32436106577706
64.76382183169099,-22.26615309509849
64.96263618173896,-14.17641557800951
65.47834800907494,-20.98460549402603
64.96583164201058,-21.54699885796979
64.30257786896506,-15.22528928937143
65.51296392073604,-14.56328781150032
64.86507206909806,-21.2084277282091
64.42298225061232,-21.77907000568156
65.22446813087709,-21.22274894787444
65.67962977497581,-23.57196244616819
65.29247558200878,-20.93539781590955
64.91036790687097,-23.1031047142231
64.91453454572468,-14.02468581014497
64.98687087935149,-21.05479520793125
65.55041898171815,-14.51159074118447
64.37440255777511,-15.28682683455098
65.7831682540053,-19.99101826860982
64.39641017473635,-21.86654156553177
64.20822846148242,-21.71471281410722
65.39951390454655,-21.19446726387318
65.32890699163359,-21.74473018326879
65.54581677471688,-15.39566759592789
64.99029921961483,-22.23568264279891
65.46095010590109,-21.32584000910937
64.6439565206823,-21.76030203340032
63.95878798037745,-17.18777387197469
65.10380870356981,-14.72685939237162
65.55602297645923,-24.25789303452186
63.92104789856762,-21.35976334273994
65.52749263234975,-15.43479350704567
65.6395229781731,-17.26007003028078
64.84263781710847,-23.34024418178125
65.56327024660115,-21.80474939994899
65.4642421193204,-15.75443050104069
64.10599892014156,-19.7305528122463
65.73992656900975,-23.31168020200361
65.73422181028688,-14.85899538270238
64.1816485708766,-20.44461975013838
64.30151223807273,-15.20284745608134
64.2094156644206,-21.29112966557425
65.553201945017,-24.22491901390471
64.9876776163697,-13.89719776790744
65.44601397721813,-19.81155970240893
66.25077386866175,-15.25693175670478
65.54038160826765,-23.03229142273277
64.49472701320337,-14.47270591315043
65.65540619925778,-22.54100905358275
65.1612142357554,-15.33024265223513
65.51880254976521,-20.39512024818996
64.82354268517054,-21.3863882947029
64.968394231231,-22.5812303339474
65.14802620342826,-14.72444413037276
64.34829641109789,-15.3930911214015
63.93962650540357,-21.29944654318093
64.7969777899251,-23.92161400553729
64.79205141740684,-14.51999843048199
65.50039948093442,-20.07906124063079
65.56849951446941,-20.65454311519894
65.53546908160962,-22.08029080278347
63.99348266458922,-16.90125537837195
65.34194834219983,-22.09471556934252
65.53810731976863,-23.85563276275217
65.46461070839085,-16.17039047246258
65.87874203189018,-17.429510430206
65.85849784209202,-17.89739130056197
64.20632886117727,-20.38595213383314
66.17944570181442,-18.9104660375243
64.73749113177482,-23.77546186141893
64.83563631589827,-22.80957824184065
65.33433369467535,-15.69491709638179
65.13507283209992,-22.04583827962831
63.87065800849407,-21.82924231008575
65.57842089742695,-20.92936137724351
64.51465933674612,-22.1564451651417
64.42742473567199,-20.96806899880184
65.36869116780339,-16.07302426930478
64.719029120993,-19.45969004850213
65.607758341836,-22.77218078881524
64.84227625426831,-22.76050481056301
64.74039887511783,-23.75510589218858
64.17779548889871,-15.83812777425042
64.36829202578008,-15.31544336874112
64.83478752258064,-14.66736109902827
64.24813740164477,-15.66504902117713
64.80722501962421,-23.93936724756733
64.85243854501988,-13.77219043339657
65.78097436932644,-21.50919408994462
64.89593740088708,-19.49563863291917
65.12638133197117,-22.21400439587708
64.91450642737422,-21.52794228522236
65.28213557255825,-15.48165124570554
65.95481334053724,-17.32424513694358
65.62983316733079,-14.4398556243883
65.58910848863421,-20.91316947933123
64.41525109278915,-21.73956255967122
66.0538922858403,-22.76423127835661
64.7986380381368,-14.21905418533779
65.50119565326398,-20.06656416557152
65.54583743402893,-23.00151613444301
65.45577262922626,-21.84088357054272
65.32428183810681,-14.32337358581526
65.6536875132659,-20.74017572766994
64.36599930974499,-15.32443564980293
65.22461951656953,-21.07215865673042
64.81028762226936,-23.94511216622201
64.88875849261342,-23.96104274281722
65.85036378429864,-17.89625980567819
65.74397386295189,-22.45380926613652
65.49879413907975,-23.1981800455209
64.84942778642169,-22.72821331641196
65.01621164976636,-22.01548511594905
65.47038844167884,-23.60326038854711
65.18214284430485,-14.31898789529925
63.858628464529,-17.82252173884394
64.6580894623462,-14.36751863682976
63.67385378312832,-19.86014862213273
65.36763077056325,-13.79798265620126
65.52438607540918,-19.79629550310346
65.03802692028421,-22.4287201097524
65.29037898287481,-19.04468601846594
65.23042480306418,-14.09135783548699
64.4011846947646,-21.96615367276799
64.7703352996291,-14.40453572839567
65.49900998729558,-20.68986835232637
63.7055787714868,-18.51003860341726
65.39961560158973,-21.88086497213693
65.8543393426081,-23.54190178910746
65.88969324142529,-18.61768492889643
64.87914526183152,-14.66077364258868
65.1191291076974,-19.67400456743442
65.45337793015509,-22.25245874658123
65.58209409141979,-24.09281566497548
65.64285355156834,-18.53359761756136
65.10761526343444,-14.79923769794158
63.89604829251978,-20.52506519860672
64.47794480960337,-14.49096254354222
65.37096743064018,-15.87533597571136
65.6081850475951,-22.82928413099957
64.41764259106421,-14.75742650374789
65.16239135355308,-21.53278292356296
65.47607081660622,-20.69958814474419
64.13863275990951,-20.71491357782795
65.75088576641294,-19.3780360580849
65.4683063414523,-14.38562680176227
65.59662996323843,-20.15117540044326
66.01594819914538,-16.41496555258211
64.01961303204095,-19.90374554870758
65.52720587943212,-20.96350694397674
64.18044844426149,-21.62877970459675
65.20681032595668,-21.32567330172713
64.40260771600738,-22.02620958466868
66.11193069549768,-20.19654002349144
64.62381756423612,-21.99711527168383
65.33725678021622,-15.85415158779754
64.81419704096346,-23.9524337234422
63.95136240457702,-16.42621324209528
64.81670304892678,-14.64689151680282
65.58977688961606,-21.34325987080361
63.93751084257453,-17.69808112912035
65.51467300667844,-19.35431625705468
64.31319484471953,-20.28607895063215
65.94135605505996,-18.56364374759974
64.70765382328287,-21.11694935871972
64.34919502004796,-20.13081250632055
64.84233725931767,-22.64830895599938
64.49981048890314,-14.47841348200346
66.08451729644871,-16.78260920900514
64.110029050966,-21.71085279550026
65.0532194688484,-19.61407705530236
65.88894748702486,-18.27498821787094
65.58040738933589,-17.50041756648244
65.84992492122839,-22.41405425860255
65.37086513732099,-18.24202627367822
64.32163631514075,-15.41409141365066
64.64774310238734,-14.52193364542969
64.89005486570507,-22.21740140075718
65.28998501131032,-21.00259512676877
65.78222008147061,-14.83293493395671
64.29168698608412,-20.23444347397043
64.94097139969143,-14.63777435181961
65.10921228948118,-15.99793455189622
65.41919938101067,-16.19983127220295
65.10073723419185,-14.58186278073008
65.57664901302864,-14.54822148091583
65.10485270492624,-16.0644732636547
65.5677503269678,-19.42797459691754
66.05301452014018,-19.01181171216449
65.00894927756708,-14.01186433671313
65.05185234959703,-16.16856520189009
65.68836469505978,-15.02617164669535
64.47993876197577,-21.5114124994168
63.82585109431484,-20.96009606201067
65.49578957673441,-18.13176610774989
65.6857831323621,-15.04298543726495
63.67685454470283,-18.38840909868313
64.42214445506858,-14.87966399170174
65.04138105993131,-14.95441476078454
65.50794213700212,-18.61049794654528
65.94746520152283,-19.4119481512145
64.54539384054505,-21.34176878259222
65.06153930469738,-14.34516040372304
64.97854695479552,-21.0638596046764
65.01274214565642,-14.1333836196954
65.4239052978927,-19.82867205856328
64.92789129342502,-16.37077420728837
64.46281587473749,-14.50934206934503
65.20666539526202,-13.88206933946288
65.36793428948472,-14.7678209815316
64.98197833723079,-22.23518043249496
65.45180261658855,-20.6883435638213
65.63123418854971,-19.38970717482854
65.68285957060871,-14.40853890529709
65.61693714571167,-19.35717933655061
65.66050026115951,-17.2921694955997
65.09772679917306,-19.65116544002686
65.85553977171641,-21.28248377766456
63.89307486160452,-20.48314617389071
65.2153940682853,-21.79172468470384
63.72487966607103,-20.31537465171549
64.034189230534,-21.97724627650572
66.00665567425028,-17.36436155873639
64.8693305512411,-22.18572380762973
64.38413039359091,-20.97948785114415
64.90808165460476,-22.86278570923349
64.494921435423,-14.47281476047881
65.61575760825083,-14.44294242939067
65.74991066136262,-16.38505410186793
65.9201115258981,-18.34913188117361
64.82253170034303,-22.48831725467712
65.18418549168375,-20.77541027094825
65.81205915696862,-19.85025604239493
65.00184233182651,-23.14335231148139
65.74335455140482,-21.99405609940883
65.2212570550508,-21.24603541153175
65.47242005921764,-22.3319267315862
64.6167115000384,-21.36546405645339
65.5165183913564,-22.43040544848003
65.88395953748183,-22.6120990641557
64.18541359799887,-21.22830619306965
65.97000380656284,-23.33016034005155
64.98956241961722,-15.04988028771887
65.777905988687,-19.80515536609561
65.16522623072463,-15.5682577407053
65.3645126582027,-21.82519613944926
64.39373371800403,-21.70374270917079
65.64860332491897,-23.89580156987458
64.76148317220654,-21.3881149890182
63.8930914205808,-20.85225832390073
64.6742906781078,-19.53673659090779
65.03571760562916,-14.91366193262448
64.5752711850812,-22.01942255321286
66.00206980840859,-19.39786643656725
65.04700943739327,-14.94225213531648
63.67982808863147,-20.46761362206309
63.90751684378387,-16.56877894203985
64.9402132182912,-23.3781157254767
64.63997932921305,-20.70890922604395
65.19798918526969,-13.94100230606958
63.89391452273787,-22.6934261905162
64.47220569750559,-19.96374492897507
65.68002801005058,-14.87762043400524
64.33251211576746,-21.51770334727649
65.00210403182213,-21.66510293234845
65.46960761004333,-17.43320385099033
65.74790508983041,-22.17739121250671
65.70204789635844,-14.85827466307338
65.02028577286427,-22.06502574187618
65.46071650819185,-22.17139762928912
65.39498514558719,-14.6546369860592
65.7548075769153,-19.52634155114367
64.80291854355892,-14.5295487668035
63.87823987980025,-22.46821150796149
64.7378752593322,-13.9914177473586
65.4877153208286,-20.69840757042858
65.17990669880696,-21.09637752897025
65.65525823461134,-19.39126415381375
63.94552091831337,-17.39742442285582
64.39842349727105,-21.50069958051217
65.49555561753385,-17.44071427487011
64.91343489027737,-13.69450658283457
65.30366621743664,-18.25841890909597
65.4189963243482,-15.43910449288802
65.30153059943989,-15.40805782038176
65.58026436239939,-14.10888629561265
65.6286823885244,-23.85310894369423
65.8553034552597,-21.28276681790501
65.151910958261,-15.73402424514543
66.11514376269312,-17.254014524754
65.51402993159017,-23.70429094376305
65.05514989467633,-21.67478645506573
65.51541428235176,-23.18539533060867
64.91987561803575,-13.94228476139051
65.72191788006423,-14.78358059598492
64.82894574721364,-22.39643727102648
65.40043792746724,-17.27146678065326
64.71130045832301,-21.18775918919533
64.71025740776291,-21.3436943362232
65.53839715820511,-23.83010463701325
64.59817401943016,-21.45631094603728
65.15768330049801,-15.55228143515503
65.0247247894877,-22.23058380634097
64.27370524840964,-20.39708142771102
65.20333904468546,-13.90863691420389
65.29465796506516,-16.08343840199922
65.95297296442142,-19.41153268410647
65.8718440402812,-21.32495997427569
65.75537407532573,-14.83975902773289
65.60472080753,-20.87046846562857
65.36792238149388,-14.82691105625174
65.65664648456666,-23.67477878978771
64.7662948780182,-14.39569682560112
65.83174930303058,-19.3554848302974
65.11782731789637,-15.46642994238821
65.27216790497745,-15.19277212601592
65.81983113833681,-18.60869070799703
65.99843422684455,-22.61198408916451
65.20195221464598,-21.82283970059855
65.5821273829614,-17.49265132175864
65.58458774571908,-18.04368450984169
65.5954526574102,-16.93252392241652
65.61194808282183,-18.60597314766221
65.20941879796297,-20.78819351339051
65.22693703785573,-16.18957111577417
65.83339329248697,-17.29151646365033
65.81560882798549,-19.6857326341357
65.44547263786815,-21.69922005884469
63.97089603828909,-22.5069675647588
65.24703954249607,-14.18502634296469
65.47720681249513,-14.3848086814079
64.80710792233566,-23.10872232304047
65.1652187434441,-14.19542561959882
65.65996106168701,-16.57111582539401
65.93651320739669,-18.92391128903258
65.54059625963355,-21.84025160598586
65.49881507635607,-19.90006263048788
66.0219803855214,-18.73729667718055
65.89047381322821,-22.84142514328738
66.18231140910652,-23.46968924874857
65.30512942460267,-15.34816157054902
63.83743652795015,-20.6327961947966
65.71176483584745,-17.71076940552391
65.58850768221511,-21.44370231966306
65.73456346870637,-14.72436168254641
63.91493327574469,-16.52620378465058
64.98762825168635,-15.05661957107168
65.45160933163815,-21.92179629094595
64.81236274051139,-22.99462433842232
64.81253135730893,-19.35285489863928
63.88159921951263,-16.68919346521375
64.35744974607752,-21.40997318666337
65.27821395263071,-19.77792741819267
63.97543649817592,-16.97907317671992
65.15009430371997,-14.64389203900797
65.48650635523119,-23.46880864904098
65.9568969456212,-21.61194826187259
65.72493648471023,-20.17233833495301
64.30556369100857,-20.17513044485922
65.6697962929384,-21.66531073233357
63.79822579961387,-20.83172193446938
65.02546927600766,-22.11150229378704
64.52687505424812,-22.20214111071197
63.91456861521407,-21.06231415070623
65.60578016152385,-18.50730959258818
64.54197377543845,-21.32985619438152
65.40985583572572,-16.19006925756528
65.82345828774159,-17.54977227207926
66.25863221692381,-15.19271494762957
65.20586234583394,-22.49563400729253
65.43279447884089,-19.30530046420711
65.02045585725409,-22.06657054226768
65.77595035790299,-21.73195211454686
65.1097529428937,-19.65863120561196
65.74406517300115,-23.14257153442699
65.51483430412536,-23.86430966148061
65.69279263913609,-21.55695913373389
65.34215784961616,-22.09381937820245
63.87913300223467,-20.57463060935538
65.70768012056251,-14.90911786984521
65.37847426211547,-20.25381176727258
64.84589743846904,-16.45035792754684
64.73391517514,-21.55799100386286
64.00484604521493,-22.36175900667334
63.91017375083315,-22.41991529601256
65.453392603203,-18.97847148690844
63.82226529280287,-18.58300280950879
63.7967937467008,-20.31476134390093
64.83259140129913,-22.86394786092041
65.09945612674251,-16.10790574070107
64.18351770292445,-19.41463789046503
65.68195205774136,-17.5717550488456
64.24896608719978,-21.02328814654852
65.61498559739513,-22.71908509625051
64.23142448819031,-20.40923499735009
66.07484481792328,-16.69988604438849
66.20040430527749,-15.60255574356355
63.9830163044637,-21.65387652170392
65.63879093430133,-17.52266576360759
64.90261320391518,-16.41049945896344
65.74128676334256,-18.31677804107677
65.89665408004605,-19.29155341450457
64.08445688999115,-20.49438576906956
64.32735358992042,-14.9367886600663
65.04711250379738,-14.89521590506459
64.35211121860064,-15.2526401425757
65.66103909776548,-22.6005517670054
64.1600853149643,-21.93899767005114
65.55238040417863,-16.97654620041057
65.62577207242077,-23.74515684981498
65.47658388678578,-13.85458650808934
65.3328674742515,-21.19128034441162
64.12496733141387,-20.7151170747503
65.33451893993296,-15.69572597118624
65.4972558588396,-21.89090075521479
64.89633806214772,-22.84304189898718
64.87606791924959,-19.45486632557558
65.54563939458214,-24.34135814217487
63.94442871613956,-20.11243217345871
63.97691578047061,-20.81852471449256
65.70007859897535,-21.56200540227724
65.5484607656805,-24.27625913484285
65.58895184237686,-17.77232198299642
65.73950030792803,-22.45580111636706
64.7157976462958,-14.05563528780233
65.29404133211968,-13.92601668872141
64.80930444200436,-14.05965024872165
63.974433892325,-17.06151475538605
65.66778014481355,-14.89335090708372
63.84016152422373,-20.84196530264214
65.08668038257653,-21.08929357133852
65.92464665460874,-22.51313599289233
65.6009373565245,-24.00841422698048
64.05975529124412,-19.78627395226469
64.36577332162165,-21.92442772815753
64.90611623218821,-22.21714238352289
63.79404415496658,-20.81014840377127
65.45794723388403,-22.27663734351366
65.20830472851259,-16.19722418957453
65.7641078131914,-21.78284727649419
65.50363901517596,-23.68160597906829
64.20525323972527,-19.25746366459745
64.46772597953796,-19.98323650227413
65.63941233194508,-17.25995183879671
65.21156400272481,-16.19425852612819
64.92350281456342,-21.11722446027524
65.73775474374067,-14.70874296827354
64.88160695583879,-23.9615320243641
65.87380846666146,-23.53992810201926
63.97462849885815,-22.73191723838446
65.35531232251054,-14.93330777390971
65.822161214284,-17.4315700335714
64.69664816537771,-21.89723592752751
64.156959383068,-21.94164138540231
65.11009911056328,-16.32197236380698
64.84037818649615,-13.92254016766693
65.70724958728096,-17.04763961740527
64.95950027736919,-19.56558096132633
65.59094298820187,-15.32303047049324
65.43951160598007,-21.47312113707338
64.34225338785409,-21.5846690684543
65.81226000725525,-16.44180430353126
64.98900042378528,-22.58868458245868
65.71386827152921,-19.61971718973031
64.18475803401556,-15.81354633608975
64.06441877341932,-20.08262753478894
65.57036972610396,-14.55641441081283
65.21256887732156,-21.36713620055976
64.96121388378421,-21.06061056463264
63.5445549943632,-19.71273128187043
64.83292712032294,-22.97349170436344
64.69900318565499,-14.2536026353923
65.56906675742653,-24.13447227822535
63.86381319068249,-22.6777471556904
64.91523798753947,-13.68987409794059
65.63029726020201,-17.53450756667925
64.750342642155,-23.65530800236312
64.76981750994004,-23.87313614180997
64.46135503129021,-21.52898797909751
65.59409759277814,-22.09831266148828
65.80606279488592,-17.5644672194652
65.52598165087728,-20.40664545324209
65.44360030078394,-19.0112305943258
65.49063695903378,-22.12825851230582
64.02636127745684,-21.45261265059649
65.91929226295676,-21.47375291399367
65.71813201898412,-17.06428874163752
65.98003062184488,-14.85322267947078
65.12778558229535,-15.61878061590962
66.12200615929237,-23.48936092019245
65.41169691610249,-14.58841381385599
64.91240142851154,-13.77513093176557
64.39924848193124,-20.97379269351983
64.75560132437649,-23.69825053461686
65.55184952028289,-18.55124123456912
64.20667481924345,-19.11720331146774
64.69664013449966,-20.87641020574418
65.17000309385976,-15.30931199738429
63.95728540500498,-17.56169266484407
65.31680613691648,-15.86438410957648
65.55787851359442,-18.54806182280169
65.1500003492182,-21.57178036356521
64.9711613646311,-22.23447040097346
63.92546758449535,-16.48575000409798
65.45242891266776,-21.24618582224338
64.32663575747385,-21.00040621764384
65.37418620603069,-20.91259443094959
65.03297339423828,-14.58268607651247
65.58071046810026,-22.91083056454725
65.94520302085692,-17.31290404673036
65.81068104753591,-14.87867281096711
65.42663734750431,-13.74124595491093
64.7626774926258,-22.26407254447669
66.07485703966789,-16.70009515490952
64.01835596814412,-22.24757905348132
64.88658505229243,-21.19164785983797
63.98152165060198,-21.65385568910791
65.49030079755394,-23.29454620360709
65.37828259673593,-21.96032829944166
65.75401186170915,-21.89405781627892
64.09716142906358,-21.05282730875087
64.55793000043873,-22.04658537014651
65.16187049016685,-14.25652771564182
64.8936217981436,-23.95892650878863
64.9009072426989,-23.73434583636298
64.19128028778329,-19.33767189516178
65.46659394126162,-18.77857206093303
65.02741788060928,-19.61391409906942
64.57163976662098,-22.02445013902892
64.99977605716522,-22.6926428279297
64.49482520369689,-14.47273720843309
65.49162628016914,-21.37584936078816
64.125698569324,-20.59333693392758
64.92974640665219,-23.31835733262285
65.77284450974297,-22.43948939729871
65.4447557941729,-15.95410265271511
65.9984573912671,-19.01309297464217
65.92656660926156,-16.4121895527175
65.01662461982755,-22.0056875876467
64.42126454393133,-21.81029538223506
64.89794575834505,-16.38600054315462
64.94332932722094,-23.38810248840871
65.01711311817839,-21.9983288293762
65.47350010339837,-22.33705996638239
63.97015245869976,-17.12835879727763
65.57912313041376,-23.92823689957454
65.69147830475738,-18.39427923111896
65.88175739791258,-20.30646895937271
64.48161585319566,-21.95508646300385
64.72218084062199,-19.45625334340339
65.6157343210782,-19.50947340497597
65.22081795943532,-21.7451408052651
65.77572625745111,-21.72230334245229
65.61489584583367,-20.13351470619706
66.09196911636225,-18.76811944405952
63.97872408911724,-20.76283907016597
64.66067089736895,-22.11946596794825
65.91943802738518,-22.80776079640221
65.47203205607612,-23.57349829344834
65.8997211813848,-14.83744894028395
63.80959146007208,-20.89234444563985
65.8768163023521,-17.42716020361871
64.17156317278148,-19.13933925234622
66.17295884842605,-15.44982043407667
63.70888987329949,-20.50037275571387
66.15777549682618,-23.29154725632762
65.39843152975183,-15.43265912588451
65.87409591172977,-18.07717514450895
65.65267794258072,-16.60884219035582
64.54399891932168,-21.40239167069833
65.82541706794231,-20.30376215532406
65.19747693497098,-14.54575122804801
64.84273883639652,-21.25623735680076
64.84595809717574,-22.21368517154541
65.65671939425044,-18.03647076919048
65.81266420290866,-17.43601366465548
65.5211807575672,-15.44384449826949
64.98885622621904,-23.21981237843842
65.50221125450014,-14.3623332654472
64.41624980575648,-14.85146491715519
64.17788131974714,-19.12699031546684
66.12247502581259,-17.24069496815586
64.04029541744356,-20.25345674685478
65.84274964216351,-14.83167869820774
65.54308328773585,-23.05182083317573
63.83672806324571,-21.60098976477252
64.88225791387502,-14.46651430103441
64.82635844972378,-23.39493475307441
65.85912672331888,-19.71411010704772
65.77608512129697,-21.73069201057538
64.20223342458529,-20.82873443869434
65.61567198090864,-21.73915309482812
65.2855831558246,-21.18983409168494
63.88230309027958,-16.63218545924136
64.80304209016698,-14.53275875636817
66.07037393735581,-19.17602870958049
65.5078293899996,-21.97257758847379
65.3833220241296,-20.70704823577255
64.98383223654402,-19.57144742874703
65.7020277916878,-14.98174767179783
65.34210639301892,-22.09401942345068
65.45150188431637,-13.81862789032798
64.62630891805837,-21.60568926559404
65.88078561154303,-16.55654667726644
65.02469630767523,-16.29951407761443
65.59540146348618,-20.09681819536532
64.82075496352346,-14.35381832989822
65.52246363557249,-18.17213442426052
64.8125990080217,-22.04702850440303
65.02334663219729,-22.54704993415976
65.59945729952206,-16.24086172532785
65.12634984068373,-22.21365270560067
65.49422603326268,-14.38187646556174
65.93343860108958,-22.93415813443322
65.56964456489297,-15.358452777698
63.50324529965837,-18.50194935267339
63.86483502519613,-22.42424565698724
65.70115616718958,-18.39589728598563
64.96127516168265,-14.63186488710971
64.9000141854361,-23.93688067450702
65.46629059177768,-18.9144407575041
64.89877441824906,-19.48956417145647
65.42680739672869,-21.89187288970025
65.59614636111748,-20.65058258326459
66.04793165629528,-21.56788669798141
64.75000819902351,-19.39469285963154
65.22705317683675,-21.0727663485806
65.31352278235694,-22.20147118728839
65.11777447264387,-21.67491733758197
65.30367434132506,-16.08712211198146
65.55611740729654,-22.10410652475467
64.93517851916978,-23.0907830077056
65.5261862489185,-20.4066827920791
64.82226293445795,-23.96418276828172
64.7077916529352,-21.09055874987991
65.31369436690721,-15.65670771224225
65.55631385867088,-16.98614492462438
65.98892500673516,-22.8141631011067
64.41733880121743,-20.02426723869675
64.31703054682565,-20.99325949039836
65.77708424886265,-22.21393142639601
65.34545106820119,-20.68746760961107
64.75467349013887,-23.83829368352605
65.11039015690062,-15.50285745184159
64.88132260714791,-23.96141618221762
65.46570568260552,-20.30237618348876
64.39971063604982,-21.77331442358385
65.50355594694648,-15.45969187941751
65.7531675520007,-20.11080930156034
65.7423700795825,-22.00289489787496
65.55520355116876,-21.83021149294927
63.98901357968373,-16.95731588355325
65.81815974556345,-19.33354157467607
65.838980902007,-19.8718453154874
63.98025269024684,-20.86207056088006
63.94452527969669,-17.39227221868186
65.61876719467548,-18.59053233326527
64.14160862942538,-20.23780611301796
65.99859251549736,-22.78117240936238
65.03792886986886,-13.87861616353486
65.86586694581926,-16.48060141490456
65.59858700462706,-22.9578575420022
64.9232797417901,-13.68540099495823
65.11944811636177,-16.23189425718812
64.9823192526778,-16.22293472541573
66.25041867991833,-15.25732613480921
65.62753155702106,-15.24546570568962
65.45955295083867,-15.79324248218335
64.01647836954915,-16.3616648434876
65.06561794031899,-21.11116759605194
64.68135384562653,-21.53115896618633
65.10660359950975,-16.04839775849688
65.7402964801154,-14.69541791640196
65.01627529164287,-21.77325779059367
65.68100940351208,-16.38286956122865
65.35088775156117,-20.59483471357603
64.80255095644551,-14.01803113507686
65.69646083328801,-19.46480122428403
65.94954541905226,-14.84054210390127
64.8276829686187,-13.93404633188979
65.62177302729737,-17.81275209775284
65.38170332878401,-20.60222703249891
64.32044269560339,-14.94747417077266
65.85521830698326,-23.83311616828727
65.90785899930431,-22.59458164208879
64.93572143492254,-13.75356107089994
65.44139650740895,-19.02586361003742
65.12365652892194,-13.81344007261332
65.52197320346482,-20.11108397184154
65.53065590473234,-14.49152909098163
65.5455163627426,-14.12680866255511
64.16196166694577,-15.9273123809057
64.71137700509526,-21.32611404169635
64.34691016434849,-15.39497978443778
65.95202661002371,-16.41419942886732
65.56247645884233,-17.48171525463516
65.13265698400976,-21.61270299781529
66.14203504492305,-15.4150818674785
65.12591575089294,-14.53941468433708
65.46413507022287,-18.80202115558901
64.97291744430402,-21.59928382311469
65.57144253376558,-20.65437098525292
65.51518067201162,-19.5892150471438
